WKT,Name,OBJECTID,UKATEGORIE,UTYP1,UART,UMONAT,USTUNDE,UWOCHENTAG,STRZUSTAND,ULICHTVERH,ISTRAD,ISTPKW,ISTFUSS,ISTKRAD,ISTGKFZ,ISTSONSTIG
"POINT (6.774321638000060 51.240044038000065)",Unfall 95641 (2019) Kat:3, Licht: 2,95641,3,2,5,01,19,3,1,2,0,1,0,0,0,0
"POINT (6.721786417000033 51.232303270000045)",Unfall 96005 (2019) Kat:2, Licht: 2,96005,2,7,0,01,02,3,1,2,0,0,0,0,0,1
"POINT (6.865088919000073 51.254895362000070)",Unfall 96095 (2019) Kat:3, Licht: 0,96095,3,3,5,01,13,7,0,0,0,1,0,0,0,0
"POINT (6.743456382000034 51.318838460000052)",Unfall 96096 (2019) Kat:3, Licht: 0,96096,3,3,5,01,11,7,1,0,1,1,0,0,0,0
"POINT (6.762828310000032 51.217334128000061)",Unfall 96170 (2019) Kat:3, Licht: 2,96170,3,6,1,01,10,6,1,2,0,1,0,0,1,0
"POINT (6.843049489000066 51.240849694000076)",Unfall 96171 (2019) Kat:3, Licht: 2,96171,3,2,6,01,17,6,1,2,0,1,1,0,0,0
"POINT (6.787579617000063 51.242719490000070)",Unfall 96172 (2019) Kat:3, Licht: 0,96172,3,6,2,01,13,6,1,0,0,1,0,0,0,1
"POINT (6.755695286000048 51.271531726000035)",Unfall 96208 (2019) Kat:3, Licht: 0,96208,3,6,2,01,16,6,1,0,0,1,0,0,0,0
"POINT (6.780630283000050 51.253057941000066)",Unfall 96261 (2019) Kat:3, Licht: 0,96261,3,2,5,01,14,5,0,0,1,1,0,0,0,0
"POINT (6.814755423000065 51.233316571000046)",Unfall 96407 (2019) Kat:3, Licht: 2,96407,3,6,6,01,18,3,1,2,1,0,1,0,0,0
"POINT (6.860028755000030 51.240996018000033)",Unfall 96408 (2019) Kat:3, Licht: 2,96408,3,4,6,01,07,3,1,2,0,1,1,0,0,0
"POINT (6.800093434000075 51.219703474000028)",Unfall 96409 (2019) Kat:3, Licht: 0,96409,3,6,1,01,09,3,1,0,0,1,0,0,0,0
"POINT (6.755919767000023 51.201019753000026)",Unfall 96523 (2019) Kat:3, Licht: 0,96523,3,6,2,01,15,2,1,0,0,1,0,0,0,0
"POINT (6.863473852000027 51.212905642000067)",Unfall 96524 (2019) Kat:3, Licht: 2,96524,3,4,6,01,20,2,0,2,0,1,1,0,0,0
"POINT (6.778855774000022 51.233589550000033)",Unfall 96525 (2019) Kat:3, Licht: 0,96525,3,6,2,01,10,2,1,0,0,1,0,0,0,0
"POINT (6.817478168000037 51.234042487000067)",Unfall 96526 (2019) Kat:3, Licht: 0,96526,3,7,6,01,08,2,0,0,1,0,1,0,0,0
"POINT (6.778679708000027 51.234430194000026)",Unfall 96527 (2019) Kat:3, Licht: 2,96527,3,3,5,01,19,2,1,2,0,1,0,0,0,0
"POINT (6.806565350000028 51.247920345000068)",Unfall 96528 (2019) Kat:3, Licht: 2,96528,3,6,2,01,17,2,1,2,0,1,0,0,0,0
"POINT (6.822048359000064 51.242227796000066)",Unfall 96529 (2019) Kat:3, Licht: 2,96529,3,2,4,01,17,2,1,2,0,1,0,0,0,0
"POINT (6.774663801000031 51.240084493000040)",Unfall 96601 (2019) Kat:3, Licht: 2,96601,3,3,5,01,05,4,1,2,0,1,0,0,0,0
"POINT (6.811260078000032 51.225226254000063)",Unfall 96602 (2019) Kat:3, Licht: 0,96602,3,3,5,01,16,4,0,0,1,0,0,0,0,0
"POINT (6.779935474000070 51.256325545000038)",Unfall 96605 (2019) Kat:3, Licht: 2,96605,3,1,0,01,18,1,1,2,0,0,0,1,0,0
"POINT (6.833598729000073 51.240463090000048)",Unfall 96606 (2019) Kat:3, Licht: 1,96606,3,6,2,01,16,1,1,1,0,1,0,0,0,0
"POINT (6.813787797000032 51.243642629000078)",Unfall 96682 (2019) Kat:3, Licht: 2,96682,3,6,2,01,19,6,1,2,0,1,0,0,0,0
"POINT (6.916518870000061 51.258876297000029)",Unfall 96683 (2019) Kat:3, Licht: 2,96683,3,5,2,01,18,6,1,2,0,1,0,0,0,0
"POINT (6.809248992000050 51.260732173000065)",Unfall 96684 (2019) Kat:3, Licht: 2,96684,3,6,3,01,18,6,1,2,0,1,0,0,0,1
"POINT (6.797405844000025 51.269395931000076)",Unfall 96685 (2019) Kat:3, Licht: 2,96685,3,3,5,01,17,6,1,2,0,1,0,0,0,1
"POINT (6.900553696000031 51.261067583000056)",Unfall 96686 (2019) Kat:3, Licht: 0,96686,3,6,4,01,08,6,1,0,0,1,0,0,0,0
"POINT (6.866191603000061 51.215085736000049)",Unfall 96781 (2019) Kat:3, Licht: 2,96781,3,7,3,01,05,5,0,2,0,1,0,0,1,0
"POINT (6.835432637000054 51.239556929000059)",Unfall 96782 (2019) Kat:3, Licht: 0,96782,3,2,3,01,10,5,0,0,1,1,0,0,0,0
"POINT (6.856031117000043 51.237225369000043)",Unfall 96971 (2019) Kat:3, Licht: 2,96971,3,6,0,01,17,2,1,2,1,0,0,0,0,0
"POINT (6.857852976000061 51.227051370000027)",Unfall 96972 (2019) Kat:3, Licht: 0,96972,3,6,2,01,14,2,1,0,1,1,0,0,0,0
"POINT (6.784509350000064 51.287056385000028)",Unfall 97063 (2019) Kat:2, Licht: 2,97063,2,6,2,01,00,1,1,2,0,1,0,0,0,0
"POINT (6.787310422000076 51.228328638000050)",Unfall 97114 (2019) Kat:3, Licht: 0,97114,3,6,3,01,16,7,1,0,1,1,0,0,0,0
"POINT (6.766806795000036 51.200505939000038)",Unfall 97234 (2019) Kat:3, Licht: 2,97234,3,5,2,01,19,5,1,2,0,1,0,0,0,0
"POINT (6.736885108000024 51.290935128000058)",Unfall 97235 (2019) Kat:3, Licht: 0,97235,3,7,6,01,16,5,1,0,0,1,1,0,0,0
"POINT (6.799042230000055 51.253800155000079)",Unfall 97236 (2019) Kat:3, Licht: 2,97236,3,6,3,01,05,5,1,2,0,1,0,0,1,0
"POINT (6.861530407000032 51.237675375000038)",Unfall 97323 (2019) Kat:3, Licht: 0,97323,3,4,6,01,13,4,0,0,1,0,1,0,0,0
"POINT (6.865056889000073 51.254875491000064)",Unfall 97324 (2019) Kat:3, Licht: 0,97324,3,7,0,01,13,4,0,0,0,0,0,0,0,1
"POINT (6.716295091000063 51.234598876000064)",Unfall 97449 (2019) Kat:2, Licht: 0,97449,2,2,5,01,10,3,1,0,0,1,0,1,0,0
"POINT (6.916380983000067 51.191790408000031)",Unfall 97539 (2019) Kat:3, Licht: 0,97539,3,3,5,01,09,2,0,0,0,1,0,0,0,1
"POINT (6.771759268000039 51.243203528000038)",Unfall 97540 (2019) Kat:3, Licht: 0,97540,3,6,2,01,10,2,0,0,0,1,0,0,0,0
"POINT (6.795837122000023 51.211090111000033)",Unfall 97541 (2019) Kat:3, Licht: 2,97541,3,2,3,01,18,2,0,2,0,1,0,0,1,0
"POINT (6.760585505000051 51.231671512000048)",Unfall 97649 (2019) Kat:3, Licht: 2,97649,3,7,1,01,17,7,0,2,1,1,0,0,0,0
"POINT (6.859246253000038 51.241982339000060)",Unfall 97757 (2019) Kat:3, Licht: 2,97757,3,4,6,01,07,3,0,2,0,1,1,0,0,0
"POINT (6.864963662000037 51.214365078000071)",Unfall 97783 (2019) Kat:3, Licht: 0,97783,3,2,5,01,15,6,1,0,1,1,0,0,0,0
"POINT (6.805160644000068 51.217443223000032)",Unfall 97784 (2019) Kat:3, Licht: 1,97784,3,5,2,01,15,6,0,1,0,1,0,0,0,0
"POINT (6.772435321000046 51.243714402000080)",Unfall 97787 (2019) Kat:2, Licht: 0,97787,2,7,8,01,10,6,1,0,0,1,0,0,0,0
"POINT (6.848864713000069 51.233399833000078)",Unfall 97788 (2019) Kat:3, Licht: 2,97788,3,7,1,01,20,6,0,2,0,1,0,1,0,0
"POINT (6.796189349000031 51.229610666000042)",Unfall 97789 (2019) Kat:3, Licht: 0,97789,3,2,0,01,15,6,0,0,0,1,0,0,0,1
"POINT (6.803386325000076 51.216224338000075)",Unfall 97795 (2019) Kat:3, Licht: 0,97795,3,2,5,01,09,6,0,0,1,0,0,0,1,0
"POINT (6.860423366000021 51.159078909000073)",Unfall 97830 (2019) Kat:3, Licht: 0,97830,3,1,8,01,14,6,1,0,0,1,0,0,0,0
"POINT (6.771681278000074 51.246776033000060)",Unfall 97831 (2019) Kat:3, Licht: 2,97831,3,6,2,01,17,6,1,2,0,1,0,0,0,0
"POINT (6.727570192000030 51.233044624000058)",Unfall 97832 (2019) Kat:3, Licht: 2,97832,3,1,8,01,22,6,1,2,0,1,0,0,0,0
"POINT (6.796007634000034 51.211052537000057)",Unfall 97833 (2019) Kat:2, Licht: 2,97833,2,2,5,01,06,6,1,2,0,1,0,0,0,0
"POINT (6.858361277000029 51.243114209000055)",Unfall 97899 (2019) Kat:3, Licht: 0,97899,3,3,5,01,13,5,0,0,1,1,0,0,0,0
"POINT (6.809348713000077 51.250733528000069)",Unfall 97900 (2019) Kat:3, Licht: 0,97900,3,6,6,01,13,5,2,0,1,0,1,0,0,0
"POINT (6.801378835000037 51.218357540000056)",Unfall 97901 (2019) Kat:3, Licht: 0,97901,3,2,5,01,15,5,1,0,0,1,0,1,0,0
"POINT (6.864961151000045 51.214362940000058)",Unfall 97983 (2019) Kat:3, Licht: 0,97983,3,2,5,01,12,1,1,0,1,1,0,0,0,0
"POINT (6.839837938000073 51.197824340000068)",Unfall 98021 (2019) Kat:3, Licht: 2,98021,3,2,5,01,18,4,1,2,0,1,0,0,0,0
"POINT (6.854273152000076 51.190244441000061)",Unfall 98066 (2019) Kat:3, Licht: 2,98066,3,6,2,01,18,4,1,2,0,1,0,0,0,0
"POINT (6.821679403000076 51.242205672000068)",Unfall 98481 (2019) Kat:3, Licht: 0,98481,3,3,5,01,13,5,1,0,0,1,0,0,0,0
"POINT (6.770780862000038 51.199982159000058)",Unfall 98519 (2019) Kat:3, Licht: 1,98519,3,4,6,01,08,2,1,1,0,1,1,0,0,0
"POINT (6.890201131000026 51.153260065000040)",Unfall 98521 (2019) Kat:3, Licht: 0,98521,3,1,8,01,09,2,1,0,0,0,0,0,0,1
"POINT (6.814666759000033 51.192749118000052)",Unfall 98601 (2019) Kat:3, Licht: 1,98601,3,6,2,01,08,2,1,1,0,1,0,0,0,1
"POINT (6.908693048000032 51.195612337000057)",Unfall 98662 (2019) Kat:3, Licht: 2,98662,3,6,2,02,06,2,0,2,0,1,0,0,0,0
"POINT (6.771543067000039 51.239566681000042)",Unfall 98663 (2019) Kat:3, Licht: 0,98663,3,6,1,02,09,2,0,0,0,1,0,0,0,0
"POINT (6.786551523000071 51.239702818000069)",Unfall 98664 (2019) Kat:3, Licht: 0,98664,3,2,2,02,14,2,0,0,0,1,0,0,0,0
"POINT (6.908976026000062 51.260783714000070)",Unfall 98833 (2019) Kat:2, Licht: 0,98833,2,7,8,02,16,4,0,0,0,1,0,0,0,0
"POINT (6.800600679000070 51.210579807000045)",Unfall 98836 (2019) Kat:3, Licht: 2,98836,3,6,2,02,18,4,0,2,0,1,0,0,0,0
"POINT (6.821615173000055 51.242261712000072)",Unfall 98864 (2019) Kat:3, Licht: 2,98864,3,6,2,02,04,7,1,2,0,1,0,0,0,0
"POINT (6.914099604000057 51.192244688000073)",Unfall 98913 (2019) Kat:3, Licht: 0,98913,3,1,9,02,11,7,1,0,0,1,0,0,0,0
"POINT (6.791261369000040 51.229006457000025)",Unfall 99016 (2019) Kat:3, Licht: 0,99016,3,6,3,02,11,6,1,0,1,1,0,0,0,0
"POINT (6.905450793000057 51.137890865000031)",Unfall 99023 (2019) Kat:3, Licht: 2,99023,3,2,1,02,17,3,1,2,0,1,0,0,0,0
"POINT (6.914869439000029 51.192734223000059)",Unfall 99026 (2019) Kat:3, Licht: 0,99026,3,6,2,02,12,3,1,0,0,1,0,0,0,0
"POINT (6.803044793000026 51.216578213000048)",Unfall 99027 (2019) Kat:3, Licht: 0,99027,3,2,5,02,15,3,0,0,0,1,0,0,0,1
"POINT (6.786519060000046 51.222780473000057)",Unfall 99029 (2019) Kat:3, Licht: 0,99029,3,2,5,02,16,3,0,0,1,1,0,0,0,0
"POINT (6.809623619000035 51.230226873000049)",Unfall 99089 (2019) Kat:3, Licht: 2,99089,3,6,2,02,19,1,1,2,0,1,0,0,0,1
"POINT (6.746017292000033 51.235763111000040)",Unfall 99113 (2019) Kat:3, Licht: 2,99113,3,6,1,02,19,4,0,2,0,1,0,0,0,0
"POINT (6.770739589000073 51.241738087000044)",Unfall 99172 (2019) Kat:2, Licht: 2,99172,2,3,5,02,18,7,0,2,0,1,0,0,0,0
"POINT (6.888891692000073 51.260846019000041)",Unfall 99173 (2019) Kat:3, Licht: 0,99173,3,6,1,02,16,7,1,0,0,1,0,0,0,0
"POINT (6.800834393000059 51.250671547000081)",Unfall 99177 (2019) Kat:3, Licht: 0,99177,3,2,5,02,10,7,1,0,1,1,0,0,0,0
"POINT (6.752662374000067 51.231616129000031)",Unfall 99178 (2019) Kat:3, Licht: 0,99178,3,2,5,02,11,7,0,0,1,1,0,0,0,0
"POINT (6.788201960000038 51.224811604000081)",Unfall 99180 (2019) Kat:3, Licht: 0,99180,3,4,6,02,11,7,1,0,0,1,1,0,0,0
"POINT (6.787937035000027 51.200855846000081)",Unfall 99436 (2019) Kat:3, Licht: 0,99436,3,6,2,02,15,2,1,0,0,1,0,0,0,1
"POINT (6.857123455000021 51.206305654000062)",Unfall 99438 (2019) Kat:3, Licht: 0,99438,3,6,0,02,12,2,0,0,0,1,0,0,0,1
"POINT (6.863721734000023 51.213189984000053)",Unfall 99441 (2019) Kat:3, Licht: 0,99441,3,5,1,02,16,2,1,0,0,1,0,0,0,0
"POINT (6.856836718000068 51.190347092000081)",Unfall 99513 (2019) Kat:3, Licht: 1,99513,3,6,3,02,08,2,0,1,0,1,0,0,1,0
"POINT (6.778570832000071 51.258702831000051)",Unfall 99534 (2019) Kat:3, Licht: 2,99534,3,3,3,02,21,5,0,2,0,1,0,1,0,0
"POINT (6.786182318000044 51.253953220000028)",Unfall 99556 (2019) Kat:3, Licht: 2,99556,3,7,0,02,06,2,0,2,1,0,0,0,0,0
"POINT (6.783606792000057 51.205018947000042)",Unfall 99661 (2019) Kat:3, Licht: 0,99661,3,4,6,02,13,6,0,0,0,1,1,0,0,0
"POINT (6.775889770000049 51.199572424000053)",Unfall 99902 (2019) Kat:3, Licht: 2,99902,3,6,3,02,07,5,0,2,0,1,0,0,1,0
"POINT (6.805267355000069 51.257030478000047)",Unfall 99962 (2019) Kat:3, Licht: 0,99962,3,6,2,02,16,7,0,0,0,1,0,0,0,0
"POINT (6.847444790000054 51.229825020000078)",Unfall 100011 (2019) Kat:3, Licht: 1,100011,3,2,6,02,07,2,0,1,0,0,1,0,0,1
"POINT (6.840526532000069 51.227709400000037)",Unfall 100024 (2019) Kat:3, Licht: 0,100024,3,6,2,02,16,2,0,0,0,1,0,0,0,0
"POINT (6.782818898000073 51.207058728000050)",Unfall 100069 (2019) Kat:3, Licht: 2,100069,3,5,3,02,19,2,0,2,0,1,0,0,0,0
"POINT (6.755273466000062 51.265221161000056)",Unfall 100074 (2019) Kat:3, Licht: 0,100074,3,6,2,02,15,4,0,0,0,1,0,0,0,0
"POINT (6.801811633000057 51.242320956000071)",Unfall 100075 (2019) Kat:3, Licht: 0,100075,3,2,5,02,16,2,0,0,0,1,0,1,0,0
"POINT (6.789410203000045 51.200258288000043)",Unfall 100118 (2019) Kat:3, Licht: 2,100118,3,6,2,02,18,4,0,2,0,1,0,0,0,0
"POINT (6.808597079000037 51.232686907000073)",Unfall 100119 (2019) Kat:3, Licht: 2,100119,3,7,5,02,19,4,0,2,0,1,0,0,0,0
"POINT (6.913197816000036 51.259483440000054)",Unfall 100204 (2019) Kat:3, Licht: 2,100204,3,3,5,02,05,5,0,2,0,1,0,0,0,0
"POINT (6.811282294000023 51.225433647000045)",Unfall 100499 (2019) Kat:2, Licht: 2,100499,2,3,6,02,20,6,0,2,0,1,1,0,0,0
"POINT (6.721203942000045 51.232255510000073)",Unfall 100500 (2019) Kat:3, Licht: 0,100500,3,4,6,02,15,6,0,0,0,1,1,0,0,0
"POINT (6.789492003000021 51.231710499000030)",Unfall 100525 (2019) Kat:3, Licht: 2,100525,3,7,5,02,03,1,0,2,0,1,0,0,0,0
"POINT (6.782786331000068 51.214688408000029)",Unfall 100601 (2019) Kat:3, Licht: 0,100601,3,6,5,02,09,5,0,0,0,1,0,1,0,0
"POINT (6.851981354000031 51.163423020000039)",Unfall 100653 (2019) Kat:3, Licht: 0,100653,3,6,2,02,18,4,0,0,0,1,0,0,0,0
"POINT (6.866831363000074 51.215294153000059)",Unfall 100673 (2019) Kat:3, Licht: 0,100673,3,2,4,02,16,3,0,0,0,1,0,0,0,0
"POINT (6.809361857000056 51.176006562000055)",Unfall 100848 (2019) Kat:3, Licht: 0,100848,3,2,0,02,08,2,0,0,1,1,0,0,0,0
"POINT (6.751146114000051 51.271091624000064)",Unfall 100850 (2019) Kat:3, Licht: 0,100850,3,6,2,02,08,2,0,0,0,1,0,0,0,0
"POINT (6.801891898000065 51.245076307000033)",Unfall 100851 (2019) Kat:3, Licht: 0,100851,3,6,3,02,17,2,0,0,0,1,0,0,0,0
"POINT (6.810324735000052 51.229442480000046)",Unfall 100853 (2019) Kat:3, Licht: 0,100853,3,5,2,02,13,2,0,0,0,1,0,0,0,1
"POINT (6.701050273000021 51.231483000000026)",Unfall 100854 (2019) Kat:3, Licht: 0,100854,3,6,2,02,08,2,0,0,0,0,0,0,1,1
"POINT (6.809478217000049 51.230478788000028)",Unfall 101009 (2019) Kat:3, Licht: 2,101009,3,1,0,03,22,6,0,2,1,0,0,0,0,0
"POINT (6.807962482000050 51.208842770000047)",Unfall 101010 (2019) Kat:3, Licht: 0,101010,3,3,5,03,14,6,0,0,0,1,0,0,0,0
"POINT (6.799128034000034 51.210609048000038)",Unfall 101012 (2019) Kat:3, Licht: 1,101012,3,3,5,03,16,6,1,1,1,0,0,0,0,1
"POINT (6.775311800000054 51.200692096000068)",Unfall 101094 (2019) Kat:3, Licht: 2,101094,3,1,8,03,22,1,0,2,0,1,0,0,0,0
"POINT (6.849541244000022 51.201906247000068)",Unfall 101157 (2019) Kat:3, Licht: 0,101157,3,6,3,02,13,5,0,0,0,1,0,0,0,1
"POINT (6.756212984000058 51.231638047000047)",Unfall 101158 (2019) Kat:3, Licht: 0,101158,3,4,6,02,08,5,0,0,1,0,1,0,0,0
"POINT (6.780787601000043 51.230200868000054)",Unfall 101161 (2019) Kat:2, Licht: 0,101161,2,2,3,02,09,5,0,0,0,1,0,0,0,1
"POINT (6.832544319000022 51.194025690000046)",Unfall 101196 (2019) Kat:3, Licht: 2,101196,3,6,2,03,17,7,1,2,0,1,0,0,0,0
"POINT (6.755003410000029 51.200844774000075)",Unfall 101199 (2019) Kat:3, Licht: 0,101199,3,6,2,03,10,7,0,0,0,1,0,0,0,0
"POINT (6.820790418000058 51.207425752000063)",Unfall 101203 (2019) Kat:3, Licht: 0,101203,3,6,0,03,11,7,0,0,0,1,0,0,0,1
"POINT (6.890244804000076 51.163430821000077)",Unfall 101384 (2019) Kat:3, Licht: 0,101384,3,1,8,03,07,5,1,0,0,1,0,0,0,0
"POINT (6.861035462000075 51.189023065000072)",Unfall 101410 (2019) Kat:3, Licht: 2,101410,3,2,6,03,05,6,1,2,0,1,1,0,0,0
"POINT (6.771830852000051 51.236623909000059)",Unfall 101413 (2019) Kat:3, Licht: 2,101413,3,2,5,03,19,6,0,2,1,1,0,0,0,0
"POINT (6.782683512000062 51.208835447000070)",Unfall 101465 (2019) Kat:3, Licht: 0,101465,3,2,5,03,08,4,0,0,1,0,0,0,0,1
"POINT (6.774351661000026 51.200178058000063)",Unfall 101583 (2019) Kat:3, Licht: 0,101583,3,6,2,03,15,3,0,0,0,1,0,0,0,0
"POINT (6.863213056000063 51.223180934000027)",Unfall 101584 (2019) Kat:2, Licht: 2,101584,2,6,2,03,18,3,0,2,0,1,0,0,0,0
"POINT (6.771682534000036 51.232661347000032)",Unfall 101585 (2019) Kat:3, Licht: 2,101585,3,6,2,03,19,3,0,2,0,1,0,0,0,0
"POINT (6.784999600000049 51.204191394000077)",Unfall 101685 (2019) Kat:3, Licht: 0,101685,3,6,2,03,09,2,0,0,0,1,0,0,0,0
"POINT (6.787580174000027 51.242721676000031)",Unfall 101686 (2019) Kat:3, Licht: 0,101686,3,1,8,03,14,2,1,0,0,0,0,1,0,0
"POINT (6.862685745000022 51.223218000000031)",Unfall 101764 (2019) Kat:3, Licht: 0,101764,3,6,2,03,10,2,1,0,0,1,0,0,1,0
"POINT (6.797919831000058 51.255204313000036)",Unfall 101765 (2019) Kat:3, Licht: 1,101765,3,6,3,03,06,2,1,1,0,1,0,0,1,0
"POINT (6.793654548000063 51.253025759000082)",Unfall 101767 (2019) Kat:3, Licht: 0,101767,3,3,5,03,08,2,1,0,1,1,0,0,0,0
"POINT (6.770498105000058 51.231715968000060)",Unfall 101768 (2019) Kat:3, Licht: 0,101768,3,7,0,03,11,2,1,0,0,1,0,0,0,0
"POINT (6.757645493000041 51.200775515000032)",Unfall 101861 (2019) Kat:2, Licht: 0,101861,2,3,5,03,13,3,0,0,0,1,0,0,0,0
"POINT (6.810739970000043 51.222676876000037)",Unfall 101865 (2019) Kat:2, Licht: 2,101865,2,3,5,03,21,3,1,2,0,1,0,0,0,0
"POINT (6.781064193000020 51.230148296000038)",Unfall 101868 (2019) Kat:3, Licht: 0,101868,3,6,2,03,14,3,0,0,0,1,0,0,0,0
"POINT (6.782718931000034 51.208364140000072)",Unfall 101891 (2019) Kat:3, Licht: 0,101891,3,6,2,03,13,1,1,0,0,1,0,0,0,0
"POINT (6.809492948000070 51.261035615000026)",Unfall 101893 (2019) Kat:2, Licht: 2,101893,2,7,1,03,23,1,1,2,0,1,0,0,0,0
"POINT (6.732434766000040 51.234916498000075)",Unfall 101894 (2019) Kat:3, Licht: 1,101894,3,6,3,03,18,1,1,1,0,1,0,0,0,0
"POINT (6.757326377000027 51.207351559000074)",Unfall 102004 (2019) Kat:3, Licht: 0,102004,3,6,2,03,15,7,1,0,0,1,0,0,0,0
"POINT (6.905140775000064 51.138299500000073)",Unfall 102137 (2019) Kat:3, Licht: 0,102137,3,7,6,03,15,7,0,0,0,1,1,0,0,0
"POINT (6.782502339000075 51.223025760000041)",Unfall 102170 (2019) Kat:3, Licht: 2,102170,3,7,5,03,19,6,1,2,0,1,0,0,0,0
"POINT (6.788397775000021 51.213880931000062)",Unfall 102188 (2019) Kat:3, Licht: 1,102188,3,3,5,03,17,5,1,1,1,1,0,0,0,0
"POINT (6.751259489000063 51.270861854000032)",Unfall 102190 (2019) Kat:3, Licht: 0,102190,3,6,1,03,15,5,1,0,0,1,0,0,0,0
"POINT (6.755580608000059 51.264808644000027)",Unfall 102193 (2019) Kat:2, Licht: 2,102193,2,7,8,03,01,7,1,2,0,1,0,0,0,1
"POINT (6.858510855000077 51.191605845000026)",Unfall 102271 (2019) Kat:3, Licht: 0,102271,3,6,2,03,17,2,0,0,0,1,0,0,0,1
"POINT (6.774719494000067 51.239930862000051)",Unfall 102274 (2019) Kat:3, Licht: 0,102274,3,3,5,03,12,2,0,0,0,1,0,0,0,0
"POINT (6.811000579000051 51.232424429000048)",Unfall 102276 (2019) Kat:2, Licht: 0,102276,2,7,0,03,10,2,1,0,0,1,0,0,0,0
"POINT (6.824377406000053 51.264815342000077)",Unfall 102278 (2019) Kat:3, Licht: 0,102278,3,3,5,03,19,2,0,0,1,1,0,0,0,0
"POINT (6.892131605000031 51.260770296000032)",Unfall 102279 (2019) Kat:3, Licht: 0,102279,3,6,4,03,16,7,0,0,0,1,0,0,0,0
"POINT (6.789477966000050 51.213310013000068)",Unfall 102383 (2019) Kat:2, Licht: 0,102383,2,3,5,03,13,7,1,0,0,1,0,0,0,0
"POINT (6.755522111000062 51.201058124000042)",Unfall 102435 (2019) Kat:3, Licht: 0,102435,3,2,5,03,13,1,1,0,0,1,0,0,0,0
"POINT (6.875134414000058 51.130071659000066)",Unfall 102437 (2019) Kat:3, Licht: 0,102437,3,7,0,03,07,1,1,0,0,1,0,0,0,0
"POINT (6.800656467000067 51.250782357000048)",Unfall 102472 (2019) Kat:3, Licht: 0,102472,3,6,2,03,16,4,1,0,0,1,0,1,0,0
"POINT (6.795827544000076 51.211082736000037)",Unfall 102486 (2019) Kat:3, Licht: 2,102486,3,1,9,03,01,7,1,2,0,1,0,0,0,0
"POINT (6.869792320000045 51.189855968000074)",Unfall 102590 (2019) Kat:2, Licht: 0,102590,2,3,3,03,17,5,0,0,0,1,0,0,1,0
"POINT (6.790424216000076 51.199701214000072)",Unfall 102664 (2019) Kat:3, Licht: 0,102664,3,4,6,03,14,4,0,0,1,0,1,0,0,0
"POINT (6.802088977000039 51.248212550000062)",Unfall 102667 (2019) Kat:3, Licht: 0,102667,3,6,3,03,14,6,0,0,0,1,0,1,0,0
"POINT (6.779270617000066 51.257822563000047)",Unfall 102669 (2019) Kat:3, Licht: 0,102669,3,2,5,03,09,6,0,0,1,1,0,0,0,0
"POINT (6.698587629000031 51.225561459000062)",Unfall 102671 (2019) Kat:3, Licht: 0,102671,3,2,5,03,15,6,0,0,1,1,0,0,0,0
"POINT (6.861377117000075 51.188997282000059)",Unfall 102844 (2019) Kat:2, Licht: 0,102844,2,2,6,03,07,3,0,0,0,1,1,0,0,0
"POINT (6.808228189000033 51.259776170000066)",Unfall 102845 (2019) Kat:3, Licht: 0,102845,3,2,6,03,16,3,0,0,0,1,1,0,0,0
"POINT (6.831513749000067 51.241213441000070)",Unfall 102847 (2019) Kat:3, Licht: 0,102847,3,6,3,03,14,3,1,0,1,0,0,0,1,0
"POINT (6.801868290000073 51.242023954000047)",Unfall 102849 (2019) Kat:3, Licht: 0,102849,3,3,5,03,09,3,0,0,0,1,0,0,0,0
"POINT (6.782446455000070 51.217044245000068)",Unfall 102992 (2019) Kat:2, Licht: 2,102992,2,4,6,03,22,5,0,2,0,1,1,0,0,0
"POINT (6.895238066000047 51.198526800000081)",Unfall 103090 (2019) Kat:3, Licht: 0,103090,3,6,2,03,15,2,1,0,0,1,0,0,0,0
"POINT (6.822089178000056 51.245650128000079)",Unfall 103092 (2019) Kat:3, Licht: 0,103092,3,2,5,03,13,2,1,0,1,1,0,0,0,0
"POINT (6.698272446000033 51.226800420000075)",Unfall 103094 (2019) Kat:3, Licht: 0,103094,3,7,0,03,14,2,0,0,0,1,0,0,0,0
"POINT (6.795710616000065 51.247808543000076)",Unfall 103101 (2019) Kat:3, Licht: 0,103101,3,7,0,03,09,5,0,0,0,1,0,0,0,1
"POINT (6.810035715000026 51.261802539000030)",Unfall 103269 (2019) Kat:3, Licht: 0,103269,3,4,6,03,17,4,0,0,1,1,1,0,0,0
"POINT (6.859701841000060 51.224018549000050)",Unfall 103271 (2019) Kat:3, Licht: 2,103271,3,2,5,03,20,4,0,2,1,1,0,0,0,0
"POINT (6.784980338000025 51.275606970000069)",Unfall 103373 (2019) Kat:2, Licht: 0,103373,2,3,5,03,16,7,0,0,1,1,0,0,0,0
"POINT (6.796180995000043 51.229609484000036)",Unfall 103375 (2019) Kat:3, Licht: 0,103375,3,2,5,03,18,7,0,0,1,1,0,0,0,0
"POINT (6.803608632000021 51.216081111000051)",Unfall 103377 (2019) Kat:3, Licht: 0,103377,3,2,0,03,09,7,0,0,1,1,0,0,0,0
"POINT (6.820681303000072 51.236529932000053)",Unfall 103442 (2019) Kat:3, Licht: 0,103442,3,3,5,03,18,3,0,0,0,1,0,0,0,0
"POINT (6.832582652000042 51.190228402000059)",Unfall 103501 (2019) Kat:3, Licht: 0,103501,3,6,2,03,07,3,0,0,0,1,0,0,0,1