WKT,Name,OBJECTID,UKATEGORIE,UTYP1,UART,UMONAT,USTUNDE,UWOCHENTAG,STRZUSTAND,ULICHTVERH,ISTRAD,ISTPKW,ISTFUSS,ISTKRAD,ISTGKFZ,ISTSONSTIG
"POINT (6.775096170000040 51.253632023000080)",Unfall 110592 (2019) Kat:3, Licht: 0,110592,3,6,3,06,13,3,0,0,0,1,0,1,0,0
"POINT (6.815603758000066 51.242748212000038)",Unfall 110593 (2019) Kat:3, Licht: 0,110593,3,6,2,06,09,3,0,0,0,1,0,1,0,0
"POINT (6.810328190000064 51.232266214000049)",Unfall 110594 (2019) Kat:3, Licht: 0,110594,3,2,5,06,07,3,1,0,1,1,0,0,0,0
"POINT (6.863223093000045 51.212619678000067)",Unfall 110669 (2019) Kat:2, Licht: 0,110669,2,3,5,06,13,2,0,0,0,1,0,1,0,0
"POINT (6.809106364000058 51.262630264000052)",Unfall 110670 (2019) Kat:2, Licht: 0,110670,2,3,0,06,14,2,0,0,0,1,0,0,0,0
"POINT (6.868399230000023 51.220852319000073)",Unfall 110774 (2019) Kat:3, Licht: 0,110774,3,1,0,06,17,1,0,0,0,0,0,1,0,0
"POINT (6.826053609000041 51.206132398000079)",Unfall 111059 (2019) Kat:2, Licht: 0,111059,2,5,1,06,13,4,1,0,0,1,0,0,1,0
"POINT (6.855263222000076 51.205146828000068)",Unfall 111060 (2019) Kat:2, Licht: 0,111060,2,2,2,06,08,4,0,0,0,1,0,0,0,1
"POINT (6.773494858000049 51.198750363000045)",Unfall 111176 (2019) Kat:3, Licht: 0,111176,3,6,3,06,14,6,0,0,0,1,0,0,1,0
"POINT (6.780523004000031 51.202411556000072)",Unfall 111186 (2019) Kat:3, Licht: 0,111186,3,3,5,06,18,6,0,0,0,1,0,0,0,0
"POINT (6.857627738000076 51.191637133000029)",Unfall 111190 (2019) Kat:3, Licht: 0,111190,3,6,1,06,13,6,0,0,0,1,0,0,0,0
"POINT (6.732033934000071 51.269277524000074)",Unfall 111204 (2019) Kat:3, Licht: 0,111204,3,6,2,06,07,2,0,0,0,1,0,0,0,0
"POINT (6.808566857000074 51.232733584000073)",Unfall 111231 (2019) Kat:3, Licht: 0,111231,3,6,1,06,08,6,0,0,0,1,0,0,1,0
"POINT (6.886709594000024 51.200658411000063)",Unfall 111271 (2019) Kat:3, Licht: 0,111271,3,6,1,06,10,1,0,0,0,1,0,0,0,0
"POINT (6.775358861000029 51.186102826000081)",Unfall 111336 (2019) Kat:3, Licht: 0,111336,3,6,1,06,17,2,0,0,0,1,0,0,0,1
"POINT (6.839916417000040 51.197764168000049)",Unfall 111338 (2019) Kat:3, Licht: 0,111338,3,2,5,06,17,7,0,0,0,1,0,0,0,0
"POINT (6.844556166000075 51.189816120000046)",Unfall 111424 (2019) Kat:3, Licht: 0,111424,3,6,1,06,17,4,0,0,0,1,0,0,0,0
"POINT (6.840432880000037 51.197561465000035)",Unfall 111523 (2019) Kat:3, Licht: 0,111523,3,2,5,06,16,3,0,0,1,0,0,0,0,1
"POINT (6.903015678000031 51.261181673000067)",Unfall 111524 (2019) Kat:3, Licht: 0,111524,3,6,2,06,14,3,0,0,0,1,0,1,0,0
"POINT (6.808865730000036 51.231879429000060)",Unfall 111525 (2019) Kat:3, Licht: 0,111525,3,3,0,06,08,3,0,0,1,0,0,0,0,1
"POINT (6.807691641000076 51.177413638000075)",Unfall 111709 (2019) Kat:3, Licht: 0,111709,3,1,0,06,07,2,1,0,0,0,0,1,0,0
"POINT (6.843027576000054 51.240848135000078)",Unfall 111710 (2019) Kat:3, Licht: 0,111710,3,7,0,06,12,4,0,0,0,0,0,0,0,1
"POINT (6.709315934000074 51.233560060000059)",Unfall 111711 (2019) Kat:1, Licht: 2,111711,1,4,6,06,03,2,0,2,0,1,1,0,1,0
"POINT (6.779281082000068 51.233345233000080)",Unfall 111713 (2019) Kat:3, Licht: 0,111713,3,4,6,06,17,4,0,0,1,0,1,0,0,0
"POINT (6.806918992000021 51.209048456000062)",Unfall 111715 (2019) Kat:3, Licht: 0,111715,3,6,2,06,16,4,0,0,0,1,0,0,0,0
"POINT (6.771583635000070 51.239439876000063)",Unfall 111817 (2019) Kat:3, Licht: 0,111817,3,2,5,06,19,6,0,0,0,1,0,0,0,0
"POINT (6.821851416000072 51.255001823000043)",Unfall 111818 (2019) Kat:3, Licht: 0,111818,3,3,5,06,12,6,0,0,1,1,0,0,0,0
"POINT (6.800939728000060 51.250966631000040)",Unfall 111819 (2019) Kat:2, Licht: 0,111819,2,2,5,06,12,6,0,0,1,0,0,0,0,1
"POINT (6.770926444000054 51.241217233000043)",Unfall 111929 (2019) Kat:3, Licht: 0,111929,3,5,2,06,19,1,0,0,0,1,0,1,0,0
"POINT (6.771554817000038 51.239531602000056)",Unfall 111931 (2019) Kat:3, Licht: 0,111931,3,4,6,06,11,1,0,0,1,0,1,0,0,0
"POINT (6.806895673000042 51.168922964000046)",Unfall 111933 (2019) Kat:3, Licht: 0,111933,3,6,4,06,13,5,0,0,1,0,0,0,0,1
"POINT (6.855128955000055 51.162408201000062)",Unfall 111935 (2019) Kat:3, Licht: 0,111935,3,1,0,06,17,5,1,0,1,0,0,0,0,0
"POINT (6.866042753000045 51.140692546000082)",Unfall 112079 (2019) Kat:3, Licht: 0,112079,3,1,8,06,14,7,0,0,0,0,0,1,0,0
"POINT (6.772539501000040 51.253439143000037)",Unfall 112080 (2019) Kat:3, Licht: 2,112080,3,3,0,06,23,7,0,2,0,1,0,0,0,1
"POINT (6.855045640000071 51.229573754000057)",Unfall 112082 (2019) Kat:3, Licht: 0,112082,3,6,2,06,14,7,0,0,0,1,0,1,0,0
"POINT (6.787230111000042 51.214503205000028)",Unfall 112156 (2019) Kat:3, Licht: 0,112156,3,6,3,06,10,3,0,0,1,1,0,0,0,0
"POINT (6.716241685000057 51.234622241000068)",Unfall 112157 (2019) Kat:3, Licht: 2,112157,3,3,5,06,22,3,0,2,1,1,0,0,0,0
"POINT (6.703178260000072 51.234649934000061)",Unfall 112158 (2019) Kat:3, Licht: 2,112158,3,3,4,06,23,3,0,2,0,1,0,0,0,0
"POINT (6.810732515000041 51.222664184000053)",Unfall 112372 (2019) Kat:3, Licht: 0,112372,3,3,5,06,15,2,0,0,0,1,0,1,0,0
"POINT (6.786912588000064 51.240170151000029)",Unfall 112374 (2019) Kat:2, Licht: 0,112374,2,3,5,06,13,2,0,0,1,1,0,0,0,0
"POINT (6.782346272000041 51.249378906000061)",Unfall 112378 (2019) Kat:3, Licht: 0,112378,3,4,6,06,07,2,0,0,1,0,1,0,0,0
"POINT (6.754430680000041 51.265688686000033)",Unfall 112380 (2019) Kat:3, Licht: 0,112380,3,6,2,06,15,2,0,0,0,1,0,0,0,0
"POINT (6.807523666000066 51.177564670000038)",Unfall 112388 (2019) Kat:3, Licht: 0,112388,3,6,2,06,09,4,0,0,0,1,0,0,0,1
"POINT (6.806852976000073 51.235130115000061)",Unfall 112390 (2019) Kat:2, Licht: 0,112390,2,2,6,06,10,4,0,0,0,1,1,0,0,0
"POINT (6.885830225000063 51.168538722000051)",Unfall 112540 (2019) Kat:2, Licht: 1,112540,2,1,8,06,22,7,0,1,0,1,0,0,0,0
"POINT (6.774902239000028 51.200415817000078)",Unfall 112660 (2019) Kat:3, Licht: 0,112660,3,3,5,06,10,6,0,0,0,0,0,1,1,0
"POINT (6.856605474000048 51.205923233000078)",Unfall 112662 (2019) Kat:3, Licht: 0,112662,3,6,3,06,20,6,0,0,0,0,0,1,0,1
"POINT (6.723021722000055 51.232059844000048)",Unfall 112664 (2019) Kat:3, Licht: 0,112664,3,2,3,06,12,6,0,0,0,0,0,1,0,1
"POINT (6.839592385000060 51.197773334000033)",Unfall 112691 (2019) Kat:3, Licht: 0,112691,3,1,2,06,13,1,0,0,0,1,0,1,0,0
"POINT (6.844113424000057 51.234725872000070)",Unfall 112693 (2019) Kat:2, Licht: 0,112693,2,4,6,06,18,1,0,0,0,1,1,0,0,0
"POINT (6.831251476000034 51.241272531000050)",Unfall 112696 (2019) Kat:3, Licht: 0,112696,3,3,5,06,13,1,0,0,1,0,0,0,0,0
"POINT (6.810739832000024 51.222676642000067)",Unfall 112698 (2019) Kat:3, Licht: 0,112698,3,2,5,06,09,1,0,0,0,1,0,0,0,0
"POINT (6.776359466000031 51.261896476000061)",Unfall 112938 (2019) Kat:3, Licht: 0,112938,3,2,5,06,14,5,0,0,1,1,0,0,0,0
"POINT (6.833656580000024 51.226875758000062)",Unfall 112939 (2019) Kat:2, Licht: 2,112939,2,1,8,06,01,7,0,2,0,1,0,0,0,0
"POINT (6.821832358000052 51.237661502000037)",Unfall 112940 (2019) Kat:3, Licht: 0,112940,3,6,2,06,14,5,0,0,0,1,0,0,0,1
"POINT (6.793980006000027 51.226213998000048)",Unfall 112941 (2019) Kat:2, Licht: 2,112941,2,6,4,06,22,5,0,2,1,1,0,0,0,0
"POINT (6.744300194000061 51.239445997000075)",Unfall 112942 (2019) Kat:3, Licht: 0,112942,3,2,5,06,20,7,0,0,0,1,0,0,0,0
"POINT (6.760725638000054 51.231673064000063)",Unfall 113012 (2019) Kat:3, Licht: 0,113012,3,6,2,07,09,3,0,0,0,1,0,0,0,0
"POINT (6.786056305000045 51.204535047000036)",Unfall 113221 (2019) Kat:3, Licht: 0,113221,3,3,1,07,16,4,0,0,1,0,0,0,0,0
"POINT (6.793911573000059 51.252847414000030)",Unfall 113223 (2019) Kat:3, Licht: 0,113223,3,6,2,07,13,4,0,0,0,1,0,0,0,0
"POINT (6.794613083000058 51.230206960000032)",Unfall 113225 (2019) Kat:3, Licht: 0,113225,3,6,3,07,09,4,0,0,1,1,0,0,0,0
"POINT (6.780112093000071 51.253798699000072)",Unfall 113226 (2019) Kat:3, Licht: 0,113226,3,5,2,07,19,4,0,0,0,1,0,0,0,0
"POINT (6.743261704000076 51.308808248000048)",Unfall 113228 (2019) Kat:3, Licht: 0,113228,3,2,5,07,18,4,0,0,1,1,0,0,0,0
"POINT (6.782158740000057 51.219830852000030)",Unfall 113229 (2019) Kat:2, Licht: 0,113229,2,7,6,07,11,4,0,0,1,1,1,0,0,0
"POINT (6.811411727000063 51.208327775000043)",Unfall 113306 (2019) Kat:3, Licht: 0,113306,3,6,0,07,19,2,0,0,0,1,0,1,0,0
"POINT (6.779917690000048 51.253941842000074)",Unfall 113309 (2019) Kat:3, Licht: 0,113309,3,7,5,07,17,2,0,0,1,0,0,0,0,0
"POINT (6.820118520000051 51.235963644000037)",Unfall 113311 (2019) Kat:3, Licht: 0,113311,3,3,5,07,11,2,0,0,1,1,0,0,0,0
"POINT (6.865383079000026 51.221777404000079)",Unfall 113315 (2019) Kat:3, Licht: 0,113315,3,6,2,07,10,2,0,0,0,1,0,0,0,0
"POINT (6.793971058000068 51.226223514000026)",Unfall 113317 (2019) Kat:3, Licht: 2,113317,3,4,0,07,22,2,0,2,0,0,1,1,0,0
"POINT (6.699643882000032 51.229649102000053)",Unfall 113319 (2019) Kat:3, Licht: 1,113319,3,6,9,07,21,2,0,1,0,1,0,0,0,0
"POINT (6.860083266000061 51.190145894000068)",Unfall 113330 (2019) Kat:3, Licht: 0,113330,3,6,2,07,14,4,0,0,0,1,0,0,0,0
"POINT (6.891719378000062 51.152918113000055)",Unfall 113466 (2019) Kat:3, Licht: 0,113466,3,1,9,07,11,3,0,0,0,0,0,1,0,0
"POINT (6.883774954000046 51.177817503000028)",Unfall 113468 (2019) Kat:3, Licht: 2,113468,3,1,8,07,02,3,0,2,0,1,0,0,0,0
"POINT (6.847618058000023 51.229936928000029)",Unfall 113623 (2019) Kat:3, Licht: 0,113623,3,2,5,07,19,2,0,0,0,1,0,0,0,0
"POINT (6.811034121000034 51.245287995000069)",Unfall 113626 (2019) Kat:3, Licht: 0,113626,3,4,6,07,16,2,0,0,1,0,1,0,0,0
"POINT (6.787196103000042 51.223676624000063)",Unfall 113628 (2019) Kat:3, Licht: 0,113628,3,7,1,07,14,2,0,0,0,0,1,0,1,0
"POINT (6.846249821000072 51.199550986000077)",Unfall 113977 (2019) Kat:3, Licht: 2,113977,3,6,2,07,23,5,0,2,0,0,0,0,0,1
"POINT (6.865609445000075 51.220692684000028)",Unfall 113978 (2019) Kat:3, Licht: 0,113978,3,6,4,07,21,5,0,0,0,1,0,0,0,0
"POINT (6.891913176000060 51.260799370000029)",Unfall 113980 (2019) Kat:3, Licht: 0,113980,3,2,5,07,17,5,0,0,1,1,0,0,0,0
"POINT (6.806405979000033 51.235706084000071)",Unfall 113981 (2019) Kat:3, Licht: 0,113981,3,6,2,07,19,5,0,0,0,1,0,0,0,0
"POINT (6.775668136000036 51.240357626000048)",Unfall 113983 (2019) Kat:3, Licht: 0,113983,3,2,4,07,10,5,0,0,0,1,0,0,0,0
"POINT (6.818580862000033 51.242500815000028)",Unfall 113986 (2019) Kat:3, Licht: 0,113986,3,7,5,07,08,5,0,0,0,1,0,1,0,1
"POINT (6.750795953000022 51.271743166000078)",Unfall 114013 (2019) Kat:3, Licht: 0,114013,3,3,5,07,16,5,0,0,0,1,0,0,0,0
"POINT (6.771402004000038 51.252881106000075)",Unfall 114014 (2019) Kat:3, Licht: 0,114014,3,6,3,07,09,5,0,0,0,1,0,0,1,0
"POINT (6.720139659000040 51.232662409000056)",Unfall 114164 (2019) Kat:2, Licht: 1,114164,2,6,3,07,21,4,1,1,1,0,1,0,0,0
"POINT (6.821735598000032 51.170185233000041)",Unfall 114266 (2019) Kat:3, Licht: 0,114266,3,7,9,07,19,3,0,0,0,1,0,0,0,0
"POINT (6.745053896000059 51.291038481000044)",Unfall 114295 (2019) Kat:2, Licht: 0,114295,2,1,8,07,11,1,0,0,0,1,0,0,0,0
"POINT (6.840512836000073 51.197508149000043)",Unfall 114358 (2019) Kat:3, Licht: 0,114358,3,6,2,07,11,7,1,0,0,1,0,0,0,0
"POINT (6.785889154000074 51.245210758000042)",Unfall 114359 (2019) Kat:3, Licht: 0,114359,3,2,2,07,18,7,0,0,0,1,0,1,0,0
"POINT (6.713347705000047 51.233100093000076)",Unfall 114360 (2019) Kat:2, Licht: 2,114360,2,1,8,07,05,7,0,2,0,1,0,0,0,0
"POINT (6.846190311000044 51.199515743000063)",Unfall 114460 (2019) Kat:3, Licht: 0,114460,3,7,0,07,06,6,0,0,0,0,1,0,0,1
"POINT (6.871096084000044 51.212293929000055)",Unfall 114461 (2019) Kat:3, Licht: 0,114461,3,3,5,07,13,6,0,0,1,1,0,0,0,0
"POINT (6.771563965000041 51.232131123000045)",Unfall 114462 (2019) Kat:3, Licht: 0,114462,3,3,5,07,11,6,0,0,1,1,0,0,0,0
"POINT (6.771554817000038 51.239531602000056)",Unfall 114463 (2019) Kat:3, Licht: 0,114463,3,3,5,07,16,6,1,0,0,1,0,1,0,0
"POINT (6.784401854000066 51.203684409000061)",Unfall 114639 (2019) Kat:3, Licht: 0,114639,3,2,0,07,13,4,0,0,0,1,0,1,0,0
"POINT (6.787196671000061 51.243706067000062)",Unfall 114640 (2019) Kat:3, Licht: 0,114640,3,3,5,07,12,4,0,0,0,1,0,0,0,1
"POINT (6.779317388000038 51.233280492000063)",Unfall 114641 (2019) Kat:2, Licht: 0,114641,2,4,6,07,11,4,0,0,0,1,1,0,0,0
"POINT (6.751247908000039 51.270885325000052)",Unfall 114643 (2019) Kat:3, Licht: 0,114643,3,6,1,07,16,4,0,0,0,1,0,0,0,0
"POINT (6.783099923000066 51.248186691000058)",Unfall 114644 (2019) Kat:3, Licht: 0,114644,3,2,6,07,16,4,0,0,0,1,1,0,0,0
"POINT (6.771834363000039 51.232634699000073)",Unfall 114645 (2019) Kat:3, Licht: 0,114645,3,7,5,07,18,4,0,0,1,0,0,0,0,0
"POINT (6.900099936000061 51.144051719000061)",Unfall 114742 (2019) Kat:3, Licht: 0,114742,3,7,0,07,09,3,0,0,1,0,0,0,0,0
"POINT (6.806215559000066 51.231344485000079)",Unfall 114743 (2019) Kat:3, Licht: 0,114743,3,6,2,07,16,3,0,0,0,1,0,0,0,0
"POINT (6.778492816000039 51.234212356000057)",Unfall 114744 (2019) Kat:3, Licht: 0,114744,3,6,6,07,20,3,0,0,0,0,1,0,0,1
"POINT (6.869805646000032 51.189856016000078)",Unfall 114770 (2019) Kat:3, Licht: 0,114770,3,3,5,07,15,3,0,0,0,1,0,0,0,0
"POINT (6.905186438000044 51.138240612000061)",Unfall 114818 (2019) Kat:3, Licht: 0,114818,3,2,4,07,14,2,0,0,0,1,0,1,0,0
"POINT (6.875071503000072 51.183773812000027)",Unfall 114847 (2019) Kat:2, Licht: 0,114847,2,6,2,07,16,2,0,0,0,1,0,0,0,1
"POINT (6.784471381000060 51.203902669000058)",Unfall 114920 (2019) Kat:3, Licht: 0,114920,3,6,2,07,18,7,1,0,0,1,0,0,0,0
"POINT (6.787068746000045 51.230827060000081)",Unfall 114921 (2019) Kat:3, Licht: 0,114921,3,3,5,07,14,7,0,0,0,1,0,0,0,0
"POINT (6.803780914000072 51.255605268000068)",Unfall 115027 (2019) Kat:3, Licht: 0,115027,3,3,5,07,13,6,0,0,1,1,0,0,0,0
"POINT (6.786711495000077 51.253794669000058)",Unfall 115028 (2019) Kat:3, Licht: 0,115028,3,6,1,07,12,6,0,0,0,1,0,0,0,0
"POINT (6.792098721000059 51.253296615000068)",Unfall 115029 (2019) Kat:3, Licht: 0,115029,3,2,5,07,15,6,0,0,1,0,0,0,0,1
"POINT (6.868139334000034 51.189923471000043)",Unfall 115060 (2019) Kat:3, Licht: 0,115060,3,6,2,07,16,2,0,0,0,1,0,0,0,0
"POINT (6.760219796000058 51.520871537000062)",Unfall 115062 (2019) Kat:2, Licht: 0,115062,2,6,2,07,15,2,0,0,0,1,0,0,0,0
"POINT (6.883099692000030 51.190265802000056)",Unfall 115106 (2019) Kat:2, Licht: 0,115106,2,6,2,07,15,6,0,0,0,1,0,0,0,0
"POINT (6.812253327000065 51.272795763000033)",Unfall 115136 (2019) Kat:3, Licht: 2,115136,3,7,0,07,02,1,0,2,0,1,0,0,0,0
"POINT (6.771683443000029 51.233046549000051)",Unfall 115138 (2019) Kat:2, Licht: 0,115138,2,4,6,07,14,1,0,0,0,1,1,0,0,0
"POINT (6.728546083000026 51.248837308000077)",Unfall 115139 (2019) Kat:3, Licht: 0,115139,3,6,2,07,12,1,0,0,1,1,0,0,0,0
"POINT (6.814898492000054 51.208051592000061)",Unfall 115149 (2019) Kat:2, Licht: 0,115149,2,6,4,07,19,5,0,0,1,0,0,0,0,0
"POINT (6.785721262000038 51.215429104000066)",Unfall 115203 (2019) Kat:3, Licht: 0,115203,3,6,3,07,08,5,0,0,1,1,0,0,0,0
"POINT (6.807912715000043 51.219890469000063)",Unfall 115206 (2019) Kat:3, Licht: 0,115206,3,3,5,07,14,5,0,0,1,1,0,0,0,0
"POINT (6.760752000000025 51.231488306000074)",Unfall 115208 (2019) Kat:3, Licht: 0,115208,3,4,6,07,14,5,0,0,0,1,1,0,0,0
"POINT (6.775725534000060 51.240376594000054)",Unfall 115269 (2019) Kat:3, Licht: 0,115269,3,2,5,07,13,4,0,0,1,1,0,0,0,0
"POINT (6.788661371000046 51.213740450000046)",Unfall 115270 (2019) Kat:2, Licht: 0,115270,2,1,0,07,18,4,0,0,1,0,0,0,0,0
"POINT (6.821575419000055 51.255243810000081)",Unfall 115373 (2019) Kat:2, Licht: 0,115373,2,3,5,07,19,3,0,0,0,1,0,1,0,0
"POINT (6.772070863000067 51.252217830000063)",Unfall 115374 (2019) Kat:2, Licht: 0,115374,2,3,5,07,11,3,0,0,0,1,0,0,0,1
"POINT (6.773985250000067 51.200080351000054)",Unfall 115480 (2019) Kat:3, Licht: 1,115480,3,6,1,07,21,5,0,1,0,1,0,0,0,0
"POINT (6.810553499000037 51.245026386000063)",Unfall 115482 (2019) Kat:3, Licht: 0,115482,3,6,3,07,09,5,0,0,0,1,0,0,0,0
"POINT (6.774343302000034 51.240003265000041)",Unfall 115484 (2019) Kat:3, Licht: 0,115484,3,3,5,07,09,5,0,0,0,1,0,0,0,0
"POINT (6.796766329000036 51.248257157000069)",Unfall 115486 (2019) Kat:3, Licht: 0,115486,3,2,5,07,11,5,0,0,0,1,0,0,0,0
"POINT (6.840139312000076 51.197739905000049)",Unfall 115533 (2019) Kat:3, Licht: 0,115533,3,6,5,07,13,2,0,0,0,1,0,0,0,0
"POINT (6.781886914000040 51.254018009000049)",Unfall 115535 (2019) Kat:2, Licht: 0,115535,2,3,5,07,16,2,0,0,1,1,0,0,0,0
"POINT (6.862873676000049 51.225394394000034)",Unfall 115682 (2019) Kat:3, Licht: 0,115682,3,1,0,07,16,7,0,0,1,0,0,0,0,0
"POINT (6.797872671000050 51.210658457000079)",Unfall 115683 (2019) Kat:2, Licht: 0,115683,2,3,5,07,09,7,0,0,0,1,0,1,0,0
"POINT (6.775493997000069 51.231696712000030)",Unfall 115684 (2019) Kat:3, Licht: 0,115684,3,1,8,07,09,7,0,0,0,1,0,0,0,0
"POINT (6.793728332000057 51.247009669000079)",Unfall 115817 (2019) Kat:3, Licht: 0,115817,3,6,2,07,09,6,0,0,0,1,0,0,0,0
"POINT (6.782597804000034 51.213344772000028)",Unfall 115848 (2019) Kat:3, Licht: 2,115848,3,6,0,07,23,2,0,2,0,0,0,0,0,1
"POINT (6.914700401000061 51.259582765000061)",Unfall 115904 (2019) Kat:3, Licht: 0,115904,3,6,8,07,16,2,0,0,0,1,0,0,0,0
"POINT (6.828575630000046 51.227737508000075)",Unfall 116033 (2019) Kat:3, Licht: 0,116033,3,2,0,07,18,4,0,0,0,1,0,0,0,1
"POINT (6.731640800000037 51.234637764000070)",Unfall 116034 (2019) Kat:1, Licht: 0,116034,1,6,3,07,13,4,0,0,0,0,0,1,1,0
"POINT (6.793273149000072 51.193219289000069)",Unfall 116076 (2019) Kat:2, Licht: 0,116076,2,6,2,08,13,7,0,0,0,1,0,1,0,0
"POINT (6.812662264000039 51.232823630000041)",Unfall 116295 (2019) Kat:3, Licht: 0,116295,3,7,0,07,12,3,0,0,1,1,0,0,0,0
"POINT (6.859634449000055 51.237139992000039)",Unfall 116297 (2019) Kat:3, Licht: 0,116297,3,2,5,07,10,3,0,0,1,1,0,0,0,0
"POINT (6.824877945000026 51.251631821000046)",Unfall 116299 (2019) Kat:3, Licht: 0,116299,3,7,8,07,16,3,0,0,0,1,0,0,0,0
"POINT (6.802458235000074 51.217206919000034)",Unfall 116302 (2019) Kat:3, Licht: 0,116302,3,4,6,07,16,3,0,0,0,1,1,0,0,0
"POINT (6.697623456000031 51.228308309000056)",Unfall 116304 (2019) Kat:3, Licht: 0,116304,3,4,6,07,12,3,0,0,0,1,1,0,0,0
"POINT (6.767812112000058 51.221482871000035)",Unfall 116344 (2019) Kat:3, Licht: 0,116344,3,6,3,08,11,5,0,0,0,1,0,0,1,0
"POINT (6.764931920000038 51.250030647000074)",Unfall 116345 (2019) Kat:3, Licht: 0,116345,3,6,2,08,16,5,0,0,0,1,0,0,0,1
"POINT (6.898598204000052 51.145572383000058)",Unfall 116399 (2019) Kat:3, Licht: 0,116399,3,2,5,08,09,3,0,0,1,1,0,0,0,0
"POINT (6.860574777000068 51.209870821000038)",Unfall 116400 (2019) Kat:3, Licht: 0,116400,3,7,6,08,11,3,0,0,0,0,1,0,0,1
"POINT (6.801497045000076 51.210544685000059)",Unfall 116401 (2019) Kat:3, Licht: 0,116401,3,3,5,08,11,3,0,0,0,1,0,0,0,0
"POINT (6.848770605000027 51.201203795000026)",Unfall 116494 (2019) Kat:3, Licht: 0,116494,3,1,0,08,13,5,0,0,0,0,0,1,0,0
"POINT (6.798127414000021 51.254909734000080)",Unfall 116496 (2019) Kat:3, Licht: 0,116496,3,6,2,08,17,5,0,0,0,1,0,0,0,0
"POINT (6.787577566000039 51.242711436000036)",Unfall 116529 (2019) Kat:3, Licht: 0,116529,3,3,5,08,20,2,0,0,0,1,0,0,0,1
"POINT (6.772092817000043 51.252306120000071)",Unfall 116531 (2019) Kat:3, Licht: 0,116531,3,5,3,08,12,2,0,0,0,0,1,0,0,1
"POINT (6.776637276000031 51.278236821000064)",Unfall 116569 (2019) Kat:3, Licht: 0,116569,3,6,3,08,17,5,0,0,0,1,0,0,1,0
"POINT (6.787049450000041 51.214600344000075)",Unfall 116694 (2019) Kat:3, Licht: 0,116694,3,3,5,08,14,1,0,0,0,1,0,0,0,0
"POINT (6.823804282000026 51.264426349000075)",Unfall 116848 (2019) Kat:3, Licht: 0,116848,3,3,5,08,13,7,0,0,1,1,0,0,0,0
"POINT (6.776342626000030 51.261927252000078)",Unfall 116913 (2019) Kat:3, Licht: 0,116913,3,2,5,08,18,4,0,0,1,1,0,0,0,0
"POINT (6.740032033000034 51.240786029000049)",Unfall 116915 (2019) Kat:3, Licht: 0,116915,3,6,3,08,16,4,0,0,0,1,0,1,0,0
"POINT (6.752971197000022 51.231618117000039)",Unfall 116917 (2019) Kat:3, Licht: 0,116917,3,7,0,08,12,4,0,0,0,1,0,1,0,0
"POINT (6.811173355000051 51.223871831000054)",Unfall 117074 (2019) Kat:2, Licht: 0,117074,2,7,5,08,15,7,0,0,1,1,0,0,0,0
"POINT (6.778114353000035 51.253797219000035)",Unfall 117076 (2019) Kat:3, Licht: 0,117076,3,6,3,08,10,7,0,0,0,1,0,0,0,0
"POINT (6.776314188000072 51.240571130000035)",Unfall 117097 (2019) Kat:3, Licht: 0,117097,3,6,3,08,19,3,1,0,0,1,0,1,0,0
"POINT (6.924113221000027 51.256057174000034)",Unfall 117099 (2019) Kat:3, Licht: 0,117099,3,7,0,08,17,3,1,0,0,1,0,1,0,0
"POINT (6.842598554000062 51.240864680000072)",Unfall 117248 (2019) Kat:3, Licht: 0,117248,3,1,0,08,12,6,1,0,0,0,0,1,0,0
"POINT (6.788483076000034 51.213835471000039)",Unfall 117320 (2019) Kat:3, Licht: 0,117320,3,1,0,08,20,2,1,0,0,0,0,1,0,0
"POINT (6.849256613000023 51.230985873000066)",Unfall 117322 (2019) Kat:2, Licht: 0,117322,2,2,5,08,16,2,1,0,1,1,0,0,0,0
"POINT (6.856093056000020 51.245578437000063)",Unfall 117325 (2019) Kat:2, Licht: 1,117325,2,3,5,08,18,2,1,1,0,1,0,0,0,0
"POINT (6.771738677000030 51.238856208000072)",Unfall 117328 (2019) Kat:3, Licht: 0,117328,3,6,2,08,17,2,1,0,0,1,0,0,0,0
"POINT (6.752894046000051 51.231440191000047)",Unfall 117330 (2019) Kat:3, Licht: 0,117330,3,2,5,08,09,2,0,0,1,0,0,0,0,1
"POINT (6.782311186000072 51.280247824000071)",Unfall 117487 (2019) Kat:2, Licht: 0,117487,2,7,0,08,15,6,0,0,0,1,0,1,0,0
"POINT (6.722900647000074 51.249567518000049)",Unfall 117488 (2019) Kat:3, Licht: 0,117488,3,3,0,08,18,6,0,0,0,1,0,1,0,0
"POINT (6.779919200000052 51.256503654000028)",Unfall 117600 (2019) Kat:3, Licht: 0,117600,3,3,5,08,15,5,1,0,1,1,0,0,0,0
"POINT (6.779110026000069 51.258025086000032)",Unfall 117601 (2019) Kat:3, Licht: 0,117601,3,3,5,08,08,5,1,0,1,0,0,0,0,1
"POINT (6.805521467000062 51.236077367000064)",Unfall 117602 (2019) Kat:3, Licht: 0,117602,3,1,0,08,09,5,0,0,0,0,0,1,0,0
"POINT (6.803480727000022 51.216243610000049)",Unfall 117603 (2019) Kat:3, Licht: 0,117603,3,2,5,08,15,5,1,0,1,1,0,0,0,0