WKT,Name,OBJECTID,UKATEGORIE,UTYP1,UART,UMONAT,USTUNDE,UWOCHENTAG,STRZUSTAND,ULICHTVERH,ISTRAD,ISTPKW,ISTFUSS,ISTKRAD,ISTGKFZ,ISTSONSTIG
"POINT (6.794275505000030 51.275556290000054)",Unfall 234870 (2019) Kat:3, Licht: 1,234870,3,2,5,02,19,6,0,1,0,1,0,0,0,0
"POINT (6.745498768000061 51.295232531000067)",Unfall 234871 (2019) Kat:3, Licht: 0,234871,3,7,0,02,13,6,0,0,1,0,0,0,0,1
"POINT (6.753901142000075 51.227523144000031)",Unfall 234872 (2019) Kat:3, Licht: 0,234872,3,6,2,02,12,6,0,0,0,1,0,0,0,1
"POINT (6.792913613000053 51.222844843000075)",Unfall 234873 (2019) Kat:3, Licht: 0,234873,3,6,2,02,16,6,0,0,1,1,0,0,0,0
"POINT (6.752335262000031 51.212793704000035)",Unfall 234908 (2019) Kat:2, Licht: 2,234908,2,7,8,02,19,3,0,2,0,1,0,0,0,0
"POINT (6.856804806000071 51.162336165000056)",Unfall 234912 (2019) Kat:3, Licht: 0,234912,3,6,1,02,09,3,0,0,1,0,0,0,0,1
"POINT (6.820978264000075 51.184280937000040)",Unfall 234921 (2019) Kat:3, Licht: 0,234921,3,4,6,02,14,3,0,0,0,1,1,0,0,0
"POINT (6.754825693000043 51.259935997000071)",Unfall 234928 (2019) Kat:3, Licht: 0,234928,3,2,0,02,16,3,0,0,1,1,0,0,0,0
"POINT (6.801482930000020 51.225961610000070)",Unfall 234956 (2019) Kat:3, Licht: 0,234956,3,3,0,02,16,5,0,0,0,1,0,0,0,1
"POINT (6.795044267000037 51.259999379000078)",Unfall 234957 (2019) Kat:3, Licht: 0,234957,3,3,5,02,12,5,0,0,0,1,0,0,1,0
"POINT (6.814082653000071 51.194262707000064)",Unfall 235014 (2019) Kat:3, Licht: 0,235014,3,5,5,02,08,4,0,0,1,1,0,0,0,0
"POINT (6.874935077000032 51.179598073000079)",Unfall 235015 (2019) Kat:3, Licht: 0,235015,3,2,5,02,08,4,0,0,0,1,0,0,0,1
"POINT (6.820151843000076 51.215971890000048)",Unfall 235016 (2019) Kat:3, Licht: 0,235016,3,5,0,02,16,4,0,0,0,1,0,1,0,0
"POINT (6.859591935000026 51.177657907000082)",Unfall 235017 (2019) Kat:3, Licht: 2,235017,3,2,6,02,19,4,0,2,0,1,1,0,0,0
"POINT (6.860563120000052 51.143052581000063)",Unfall 235018 (2019) Kat:2, Licht: 0,235018,2,6,4,02,15,4,0,0,0,1,0,1,0,0
"POINT (6.820778151000070 51.236657107000042)",Unfall 235019 (2019) Kat:3, Licht: 0,235019,3,3,5,02,08,4,0,0,0,1,0,0,0,0
"POINT (6.741110949000074 51.300991396000029)",Unfall 235020 (2019) Kat:3, Licht: 0,235020,3,7,6,02,13,4,0,0,0,1,1,0,0,0
"POINT (6.802794327000072 51.238622213000042)",Unfall 235021 (2019) Kat:3, Licht: 0,235021,3,7,0,02,12,4,0,0,1,0,0,0,0,0
"POINT (6.862739832000045 51.180374111000049)",Unfall 235130 (2019) Kat:3, Licht: 0,235130,3,2,3,02,11,3,0,0,1,0,0,0,1,0
"POINT (6.819525664000025 51.217370530000039)",Unfall 235131 (2019) Kat:3, Licht: 0,235131,3,6,2,02,08,3,0,0,0,1,0,0,0,0
"POINT (6.857566561000056 51.212707556000055)",Unfall 235207 (2019) Kat:3, Licht: 0,235207,3,3,5,02,15,2,0,0,1,1,0,0,0,0
"POINT (6.849695900000029 51.206358039000065)",Unfall 235208 (2019) Kat:3, Licht: 0,235208,3,3,5,02,07,2,0,0,0,1,0,0,0,0
"POINT (6.761644608000040 51.209155636000048)",Unfall 235209 (2019) Kat:3, Licht: 0,235209,3,1,0,02,10,2,0,0,1,0,0,0,0,0
"POINT (6.775281526000072 51.214138962000050)",Unfall 235210 (2019) Kat:3, Licht: 0,235210,3,2,3,02,08,2,0,0,0,1,0,0,0,0
"POINT (6.787993697000047 51.244434161000072)",Unfall 235211 (2019) Kat:3, Licht: 0,235211,3,6,3,02,08,2,0,0,1,1,0,0,0,1
"POINT (6.721801748000075 51.242342050000047)",Unfall 235212 (2019) Kat:3, Licht: 0,235212,3,4,0,02,08,2,0,0,0,0,1,0,0,1
"POINT (6.789923167000040 51.245567410000035)",Unfall 235250 (2019) Kat:3, Licht: 0,235250,3,5,1,02,15,1,0,0,0,1,0,1,0,0
"POINT (6.767463052000039 51.198709014000030)",Unfall 235303 (2019) Kat:3, Licht: 0,235303,3,7,5,02,15,7,0,0,0,1,0,0,0,1
"POINT (6.860244341000055 51.162247310000055)",Unfall 235304 (2019) Kat:3, Licht: 0,235304,3,2,5,02,15,7,0,0,1,1,0,0,0,0
"POINT (6.797708782000029 51.236626139000066)",Unfall 235305 (2019) Kat:2, Licht: 0,235305,2,1,0,02,11,7,0,0,0,0,0,1,0,0
"POINT (6.777088647000028 51.227930342000036)",Unfall 235306 (2019) Kat:3, Licht: 0,235306,3,2,1,02,15,7,0,0,0,1,0,0,0,0
"POINT (6.861289363000026 51.188968952000039)",Unfall 235412 (2019) Kat:3, Licht: 0,235412,3,6,3,02,14,7,0,0,0,1,0,1,0,0
"POINT (6.824468538000076 51.217396027000063)",Unfall 235413 (2019) Kat:3, Licht: 0,235413,3,3,5,02,12,7,0,0,1,1,0,0,0,0
"POINT (6.793697856000051 51.247053695000034)",Unfall 235414 (2019) Kat:3, Licht: 0,235414,3,3,5,02,09,7,0,0,0,1,0,0,0,0
"POINT (6.835779006000053 51.226922320000028)",Unfall 235415 (2019) Kat:3, Licht: 2,235415,3,1,8,02,03,7,0,2,1,0,0,0,0,0
"POINT (6.780906333000075 51.239633461000039)",Unfall 235472 (2019) Kat:3, Licht: 0,235472,3,7,1,02,14,6,0,0,0,1,0,0,0,0
"POINT (6.781530744000065 51.251417931000049)",Unfall 235528 (2019) Kat:3, Licht: 0,235528,3,6,1,02,16,5,0,0,0,1,0,0,0,0
"POINT (6.740118676000066 51.242606562000049)",Unfall 235529 (2019) Kat:3, Licht: 2,235529,3,3,5,02,19,5,1,2,1,1,0,0,0,0
"POINT (6.802012671000057 51.214417747000027)",Unfall 235530 (2019) Kat:3, Licht: 0,235530,3,3,5,02,15,5,0,0,0,1,0,0,0,0
"POINT (6.787174594000021 51.201575517000038)",Unfall 235586 (2019) Kat:3, Licht: 0,235586,3,3,3,02,08,4,0,0,0,1,0,1,0,0
"POINT (6.800342325000031 51.243619252000030)",Unfall 235587 (2019) Kat:3, Licht: 2,235587,3,6,2,02,18,4,0,2,0,1,0,0,0,0
"POINT (6.754720690000056 51.259872049000080)",Unfall 235588 (2019) Kat:3, Licht: 0,235588,3,6,2,02,14,4,0,0,0,1,0,0,0,0
"POINT (6.894530245000055 51.152726035000057)",Unfall 235607 (2019) Kat:3, Licht: 2,235607,3,7,0,02,19,5,0,2,0,0,0,0,0,1
"POINT (6.760104823000063 51.207582756000079)",Unfall 235608 (2019) Kat:3, Licht: 0,235608,3,2,6,02,14,5,0,0,0,1,1,0,0,0
"POINT (6.747248255000045 51.317663778000053)",Unfall 235609 (2019) Kat:3, Licht: 0,235609,3,5,1,02,12,5,0,0,0,1,0,0,0,0
"POINT (6.839060560000064 51.236575635000065)",Unfall 235610 (2019) Kat:3, Licht: 2,235610,3,2,0,02,22,5,0,2,0,1,1,0,0,0
"POINT (6.794432116000053 51.281396526000037)",Unfall 235611 (2019) Kat:3, Licht: 0,235611,3,6,0,02,12,5,0,0,1,0,0,0,0,1
"POINT (6.787343572000054 51.227805871000044)",Unfall 235612 (2019) Kat:3, Licht: 2,235612,3,2,6,02,21,5,1,2,0,1,1,0,0,0
"POINT (6.763790287000063 51.214593440000044)",Unfall 235691 (2019) Kat:2, Licht: 0,235691,2,3,5,02,16,4,0,0,1,0,0,0,0,1
"POINT (6.781977631000075 51.203540608000026)",Unfall 235692 (2019) Kat:3, Licht: 0,235692,3,3,5,02,13,4,0,0,1,0,0,0,1,0
"POINT (6.722293544000024 51.245105348000038)",Unfall 235693 (2019) Kat:3, Licht: 2,235693,3,7,1,02,20,4,0,2,1,1,0,0,0,0
"POINT (6.800970679000045 51.214705424000044)",Unfall 235694 (2019) Kat:3, Licht: 0,235694,3,6,2,02,13,4,0,0,0,1,0,1,0,0
"POINT (6.878176147000033 51.153017109000075)",Unfall 235774 (2019) Kat:3, Licht: 0,235774,3,3,5,02,11,3,0,0,0,1,0,0,0,0
"POINT (6.810829159000036 51.222730409000064)",Unfall 235775 (2019) Kat:3, Licht: 1,235775,3,2,5,02,07,3,0,1,0,1,0,0,0,0
"POINT (6.801936166000075 51.227377638000064)",Unfall 235776 (2019) Kat:2, Licht: 0,235776,2,5,0,02,14,3,0,0,0,1,0,0,0,0
"POINT (6.847972800000036 51.196822079000071)",Unfall 235847 (2019) Kat:3, Licht: 1,235847,3,6,2,02,18,2,0,1,0,1,0,0,0,0
"POINT (6.802923966000037 51.254460495000046)",Unfall 235848 (2019) Kat:3, Licht: 0,235848,3,6,2,02,14,2,0,0,0,1,0,0,0,0
"POINT (6.785408358000041 51.212391883000066)",Unfall 235861 (2019) Kat:3, Licht: 1,235861,3,5,1,03,19,5,0,1,1,1,0,0,0,0
"POINT (6.807872974000077 51.259897333000026)",Unfall 235862 (2019) Kat:3, Licht: 1,235862,3,5,1,03,18,5,1,1,0,1,1,1,0,0
"POINT (6.791874814000039 51.236992082000029)",Unfall 235863 (2019) Kat:3, Licht: 0,235863,3,1,1,03,17,5,1,0,1,1,0,0,0,0
"POINT (6.790146929000059 51.217246825000075)",Unfall 235864 (2019) Kat:3, Licht: 0,235864,3,1,0,03,15,5,1,0,1,0,0,0,0,0
"POINT (6.817189190000022 51.214147951000029)",Unfall 235919 (2019) Kat:3, Licht: 1,235919,3,2,6,03,18,4,1,1,0,0,1,0,0,1
"POINT (6.761919158000069 51.248773795000034)",Unfall 235920 (2019) Kat:3, Licht: 0,235920,3,6,2,03,11,4,0,0,0,1,0,0,1,0
"POINT (6.819674964000058 51.217244340000036)",Unfall 235921 (2019) Kat:3, Licht: 0,235921,3,5,1,03,12,4,0,0,0,1,0,0,1,0
"POINT (6.796349971000041 51.225769388000060)",Unfall 235922 (2019) Kat:3, Licht: 2,235922,3,2,5,03,18,4,1,2,0,1,0,1,0,0
"POINT (6.860332526000036 51.212035184000058)",Unfall 235953 (2019) Kat:3, Licht: 0,235953,3,3,5,03,13,3,0,0,1,1,0,0,0,0
"POINT (6.754233222000039 51.201032139000063)",Unfall 235954 (2019) Kat:3, Licht: 2,235954,3,2,5,03,21,3,0,2,0,1,0,0,0,0
"POINT (6.792051100000037 51.234768374000055)",Unfall 235955 (2019) Kat:3, Licht: 2,235955,3,5,1,03,18,3,0,2,1,1,0,0,0,0
"POINT (6.783411687000069 51.246373364000078)",Unfall 235956 (2019) Kat:3, Licht: 0,235956,3,5,1,03,08,3,0,0,1,1,0,0,0,0
"POINT (6.790860503000033 51.220310696000070)",Unfall 235982 (2019) Kat:3, Licht: 0,235982,3,4,0,03,13,2,1,0,0,1,1,0,0,0
"POINT (6.892216846000054 51.206932675000076)",Unfall 236007 (2019) Kat:3, Licht: 2,236007,3,7,0,03,01,1,0,2,0,1,0,0,0,0
"POINT (6.801686888000063 51.247408965000034)",Unfall 236008 (2019) Kat:3, Licht: 2,236008,3,3,5,03,01,1,1,2,0,1,0,0,0,0
"POINT (6.843850578000058 51.199697586000070)",Unfall 236085 (2019) Kat:3, Licht: 2,236085,3,4,6,03,18,6,1,2,0,1,1,0,0,0
"POINT (6.817878063000023 51.229107145000057)",Unfall 236086 (2019) Kat:2, Licht: 0,236086,2,7,9,03,10,6,1,0,0,1,0,0,0,0
"POINT (6.793694797000057 51.247058115000073)",Unfall 236116 (2019) Kat:3, Licht: 0,236116,3,2,5,03,13,6,0,0,0,1,0,0,0,0
"POINT (6.789311145000056 51.243287974000054)",Unfall 236139 (2019) Kat:3, Licht: 0,236139,3,6,3,03,15,6,0,0,1,0,0,0,0,1
"POINT (6.783019739000054 51.197361858000079)",Unfall 236172 (2019) Kat:3, Licht: 0,236172,3,7,6,03,13,3,1,0,0,1,1,0,0,0
"POINT (6.783866184000033 51.211037731000033)",Unfall 236173 (2019) Kat:3, Licht: 0,236173,3,4,6,03,11,3,0,0,0,0,1,0,0,1
"POINT (6.844398231000071 51.188377542000069)",Unfall 236174 (2019) Kat:3, Licht: 0,236174,3,2,3,03,10,3,0,0,1,1,0,0,0,0
"POINT (6.748526581000022 51.270582133000062)",Unfall 236175 (2019) Kat:3, Licht: 0,236175,3,6,3,03,08,3,0,0,0,1,0,0,1,0
"POINT (6.800983871000028 51.236367958000073)",Unfall 236176 (2019) Kat:3, Licht: 1,236176,3,6,6,03,18,3,0,1,1,0,1,0,0,0
"POINT (6.775566491000063 51.222754233000046)",Unfall 236177 (2019) Kat:3, Licht: 2,236177,3,4,6,03,21,3,1,2,0,0,1,1,0,0
"POINT (6.794168864000028 51.217505526000082)",Unfall 236178 (2019) Kat:3, Licht: 0,236178,3,3,5,03,16,3,0,0,0,1,0,1,0,0
"POINT (6.727148282000030 51.237255647000040)",Unfall 236179 (2019) Kat:3, Licht: 0,236179,3,7,1,03,13,3,0,0,1,1,0,0,0,0
"POINT (6.715092356000071 51.231880353000065)",Unfall 236180 (2019) Kat:3, Licht: 0,236180,3,6,2,03,12,3,0,0,0,1,0,0,0,0
"POINT (6.776804634000030 51.227425571000026)",Unfall 236238 (2019) Kat:3, Licht: 0,236238,3,5,2,03,12,2,0,0,0,1,0,0,0,0
"POINT (6.793640434000054 51.211328484000035)",Unfall 236239 (2019) Kat:2, Licht: 0,236239,2,3,5,03,10,2,1,0,1,1,0,0,0,0
"POINT (6.786342101000059 51.222815552000043)",Unfall 236248 (2019) Kat:3, Licht: 0,236248,3,2,0,03,16,6,0,0,0,1,1,0,0,0
"POINT (6.782137765000073 51.199219506000077)",Unfall 236264 (2019) Kat:2, Licht: 2,236264,2,4,6,03,21,1,1,2,0,1,1,0,0,0
"POINT (6.791875960000027 51.208363539000061)",Unfall 236265 (2019) Kat:3, Licht: 0,236265,3,3,5,03,17,1,1,0,1,1,0,0,0,0
"POINT (6.793853030000037 51.247047500000065)",Unfall 236266 (2019) Kat:3, Licht: 0,236266,3,3,5,03,08,1,1,0,0,1,0,0,1,0
"POINT (6.808132128000068 51.211106304000054)",Unfall 236297 (2019) Kat:3, Licht: 0,236297,3,4,6,03,16,7,0,0,0,1,1,0,0,0
"POINT (6.796081457000071 51.224893237000060)",Unfall 236298 (2019) Kat:3, Licht: 2,236298,3,4,6,03,01,7,1,2,0,1,1,0,0,0
"POINT (6.789421756000024 51.200268915000038)",Unfall 236354 (2019) Kat:3, Licht: 0,236354,3,7,1,03,16,6,0,0,0,0,0,0,1,1
"POINT (6.782393380000030 51.218930286000045)",Unfall 236355 (2019) Kat:3, Licht: 0,236355,3,6,3,03,16,6,0,0,0,1,0,0,1,0
"POINT (6.890489146000050 51.158994794000080)",Unfall 236356 (2019) Kat:3, Licht: 0,236356,3,3,5,03,09,6,1,0,1,1,0,0,0,0
"POINT (6.875551622000046 51.159262701000046)",Unfall 236374 (2019) Kat:3, Licht: 0,236374,3,5,3,03,12,2,0,0,1,1,0,0,0,0
"POINT (6.790107691000060 51.190943904000051)",Unfall 236375 (2019) Kat:3, Licht: 0,236375,3,3,5,03,08,2,1,0,0,1,0,0,0,0
"POINT (6.848988826000038 51.220499928000038)",Unfall 236376 (2019) Kat:3, Licht: 0,236376,3,2,2,03,07,2,1,0,0,1,0,0,0,0
"POINT (6.745044323000059 51.229549784000028)",Unfall 236406 (2019) Kat:2, Licht: 2,236406,2,5,6,03,01,1,0,2,0,1,1,0,0,0
"POINT (6.769371223000064 51.210836278000045)",Unfall 236431 (2019) Kat:3, Licht: 0,236431,3,4,6,03,14,7,0,0,0,1,1,0,0,0
"POINT (6.805485978000036 51.215622514000074)",Unfall 236432 (2019) Kat:3, Licht: 0,236432,3,2,4,03,17,7,0,0,0,1,0,1,0,0
"POINT (6.871387104000064 51.190784403000066)",Unfall 236445 (2019) Kat:3, Licht: 2,236445,3,1,9,03,00,7,1,2,0,1,0,0,0,0
"POINT (6.761123776000034 51.214786819000039)",Unfall 236491 (2019) Kat:3, Licht: 0,236491,3,6,2,03,14,6,1,0,0,1,0,0,0,0
"POINT (6.877547478000054 51.161125760000061)",Unfall 236492 (2019) Kat:3, Licht: 0,236492,3,7,5,03,09,6,1,0,0,1,0,0,0,1
"POINT (6.762551624000025 51.210274866000077)",Unfall 236493 (2019) Kat:3, Licht: 0,236493,3,7,1,03,08,6,1,0,1,1,0,0,0,0
"POINT (6.828241765000030 51.209662888000082)",Unfall 236494 (2019) Kat:3, Licht: 2,236494,3,2,6,03,19,6,1,2,0,1,1,0,0,0
"POINT (6.756590124000070 51.215599773000065)",Unfall 236495 (2019) Kat:2, Licht: 2,236495,2,4,6,03,19,6,1,2,0,1,1,0,0,0
"POINT (6.744841759000053 51.273404167000081)",Unfall 236496 (2019) Kat:2, Licht: 0,236496,2,6,2,03,13,6,1,0,0,1,0,0,0,0
"POINT (6.785516764000022 51.265916101000073)",Unfall 236497 (2019) Kat:3, Licht: 0,236497,3,5,0,03,13,6,1,0,0,1,1,0,0,0
"POINT (6.795810860000074 51.211069888000054)",Unfall 236498 (2019) Kat:2, Licht: 0,236498,2,4,6,03,12,6,1,0,0,0,1,0,1,0
"POINT (6.777248900000075 51.229745936000029)",Unfall 236499 (2019) Kat:3, Licht: 0,236499,3,2,2,03,16,6,1,0,0,1,0,0,0,0
"POINT (6.832685771000058 51.173374508000052)",Unfall 236549 (2019) Kat:3, Licht: 0,236549,3,4,5,03,17,5,1,0,0,1,1,0,0,0
"POINT (6.783132411000054 51.245047444000079)",Unfall 236550 (2019) Kat:3, Licht: 0,236550,3,3,5,03,14,5,1,0,0,1,0,0,0,1
"POINT (6.817184577000035 51.214142961000050)",Unfall 236551 (2019) Kat:2, Licht: 0,236551,2,4,6,03,11,5,1,0,0,0,1,0,0,1
"POINT (6.835957645000065 51.203057486000034)",Unfall 236604 (2019) Kat:3, Licht: 0,236604,3,4,6,03,12,4,1,0,0,1,1,0,0,0
"POINT (6.844303124000021 51.188355876000060)",Unfall 236605 (2019) Kat:3, Licht: 2,236605,3,2,5,03,19,4,1,2,0,1,0,0,0,0
"POINT (6.862194178000038 51.180108108000070)",Unfall 236606 (2019) Kat:3, Licht: 0,236606,3,5,2,03,15,4,1,0,0,1,0,0,0,0
"POINT (6.786946575000059 51.214494521000063)",Unfall 236607 (2019) Kat:3, Licht: 0,236607,3,4,6,03,15,4,1,0,0,0,1,0,0,1
"POINT (6.782663507000052 51.198366208000039)",Unfall 236608 (2019) Kat:3, Licht: 0,236608,3,3,5,03,09,4,1,0,1,1,0,0,0,0
"POINT (6.774674820000030 51.207483478000029)",Unfall 236609 (2019) Kat:3, Licht: 0,236609,3,6,3,03,09,4,1,0,1,0,0,0,0,0
"POINT (6.799538390000066 51.223556735000045)",Unfall 236610 (2019) Kat:3, Licht: 2,236610,3,2,5,03,21,4,1,2,0,1,0,0,0,0
"POINT (6.781549729000062 51.218962704000035)",Unfall 236636 (2019) Kat:3, Licht: 1,236636,3,2,6,03,17,6,0,1,0,1,1,0,0,0
"POINT (6.800809369000035 51.195887305000042)",Unfall 236637 (2019) Kat:2, Licht: 2,236637,2,2,5,03,20,6,0,2,0,1,0,1,0,0
"POINT (6.896186956000065 51.144089427000040)",Unfall 236638 (2019) Kat:3, Licht: 0,236638,3,3,5,03,17,6,0,0,0,1,0,0,0,0
"POINT (6.819871944000056 51.195927472000051)",Unfall 236639 (2019) Kat:3, Licht: 0,236639,3,4,5,03,16,6,0,0,0,0,1,0,0,1
"POINT (6.732155014000057 51.212728750000053)",Unfall 236640 (2019) Kat:3, Licht: 2,236640,3,7,0,03,05,6,0,2,0,1,1,0,0,0
"POINT (6.809680838000077 51.211784370000032)",Unfall 236641 (2019) Kat:2, Licht: 2,236641,2,7,0,03,20,6,0,2,0,1,0,1,0,0
"POINT (6.832645188000072 51.175322234000078)",Unfall 236704 (2019) Kat:3, Licht: 0,236704,3,2,6,03,07,5,0,0,0,1,1,0,0,0
"POINT (6.740117011000052 51.302326068000070)",Unfall 236705 (2019) Kat:3, Licht: 0,236705,3,7,8,03,10,5,0,0,0,1,0,0,0,0
"POINT (6.782222991000026 51.253889705000063)",Unfall 236706 (2019) Kat:3, Licht: 0,236706,3,6,2,03,09,5,0,0,0,1,0,0,0,0
"POINT (6.780990397000039 51.253843016000076)",Unfall 236707 (2019) Kat:3, Licht: 0,236707,3,6,2,03,16,5,0,0,0,1,0,0,0,0
"POINT (6.759472621000043 51.226995832000057)",Unfall 236708 (2019) Kat:3, Licht: 0,236708,3,2,5,03,13,5,0,0,1,1,0,0,0,0
"POINT (6.859723893000023 51.182721517000061)",Unfall 236777 (2019) Kat:3, Licht: 0,236777,3,4,6,03,17,4,0,0,0,1,1,0,0,0
"POINT (6.894968652000046 51.198583894000080)",Unfall 236778 (2019) Kat:3, Licht: 0,236778,3,2,5,03,16,4,0,0,1,0,0,0,0,1
"POINT (6.725694975000067 51.265132079000068)",Unfall 236779 (2019) Kat:2, Licht: 0,236779,2,5,0,03,12,4,0,0,0,0,0,0,1,0
"POINT (6.786447179000049 51.222783539000034)",Unfall 236780 (2019) Kat:3, Licht: 2,236780,3,2,4,03,20,4,0,2,0,1,0,1,0,0
"POINT (6.791763477000075 51.222051901000043)",Unfall 236781 (2019) Kat:2, Licht: 0,236781,2,4,6,03,10,4,0,0,0,1,1,0,0,0
"POINT (6.900209494000023 51.139965388000064)",Unfall 236835 (2019) Kat:3, Licht: 0,236835,3,3,5,03,14,3,0,0,1,1,0,0,0,0
"POINT (6.895256584000038 51.144921930000066)",Unfall 236836 (2019) Kat:3, Licht: 0,236836,3,2,2,03,15,3,0,0,0,1,0,0,0,1
"POINT (6.859515726000041 51.179282152000042)",Unfall 236837 (2019) Kat:3, Licht: 0,236837,3,4,6,03,14,3,0,0,0,1,1,0,0,0
"POINT (6.786340763000055 51.219090885000071)",Unfall 236838 (2019) Kat:3, Licht: 0,236838,3,7,6,03,08,3,0,0,0,1,1,0,0,0
"POINT (6.814719974000070 51.193323175000046)",Unfall 236839 (2019) Kat:3, Licht: 0,236839,3,7,0,03,15,3,0,0,0,0,0,0,0,1
"POINT (6.764959097000030 51.249873399000080)",Unfall 236889 (2019) Kat:3, Licht: 0,236889,3,2,5,03,09,4,0,0,1,1,0,0,0,0
"POINT (6.779595606000044 51.223037544000078)",Unfall 236890 (2019) Kat:3, Licht: 0,236890,3,5,0,03,11,4,0,0,0,0,0,0,1,1
"POINT (6.835568278000039 51.206254970000032)",Unfall 236934 (2019) Kat:3, Licht: 0,236934,3,6,2,03,12,3,0,0,0,1,0,0,0,1
"POINT (6.777023267000061 51.206471477000036)",Unfall 236935 (2019) Kat:3, Licht: 1,236935,3,6,2,03,17,3,0,1,0,1,0,0,0,0
"POINT (6.806909083000051 51.218955984000047)",Unfall 236936 (2019) Kat:3, Licht: 0,236936,3,2,1,03,09,3,0,0,0,1,0,0,0,0
"POINT (6.821603554000035 51.220119052000030)",Unfall 236937 (2019) Kat:3, Licht: 0,236937,3,2,4,03,17,3,0,0,0,1,0,0,0,1
"POINT (6.738748150000049 51.287846240000079)",Unfall 236938 (2019) Kat:3, Licht: 0,236938,3,7,2,03,16,3,1,0,1,0,0,1,0,0
"POINT (6.806219408000061 51.213244702000054)",Unfall 236939 (2019) Kat:3, Licht: 0,236939,3,7,0,03,11,3,0,0,0,0,0,0,0,1
"POINT (6.797912542000063 51.214905183000042)",Unfall 236940 (2019) Kat:2, Licht: 2,236940,2,6,1,03,19,3,1,2,1,1,0,0,0,0
"POINT (6.831298059000062 51.206969676000028)",Unfall 236990 (2019) Kat:3, Licht: 0,236990,3,6,2,03,16,2,1,0,0,1,0,0,0,0
"POINT (6.779178920000049 51.210417704000065)",Unfall 236991 (2019) Kat:3, Licht: 0,236991,3,4,6,03,12,2,1,0,0,1,1,0,0,0
"POINT (6.799576306000063 51.223555624000028)",Unfall 236992 (2019) Kat:3, Licht: 0,236992,3,7,6,03,18,2,0,0,0,0,1,0,0,1
"POINT (6.789485795000076 51.231719002000034)",Unfall 236993 (2019) Kat:3, Licht: 0,236993,3,6,2,03,15,2,1,0,0,1,0,0,0,1
"POINT (6.810818954000069 51.222731836000037)",Unfall 236994 (2019) Kat:3, Licht: 0,236994,3,3,5,03,08,2,0,0,0,1,0,0,0,0
"POINT (6.787648392000051 51.242733064000049)",Unfall 236995 (2019) Kat:3, Licht: 0,236995,3,2,5,03,08,2,0,0,1,1,0,0,0,0
"POINT (6.777662185000054 51.239772503000040)",Unfall 237039 (2019) Kat:3, Licht: 2,237039,3,5,6,03,03,1,0,2,0,1,1,0,0,0
"POINT (6.775310381000054 51.215685770000050)",Unfall 237071 (2019) Kat:3, Licht: 2,237071,3,3,5,03,04,7,0,2,0,1,0,0,0,0
"POINT (6.770550918000026 51.275438698000073)",Unfall 237072 (2019) Kat:3, Licht: 2,237072,3,7,0,03,06,7,0,2,0,0,1,0,1,0
"POINT (6.832483490000072 51.227986109000028)",Unfall 237156 (2019) Kat:3, Licht: 0,237156,3,7,0,03,18,1,0,0,0,1,0,0,0,0
"POINT (6.814798978000056 51.227015601000062)",Unfall 237214 (2019) Kat:3, Licht: 0,237214,3,5,0,03,11,7,0,0,0,0,0,0,0,1
"POINT (6.777047315000061 51.226702679000027)",Unfall 237215 (2019) Kat:3, Licht: 0,237215,3,7,0,03,12,7,0,0,0,0,0,0,0,1
"POINT (6.819227615000045 51.216567951000059)",Unfall 237290 (2019) Kat:3, Licht: 0,237290,3,2,3,03,11,6,0,0,1,0,0,0,1,0
"POINT (6.875634035000076 51.162399880000066)",Unfall 237291 (2019) Kat:3, Licht: 0,237291,3,3,5,03,09,6,0,0,1,0,0,1,0,0
"POINT (6.853572755000073 51.171714682000072)",Unfall 237292 (2019) Kat:2, Licht: 0,237292,2,2,4,03,10,6,0,0,0,0,0,1,0,1
"POINT (6.782878242000038 51.215558554000040)",Unfall 237293 (2019) Kat:3, Licht: 2,237293,3,2,2,03,01,6,0,2,0,1,0,0,0,0
"POINT (6.860278371000049 51.162247201000071)",Unfall 237294 (2019) Kat:3, Licht: 0,237294,3,3,5,03,16,6,0,0,0,1,0,0,0,0
"POINT (6.780653002000065 51.257178441000065)",Unfall 237295 (2019) Kat:3, Licht: 0,237295,3,3,5,03,12,6,0,0,0,1,0,1,0,0
"POINT (6.810817885000063 51.222731985000053)",Unfall 237356 (2019) Kat:3, Licht: 0,237356,3,3,5,03,07,5,0,0,0,1,0,0,0,0
"POINT (6.819248892000076 51.267140770000026)",Unfall 237357 (2019) Kat:3, Licht: 0,237357,3,3,5,03,15,5,0,0,1,1,0,0,0,0
"POINT (6.794515286000035 51.223814754000045)",Unfall 237358 (2019) Kat:3, Licht: 0,237358,3,2,0,03,17,5,0,0,0,1,0,0,0,1
"POINT (6.763715355000045 51.220953483000073)",Unfall 237440 (2019) Kat:3, Licht: 0,237440,3,6,3,04,18,5,1,0,0,1,0,0,0,0
"POINT (6.757214572000066 51.215400941000041)",Unfall 237441 (2019) Kat:3, Licht: 0,237441,3,3,5,04,17,5,1,0,0,1,0,1,0,0
"POINT (6.832886918000042 51.199341191000030)",Unfall 237442 (2019) Kat:3, Licht: 0,237442,3,1,0,04,15,5,1,0,0,0,0,1,0,0