WKT,Name,OBJECTID,UKATEGORIE,UTYP1,UART,UMONAT,USTUNDE,UWOCHENTAG,STRZUSTAND,ULICHTVERH,ISTRAD,ISTPKW,ISTFUSS,ISTKRAD,ISTGKFZ,ISTSONSTIG
"POINT (6.849339573000066 51.209298468000043)",Unfall 237443 (2019) Kat:3, Licht: 0,237443,3,2,4,04,07,5,0,0,1,1,0,0,0,0
"POINT (6.822996156000045 51.263839671000028)",Unfall 237444 (2019) Kat:3, Licht: 0,237444,3,2,5,04,18,5,1,0,0,1,0,0,0,0
"POINT (6.814188501000047 51.260168950000036)",Unfall 237445 (2019) Kat:3, Licht: 0,237445,3,7,0,04,16,5,1,0,0,1,1,0,0,0
"POINT (6.787345076000065 51.236862969000072)",Unfall 237446 (2019) Kat:3, Licht: 0,237446,3,6,6,04,13,5,1,0,1,0,1,0,0,0
"POINT (6.812052274000052 51.264740094000047)",Unfall 237447 (2019) Kat:2, Licht: 0,237447,2,7,9,04,10,5,0,0,0,1,1,0,0,0
"POINT (6.716832488000023 51.244783123000047)",Unfall 237448 (2019) Kat:3, Licht: 0,237448,3,6,5,04,17,5,1,0,1,1,0,0,0,1
"POINT (6.788710040000069 51.224719723000078)",Unfall 237449 (2019) Kat:3, Licht: 0,237449,3,4,6,04,12,5,0,0,0,1,1,0,0,0
"POINT (6.791558994000070 51.224182484000039)",Unfall 237450 (2019) Kat:3, Licht: 0,237450,3,2,6,04,12,5,0,0,0,1,1,0,0,0
"POINT (6.780674469000076 51.213937194000039)",Unfall 237502 (2019) Kat:2, Licht: 2,237502,2,3,5,04,00,4,1,2,0,1,0,0,0,0
"POINT (6.776676860000066 51.211424787000055)",Unfall 237503 (2019) Kat:3, Licht: 2,237503,3,6,1,04,22,4,0,2,0,1,0,0,0,0
"POINT (6.834080419000031 51.195301825000058)",Unfall 237504 (2019) Kat:3, Licht: 1,237504,3,5,1,04,06,4,1,1,0,0,0,1,0,1
"POINT (6.834264385000040 51.204457830000081)",Unfall 237559 (2019) Kat:3, Licht: 0,237559,3,7,1,04,15,3,1,0,0,1,0,1,0,0
"POINT (6.769866319000073 51.196139809000044)",Unfall 237560 (2019) Kat:3, Licht: 0,237560,3,2,5,04,15,3,1,0,0,1,0,0,0,0
"POINT (6.797810121000055 51.236442145000069)",Unfall 237561 (2019) Kat:2, Licht: 2,237561,2,7,0,04,22,3,1,2,1,0,0,0,0,0
"POINT (6.781050866000044 51.274116505000052)",Unfall 237562 (2019) Kat:2, Licht: 0,237562,2,5,1,04,11,3,0,0,1,1,0,0,0,0
"POINT (6.803468299000031 51.228721410000048)",Unfall 237639 (2019) Kat:2, Licht: 0,237639,2,2,5,04,18,2,0,0,0,1,0,1,0,0
"POINT (6.798046521000060 51.258546609000064)",Unfall 237640 (2019) Kat:3, Licht: 0,237640,3,4,6,04,17,2,0,0,0,0,1,0,0,1
"POINT (6.801382567000076 51.227541974000076)",Unfall 237641 (2019) Kat:3, Licht: 0,237641,3,2,6,04,08,2,0,0,0,0,1,0,1,0
"POINT (6.801632421000022 51.242051880000076)",Unfall 237642 (2019) Kat:3, Licht: 0,237642,3,5,1,04,08,2,0,0,0,1,0,0,0,0
"POINT (6.791935524000053 51.220627869000054)",Unfall 237643 (2019) Kat:3, Licht: 0,237643,3,6,6,04,10,2,0,0,0,0,1,0,0,1
"POINT (6.809946928000045 51.220421401000067)",Unfall 237671 (2019) Kat:3, Licht: 0,237671,3,6,3,04,15,3,0,0,0,1,0,0,0,0
"POINT (6.795344749000037 51.227313201000072)",Unfall 237672 (2019) Kat:3, Licht: 0,237672,3,4,6,04,16,3,0,0,0,0,1,0,0,1
"POINT (6.800890005000042 51.214728681000054)",Unfall 237673 (2019) Kat:3, Licht: 0,237673,3,3,5,04,14,3,0,0,0,1,0,0,0,0
"POINT (6.780746737000072 51.217055654000035)",Unfall 237735 (2019) Kat:3, Licht: 0,237735,3,3,5,04,16,2,0,0,1,1,0,0,0,0
"POINT (6.861310417000027 51.189002744000049)",Unfall 237736 (2019) Kat:3, Licht: 0,237736,3,2,5,04,08,2,0,0,0,1,0,0,0,1
"POINT (6.831373579000058 51.202117720000047)",Unfall 237737 (2019) Kat:3, Licht: 0,237737,3,3,4,04,07,2,0,0,1,0,0,0,0,0
"POINT (6.799179684000023 51.239496592000080)",Unfall 237738 (2019) Kat:3, Licht: 0,237738,3,7,6,04,16,2,0,0,0,1,1,0,0,0
"POINT (6.748843368000053 51.337672409000049)",Unfall 237739 (2019) Kat:3, Licht: 0,237739,3,3,5,04,07,2,0,0,1,1,0,0,0,0
"POINT (6.791033699000025 51.229134454000075)",Unfall 237740 (2019) Kat:3, Licht: 0,237740,3,4,6,04,09,2,0,0,0,1,1,0,0,0
"POINT (6.875570397000047 51.160916571000030)",Unfall 237787 (2019) Kat:3, Licht: 0,237787,3,1,0,04,14,1,0,0,0,0,0,0,0,1
"POINT (6.735747189000051 51.201105525000060)",Unfall 237788 (2019) Kat:2, Licht: 0,237788,2,1,0,04,11,1,0,0,1,0,0,0,0,0
"POINT (6.782173945000068 51.240757698000039)",Unfall 237837 (2019) Kat:3, Licht: 0,237837,3,1,0,04,14,7,0,0,1,0,0,0,0,0
"POINT (6.891480678000050 51.147166638000044)",Unfall 237892 (2019) Kat:3, Licht: 0,237892,3,5,1,04,10,6,0,0,0,1,0,0,0,0
"POINT (6.874307416000022 51.161194915000067)",Unfall 237893 (2019) Kat:3, Licht: 0,237893,3,6,2,04,09,6,0,0,0,1,0,0,0,0
"POINT (6.856230938000067 51.234955558000081)",Unfall 237894 (2019) Kat:3, Licht: 0,237894,3,6,2,04,10,6,0,0,0,1,0,0,0,0
"POINT (6.782846393000057 51.208894928000063)",Unfall 237935 (2019) Kat:3, Licht: 0,237935,3,7,1,04,08,7,0,0,1,1,0,0,0,0
"POINT (6.862457553000070 51.180229777000079)",Unfall 237979 (2019) Kat:2, Licht: 0,237979,2,4,6,04,12,6,0,0,0,1,1,0,0,0
"POINT (6.863703342000065 51.180933479000032)",Unfall 237980 (2019) Kat:3, Licht: 0,237980,3,3,5,04,10,6,0,0,1,1,0,0,0,0
"POINT (6.783075651000047 51.280361218000053)",Unfall 237981 (2019) Kat:3, Licht: 0,237981,3,7,1,04,09,6,0,0,0,1,0,1,0,0
"POINT (6.775410874000045 51.227857724000046)",Unfall 237982 (2019) Kat:3, Licht: 0,237982,3,2,0,04,08,6,0,0,1,1,0,0,0,0
"POINT (6.883702815000049 51.149989709000067)",Unfall 238037 (2019) Kat:3, Licht: 0,238037,3,3,5,04,19,5,0,0,1,1,0,0,0,0
"POINT (6.840506397000070 51.171541334000040)",Unfall 238038 (2019) Kat:3, Licht: 0,238038,3,3,5,04,15,5,0,0,1,1,0,0,0,0
"POINT (6.745423350000067 51.199169870000048)",Unfall 238109 (2019) Kat:3, Licht: 0,238109,3,6,2,04,16,4,0,0,0,1,0,0,0,0
"POINT (6.856342750000067 51.193471719000058)",Unfall 238110 (2019) Kat:3, Licht: 0,238110,3,6,2,04,09,4,0,0,0,1,0,1,0,0
"POINT (6.826494139000033 51.266427604000057)",Unfall 238111 (2019) Kat:3, Licht: 2,238111,3,6,2,04,05,4,0,2,0,1,0,0,0,0
"POINT (6.776853332000030 51.217259565000063)",Unfall 238185 (2019) Kat:3, Licht: 0,238185,3,2,3,04,08,5,0,0,1,1,0,0,0,0
"POINT (6.827462132000051 51.179474432000063)",Unfall 238186 (2019) Kat:3, Licht: 0,238186,3,4,6,04,17,5,0,0,0,0,1,0,0,1
"POINT (6.780385359000036 51.253813077000075)",Unfall 238187 (2019) Kat:3, Licht: 0,238187,3,2,3,04,18,5,0,0,1,1,0,0,0,0
"POINT (6.767973069000050 51.276934921000077)",Unfall 238188 (2019) Kat:3, Licht: 0,238188,3,3,5,04,07,5,0,0,0,1,0,0,1,0
"POINT (6.823287622000066 51.182549863000077)",Unfall 238238 (2019) Kat:3, Licht: 0,238238,3,3,5,04,19,4,0,0,0,1,0,0,0,0
"POINT (6.805569197000068 51.213928164000038)",Unfall 238239 (2019) Kat:3, Licht: 0,238239,3,6,3,04,19,4,0,0,1,1,0,0,0,0
"POINT (6.829855421000048 51.208629743000074)",Unfall 238295 (2019) Kat:3, Licht: 0,238295,3,4,6,04,18,3,0,0,0,1,1,0,0,0
"POINT (6.769682325000076 51.196556935000046)",Unfall 238296 (2019) Kat:3, Licht: 0,238296,3,2,0,04,15,3,0,0,0,1,0,0,0,1
"POINT (6.796496188000049 51.231421871000066)",Unfall 238297 (2019) Kat:3, Licht: 0,238297,3,7,3,04,08,3,0,0,0,1,0,0,0,0
"POINT (6.808710657000063 51.220938863000072)",Unfall 238298 (2019) Kat:3, Licht: 0,238298,3,3,5,04,17,3,0,0,0,1,0,0,0,0
"POINT (6.762194182000030 51.264355430000080)",Unfall 238299 (2019) Kat:2, Licht: 0,238299,2,1,0,04,15,3,0,0,1,0,0,0,0,0
"POINT (6.766594673000043 51.210972415000072)",Unfall 238354 (2019) Kat:3, Licht: 2,238354,3,6,2,04,21,2,0,2,0,1,0,0,0,0
"POINT (6.739400447000037 51.211163242000055)",Unfall 238355 (2019) Kat:3, Licht: 0,238355,3,2,3,04,09,2,0,0,1,1,0,0,0,0
"POINT (6.837838748000024 51.214569195000081)",Unfall 238356 (2019) Kat:3, Licht: 0,238356,3,3,0,04,08,2,0,0,0,1,0,0,0,1
"POINT (6.768161032000023 51.279525521000039)",Unfall 238357 (2019) Kat:2, Licht: 0,238357,2,1,2,04,11,2,0,0,0,1,0,0,0,0
"POINT (6.775578829000040 51.224559745000079)",Unfall 238358 (2019) Kat:3, Licht: 0,238358,3,5,1,04,17,2,0,0,1,1,0,0,0,0
"POINT (6.788730626000074 51.219974141000080)",Unfall 238359 (2019) Kat:3, Licht: 0,238359,3,6,2,04,12,2,0,0,0,1,0,0,0,0
"POINT (6.807775539000033 51.214348768000036)",Unfall 238360 (2019) Kat:3, Licht: 0,238360,3,3,5,04,10,2,0,0,1,1,0,0,0,0
"POINT (6.821574108000050 51.229233082000064)",Unfall 238408 (2019) Kat:3, Licht: 0,238408,3,6,1,04,15,1,0,0,0,1,0,0,0,0
"POINT (6.829140941000048 51.209097949000068)",Unfall 238474 (2019) Kat:3, Licht: 0,238474,3,4,6,04,19,3,0,0,0,1,1,0,0,0
"POINT (6.768107921000024 51.195377152000049)",Unfall 238475 (2019) Kat:2, Licht: 0,238475,2,7,3,04,16,3,0,0,0,1,0,0,0,1
"POINT (6.776490429000035 51.207362947000036)",Unfall 238476 (2019) Kat:3, Licht: 0,238476,3,1,0,04,12,3,0,0,1,1,0,0,0,0
"POINT (6.817547380000065 51.217302224000036)",Unfall 238477 (2019) Kat:3, Licht: 0,238477,3,6,2,04,17,3,0,0,0,1,0,0,0,0
"POINT (6.795877852000047 51.230579619000082)",Unfall 238478 (2019) Kat:3, Licht: 0,238478,3,1,0,04,10,3,0,0,0,0,0,1,0,0
"POINT (6.796200169000031 51.230980105000071)",Unfall 238550 (2019) Kat:3, Licht: 1,238550,3,1,7,04,05,1,0,1,0,0,0,1,0,0
"POINT (6.861310417000027 51.189002744000049)",Unfall 238600 (2019) Kat:3, Licht: 1,238600,3,2,5,04,20,7,0,1,0,1,0,0,0,0
"POINT (6.812303591000045 51.219592865000038)",Unfall 238601 (2019) Kat:3, Licht: 0,238601,3,5,5,04,16,7,0,0,0,1,0,0,0,1
"POINT (6.781020994000073 51.202672785000061)",Unfall 238602 (2019) Kat:3, Licht: 0,238602,3,4,6,04,14,7,0,0,0,1,1,0,0,0
"POINT (6.828392471000029 51.209684633000052)",Unfall 238603 (2019) Kat:2, Licht: 0,238603,2,2,4,04,13,7,0,0,0,1,0,1,0,0
"POINT (6.894946855000057 51.199854253000069)",Unfall 238604 (2019) Kat:3, Licht: 0,238604,3,1,0,04,14,7,0,0,1,0,0,0,0,0
"POINT (6.808704465000062 51.220941457000038)",Unfall 238605 (2019) Kat:3, Licht: 0,238605,3,3,5,04,17,7,0,0,0,1,0,0,0,0
"POINT (6.779681198000048 51.245310042000028)",Unfall 238606 (2019) Kat:3, Licht: 0,238606,3,6,2,04,15,7,0,0,0,1,0,1,0,0
"POINT (6.863133136000045 51.192873885000040)",Unfall 238657 (2019) Kat:3, Licht: 2,238657,3,4,6,04,22,6,0,2,0,0,1,0,0,1
"POINT (6.780927668000061 51.201786735000042)",Unfall 238658 (2019) Kat:3, Licht: 0,238658,3,7,3,04,15,6,0,0,0,1,0,0,0,0
"POINT (6.858460156000035 51.212388092000026)",Unfall 238659 (2019) Kat:2, Licht: 0,238659,2,2,6,04,10,6,0,0,0,1,1,0,0,0
"POINT (6.795380973000022 51.223211726000045)",Unfall 238660 (2019) Kat:3, Licht: 0,238660,3,7,0,04,07,6,0,0,0,1,0,0,0,0
"POINT (6.766515441000024 51.210974775000068)",Unfall 238725 (2019) Kat:3, Licht: 0,238725,3,7,0,04,16,7,1,0,0,0,0,1,0,1
"POINT (6.847585560000027 51.208255187000077)",Unfall 238726 (2019) Kat:3, Licht: 0,238726,3,6,1,04,11,7,1,0,0,1,0,0,0,0
"POINT (6.814234102000057 51.228902906000030)",Unfall 238727 (2019) Kat:3, Licht: 1,238727,3,5,1,04,19,7,1,1,1,1,0,0,0,0
"POINT (6.817691242000024 51.242536993000044)",Unfall 238728 (2019) Kat:3, Licht: 0,238728,3,3,5,04,14,7,1,0,1,1,0,0,0,0
"POINT (6.810724001000040 51.211124914000038)",Unfall 238729 (2019) Kat:3, Licht: 2,238729,3,3,5,04,01,7,0,2,1,1,0,0,0,0
"POINT (6.762416521000034 51.251826238000035)",Unfall 238780 (2019) Kat:3, Licht: 0,238780,3,3,5,04,08,6,1,0,1,1,0,0,0,0
"POINT (6.810775794000051 51.222737870000060)",Unfall 238781 (2019) Kat:3, Licht: 0,238781,3,6,2,04,14,6,0,0,0,1,0,0,0,0
"POINT (6.798656332000064 51.215357014000062)",Unfall 238782 (2019) Kat:3, Licht: 0,238782,3,2,6,04,12,6,0,0,0,1,1,0,0,0
"POINT (6.778415994000056 51.223048789000075)",Unfall 238783 (2019) Kat:3, Licht: 0,238783,3,2,5,04,18,6,0,0,0,1,0,1,0,0
"POINT (6.796103265000056 51.229451556000072)",Unfall 238840 (2019) Kat:3, Licht: 2,238840,3,3,5,04,22,5,1,2,0,1,0,0,0,0
"POINT (6.830378193000058 51.208783842000059)",Unfall 238915 (2019) Kat:3, Licht: 0,238915,3,5,0,04,14,4,0,0,1,1,0,0,0,0
"POINT (6.828717431000030 51.215959292000036)",Unfall 238916 (2019) Kat:3, Licht: 0,238916,3,3,5,04,18,4,0,0,1,1,0,0,0,0
"POINT (6.777368657000068 51.208413501000052)",Unfall 238917 (2019) Kat:2, Licht: 0,238917,2,4,6,04,16,4,0,0,0,1,1,0,0,0
"POINT (6.808699699000044 51.225570585000071)",Unfall 238918 (2019) Kat:3, Licht: 0,238918,3,7,0,04,08,4,0,0,1,0,0,0,0,0
"POINT (6.780991128000039 51.236228312000037)",Unfall 238920 (2019) Kat:3, Licht: 0,238920,3,1,0,04,18,4,0,0,1,0,0,0,0,0
"POINT (6.792443319000029 51.217197545000033)",Unfall 238921 (2019) Kat:3, Licht: 0,238921,3,2,5,04,14,4,0,0,1,1,0,0,0,0
"POINT (6.722860459000060 51.241866730000027)",Unfall 238922 (2019) Kat:3, Licht: 0,238922,3,5,1,04,10,4,0,0,1,1,0,0,0,0
"POINT (6.754223376000027 51.201031725000064)",Unfall 238984 (2019) Kat:3, Licht: 1,238984,3,2,5,05,21,5,1,1,0,1,0,0,0,0
"POINT (6.784280277000050 51.215539536000051)",Unfall 238996 (2019) Kat:3, Licht: 0,238996,3,1,2,05,18,5,1,0,0,1,0,1,0,0
"POINT (6.770395423000025 51.198953247000077)",Unfall 239023 (2019) Kat:3, Licht: 0,239023,3,3,0,05,16,5,1,0,1,1,0,0,0,0
"POINT (6.790654577000055 51.199615637000079)",Unfall 239035 (2019) Kat:3, Licht: 0,239035,3,2,5,05,13,5,0,0,1,1,0,0,0,0
"POINT (6.815808464000043 51.212970831000064)",Unfall 239074 (2019) Kat:2, Licht: 0,239074,2,6,0,04,17,3,0,0,0,0,0,1,0,1
"POINT (6.809046663000061 51.225502139000071)",Unfall 239075 (2019) Kat:3, Licht: 0,239075,3,3,5,04,13,3,0,0,1,1,0,0,0,0
"POINT (6.816317973000025 51.221950363000076)",Unfall 239076 (2019) Kat:3, Licht: 0,239076,3,6,2,04,08,3,0,0,0,1,0,0,0,0
"POINT (6.780872956000053 51.243847016000075)",Unfall 239077 (2019) Kat:3, Licht: 0,239077,3,6,4,05,17,5,1,0,0,1,0,0,0,0
"POINT (6.787368594000043 51.227811694000081)",Unfall 239078 (2019) Kat:3, Licht: 0,239078,3,2,5,04,19,3,0,0,0,1,0,0,0,0
"POINT (6.796217309000042 51.229187292000063)",Unfall 239079 (2019) Kat:3, Licht: 0,239079,3,5,5,04,17,3,0,0,1,1,0,0,0,0
"POINT (6.733366343000057 51.298489754000059)",Unfall 239086 (2019) Kat:2, Licht: 0,239086,2,7,0,05,15,5,0,0,1,0,0,0,0,0
"POINT (6.808689568000034 51.220947698000032)",Unfall 239089 (2019) Kat:3, Licht: 0,239089,3,6,0,05,13,5,0,0,0,1,0,0,0,1
"POINT (6.761047285000075 51.266903655000078)",Unfall 239128 (2019) Kat:2, Licht: 0,239128,2,2,6,05,11,5,0,0,0,1,1,0,0,0
"POINT (6.881334436000032 51.159087248000048)",Unfall 239158 (2019) Kat:3, Licht: 0,239158,3,1,9,04,13,2,0,0,0,1,0,0,0,0
"POINT (6.782409097000027 51.215567663000058)",Unfall 239159 (2019) Kat:3, Licht: 0,239159,3,4,6,04,10,2,0,0,0,1,1,0,0,0
"POINT (6.796992932000023 51.196679628000027)",Unfall 239160 (2019) Kat:3, Licht: 0,239160,3,2,5,04,15,2,0,0,1,0,0,0,0,0
"POINT (6.860889213000064 51.239881859000036)",Unfall 239161 (2019) Kat:3, Licht: 0,239161,3,1,8,04,13,2,0,0,0,1,0,0,0,0
"POINT (6.767780483000024 51.221281305000048)",Unfall 239162 (2019) Kat:3, Licht: 0,239162,3,6,3,04,19,2,0,0,1,0,0,0,0,0
"POINT (6.734555313000044 51.235443724000049)",Unfall 239163 (2019) Kat:3, Licht: 0,239163,3,5,1,04,09,2,0,0,1,1,0,0,0,0
"POINT (6.747869807000029 51.236508731000072)",Unfall 239164 (2019) Kat:3, Licht: 0,239164,3,2,3,04,08,2,0,0,1,0,0,0,0,0
"POINT (6.743300427000065 51.228641594000067)",Unfall 239165 (2019) Kat:3, Licht: 2,239165,3,7,0,04,20,2,1,2,0,1,0,0,0,0
"POINT (6.834627093000051 51.210981990000050)",Unfall 239199 (2019) Kat:2, Licht: 0,239199,2,3,5,04,11,1,0,0,0,1,0,1,0,1
"POINT (6.772771417000058 51.220129563000057)",Unfall 239233 (2019) Kat:3, Licht: 0,239233,3,3,5,05,09,3,0,0,0,1,0,0,0,1
"POINT (6.782263378000039 51.240834263000067)",Unfall 239262 (2019) Kat:3, Licht: 0,239262,3,1,0,05,18,2,1,0,1,0,0,0,0,0
"POINT (6.763607416000070 51.247849134000035)",Unfall 239263 (2019) Kat:3, Licht: 0,239263,3,4,6,05,17,2,1,0,1,0,1,0,0,0
"POINT (6.809232645000066 51.263524956000026)",Unfall 239264 (2019) Kat:3, Licht: 0,239264,3,7,6,05,12,2,0,0,0,1,1,0,0,0
"POINT (6.856135754000036 51.234907766000049)",Unfall 239265 (2019) Kat:3, Licht: 0,239265,3,7,2,05,16,2,1,0,0,1,0,0,0,0
"POINT (6.791878115000031 51.220698313000071)",Unfall 239266 (2019) Kat:3, Licht: 0,239266,3,4,6,05,17,2,0,0,0,0,1,0,0,1
"POINT (6.796530624000070 51.224960403000068)",Unfall 239296 (2019) Kat:3, Licht: 0,239296,3,7,0,05,18,1,0,0,0,1,0,0,0,0
"POINT (6.777106019000030 51.215647973000046)",Unfall 239297 (2019) Kat:3, Licht: 0,239297,3,6,3,05,14,1,0,0,0,1,0,0,0,0
"POINT (6.826312171000041 51.180348719000051)",Unfall 239298 (2019) Kat:3, Licht: 0,239298,3,7,6,05,13,1,0,0,0,1,1,0,0,0
"POINT (6.757244973000070 51.207150231000071)",Unfall 239325 (2019) Kat:3, Licht: 2,239325,3,2,5,05,23,7,1,2,0,1,0,0,0,0
"POINT (6.749948172000075 51.271595870000056)",Unfall 239326 (2019) Kat:3, Licht: 0,239326,3,2,0,05,12,7,1,0,0,1,0,0,0,0
"POINT (6.811724430000027 51.240138840000043)",Unfall 239327 (2019) Kat:2, Licht: 2,239327,2,1,8,05,02,7,1,2,0,1,0,0,0,0
"POINT (6.757964677000075 51.250720361000049)",Unfall 239328 (2019) Kat:3, Licht: 0,239328,3,6,3,05,19,7,1,0,1,0,0,0,0,0
"POINT (6.776995481000029 51.221742630000051)",Unfall 239329 (2019) Kat:2, Licht: 0,239329,2,5,0,05,18,7,0,0,1,1,0,0,0,0
"POINT (6.793591944000070 51.221189695000078)",Unfall 239330 (2019) Kat:3, Licht: 0,239330,3,5,1,05,11,7,0,0,0,1,0,0,0,0
"POINT (6.827212165000049 51.210641234000036)",Unfall 239347 (2019) Kat:3, Licht: 0,239347,3,6,2,05,15,3,0,0,0,1,0,0,0,1
"POINT (6.782907973000022 51.197598094000057)",Unfall 239386 (2019) Kat:3, Licht: 0,239386,3,2,5,05,20,3,0,0,1,1,0,0,0,0
"POINT (6.903231161000065 51.201979731000051)",Unfall 239393 (2019) Kat:3, Licht: 0,239393,3,4,6,05,18,6,0,0,0,1,1,0,0,0
"POINT (6.770214042000021 51.197746297000037)",Unfall 239394 (2019) Kat:3, Licht: 0,239394,3,5,3,05,11,6,0,0,1,1,0,0,0,0
"POINT (6.821460715000058 51.220057947000043)",Unfall 239395 (2019) Kat:3, Licht: 0,239395,3,6,3,05,13,6,0,0,0,0,0,1,1,0
"POINT (6.797662257000070 51.236531023000055)",Unfall 239396 (2019) Kat:3, Licht: 0,239396,3,3,5,05,12,6,0,0,1,1,0,0,0,0
"POINT (6.776936193000040 51.209716047000029)",Unfall 239397 (2019) Kat:3, Licht: 0,239397,3,6,2,05,13,3,0,0,0,1,0,0,0,1
"POINT (6.796435354000039 51.226103446000081)",Unfall 239398 (2019) Kat:3, Licht: 0,239398,3,6,1,05,14,6,0,0,0,1,0,0,0,0
"POINT (6.783646803000067 51.226656493000064)",Unfall 239408 (2019) Kat:3, Licht: 0,239408,3,4,6,05,18,3,0,0,0,0,1,0,0,1
"POINT (6.803136905000031 51.222452576000080)",Unfall 239410 (2019) Kat:3, Licht: 0,239410,3,3,5,05,07,3,0,0,1,1,0,0,0,0
"POINT (6.807811664000042 51.217951958000071)",Unfall 239444 (2019) Kat:3, Licht: 0,239444,3,4,6,05,12,3,0,0,0,1,1,0,0,0
"POINT (6.783553769000037 51.202870547000032)",Unfall 239525 (2019) Kat:3, Licht: 2,239525,3,2,5,05,00,6,1,2,1,1,0,0,0,0
"POINT (6.790197997000064 51.242928302000053)",Unfall 239526 (2019) Kat:3, Licht: 0,239526,3,2,3,05,14,6,0,0,1,1,0,0,0,0
"POINT (6.759139854000068 51.260475274000044)",Unfall 239527 (2019) Kat:3, Licht: 0,239527,3,6,3,05,13,6,1,0,1,1,0,0,0,0
"POINT (6.763818926000056 51.250778832000037)",Unfall 239528 (2019) Kat:3, Licht: 0,239528,3,6,0,05,08,6,1,0,0,1,0,1,0,0
"POINT (6.723302242000045 51.250259230000040)",Unfall 239529 (2019) Kat:3, Licht: 0,239529,3,3,5,05,07,6,1,0,0,1,0,1,0,0
"POINT (6.773775733000036 51.209186312000043)",Unfall 239569 (2019) Kat:3, Licht: 0,239569,3,7,6,05,17,7,0,0,1,0,1,0,0,0
"POINT (6.881152496000027 51.168194948000064)",Unfall 239598 (2019) Kat:3, Licht: 1,239598,3,6,2,05,20,5,1,1,0,1,0,0,0,0
"POINT (6.823299851000058 51.222893345000045)",Unfall 239599 (2019) Kat:3, Licht: 0,239599,3,3,5,05,17,5,0,0,1,1,0,0,0,0
"POINT (6.808834136000030 51.211370512000030)",Unfall 239600 (2019) Kat:3, Licht: 0,239600,3,1,0,05,07,5,0,0,1,0,0,0,0,0
"POINT (6.781891195000071 51.224339757000052)",Unfall 239601 (2019) Kat:3, Licht: 0,239601,3,4,0,05,16,5,0,0,0,0,1,0,0,1
"POINT (6.783393198000056 51.239031729000033)",Unfall 239672 (2019) Kat:3, Licht: 0,239672,3,3,5,05,18,4,1,0,0,1,0,0,0,0
"POINT (6.776349189000030 51.248605773000065)",Unfall 239673 (2019) Kat:3, Licht: 0,239673,3,1,8,05,15,4,1,0,0,1,0,0,0,0
"POINT (6.754222581000022 51.201031692000072)",Unfall 239675 (2019) Kat:3, Licht: 0,239675,3,2,5,05,08,7,0,0,0,1,0,0,0,0
"POINT (6.798891957000024 51.226290914000060)",Unfall 239724 (2019) Kat:3, Licht: 0,239724,3,2,5,05,18,7,0,0,0,1,0,0,0,0
"POINT (6.870322133000059 51.164449349000051)",Unfall 239777 (2019) Kat:3, Licht: 0,239777,3,3,5,05,16,4,0,0,0,1,0,0,0,1
"POINT (6.829079169000067 51.215922782000064)",Unfall 239790 (2019) Kat:3, Licht: 0,239790,3,6,2,05,14,4,0,0,0,1,0,0,0,1
"POINT (6.822432874000072 51.214066955000078)",Unfall 239817 (2019) Kat:3, Licht: 0,239817,3,6,3,05,10,4,0,0,0,1,0,1,0,0
"POINT (6.766036351000025 51.219022467000059)",Unfall 239821 (2019) Kat:3, Licht: 0,239821,3,6,2,05,09,4,0,0,0,1,0,0,0,0
"POINT (6.782202010000049 51.198354472000062)",Unfall 239830 (2019) Kat:3, Licht: 0,239830,3,2,5,05,07,4,0,0,1,1,0,0,0,0
"POINT (6.889418247000037 51.146688697000059)",Unfall 239833 (2019) Kat:3, Licht: 0,239833,3,6,2,05,09,3,0,0,1,1,0,0,0,0
"POINT (6.776966930000071 51.208363613000074)",Unfall 239834 (2019) Kat:3, Licht: 0,239834,3,7,0,05,20,3,0,0,1,1,0,0,0,0
"POINT (6.773058039000034 51.210695508000072)",Unfall 239835 (2019) Kat:2, Licht: 0,239835,2,5,1,05,17,3,0,0,1,1,0,0,0,0
"POINT (6.784856093000030 51.212382962000049)",Unfall 239836 (2019) Kat:3, Licht: 0,239836,3,7,0,05,11,3,0,0,0,0,0,0,0,1
"POINT (6.785699279000028 51.218365175000031)",Unfall 239837 (2019) Kat:3, Licht: 0,239837,3,3,1,05,10,3,0,0,1,1,0,0,0,0
"POINT (6.820782186000031 51.218669747000035)",Unfall 239838 (2019) Kat:3, Licht: 0,239838,3,6,2,05,09,3,0,0,0,1,0,0,0,0
"POINT (6.779240519000041 51.221436553000046)",Unfall 239839 (2019) Kat:3, Licht: 0,239839,3,4,6,05,13,3,0,0,0,1,1,0,0,0
"POINT (6.782023297000023 51.248538258000053)",Unfall 239873 (2019) Kat:3, Licht: 0,239873,3,6,3,05,15,4,0,0,1,1,0,0,0,0
"POINT (6.814539477000039 51.228512948000059)",Unfall 239882 (2019) Kat:3, Licht: 0,239882,3,2,6,05,19,4,0,0,0,1,1,0,0,0
"POINT (6.762418042000036 51.230705165000074)",Unfall 239887 (2019) Kat:3, Licht: 0,239887,3,3,5,05,15,4,0,0,1,1,0,0,0,0
"POINT (6.835299544000066 51.173441799000045)",Unfall 239904 (2019) Kat:2, Licht: 0,239904,2,2,3,05,18,2,0,0,0,1,0,0,0,1