WKT,Name,OBJECTID,UKATEGORIE,UTYP1,UART,UMONAT,USTUNDE,UWOCHENTAG,STRZUSTAND,ULICHTVERH,ISTRAD,ISTPKW,ISTFUSS,ISTKRAD,ISTGKFZ,ISTSONSTIG
"POINT (6.760462336000046 51.247818783000071)",Unfall 239905 (2019) Kat:3, Licht: 0,239905,3,1,0,05,19,2,0,0,0,0,0,1,0,0
"POINT (6.796405386000060 51.235877319000053)",Unfall 239906 (2019) Kat:3, Licht: 0,239906,3,6,2,05,10,2,0,0,0,1,0,0,0,0
"POINT (6.779188040000065 51.219778664000046)",Unfall 239908 (2019) Kat:3, Licht: 0,239908,3,6,0,05,18,2,0,0,1,0,0,0,0,0
"POINT (6.786494076000054 51.222747983000033)",Unfall 239915 (2019) Kat:1, Licht: 0,239915,1,2,6,05,12,4,0,0,0,1,1,0,0,0
"POINT (6.793380961000025 51.214046404000044)",Unfall 239927 (2019) Kat:3, Licht: 0,239927,3,7,6,05,06,4,0,0,1,1,1,0,0,0
"POINT (6.810799971000051 51.208457048000071)",Unfall 239940 (2019) Kat:3, Licht: 2,239940,3,3,5,05,00,4,0,2,1,1,0,0,0,0
"POINT (6.816594240000029 51.271324905000029)",Unfall 239959 (2019) Kat:3, Licht: 0,239959,3,6,2,05,16,1,0,0,0,1,0,1,0,0
"POINT (6.739916963000042 51.234997444000044)",Unfall 239961 (2019) Kat:3, Licht: 0,239961,3,1,1,05,13,1,0,0,0,1,0,1,0,0
"POINT (6.782550220000076 51.223025439000025)",Unfall 239962 (2019) Kat:3, Licht: 0,239962,3,3,5,05,13,1,0,0,0,1,0,0,0,0
"POINT (6.905186438000044 51.138240612000061)",Unfall 240003 (2019) Kat:3, Licht: 0,240003,3,2,5,05,20,7,0,0,0,1,0,0,0,0
"POINT (6.760170834000064 51.216581579000035)",Unfall 240004 (2019) Kat:3, Licht: 0,240004,3,7,6,05,19,7,0,0,1,0,1,0,0,0
"POINT (6.808532391000028 51.212278344000026)",Unfall 240005 (2019) Kat:3, Licht: 0,240005,3,5,1,05,17,7,0,0,1,1,0,0,0,0
"POINT (6.796266199000058 51.225445338000043)",Unfall 240006 (2019) Kat:3, Licht: 0,240006,3,6,3,05,14,7,0,0,0,1,0,1,0,0
"POINT (6.780064888000027 51.205532823000055)",Unfall 240072 (2019) Kat:3, Licht: 0,240072,3,2,3,05,16,6,1,0,1,1,0,0,0,0
"POINT (6.770756406000032 51.271285848000048)",Unfall 240073 (2019) Kat:3, Licht: 0,240073,3,3,5,05,13,6,1,0,0,1,0,0,0,0
"POINT (6.782854542000052 51.254080680000072)",Unfall 240074 (2019) Kat:3, Licht: 0,240074,3,6,2,05,14,6,1,0,0,1,0,0,1,0
"POINT (6.779464613000073 51.233132359000081)",Unfall 240075 (2019) Kat:3, Licht: 0,240075,3,6,2,05,11,6,0,0,0,1,0,1,0,0
"POINT (6.783750908000059 51.242103272000065)",Unfall 240076 (2019) Kat:3, Licht: 0,240076,3,5,0,05,09,6,0,0,0,1,0,0,0,1
"POINT (6.720100923000075 51.232383102000028)",Unfall 240077 (2019) Kat:3, Licht: 0,240077,3,4,6,05,10,6,0,0,0,0,1,0,0,1
"POINT (6.805224534000047 51.214291436000053)",Unfall 240078 (2019) Kat:3, Licht: 0,240078,3,4,6,05,09,6,0,0,0,1,1,0,0,0
"POINT (6.721684698000047 51.242260661000046)",Unfall 240080 (2019) Kat:3, Licht: 0,240080,3,2,3,05,06,6,0,0,1,1,0,0,0,0
"POINT (6.786085293000042 51.254108482000049)",Unfall 240160 (2019) Kat:3, Licht: 0,240160,3,7,0,05,19,5,0,0,0,1,0,0,0,1
"POINT (6.802958281000031 51.254394656000045)",Unfall 240161 (2019) Kat:3, Licht: 0,240161,3,6,2,05,16,5,0,0,0,1,0,0,0,0
"POINT (6.851249715000051 51.232141580000075)",Unfall 240162 (2019) Kat:2, Licht: 0,240162,2,4,6,05,15,5,0,0,0,1,1,0,0,0
"POINT (6.810897850000060 51.263030167000068)",Unfall 240163 (2019) Kat:3, Licht: 2,240163,3,7,6,05,00,5,0,2,0,1,1,0,0,0
"POINT (6.771418223000069 51.242653847000042)",Unfall 240164 (2019) Kat:3, Licht: 0,240164,3,3,5,05,08,5,0,0,1,1,0,0,0,0
"POINT (6.782802697000022 51.206713417000060)",Unfall 240278 (2019) Kat:3, Licht: 0,240278,3,2,5,05,19,4,0,0,0,1,0,1,0,0
"POINT (6.797861997000041 51.197979078000060)",Unfall 240279 (2019) Kat:3, Licht: 0,240279,3,4,6,05,15,4,0,0,1,0,1,0,0,0
"POINT (6.772268499000063 51.262371733000066)",Unfall 240280 (2019) Kat:3, Licht: 0,240280,3,3,3,05,16,4,0,0,1,1,0,0,0,0
"POINT (6.837063637000028 51.199834013000043)",Unfall 240347 (2019) Kat:3, Licht: 0,240347,3,4,6,05,20,3,1,0,0,1,1,0,0,0
"POINT (6.787636809000048 51.198379719000059)",Unfall 240348 (2019) Kat:3, Licht: 0,240348,3,1,9,05,09,3,1,0,0,1,0,0,0,0
"POINT (6.900019988000054 51.139871021000033)",Unfall 240349 (2019) Kat:3, Licht: 0,240349,3,3,5,05,08,3,1,0,1,1,0,0,0,0
"POINT (6.814202729000044 51.243020347000027)",Unfall 240351 (2019) Kat:3, Licht: 2,240351,3,3,5,05,21,3,1,2,0,1,0,0,0,0
"POINT (6.858457775000034 51.236061672000062)",Unfall 240352 (2019) Kat:2, Licht: 0,240352,2,2,6,05,18,3,1,0,0,1,1,0,0,0
"POINT (6.782185958000071 51.240767983000069)",Unfall 240353 (2019) Kat:3, Licht: 0,240353,3,7,0,05,11,3,1,0,1,0,0,0,0,0
"POINT (6.778366416000040 51.219978946000026)",Unfall 240354 (2019) Kat:3, Licht: 2,240354,3,5,1,05,21,3,1,2,0,1,0,0,0,0
"POINT (6.798189799000056 51.212859585000047)",Unfall 240355 (2019) Kat:3, Licht: 0,240355,3,6,0,05,16,3,1,0,0,0,0,1,0,0
"POINT (6.758922048000045 51.227632781000068)",Unfall 240356 (2019) Kat:3, Licht: 0,240356,3,2,6,05,11,3,1,0,0,1,1,0,0,0
"POINT (6.852222421000022 51.176336584000069)",Unfall 240426 (2019) Kat:3, Licht: 0,240426,3,1,9,05,07,2,0,0,0,1,0,0,0,0
"POINT (6.768632453000066 51.254504752000059)",Unfall 240428 (2019) Kat:3, Licht: 0,240428,3,6,1,05,08,2,0,0,0,1,0,0,0,0
"POINT (6.793069138000021 51.215095345000066)",Unfall 240429 (2019) Kat:3, Licht: 0,240429,3,5,6,05,17,2,0,0,0,1,1,0,0,0
"POINT (6.782628133000060 51.198327530000029)",Unfall 240486 (2019) Kat:3, Licht: 0,240486,3,3,5,05,13,1,0,0,1,1,0,0,0,0
"POINT (6.814365052000028 51.193238711000049)",Unfall 240487 (2019) Kat:3, Licht: 2,240487,3,4,6,05,02,1,1,2,0,1,1,0,0,0
"POINT (6.755836330000022 51.213966184000071)",Unfall 240548 (2019) Kat:3, Licht: 2,240548,3,6,0,05,22,7,0,2,1,1,0,0,0,0
"POINT (6.862024711000061 51.209272653000028)",Unfall 240549 (2019) Kat:3, Licht: 0,240549,3,5,4,05,18,7,0,0,1,1,0,0,0,0
"POINT (6.780618470000036 51.202439222000066)",Unfall 240550 (2019) Kat:3, Licht: 0,240550,3,3,5,05,12,7,0,0,0,1,0,1,0,0
"POINT (6.812486694000029 51.271616001000041)",Unfall 240551 (2019) Kat:2, Licht: 0,240551,2,2,5,05,15,7,0,0,1,0,0,0,0,1
"POINT (6.738017495000065 51.283275913000068)",Unfall 240552 (2019) Kat:2, Licht: 0,240552,2,7,0,05,13,7,0,0,1,0,0,0,0,1
"POINT (6.815974916000073 51.190769620000026)",Unfall 240554 (2019) Kat:3, Licht: 0,240554,3,7,5,05,19,1,0,0,0,1,0,0,0,1
"POINT (6.743188341000064 51.255090734000078)",Unfall 240570 (2019) Kat:3, Licht: 0,240570,3,3,5,05,10,1,0,0,0,1,0,0,0,0
"POINT (6.813331213000026 51.195518558000060)",Unfall 240642 (2019) Kat:3, Licht: 0,240642,3,7,0,05,11,6,0,0,1,0,0,0,0,0
"POINT (6.776565239000036 51.203238889000033)",Unfall 240643 (2019) Kat:3, Licht: 2,240643,3,6,3,05,23,6,0,2,0,1,0,0,0,1
"POINT (6.889591558000063 51.203962846000081)",Unfall 240644 (2019) Kat:3, Licht: 0,240644,3,2,5,05,17,6,0,0,1,1,0,0,0,0
"POINT (6.843069924000076 51.187239882000029)",Unfall 240645 (2019) Kat:3, Licht: 0,240645,3,2,5,05,12,6,0,0,0,0,0,0,1,1
"POINT (6.852588684000068 51.235692445000041)",Unfall 240646 (2019) Kat:3, Licht: 0,240646,3,7,2,05,06,6,0,0,0,0,0,1,0,1
"POINT (6.762901423000074 51.273500805000026)",Unfall 240647 (2019) Kat:3, Licht: 0,240647,3,7,1,05,14,6,0,0,0,1,0,0,0,1
"POINT (6.811612657000069 51.227283352000029)",Unfall 240648 (2019) Kat:3, Licht: 0,240648,3,1,0,05,11,6,0,0,1,0,0,0,0,0
"POINT (6.806158559000039 51.218533886000046)",Unfall 240649 (2019) Kat:3, Licht: 0,240649,3,7,6,05,07,6,0,0,0,1,1,0,0,0
"POINT (6.701610158000051 51.229408128000046)",Unfall 240650 (2019) Kat:3, Licht: 0,240650,3,6,2,05,10,6,0,0,0,1,0,0,0,1
"POINT (6.829150153000057 51.182545907000076)",Unfall 240723 (2019) Kat:3, Licht: 0,240723,3,3,5,05,08,1,0,0,1,1,0,0,0,0
"POINT (6.772033114000067 51.188096990000076)",Unfall 240732 (2019) Kat:3, Licht: 0,240732,3,3,5,05,10,5,0,0,1,1,0,0,0,0
"POINT (6.839007832000050 51.188535362000039)",Unfall 240733 (2019) Kat:3, Licht: 0,240733,3,1,8,05,17,5,0,0,0,0,0,1,0,0
"POINT (6.832061219000025 51.208513404000030)",Unfall 240734 (2019) Kat:3, Licht: 0,240734,3,3,5,05,07,5,0,0,1,1,0,0,0,0
"POINT (6.801520032000042 51.222727208000038)",Unfall 240735 (2019) Kat:2, Licht: 0,240735,2,6,4,05,18,5,0,0,1,1,0,0,0,0
"POINT (6.801874924000060 51.237419091000049)",Unfall 240736 (2019) Kat:3, Licht: 0,240736,3,7,1,05,12,5,0,0,0,1,0,0,0,1
"POINT (6.758776193000074 51.253183793000062)",Unfall 240737 (2019) Kat:3, Licht: 0,240737,3,3,5,05,14,5,0,0,1,1,0,0,0,0
"POINT (6.805127904000074 51.215743061000069)",Unfall 240738 (2019) Kat:3, Licht: 2,240738,3,7,5,05,00,5,0,2,0,1,0,1,0,0
"POINT (6.869173519000071 51.183799085000032)",Unfall 240856 (2019) Kat:3, Licht: 0,240856,3,7,0,05,15,4,0,0,0,0,0,0,0,1
"POINT (6.836412359000065 51.197172729000044)",Unfall 240857 (2019) Kat:3, Licht: 0,240857,3,5,0,05,16,4,0,0,0,1,0,0,0,0
"POINT (6.809986421000076 51.220404881000036)",Unfall 240858 (2019) Kat:3, Licht: 0,240858,3,4,5,05,14,4,0,0,0,1,1,0,0,0
"POINT (6.777028712000060 51.225559933000056)",Unfall 240859 (2019) Kat:3, Licht: 0,240859,3,2,5,05,08,4,0,0,0,1,0,1,0,0
"POINT (6.778398318000029 51.221504626000069)",Unfall 240860 (2019) Kat:3, Licht: 0,240860,3,1,0,05,20,4,0,0,0,0,0,1,0,0
"POINT (6.787861540000051 51.222256549000065)",Unfall 240861 (2019) Kat:3, Licht: 0,240861,3,7,6,05,15,4,0,0,1,0,1,0,0,0
"POINT (6.782682137000052 51.235061394000070)",Unfall 240924 (2019) Kat:3, Licht: 0,240924,3,1,1,05,19,3,0,0,1,1,0,0,0,0
"POINT (6.780096231000073 51.225610067000048)",Unfall 240925 (2019) Kat:3, Licht: 0,240925,3,7,6,05,14,3,0,0,0,1,1,0,0,0
"POINT (6.814965028000074 51.210291614000027)",Unfall 240926 (2019) Kat:3, Licht: 0,240926,3,1,9,05,12,3,1,0,0,0,0,1,0,0
"POINT (6.831764343000032 51.205398230000071)",Unfall 240983 (2019) Kat:3, Licht: 0,240983,3,2,5,05,08,2,0,0,1,1,0,0,0,0
"POINT (6.754592431000049 51.267243728000039)",Unfall 240984 (2019) Kat:3, Licht: 1,240984,3,2,4,05,05,2,1,1,1,1,0,0,0,0
"POINT (6.795671214000038 51.247791800000073)",Unfall 240985 (2019) Kat:3, Licht: 0,240985,3,6,3,05,18,2,0,0,0,1,0,0,0,1
"POINT (6.766133732000071 51.211084588000062)",Unfall 241076 (2019) Kat:3, Licht: 0,241076,3,5,1,06,19,1,0,0,1,1,0,0,0,0
"POINT (6.803000775000044 51.216528295000046)",Unfall 241077 (2019) Kat:3, Licht: 0,241077,3,2,0,06,14,1,0,0,1,1,0,0,0,0
"POINT (6.816628878000074 51.231978354000034)",Unfall 241078 (2019) Kat:3, Licht: 0,241078,3,6,3,06,14,1,0,0,1,1,0,0,0,0
"POINT (6.806046043000038 51.222069437000073)",Unfall 241079 (2019) Kat:3, Licht: 0,241079,3,2,3,06,12,1,0,0,0,1,0,1,0,0
"POINT (6.832684784000037 51.175351147000072)",Unfall 241148 (2019) Kat:3, Licht: 0,241148,3,2,6,06,18,7,0,0,0,0,1,0,0,1
"POINT (6.861555980000048 51.227235928000027)",Unfall 241149 (2019) Kat:3, Licht: 0,241149,3,6,2,06,18,7,0,0,0,1,0,0,0,0
"POINT (6.814860622000026 51.262820140000031)",Unfall 241150 (2019) Kat:3, Licht: 0,241150,3,7,1,06,10,7,0,0,1,1,0,0,0,0
"POINT (6.741703820000055 51.196464223000078)",Unfall 241215 (2019) Kat:3, Licht: 1,241215,3,1,0,05,05,6,1,1,0,0,0,1,0,0
"POINT (6.778949382000064 51.219059555000058)",Unfall 241216 (2019) Kat:2, Licht: 2,241216,2,4,6,05,23,6,0,2,0,0,1,0,0,1
"POINT (6.773862803000043 51.272010885000043)",Unfall 241217 (2019) Kat:3, Licht: 0,241217,3,7,6,05,16,6,0,0,1,0,1,0,0,0
"POINT (6.857341467000026 51.223412438000082)",Unfall 241218 (2019) Kat:3, Licht: 0,241218,3,2,5,05,14,6,0,0,1,1,0,0,0,0
"POINT (6.782179252000049 51.240762241000027)",Unfall 241220 (2019) Kat:3, Licht: 0,241220,3,7,0,05,13,6,0,0,1,0,0,0,0,0
"POINT (6.761434155000075 51.228232706000028)",Unfall 241221 (2019) Kat:3, Licht: 0,241221,3,7,1,05,14,6,0,0,0,1,0,0,0,0
"POINT (6.815281123000034 51.192426246000082)",Unfall 241354 (2019) Kat:3, Licht: 2,241354,3,2,5,06,23,4,0,2,0,1,0,0,0,0
"POINT (6.851858801000049 51.169213205000062)",Unfall 241358 (2019) Kat:3, Licht: 0,241358,3,3,5,06,18,5,0,0,1,1,0,0,0,0
"POINT (6.802699429000029 51.176297395000063)",Unfall 241400 (2019) Kat:3, Licht: 0,241400,3,2,0,06,19,5,0,0,1,1,0,0,0,0
"POINT (6.832306463000066 51.215537709000046)",Unfall 241409 (2019) Kat:2, Licht: 0,241409,2,3,5,06,15,5,0,0,0,1,0,1,0,0
"POINT (6.827067583000030 51.185844023000072)",Unfall 241412 (2019) Kat:3, Licht: 0,241412,3,3,5,06,17,5,0,0,0,1,0,0,0,0
"POINT (6.846110266000039 51.198255255000049)",Unfall 241427 (2019) Kat:3, Licht: 0,241427,3,3,5,06,14,3,0,0,1,1,0,0,0,0
"POINT (6.834677975000034 51.206103768000048)",Unfall 241428 (2019) Kat:3, Licht: 0,241428,3,2,6,06,16,3,0,0,0,1,1,0,0,0
"POINT (6.766314077000061 51.218090848000031)",Unfall 241429 (2019) Kat:3, Licht: 0,241429,3,3,5,06,11,3,0,0,1,1,0,0,0,0
"POINT (6.759402737000073 51.215518294000049)",Unfall 241430 (2019) Kat:3, Licht: 0,241430,3,3,5,06,12,3,0,0,1,1,0,0,0,0
"POINT (6.856959491000055 51.192439326000056)",Unfall 241431 (2019) Kat:3, Licht: 0,241431,3,6,3,06,06,3,0,0,1,0,0,0,0,0
"POINT (6.787966426000025 51.233005278000064)",Unfall 241432 (2019) Kat:3, Licht: 0,241432,3,4,6,06,17,3,0,0,0,1,1,0,0,0
"POINT (6.801313825000023 51.225999034000040)",Unfall 241433 (2019) Kat:2, Licht: 0,241433,2,5,1,06,08,3,0,0,1,1,0,0,0,0
"POINT (6.727976945000023 51.240071850000049)",Unfall 241434 (2019) Kat:3, Licht: 2,241434,3,7,0,06,23,3,1,2,1,0,0,0,0,0
"POINT (6.805848840000067 51.213633417000040)",Unfall 241435 (2019) Kat:3, Licht: 0,241435,3,3,5,06,16,3,0,0,1,0,0,1,0,0
"POINT (6.775437393000061 51.249458934000074)",Unfall 241451 (2019) Kat:3, Licht: 0,241451,3,6,0,06,15,5,0,0,0,1,0,0,0,0
"POINT (6.766973156000063 51.245709197000053)",Unfall 241462 (2019) Kat:3, Licht: 0,241462,3,6,2,06,11,5,0,0,0,1,0,0,0,0
"POINT (6.740434964000031 51.293488062000051)",Unfall 241525 (2019) Kat:3, Licht: 1,241525,3,6,1,06,21,2,0,1,0,1,0,0,0,0
"POINT (6.794424708000065 51.223763564000080)",Unfall 241526 (2019) Kat:3, Licht: 0,241526,3,4,6,06,07,2,1,0,0,1,1,0,0,0
"POINT (6.744801405000032 51.228131434000034)",Unfall 241527 (2019) Kat:3, Licht: 0,241527,3,6,2,06,16,2,0,0,0,1,0,0,0,0
"POINT (6.751809045000073 51.183926755000073)",Unfall 241536 (2019) Kat:3, Licht: 0,241536,3,6,3,06,18,1,0,0,1,0,0,0,0,0
"POINT (6.827100345000076 51.185869063000041)",Unfall 241537 (2019) Kat:3, Licht: 0,241537,3,3,5,06,16,1,0,0,0,1,0,0,0,0
"POINT (6.871646765000037 51.182797509000068)",Unfall 241538 (2019) Kat:3, Licht: 0,241538,3,6,0,06,13,1,0,0,0,1,0,1,0,0
"POINT (6.782547501000067 51.215564746000041)",Unfall 241539 (2019) Kat:3, Licht: 0,241539,3,2,5,06,09,1,0,0,0,1,0,0,0,0
"POINT (6.782495047000055 51.218800174000080)",Unfall 241540 (2019) Kat:3, Licht: 2,241540,3,5,1,06,02,1,0,2,0,1,0,0,0,0
"POINT (6.739898822000043 51.255996116000063)",Unfall 241541 (2019) Kat:3, Licht: 0,241541,3,2,5,06,10,1,0,0,1,1,0,0,0,0
"POINT (6.787774072000048 51.219182205000038)",Unfall 241542 (2019) Kat:3, Licht: 0,241542,3,3,5,06,12,1,0,0,0,1,0,0,0,0
"POINT (6.716126608000025 51.233286601000032)",Unfall 241543 (2019) Kat:3, Licht: 2,241543,3,7,0,06,03,1,0,2,0,1,0,0,0,1
"POINT (6.764973355000052 51.216191763000040)",Unfall 241592 (2019) Kat:3, Licht: 2,241592,3,3,0,06,22,7,1,2,0,1,0,1,0,0
"POINT (6.849289836000025 51.209269823000056)",Unfall 241593 (2019) Kat:3, Licht: 0,241593,3,3,5,06,16,7,0,0,0,1,0,0,0,0
"POINT (6.809680838000077 51.211784370000032)",Unfall 241594 (2019) Kat:2, Licht: 0,241594,2,2,5,06,18,7,0,0,0,1,0,1,0,0
"POINT (6.796301585000037 51.223628409000071)",Unfall 241595 (2019) Kat:3, Licht: 0,241595,3,7,4,06,10,7,0,0,0,1,0,0,0,0
"POINT (6.847366569000030 51.201465161000044)",Unfall 241689 (2019) Kat:3, Licht: 0,241689,3,5,1,06,11,6,0,0,1,1,0,0,0,0
"POINT (6.849453870000048 51.167215092000049)",Unfall 241690 (2019) Kat:2, Licht: 0,241690,2,3,5,06,09,6,0,0,0,1,0,0,0,0
"POINT (6.771571761000075 51.219074412000055)",Unfall 241691 (2019) Kat:2, Licht: 1,241691,2,1,8,06,05,6,0,1,0,1,0,0,0,0
"POINT (6.760880882000038 51.214308180000046)",Unfall 241692 (2019) Kat:3, Licht: 0,241692,3,6,2,06,18,6,1,0,0,1,0,0,0,1
"POINT (6.783314056000052 51.241729002000056)",Unfall 241693 (2019) Kat:3, Licht: 0,241693,3,2,5,06,09,6,0,0,0,1,0,0,0,0
"POINT (6.800770287000034 51.227255313000057)",Unfall 241694 (2019) Kat:3, Licht: 0,241694,3,4,6,06,10,6,0,0,1,0,1,0,0,0
"POINT (6.773157446000027 51.251599423000073)",Unfall 241695 (2019) Kat:3, Licht: 0,241695,3,5,1,06,17,6,1,0,0,1,0,0,0,0
"POINT (6.744257089000030 51.263989991000074)",Unfall 241696 (2019) Kat:3, Licht: 0,241696,3,7,0,06,18,6,0,0,0,0,0,0,0,1
"POINT (6.843562121000048 51.214329118000080)",Unfall 241805 (2019) Kat:3, Licht: 0,241805,3,3,5,06,08,5,0,0,1,1,0,0,0,0
"POINT (6.756848178000041 51.207056282000053)",Unfall 241806 (2019) Kat:3, Licht: 0,241806,3,3,5,06,19,5,0,0,0,1,0,0,0,0
"POINT (6.772658347000061 51.219152528000052)",Unfall 241807 (2019) Kat:3, Licht: 0,241807,3,3,5,06,15,5,0,0,1,1,0,0,0,0
"POINT (6.814397785000040 51.211563464000051)",Unfall 241885 (2019) Kat:3, Licht: 0,241885,3,3,0,06,13,4,1,0,0,1,0,1,0,0
"POINT (6.754950316000077 51.212263160000077)",Unfall 241886 (2019) Kat:3, Licht: 0,241886,3,1,1,06,12,4,0,0,1,1,0,0,0,0
"POINT (6.771817971000075 51.216085913000029)",Unfall 241887 (2019) Kat:3, Licht: 0,241887,3,5,3,06,16,4,0,0,0,1,0,0,0,0
"POINT (6.799633382000025 51.223553951000042)",Unfall 241888 (2019) Kat:3, Licht: 0,241888,3,1,8,06,13,4,1,0,0,1,0,0,0,0
"POINT (6.731533611000032 51.296817771000065)",Unfall 241889 (2019) Kat:2, Licht: 0,241889,2,2,6,06,20,4,0,0,1,0,1,0,0,0
"POINT (6.794113337000056 51.229062328000055)",Unfall 241890 (2019) Kat:2, Licht: 0,241890,2,7,6,06,15,4,0,0,1,0,1,0,0,0
"POINT (6.778447102000030 51.222916786000042)",Unfall 241891 (2019) Kat:3, Licht: 0,241891,3,4,0,06,09,4,0,0,0,0,1,1,0,0
"POINT (6.819364182000072 51.216367049000041)",Unfall 241972 (2019) Kat:3, Licht: 0,241972,3,7,1,06,05,3,1,0,0,1,0,0,0,0
"POINT (6.773178177000034 51.196748749000051)",Unfall 241973 (2019) Kat:3, Licht: 0,241973,3,1,0,06,16,3,0,0,1,0,0,0,0,0
"POINT (6.759819964000030 51.253031014000044)",Unfall 241974 (2019) Kat:3, Licht: 0,241974,3,2,5,06,13,3,0,0,0,0,0,0,1,1
"POINT (6.791740553000068 51.222035681000079)",Unfall 241975 (2019) Kat:3, Licht: 0,241975,3,2,3,06,17,3,0,0,0,1,0,0,0,1
"POINT (6.767406737000044 51.215208628000028)",Unfall 242026 (2019) Kat:2, Licht: 0,242026,2,3,5,06,12,2,0,0,0,1,0,1,0,0
"POINT (6.800836681000021 51.195914480000056)",Unfall 242027 (2019) Kat:3, Licht: 0,242027,3,2,4,06,15,2,0,0,0,1,0,0,0,0
"POINT (6.803237197000044 51.264765688000068)",Unfall 242028 (2019) Kat:3, Licht: 2,242028,3,3,0,06,00,2,0,2,0,1,0,0,0,0
"POINT (6.759717527000021 51.237164676000077)",Unfall 242029 (2019) Kat:3, Licht: 0,242029,3,2,4,06,19,2,0,0,0,1,0,0,0,0
"POINT (6.746884660000035 51.270100710000065)",Unfall 242066 (2019) Kat:3, Licht: 2,242066,3,3,5,06,00,1,0,2,1,1,0,0,0,0
"POINT (6.782140233000064 51.218808059000025)",Unfall 242136 (2019) Kat:3, Licht: 2,242136,3,4,6,06,23,7,0,2,0,1,1,0,0,0
"POINT (6.779232171000047 51.221172809000052)",Unfall 242137 (2019) Kat:3, Licht: 2,242137,3,6,2,06,22,7,0,2,0,1,0,0,0,0
"POINT (6.761194238000030 51.235428068000033)",Unfall 242138 (2019) Kat:2, Licht: 1,242138,2,1,1,06,05,7,1,1,1,1,0,0,0,0
"POINT (6.830524979000074 51.208087239000065)",Unfall 242238 (2019) Kat:2, Licht: 0,242238,2,2,6,06,14,6,0,0,0,1,1,0,0,0
"POINT (6.779256294000049 51.210437670000033)",Unfall 242239 (2019) Kat:3, Licht: 0,242239,3,6,0,06,10,6,0,0,0,0,0,0,0,1
"POINT (6.751491873000020 51.212996977000046)",Unfall 242240 (2019) Kat:3, Licht: 0,242240,3,2,5,06,06,6,0,0,1,1,0,0,0,0
"POINT (6.832484306000026 51.176719447000039)",Unfall 242241 (2019) Kat:2, Licht: 0,242241,2,1,8,06,18,6,0,0,0,0,0,1,0,0
"POINT (6.867401810000047 51.150161872000069)",Unfall 242242 (2019) Kat:3, Licht: 2,242242,3,5,1,06,21,6,0,2,0,1,0,1,0,0
"POINT (6.759168117000058 51.212069563000057)",Unfall 242243 (2019) Kat:3, Licht: 0,242243,3,6,2,06,13,6,0,0,0,1,0,0,0,0
"POINT (6.778550196000026 51.234413329000063)",Unfall 242244 (2019) Kat:3, Licht: 0,242244,3,3,5,06,14,6,0,0,1,1,0,0,0,0
"POINT (6.806625935000056 51.223936638000055)",Unfall 242245 (2019) Kat:2, Licht: 0,242245,2,4,6,06,15,6,0,0,0,1,1,0,0,0
"POINT (6.734157724000056 51.232357503000060)",Unfall 242247 (2019) Kat:3, Licht: 0,242247,3,6,0,06,13,6,0,0,0,0,0,1,0,0
"POINT (6.789447905000031 51.200292968000042)",Unfall 242314 (2019) Kat:3, Licht: 0,242314,3,3,5,06,15,4,0,0,1,1,0,0,0,0
"POINT (6.772771417000058 51.220129563000057)",Unfall 242336 (2019) Kat:3, Licht: 0,242336,3,3,5,06,09,4,0,0,1,1,0,0,0,0
"POINT (6.752268260000051 51.231011499000033)",Unfall 242346 (2019) Kat:3, Licht: 0,242346,3,4,6,06,17,4,0,0,0,0,1,1,0,0
"POINT (6.790640884000027 51.199603674000059)",Unfall 242393 (2019) Kat:3, Licht: 0,242393,3,7,1,06,15,3,0,0,0,1,0,0,0,0
"POINT (6.869627333000040 51.163137021000068)",Unfall 242394 (2019) Kat:3, Licht: 2,242394,3,1,0,06,01,3,0,2,1,0,0,0,0,0
"POINT (6.771810891000030 51.243477463000033)",Unfall 242395 (2019) Kat:3, Licht: 0,242395,3,7,5,06,15,3,0,0,0,1,0,0,0,1
"POINT (6.859754412000029 51.230642008000075)",Unfall 242396 (2019) Kat:3, Licht: 0,242396,3,3,5,06,09,3,0,0,1,1,0,0,0,0
"POINT (6.762184101000059 51.262497494000058)",Unfall 242397 (2019) Kat:3, Licht: 0,242397,3,6,2,06,07,3,0,0,0,1,0,0,0,0
"POINT (6.756004785000073 51.232196033000037)",Unfall 242398 (2019) Kat:3, Licht: 0,242398,3,4,6,06,16,3,0,0,0,1,1,0,0,0
"POINT (6.779337184000042 51.224870827000075)",Unfall 242399 (2019) Kat:3, Licht: 0,242399,3,4,0,06,09,3,0,0,0,0,1,1,0,0
"POINT (6.853796510000052 51.204475565000052)",Unfall 242422 (2019) Kat:3, Licht: 0,242422,3,7,8,06,10,4,0,0,0,1,0,1,0,0
"POINT (6.815874598000050 51.229500503000054)",Unfall 242475 (2019) Kat:3, Licht: 0,242475,3,4,6,06,17,4,0,0,0,1,1,0,0,0
"POINT (6.760362732000033 51.207530821000034)",Unfall 242510 (2019) Kat:2, Licht: 0,242510,2,2,5,06,11,2,0,0,1,1,0,0,0,0
"POINT (6.754331025000056 51.214524343000051)",Unfall 242512 (2019) Kat:3, Licht: 0,242512,3,7,6,06,17,2,0,0,0,1,1,0,0,0