WKT,Name,OBJECTID,UKATEGORIE,UTYP1,UART,UMONAT,USTUNDE,UWOCHENTAG,STRZUSTAND,ULICHTVERH,ISTRAD,ISTPKW,ISTFUSS,ISTKRAD,ISTGKFZ,ISTSONSTIG
"POINT (6.777269831000069 51.207557529000042)",Unfall 242513 (2019) Kat:3, Licht: 0,242513,3,6,2,06,16,2,0,0,0,1,0,0,0,0
"POINT (6.770077837000031 51.268413772000031)",Unfall 242514 (2019) Kat:3, Licht: 0,242514,3,6,2,06,07,2,0,0,1,0,0,0,0,0
"POINT (6.779436365000038 51.237630342000045)",Unfall 242515 (2019) Kat:3, Licht: 0,242515,3,7,6,06,08,2,0,0,0,0,0,0,0,1
"POINT (6.775223680000067 51.264574766000067)",Unfall 242516 (2019) Kat:3, Licht: 0,242516,3,3,5,06,20,2,0,0,1,1,0,0,0,0
"POINT (6.779223020000075 51.237191130000042)",Unfall 242517 (2019) Kat:3, Licht: 0,242517,3,3,0,06,18,2,0,0,1,0,0,1,0,0
"POINT (6.858863727000028 51.234641483000075)",Unfall 242518 (2019) Kat:3, Licht: 0,242518,3,2,6,06,19,2,0,0,0,1,1,0,0,0
"POINT (6.820034697000040 51.221809230000076)",Unfall 242519 (2019) Kat:3, Licht: 0,242519,3,3,5,06,14,2,0,0,1,1,0,0,0,0
"POINT (6.788835681000023 51.218448589000047)",Unfall 242520 (2019) Kat:2, Licht: 0,242520,2,2,2,06,13,2,0,0,0,1,0,1,0,0
"POINT (6.708747988000027 51.238548769000033)",Unfall 242522 (2019) Kat:3, Licht: 0,242522,3,3,5,06,14,2,0,0,0,1,0,0,1,0
"POINT (6.831650253000021 51.207239510000079)",Unfall 242532 (2019) Kat:3, Licht: 0,242532,3,5,1,06,12,4,0,0,1,1,0,0,0,0
"POINT (6.780734351000035 51.215680161000080)",Unfall 242656 (2019) Kat:3, Licht: 0,242656,3,2,5,06,21,6,0,0,1,1,0,0,0,0
"POINT (6.783003488000077 51.203077227000051)",Unfall 242657 (2019) Kat:3, Licht: 0,242657,3,6,2,06,09,6,0,0,0,1,0,0,0,1
"POINT (6.863699774000054 51.190905812000040)",Unfall 242658 (2019) Kat:3, Licht: 1,242658,3,1,0,06,04,6,0,1,0,0,0,1,0,0
"POINT (6.786057850000020 51.253959548000068)",Unfall 242659 (2019) Kat:3, Licht: 0,242659,3,3,5,06,14,6,0,0,1,1,0,0,0,0
"POINT (6.746754950000025 51.270035718000031)",Unfall 242660 (2019) Kat:3, Licht: 0,242660,3,6,1,06,15,6,0,0,0,1,0,0,0,0
"POINT (6.800917361000074 51.231591111000057)",Unfall 242661 (2019) Kat:3, Licht: 0,242661,3,7,1,06,09,6,0,0,0,1,0,0,0,1
"POINT (6.781391865000046 51.218833061000055)",Unfall 242662 (2019) Kat:3, Licht: 0,242662,3,7,0,06,13,6,0,0,0,0,0,0,0,1
"POINT (6.776891990000024 51.205574191000039)",Unfall 242718 (2019) Kat:3, Licht: 0,242718,3,6,1,06,14,7,0,0,0,1,0,0,0,0
"POINT (6.858767264000051 51.237263270000028)",Unfall 242719 (2019) Kat:3, Licht: 2,242719,3,3,5,06,02,5,0,2,0,1,0,0,0,0
"POINT (6.762300236000044 51.231422152000050)",Unfall 242720 (2019) Kat:3, Licht: 0,242720,3,1,1,06,20,5,1,0,0,1,0,0,0,0
"POINT (6.752601563000042 51.232030138000027)",Unfall 242721 (2019) Kat:3, Licht: 0,242721,3,3,5,06,15,5,0,0,0,1,0,1,0,0
"POINT (6.873805083000036 51.168326430000036)",Unfall 242732 (2019) Kat:3, Licht: 0,242732,3,7,3,06,12,7,0,0,0,1,0,1,0,0
"POINT (6.789508769000065 51.211188677000052)",Unfall 242739 (2019) Kat:3, Licht: 0,242739,3,3,5,06,10,7,0,0,1,1,0,0,0,0
"POINT (6.776740432000054 51.210342345000072)",Unfall 242860 (2019) Kat:3, Licht: 0,242860,3,6,2,06,20,3,0,0,0,1,0,0,0,0
"POINT (6.807702478000067 51.173994534000030)",Unfall 242862 (2019) Kat:3, Licht: 0,242862,3,7,6,06,15,3,0,0,0,1,1,0,0,0
"POINT (6.778710592000039 51.234439013000042)",Unfall 242863 (2019) Kat:3, Licht: 0,242863,3,3,5,06,10,3,0,0,1,1,0,0,0,0
"POINT (6.786811051000029 51.226285823000069)",Unfall 242864 (2019) Kat:2, Licht: 0,242864,2,2,6,06,13,3,0,0,0,1,1,0,0,1
"POINT (6.740760174000059 51.243071968000038)",Unfall 242865 (2019) Kat:3, Licht: 0,242865,3,3,0,06,09,3,0,0,1,1,0,0,0,0
"POINT (6.766929841000035 51.218729653000082)",Unfall 242866 (2019) Kat:3, Licht: 0,242866,3,7,4,06,09,3,0,0,1,0,0,0,0,0
"POINT (6.815274796000040 51.192446574000030)",Unfall 242967 (2019) Kat:2, Licht: 0,242967,2,4,6,06,15,2,0,0,0,1,1,0,0,0
"POINT (6.750101173000076 51.213432273000080)",Unfall 242968 (2019) Kat:3, Licht: 0,242968,3,4,0,06,10,2,0,0,0,0,1,1,0,0
"POINT (6.817375865000031 51.265828207000027)",Unfall 242969 (2019) Kat:3, Licht: 0,242969,3,4,6,06,17,2,0,0,0,1,1,0,0,0
"POINT (6.794299963000071 51.231077503000051)",Unfall 242970 (2019) Kat:3, Licht: 0,242970,3,2,4,06,08,2,0,0,1,1,0,0,0,0
"POINT (6.788416911000070 51.225439979000043)",Unfall 242972 (2019) Kat:3, Licht: 0,242972,3,6,3,06,17,2,0,0,0,1,0,1,0,0
"POINT (6.782892353000023 51.215558362000081)",Unfall 243041 (2019) Kat:3, Licht: 0,243041,3,3,5,06,18,1,0,0,0,1,0,0,0,0
"POINT (6.885572009000043 51.203914177000058)",Unfall 243042 (2019) Kat:3, Licht: 0,243042,3,5,1,06,11,1,0,0,1,1,0,0,0,0
"POINT (6.837122337000039 51.199866283000063)",Unfall 243136 (2019) Kat:3, Licht: 0,243136,3,6,1,06,18,6,0,0,0,1,0,0,0,0
"POINT (6.772999474000073 51.204358599000045)",Unfall 243137 (2019) Kat:3, Licht: 0,243137,3,6,3,06,16,6,0,0,1,0,0,0,0,1
"POINT (6.785570435000068 51.215475974000071)",Unfall 243138 (2019) Kat:3, Licht: 0,243138,3,6,2,06,17,6,0,0,0,1,0,0,0,0
"POINT (6.847427810000056 51.196850810000058)",Unfall 243139 (2019) Kat:3, Licht: 2,243139,3,6,3,06,22,6,0,2,0,1,0,0,0,0
"POINT (6.818908807000071 51.216486712000062)",Unfall 243140 (2019) Kat:3, Licht: 0,243140,3,2,5,06,14,6,0,0,1,1,0,0,0,0
"POINT (6.791407518000028 51.332425631000035)",Unfall 243141 (2019) Kat:3, Licht: 1,243141,3,5,1,06,21,6,0,1,1,1,0,0,0,0
"POINT (6.789365429000043 51.243240326000034)",Unfall 243142 (2019) Kat:3, Licht: 0,243142,3,6,3,06,20,6,0,0,1,0,0,0,0,0
"POINT (6.749728174000040 51.241178985000033)",Unfall 243143 (2019) Kat:3, Licht: 0,243143,3,2,6,06,10,6,0,0,0,1,1,0,0,0
"POINT (6.731711369000038 51.238874982000027)",Unfall 243144 (2019) Kat:3, Licht: 2,243144,3,3,5,06,01,6,0,2,1,0,0,0,0,1
"POINT (6.769488059000025 51.208552272000077)",Unfall 243234 (2019) Kat:3, Licht: 0,243234,3,3,5,06,15,5,0,0,1,1,0,0,0,0
"POINT (6.779498947000036 51.237758413000051)",Unfall 243235 (2019) Kat:3, Licht: 0,243235,3,5,1,06,19,5,0,0,1,1,0,0,0,0
"POINT (6.797832039000070 51.233166060000030)",Unfall 243236 (2019) Kat:3, Licht: 0,243236,3,2,5,06,13,5,0,0,1,1,0,0,0,0
"POINT (6.816961829000036 51.225669215000039)",Unfall 243237 (2019) Kat:3, Licht: 0,243237,3,6,4,06,08,5,0,0,1,1,0,0,0,0
"POINT (6.793117910000035 51.216894604000061)",Unfall 243238 (2019) Kat:3, Licht: 0,243238,3,3,0,06,19,5,0,0,0,1,0,1,0,0
"POINT (6.782325270000058 51.221480667000037)",Unfall 243239 (2019) Kat:3, Licht: 0,243239,3,3,5,06,16,5,0,0,0,1,0,0,0,1
"POINT (6.815265944000032 51.188227873000073)",Unfall 243334 (2019) Kat:3, Licht: 0,243334,3,7,0,06,08,4,0,0,0,0,0,1,0,0
"POINT (6.759738441000025 51.216433404000043)",Unfall 243335 (2019) Kat:3, Licht: 0,243335,3,7,4,06,18,4,0,0,1,0,0,0,0,0
"POINT (6.781455488000063 51.251398064000057)",Unfall 243336 (2019) Kat:2, Licht: 0,243336,2,6,4,06,16,4,0,0,1,0,0,0,0,1
"POINT (6.782419057000027 51.252447727000060)",Unfall 243337 (2019) Kat:3, Licht: 0,243337,3,7,1,06,09,4,0,0,1,1,0,0,0,0
"POINT (6.778507231000049 51.249132192000047)",Unfall 243338 (2019) Kat:3, Licht: 0,243338,3,2,5,06,08,4,0,0,1,1,0,0,0,0
"POINT (6.741305821000026 51.296701085000052)",Unfall 243339 (2019) Kat:3, Licht: 0,243339,3,3,5,06,06,4,0,0,1,1,0,0,0,0
"POINT (6.785197000000039 51.193592635000073)",Unfall 243368 (2019) Kat:3, Licht: 0,243368,3,2,5,07,12,2,0,0,1,1,0,0,0,0
"POINT (6.762688580000031 51.211612141000046)",Unfall 243370 (2019) Kat:3, Licht: 2,243370,3,7,6,07,22,2,0,2,0,0,1,0,0,1
"POINT (6.775333241000055 51.215642763000062)",Unfall 243371 (2019) Kat:3, Licht: 0,243371,3,2,5,07,20,2,0,0,0,1,0,0,0,0
"POINT (6.801595855000073 51.225936543000046)",Unfall 243372 (2019) Kat:3, Licht: 0,243372,3,6,2,07,15,2,0,0,0,1,0,1,0,0
"POINT (6.788359531000026 51.218887372000040)",Unfall 243373 (2019) Kat:3, Licht: 0,243373,3,7,1,07,12,2,0,0,0,1,0,1,0,0
"POINT (6.787346875000026 51.227793165000037)",Unfall 243374 (2019) Kat:3, Licht: 0,243374,3,2,4,07,19,2,0,0,0,1,0,0,0,0
"POINT (6.740966605000040 51.322387901000070)",Unfall 243447 (2019) Kat:3, Licht: 0,243447,3,3,5,06,17,1,0,0,1,1,0,0,0,0
"POINT (6.759052789000066 51.226790575000052)",Unfall 243448 (2019) Kat:3, Licht: 0,243448,3,3,5,06,13,1,0,0,1,1,0,0,0,0
"POINT (6.817780922000054 51.188843793000046)",Unfall 243523 (2019) Kat:3, Licht: 0,243523,3,6,3,06,09,7,0,0,0,1,0,1,0,0
"POINT (6.829770955000072 51.169970309000064)",Unfall 243524 (2019) Kat:3, Licht: 0,243524,3,4,6,06,10,7,0,0,0,0,1,0,0,1
"POINT (6.871151683000051 51.171636895000063)",Unfall 243525 (2019) Kat:3, Licht: 0,243525,3,5,1,06,09,7,0,0,0,1,0,0,0,1
"POINT (6.792877499000042 51.243597538000074)",Unfall 243526 (2019) Kat:3, Licht: 2,243526,3,5,0,06,02,7,0,2,0,1,0,0,0,0
"POINT (6.765252982000050 51.274411067000074)",Unfall 243527 (2019) Kat:3, Licht: 0,243527,3,7,6,06,10,7,0,0,0,1,1,0,0,0
"POINT (6.781191564000039 51.273492286000078)",Unfall 243528 (2019) Kat:3, Licht: 0,243528,3,7,3,06,12,7,0,0,1,0,0,0,0,1
"POINT (6.780115418000037 51.205224200000032)",Unfall 243672 (2019) Kat:3, Licht: 0,243672,3,4,6,07,07,4,0,0,0,0,1,0,0,1
"POINT (6.777674399000034 51.207519451000053)",Unfall 243673 (2019) Kat:3, Licht: 0,243673,3,3,0,07,16,4,0,0,1,1,0,0,0,0
"POINT (6.844142979000026 51.188737684000046)",Unfall 243674 (2019) Kat:3, Licht: 0,243674,3,6,2,07,14,4,0,0,0,1,0,0,0,1
"POINT (6.802555664000067 51.228176600000040)",Unfall 243675 (2019) Kat:3, Licht: 0,243675,3,5,1,07,07,4,0,0,1,1,0,0,0,0
"POINT (6.812923033000061 51.219127563000029)",Unfall 243676 (2019) Kat:3, Licht: 0,243676,3,2,5,07,17,4,0,0,1,1,0,0,0,0
"POINT (6.815959136000060 51.225711147000027)",Unfall 243677 (2019) Kat:3, Licht: 0,243677,3,5,1,07,18,4,0,0,1,1,0,0,0,0
"POINT (6.794268381000052 51.275540957000032)",Unfall 243678 (2019) Kat:3, Licht: 0,243678,3,2,4,07,15,4,0,0,0,1,0,0,0,0
"POINT (6.769536846000051 51.271143768000059)",Unfall 243679 (2019) Kat:3, Licht: 0,243679,3,6,1,07,13,4,0,0,0,1,0,0,0,0
"POINT (6.781848741000033 51.254017318000081)",Unfall 243680 (2019) Kat:3, Licht: 0,243680,3,3,5,07,13,4,0,0,1,1,0,0,0,0
"POINT (6.722420956000065 51.245994536000069)",Unfall 243681 (2019) Kat:3, Licht: 0,243681,3,7,0,07,10,4,0,0,0,1,1,0,0,0
"POINT (6.786589090000064 51.198492218000069)",Unfall 243774 (2019) Kat:3, Licht: 0,243774,3,3,5,07,17,3,0,0,1,1,0,0,0,0
"POINT (6.767283102000022 51.266071969000052)",Unfall 243776 (2019) Kat:3, Licht: 1,243776,3,3,0,07,21,3,0,1,0,1,0,1,0,0
"POINT (6.851895164000041 51.237968811000030)",Unfall 243777 (2019) Kat:3, Licht: 0,243777,3,7,0,07,13,3,0,0,1,0,0,0,0,0
"POINT (6.758074378000060 51.250671043000068)",Unfall 243778 (2019) Kat:3, Licht: 0,243778,3,3,0,07,13,3,0,0,1,0,0,0,0,1
"POINT (6.793785336000042 51.247032112000056)",Unfall 243779 (2019) Kat:3, Licht: 0,243779,3,2,5,07,08,3,0,0,0,1,0,0,0,0
"POINT (6.756245576000026 51.231266924000067)",Unfall 243780 (2019) Kat:3, Licht: 0,243780,3,2,0,07,19,3,0,0,1,1,0,0,0,0
"POINT (6.769065688000069 51.210847311000066)",Unfall 243896 (2019) Kat:2, Licht: 2,243896,2,5,1,07,23,7,1,2,1,1,0,0,0,0
"POINT (6.778996636000045 51.204203123000070)",Unfall 243897 (2019) Kat:3, Licht: 0,243897,3,1,0,07,18,7,0,0,0,0,0,1,0,0
"POINT (6.738783140000066 51.294844281000053)",Unfall 243898 (2019) Kat:2, Licht: 0,243898,2,3,5,07,10,7,0,0,1,0,0,0,0,1
"POINT (6.776754940000046 51.226450449000026)",Unfall 243900 (2019) Kat:3, Licht: 2,243900,3,6,2,07,21,7,1,2,0,1,0,1,0,0
"POINT (6.734593121000046 51.216675613000064)",Unfall 243978 (2019) Kat:3, Licht: 0,243978,3,5,1,07,11,6,0,0,0,1,0,0,0,0
"POINT (6.783453370000075 51.218889136000030)",Unfall 243979 (2019) Kat:3, Licht: 0,243979,3,2,5,07,19,6,0,0,0,1,0,0,0,1
"POINT (6.785589381000023 51.218868773000054)",Unfall 243981 (2019) Kat:3, Licht: 0,243981,3,6,2,07,15,6,0,0,0,1,0,0,0,0
"POINT (6.761071310000034 51.216954198000053)",Unfall 243982 (2019) Kat:3, Licht: 1,243982,3,1,0,07,21,6,0,1,1,0,0,0,0,0
"POINT (6.791254416000072 51.274300559000039)",Unfall 243983 (2019) Kat:2, Licht: 0,243983,2,7,6,07,08,6,0,0,0,0,1,0,0,1
"POINT (6.763667854000062 51.267166062000058)",Unfall 243984 (2019) Kat:3, Licht: 0,243984,3,3,5,07,18,6,0,0,1,1,0,0,0,0
"POINT (6.768705154000031 51.244209607000073)",Unfall 243985 (2019) Kat:3, Licht: 0,243985,3,6,2,07,13,6,0,0,0,1,0,0,0,1
"POINT (6.783028584000022 51.223799482000061)",Unfall 243986 (2019) Kat:1, Licht: 0,243986,1,4,6,07,14,6,0,0,0,0,1,0,0,1
"POINT (6.817722917000026 51.188914134000072)",Unfall 244093 (2019) Kat:3, Licht: 0,244093,3,4,6,07,16,5,0,0,0,0,1,0,0,1
"POINT (6.838134311000033 51.206778079000060)",Unfall 244094 (2019) Kat:3, Licht: 0,244094,3,6,2,07,10,5,0,0,1,1,0,0,0,0
"POINT (6.770593908000024 51.200143572000059)",Unfall 244095 (2019) Kat:3, Licht: 0,244095,3,6,0,07,09,5,0,0,0,1,1,0,0,0
"POINT (6.876331610000023 51.169470865000051)",Unfall 244096 (2019) Kat:3, Licht: 0,244096,3,2,0,07,09,5,0,0,0,1,0,0,0,1
"POINT (6.774688356000070 51.196969768000031)",Unfall 244097 (2019) Kat:3, Licht: 0,244097,3,1,0,07,06,5,0,0,1,0,0,0,0,0
"POINT (6.868528968000021 51.220824069000059)",Unfall 244098 (2019) Kat:3, Licht: 0,244098,3,6,2,07,14,5,0,0,0,1,0,0,0,0
"POINT (6.749446876000036 51.268042201000071)",Unfall 244099 (2019) Kat:2, Licht: 0,244099,2,5,5,07,11,5,0,0,0,1,0,1,0,0
"POINT (6.812030426000035 51.264708521000045)",Unfall 244100 (2019) Kat:3, Licht: 0,244100,3,6,2,07,16,5,0,0,0,1,0,0,0,0
"POINT (6.794498573000055 51.252881951000063)",Unfall 244101 (2019) Kat:3, Licht: 0,244101,3,6,2,07,13,5,0,0,0,1,0,0,0,0
"POINT (6.782114030000059 51.240705356000035)",Unfall 244102 (2019) Kat:3, Licht: 0,244102,3,1,0,07,11,5,0,0,1,0,0,0,0,0
"POINT (6.840611643000045 51.227720591000036)",Unfall 244103 (2019) Kat:3, Licht: 0,244103,3,3,5,07,11,5,0,0,0,1,0,1,0,0
"POINT (6.900087443000075 51.139985026000033)",Unfall 244124 (2019) Kat:3, Licht: 0,244124,3,3,5,07,10,4,0,0,1,1,0,0,0,0
"POINT (6.750996627000063 51.213211661000059)",Unfall 244125 (2019) Kat:3, Licht: 0,244125,3,3,5,07,09,4,0,0,1,1,0,0,0,0
"POINT (6.907005984000023 51.142440310000040)",Unfall 244126 (2019) Kat:3, Licht: 0,244126,3,2,5,07,15,4,0,0,0,1,0,0,0,1
"POINT (6.826584736000029 51.241433327000038)",Unfall 244127 (2019) Kat:3, Licht: 0,244127,3,4,6,07,09,4,0,0,0,0,1,0,0,1
"POINT (6.778420279000045 51.222148290000064)",Unfall 244128 (2019) Kat:2, Licht: 0,244128,2,4,6,07,14,4,0,0,1,0,1,0,0,0
"POINT (6.810915426000065 51.210925907000046)",Unfall 244129 (2019) Kat:3, Licht: 0,244129,3,2,4,07,14,4,0,0,1,1,0,0,0,0
"POINT (6.872256703000062 51.168059804000052)",Unfall 244210 (2019) Kat:3, Licht: 0,244210,3,6,3,07,15,3,0,0,0,1,0,1,0,0
"POINT (6.784109662000049 51.211046881000073)",Unfall 244212 (2019) Kat:3, Licht: 0,244212,3,5,3,07,15,3,0,0,1,1,0,0,0,0
"POINT (6.814986995000027 51.192222391000030)",Unfall 244213 (2019) Kat:3, Licht: 0,244213,3,1,0,07,14,3,0,0,0,0,0,0,0,1
"POINT (6.759347917000071 51.215545467000027)",Unfall 244214 (2019) Kat:3, Licht: 0,244214,3,3,0,07,09,3,0,0,1,1,0,0,0,0
"POINT (6.877459797000029 51.160993664000046)",Unfall 244215 (2019) Kat:3, Licht: 0,244215,3,3,5,07,12,3,0,0,1,1,0,0,0,0
"POINT (6.847920289000058 51.196862893000059)",Unfall 244295 (2019) Kat:2, Licht: 0,244295,2,1,0,07,16,2,0,0,0,0,0,0,0,1
"POINT (6.741230697000049 51.204872445000035)",Unfall 244296 (2019) Kat:3, Licht: 0,244296,3,3,5,07,15,2,0,0,0,1,0,1,0,0
"POINT (6.837984421000044 51.208901016000027)",Unfall 244297 (2019) Kat:2, Licht: 0,244297,2,2,6,07,13,2,0,0,0,0,1,0,0,1
"POINT (6.798806776000049 51.231647948000045)",Unfall 244298 (2019) Kat:3, Licht: 0,244298,3,3,0,07,09,2,0,0,0,0,0,1,0,1
"POINT (6.783216505000041 51.245199611000032)",Unfall 244299 (2019) Kat:3, Licht: 0,244299,3,1,0,07,17,2,0,0,1,0,0,0,0,0
"POINT (6.773841410000046 51.213985693000041)",Unfall 244360 (2019) Kat:3, Licht: 0,244360,3,3,5,07,12,1,0,0,0,1,0,0,0,0
"POINT (6.797950981000042 51.236841734000052)",Unfall 244361 (2019) Kat:3, Licht: 2,244361,3,6,0,07,02,1,1,2,0,1,0,0,0,1
"POINT (6.756200585000045 51.230341965000036)",Unfall 244362 (2019) Kat:3, Licht: 0,244362,3,3,5,07,17,1,0,0,1,0,0,0,0,0
"POINT (6.770572602000073 51.225561052000046)",Unfall 244364 (2019) Kat:3, Licht: 0,244364,3,7,0,07,12,1,0,0,1,0,0,0,0,0
"POINT (6.790626351000071 51.199590287000035)",Unfall 244404 (2019) Kat:3, Licht: 0,244404,3,3,5,07,18,7,0,0,0,0,0,0,0,1
"POINT (6.837823365000077 51.199251469000046)",Unfall 244406 (2019) Kat:3, Licht: 0,244406,3,6,0,07,11,7,1,0,0,0,0,1,0,0
"POINT (6.862218622000057 51.180366398000047)",Unfall 244407 (2019) Kat:3, Licht: 0,244407,3,7,0,07,09,7,1,0,0,0,0,1,0,0
"POINT (6.782051185000057 51.242437008000081)",Unfall 244408 (2019) Kat:3, Licht: 2,244408,3,2,6,07,23,7,0,2,0,1,1,0,0,0
"POINT (6.851754256000049 51.245297901000072)",Unfall 244409 (2019) Kat:3, Licht: 0,244409,3,3,5,07,18,7,0,0,1,1,0,0,0,0
"POINT (6.825802993000025 51.248225765000029)",Unfall 244410 (2019) Kat:3, Licht: 0,244410,3,1,8,07,14,7,0,0,1,0,0,0,0,0
"POINT (6.800716144000035 51.214832821000073)",Unfall 244411 (2019) Kat:3, Licht: 0,244411,3,6,2,07,07,7,0,0,1,0,0,0,0,0
"POINT (6.766136375000031 51.274690357000054)",Unfall 244480 (2019) Kat:3, Licht: 0,244480,3,7,0,07,09,6,0,0,0,0,0,0,0,1
"POINT (6.797711301000049 51.223627419000081)",Unfall 244481 (2019) Kat:3, Licht: 0,244481,3,6,6,07,11,6,0,0,0,1,1,0,0,0
"POINT (6.796560883000041 51.226790291000043)",Unfall 244482 (2019) Kat:3, Licht: 0,244482,3,4,0,07,14,6,0,0,0,1,1,0,0,0
"POINT (6.762153095000031 51.233397361000073)",Unfall 244514 (2019) Kat:2, Licht: 2,244514,2,7,0,07,21,1,0,2,0,0,0,0,0,1
"POINT (6.754653471000040 51.240745053000069)",Unfall 244527 (2019) Kat:3, Licht: 0,244527,3,5,0,07,13,1,0,0,1,1,0,0,0,0
"POINT (6.835718945000053 51.200945307000040)",Unfall 244560 (2019) Kat:2, Licht: 1,244560,2,3,5,07,05,5,1,1,0,1,0,0,1,0
"POINT (6.800588200000050 51.234706157000062)",Unfall 244561 (2019) Kat:3, Licht: 2,244561,3,7,6,07,22,5,0,2,1,0,1,0,0,0
"POINT (6.769881994000059 51.242925826000032)",Unfall 244562 (2019) Kat:3, Licht: 0,244562,3,5,1,07,15,5,0,0,0,1,0,0,0,0
"POINT (6.812459534000027 51.264204512000049)",Unfall 244563 (2019) Kat:3, Licht: 0,244563,3,5,5,07,10,5,0,0,1,1,0,0,0,0
"POINT (6.778498447000061 51.224732911000046)",Unfall 244564 (2019) Kat:3, Licht: 0,244564,3,5,5,07,14,5,0,0,0,1,0,0,0,1
"POINT (6.771992517000058 51.243694848000075)",Unfall 244638 (2019) Kat:3, Licht: 0,244638,3,6,1,07,19,6,0,0,0,1,0,0,0,0
"POINT (6.835558137000021 51.203394061000040)",Unfall 244679 (2019) Kat:3, Licht: 0,244679,3,7,6,07,13,5,0,0,0,0,1,0,0,1
"POINT (6.847683399000061 51.165785742000025)",Unfall 244680 (2019) Kat:3, Licht: 0,244680,3,2,5,07,11,5,0,0,1,1,0,0,0,0
"POINT (6.847720340000024 51.213829939000050)",Unfall 244681 (2019) Kat:3, Licht: 0,244681,3,2,5,07,07,5,0,0,1,1,0,0,0,0
"POINT (6.815880272000072 51.229499327000042)",Unfall 244682 (2019) Kat:2, Licht: 0,244682,2,7,0,07,15,5,1,0,1,0,0,0,0,0
"POINT (6.791658692000056 51.289843462000078)",Unfall 244683 (2019) Kat:3, Licht: 0,244683,3,3,5,07,15,5,1,0,1,1,0,0,0,0
"POINT (6.799306645000058 51.260800668000059)",Unfall 244684 (2019) Kat:3, Licht: 0,244684,3,2,5,07,11,5,0,0,1,1,0,0,0,0
"POINT (6.805603294000036 51.213892226000041)",Unfall 244685 (2019) Kat:3, Licht: 0,244685,3,7,3,07,15,5,0,0,1,1,0,0,0,0
"POINT (6.702197691000038 51.230801711000026)",Unfall 244686 (2019) Kat:3, Licht: 0,244686,3,3,5,07,09,5,0,0,1,1,0,0,0,0
"POINT (6.783124618000045 51.203033703000074)",Unfall 244754 (2019) Kat:3, Licht: 0,244754,3,2,4,07,12,4,0,0,1,1,0,0,0,0
"POINT (6.776641205000033 51.194212856000036)",Unfall 244755 (2019) Kat:3, Licht: 0,244755,3,6,1,07,09,4,0,0,0,1,0,0,0,0
"POINT (6.842289905000030 51.227943006000032)",Unfall 244756 (2019) Kat:3, Licht: 0,244756,3,3,0,07,08,4,0,0,1,1,0,0,0,0
"POINT (6.765012081000066 51.249827717000073)",Unfall 244758 (2019) Kat:3, Licht: 0,244758,3,1,8,07,21,4,0,0,0,0,0,0,0,1
"POINT (6.762115805000065 51.251908726000067)",Unfall 244759 (2019) Kat:3, Licht: 0,244759,3,7,5,07,19,4,0,0,0,1,0,0,0,1
"POINT (6.727000870000040 51.239673742000036)",Unfall 244760 (2019) Kat:3, Licht: 2,244760,3,7,0,07,23,4,0,2,1,0,0,0,0,0
"POINT (6.807699932000048 51.213781263000044)",Unfall 244761 (2019) Kat:3, Licht: 0,244761,3,5,1,07,18,4,0,0,1,1,0,0,0,0
"POINT (6.907185115000061 51.132229000000052)",Unfall 244811 (2019) Kat:3, Licht: 0,244811,3,7,0,07,10,3,0,0,0,0,1,0,0,1
"POINT (6.764854724000031 51.220008199000063)",Unfall 244812 (2019) Kat:3, Licht: 0,244812,3,6,2,07,17,3,0,0,0,1,0,0,0,0
"POINT (6.883962041000075 51.206927464000046)",Unfall 244813 (2019) Kat:2, Licht: 0,244813,2,1,9,07,09,3,0,0,0,1,0,0,1,0
"POINT (6.795867234000070 51.211061332000043)",Unfall 244814 (2019) Kat:3, Licht: 0,244814,3,6,1,07,12,3,0,0,0,1,0,0,0,0
"POINT (6.767722563000064 51.277121079000040)",Unfall 244872 (2019) Kat:3, Licht: 0,244872,3,6,2,07,07,2,0,0,0,1,0,0,0,0
"POINT (6.776137859000073 51.227831818000027)",Unfall 244873 (2019) Kat:3, Licht: 0,244873,3,4,6,07,18,2,0,0,0,1,1,0,0,0
"POINT (6.775508095000021 51.220894047000058)",Unfall 244874 (2019) Kat:3, Licht: 0,244874,3,5,2,07,14,2,0,0,0,1,0,0,0,0
"POINT (6.750056604000065 51.211660341000027)",Unfall 244966 (2019) Kat:3, Licht: 0,244966,3,5,1,07,19,2,0,0,1,1,0,0,0,0
"POINT (6.780089931000020 51.244737024000074)",Unfall 244967 (2019) Kat:3, Licht: 0,244967,3,6,0,07,15,2,0,0,0,1,0,0,0,1
"POINT (6.793768161000060 51.246950925000078)",Unfall 244968 (2019) Kat:3, Licht: 0,244968,3,7,0,07,10,2,0,0,1,0,0,0,0,1
"POINT (6.782283474000053 51.240851467000027)",Unfall 244969 (2019) Kat:3, Licht: 0,244969,3,1,0,07,14,2,0,0,1,0,0,0,0,0
"POINT (6.787087016000044 51.274947555000040)",Unfall 244970 (2019) Kat:2, Licht: 0,244970,2,7,0,07,17,2,0,0,1,0,0,0,0,0
"POINT (6.761045630000069 51.231490095000026)",Unfall 244971 (2019) Kat:3, Licht: 0,244971,3,4,6,07,11,2,0,0,0,1,1,0,0,0