WKT,Name,OBJECTID,UKATEGORIE,UTYP1,UART,UMONAT,USTUNDE,UWOCHENTAG,STRZUSTAND,ULICHTVERH,ISTRAD,ISTPKW,ISTFUSS,ISTKRAD,ISTGKFZ,ISTSONSTIG
"POINT (6.761810065000020 51.234428115000071)",Unfall 245024 (2019) Kat:3, Licht: 0,245024,3,4,6,07,13,1,0,0,1,1,1,0,0,0
"POINT (6.735232070000052 51.231489007000050)",Unfall 245025 (2019) Kat:1, Licht: 2,245025,1,1,9,07,01,1,0,2,0,0,0,1,0,0
"POINT (6.800877632000038 51.195955753000078)",Unfall 245050 (2019) Kat:3, Licht: 0,245050,3,3,1,07,17,3,0,0,1,1,0,0,0,0
"POINT (6.873960993000026 51.165082326000061)",Unfall 245060 (2019) Kat:3, Licht: 0,245060,3,7,6,07,13,3,0,0,0,1,1,0,0,0
"POINT (6.754524306000064 51.213926635000064)",Unfall 245065 (2019) Kat:3, Licht: 0,245065,3,5,1,07,10,3,0,0,1,1,0,0,0,0
"POINT (6.812989859000027 51.242476547000081)",Unfall 245072 (2019) Kat:3, Licht: 0,245072,3,7,0,07,16,3,0,0,0,0,0,1,0,0
"POINT (6.847920289000058 51.196862893000059)",Unfall 245079 (2019) Kat:3, Licht: 0,245079,3,7,0,07,15,7,0,0,0,0,0,0,0,1
"POINT (6.811904294000044 51.227442058000065)",Unfall 245080 (2019) Kat:3, Licht: 0,245080,3,6,3,07,13,7,0,0,0,1,0,0,0,1
"POINT (6.789306957000065 51.221700715000054)",Unfall 245081 (2019) Kat:3, Licht: 0,245081,3,6,3,07,20,7,1,0,1,1,0,0,0,0
"POINT (6.783857683000065 51.218878852000046)",Unfall 245082 (2019) Kat:3, Licht: 0,245082,3,6,2,07,11,7,0,0,0,1,0,0,0,0
"POINT (6.821626441000035 51.255197973000065)",Unfall 245090 (2019) Kat:3, Licht: 0,245090,3,3,1,07,15,3,0,0,0,1,0,0,0,0
"POINT (6.790592717000038 51.228218834000074)",Unfall 245104 (2019) Kat:3, Licht: 0,245104,3,6,0,07,12,3,0,0,0,1,0,0,0,0
"POINT (6.798206773000061 51.220476843000029)",Unfall 245117 (2019) Kat:3, Licht: 0,245117,3,3,5,07,07,3,0,0,0,1,0,0,1,0
"POINT (6.859496053000044 51.183644919000074)",Unfall 245197 (2019) Kat:3, Licht: 1,245197,3,3,5,07,20,6,1,1,0,1,0,0,0,0
"POINT (6.844172056000048 51.208043247000035)",Unfall 245198 (2019) Kat:3, Licht: 0,245198,3,6,0,07,18,6,0,0,1,1,0,0,0,0
"POINT (6.788715272000047 51.198977276000051)",Unfall 245199 (2019) Kat:3, Licht: 0,245199,3,3,5,07,14,6,0,0,1,1,0,0,0,0
"POINT (6.769218420000073 51.194894880000049)",Unfall 245201 (2019) Kat:3, Licht: 0,245201,3,4,6,07,11,6,0,0,1,0,1,0,0,0
"POINT (6.796856860000048 51.225114572000052)",Unfall 245202 (2019) Kat:3, Licht: 0,245202,3,7,0,07,16,6,0,0,1,1,0,0,0,0
"POINT (6.876778948000037 51.161137682000060)",Unfall 245277 (2019) Kat:3, Licht: 0,245277,3,2,5,07,20,5,0,0,0,1,0,0,0,1
"POINT (6.766718396000044 51.245904040000028)",Unfall 245278 (2019) Kat:2, Licht: 2,245278,2,1,0,07,21,5,0,2,0,0,0,1,0,0
"POINT (6.800074666000057 51.243667184000060)",Unfall 245279 (2019) Kat:3, Licht: 0,245279,3,6,2,07,18,5,0,0,0,1,0,0,0,0
"POINT (6.767887624000025 51.279557832000080)",Unfall 245280 (2019) Kat:3, Licht: 0,245280,3,7,6,07,12,5,0,0,0,1,1,0,0,0
"POINT (6.819423832000041 51.235433415000045)",Unfall 245281 (2019) Kat:3, Licht: 0,245281,3,7,5,07,08,5,0,0,0,1,0,1,0,0
"POINT (6.854580076000048 51.213054384000031)",Unfall 245320 (2019) Kat:3, Licht: 0,245320,3,7,0,07,13,7,0,0,0,0,0,1,0,0
"POINT (6.789834663000022 51.199924327000076)",Unfall 245330 (2019) Kat:2, Licht: 0,245330,2,6,1,07,12,7,0,0,0,1,0,0,0,0
"POINT (6.761428818000070 51.222866773000078)",Unfall 245335 (2019) Kat:3, Licht: 1,245335,3,6,4,07,05,7,0,1,1,0,0,0,0,0
"POINT (6.720648648000065 51.237307942000029)",Unfall 245342 (2019) Kat:3, Licht: 0,245342,3,6,3,07,15,7,0,0,1,1,0,0,0,0
"POINT (6.789049070000033 51.250371289000043)",Unfall 245365 (2019) Kat:3, Licht: 0,245365,3,2,5,07,09,4,0,0,1,1,0,0,0,0
"POINT (6.788995352000029 51.288390756000069)",Unfall 245366 (2019) Kat:3, Licht: 0,245366,3,7,1,07,17,4,0,0,0,1,0,1,0,0
"POINT (6.783726917000024 51.279690464000055)",Unfall 245367 (2019) Kat:3, Licht: 0,245367,3,3,5,07,18,4,0,0,1,1,0,0,0,0
"POINT (6.807984634000036 51.225685097000053)",Unfall 245368 (2019) Kat:2, Licht: 0,245368,2,7,5,07,17,4,0,0,1,1,0,0,0,0
"POINT (6.781004169000028 51.202493480000044)",Unfall 245480 (2019) Kat:3, Licht: 2,245480,3,2,6,07,23,4,0,2,0,0,1,0,0,1
"POINT (6.772995576000028 51.210697814000071)",Unfall 245481 (2019) Kat:3, Licht: 0,245481,3,7,0,07,15,4,0,0,0,1,0,1,0,0
"POINT (6.766620826000064 51.210967240000059)",Unfall 245482 (2019) Kat:3, Licht: 0,245482,3,6,3,07,12,4,0,0,0,1,0,1,0,0
"POINT (6.797345198000073 51.270244172000048)",Unfall 245483 (2019) Kat:3, Licht: 0,245483,3,4,6,07,18,4,0,0,0,1,1,0,0,0
"POINT (6.814144380000073 51.193607801000041)",Unfall 245538 (2019) Kat:3, Licht: 0,245538,3,3,5,07,09,3,0,0,1,1,0,0,0,0
"POINT (6.880833564000056 51.151361785000063)",Unfall 245539 (2019) Kat:3, Licht: 0,245539,3,3,5,07,16,3,0,0,1,1,0,0,0,0
"POINT (6.798382381000067 51.223596394000026)",Unfall 245540 (2019) Kat:2, Licht: 0,245540,2,1,0,07,07,3,0,0,1,0,0,0,0,0
"POINT (6.797195843000054 51.241910627000038)",Unfall 245541 (2019) Kat:3, Licht: 0,245541,3,7,6,07,19,3,0,0,1,0,1,0,0,0
"POINT (6.789900114000034 51.235390450000068)",Unfall 245542 (2019) Kat:3, Licht: 0,245542,3,5,0,07,16,3,0,0,1,1,0,0,0,0
"POINT (6.783934699000042 51.233337826000081)",Unfall 245543 (2019) Kat:3, Licht: 0,245543,3,1,0,07,16,3,0,0,0,0,0,0,0,1
"POINT (6.782968131000075 51.270849868000028)",Unfall 245544 (2019) Kat:3, Licht: 0,245544,3,1,1,07,13,3,0,0,0,1,0,0,0,0
"POINT (6.859891565000055 51.227180191000059)",Unfall 245606 (2019) Kat:2, Licht: 0,245606,2,6,4,07,18,2,0,0,1,1,0,0,0,0
"POINT (6.791805502000045 51.222046920000082)",Unfall 245607 (2019) Kat:3, Licht: 0,245607,3,3,5,07,16,2,0,0,0,1,0,0,0,0
"POINT (6.787255532000074 51.228663625000081)",Unfall 245608 (2019) Kat:2, Licht: 0,245608,2,5,1,07,12,2,0,0,1,1,0,0,0,0
"POINT (6.836391087000038 51.197181934000071)",Unfall 245653 (2019) Kat:3, Licht: 0,245653,3,3,5,07,17,1,1,0,0,1,0,1,0,0
"POINT (6.797706801000061 51.223627623000027)",Unfall 245654 (2019) Kat:3, Licht: 2,245654,3,6,3,07,01,1,0,2,0,1,0,1,0,0
"POINT (6.788442009000050 51.268046678000076)",Unfall 245677 (2019) Kat:3, Licht: 2,245677,3,5,6,08,23,2,0,2,0,1,1,0,0,0
"POINT (6.787878082000020 51.332353011000066)",Unfall 245678 (2019) Kat:3, Licht: 0,245678,3,2,5,08,08,2,0,0,1,1,0,0,0,0
"POINT (6.791262336000045 51.231229206000080)",Unfall 245721 (2019) Kat:3, Licht: 2,245721,3,2,5,08,22,1,0,2,1,1,0,0,0,0
"POINT (6.821804573000065 51.245623222000063)",Unfall 245722 (2019) Kat:3, Licht: 2,245722,3,2,3,08,22,1,0,2,1,1,0,0,0,0
"POINT (6.780341455000041 51.218857588000049)",Unfall 245773 (2019) Kat:2, Licht: 0,245773,2,7,5,08,16,7,0,0,0,1,0,0,0,1
"POINT (6.798995076000040 51.223572658000080)",Unfall 245774 (2019) Kat:3, Licht: 0,245774,3,7,0,08,19,7,0,0,1,0,0,0,0,0
"POINT (6.796531446000074 51.233797560000028)",Unfall 245775 (2019) Kat:3, Licht: 0,245775,3,5,1,08,17,7,0,0,0,1,0,0,0,0
"POINT (6.762569125000027 51.263393466000082)",Unfall 245776 (2019) Kat:3, Licht: 0,245776,3,3,5,08,16,7,0,0,0,1,0,1,0,0
"POINT (6.742681306000065 51.212064161000058)",Unfall 245828 (2019) Kat:2, Licht: 1,245828,2,1,8,08,19,6,1,1,0,0,0,1,0,0
"POINT (6.777489464000041 51.204233500000043)",Unfall 245829 (2019) Kat:3, Licht: 0,245829,3,6,3,08,07,6,0,0,1,0,0,0,0,1
"POINT (6.792301020000025 51.238282762000040)",Unfall 245830 (2019) Kat:3, Licht: 2,245830,3,5,1,08,22,6,1,2,0,1,0,0,0,0
"POINT (6.772156005000056 51.243444009000029)",Unfall 245831 (2019) Kat:3, Licht: 2,245831,3,6,2,08,00,6,0,2,0,1,0,0,0,0
"POINT (6.823646367000038 51.229989621000072)",Unfall 245832 (2019) Kat:3, Licht: 0,245832,3,3,5,08,17,6,0,0,0,1,0,0,0,0
"POINT (6.788487470000064 51.225987754000073)",Unfall 245833 (2019) Kat:3, Licht: 0,245833,3,7,8,08,19,6,1,0,0,1,0,0,0,0
"POINT (6.776888964000023 51.218375119000029)",Unfall 245906 (2019) Kat:3, Licht: 0,245906,3,6,3,08,10,2,0,0,0,1,0,0,1,0
"POINT (6.894899715000065 51.151645565000081)",Unfall 245915 (2019) Kat:3, Licht: 0,245915,3,7,9,08,15,2,0,0,0,1,0,0,0,0
"POINT (6.759065312000075 51.212028488000044)",Unfall 245918 (2019) Kat:3, Licht: 0,245918,3,2,5,08,12,2,0,0,1,1,0,0,0,0
"POINT (6.864455923000037 51.162248165000051)",Unfall 245926 (2019) Kat:2, Licht: 0,245926,2,1,0,08,14,5,0,0,1,1,0,0,0,0
"POINT (6.793849205000072 51.229000678000034)",Unfall 245927 (2019) Kat:3, Licht: 2,245927,3,5,0,08,21,5,0,2,1,1,0,0,0,0
"POINT (6.786823083000058 51.226321740000060)",Unfall 245928 (2019) Kat:3, Licht: 0,245928,3,3,5,08,16,5,0,0,0,1,0,0,0,0
"POINT (6.831832975000054 51.205704667000077)",Unfall 245936 (2019) Kat:3, Licht: 2,245936,3,6,3,08,22,6,1,2,0,1,0,1,0,0
"POINT (6.874498651000067 51.160985785000037)",Unfall 245937 (2019) Kat:2, Licht: 0,245937,2,2,5,08,11,6,0,0,0,1,0,1,0,0
"POINT (6.876610497000058 51.153797405000034)",Unfall 245938 (2019) Kat:3, Licht: 0,245938,3,6,2,08,17,6,1,0,0,1,0,1,0,0
"POINT (6.777355813000042 51.208447557000056)",Unfall 245939 (2019) Kat:2, Licht: 0,245939,2,7,0,08,10,6,0,0,0,0,0,0,0,1
"POINT (6.746439797000051 51.270646263000060)",Unfall 245940 (2019) Kat:3, Licht: 0,245940,3,2,3,08,20,6,1,0,0,1,0,0,0,0
"POINT (6.875719549000053 51.160917737000034)",Unfall 245997 (2019) Kat:3, Licht: 0,245997,3,3,5,08,09,5,0,0,1,1,0,0,0,0
"POINT (6.779596804000050 51.209940904000064)",Unfall 245998 (2019) Kat:3, Licht: 0,245998,3,7,6,08,13,5,0,0,0,1,1,0,0,0
"POINT (6.782195852000029 51.240674053000077)",Unfall 245999 (2019) Kat:3, Licht: 2,245999,3,2,0,08,04,5,0,2,0,0,0,0,0,1
"POINT (6.744666408000057 51.273797864000073)",Unfall 246000 (2019) Kat:3, Licht: 0,246000,3,4,6,08,15,5,0,0,0,1,1,0,0,0
"POINT (6.786226023000040 51.337685804000046)",Unfall 246001 (2019) Kat:3, Licht: 0,246001,3,3,5,08,18,5,0,0,1,1,0,0,0,0
"POINT (6.787928243000067 51.266723045000049)",Unfall 246002 (2019) Kat:3, Licht: 0,246002,3,6,0,08,15,5,0,0,0,1,0,1,0,0
"POINT (6.791950531000055 51.243333557000028)",Unfall 246003 (2019) Kat:3, Licht: 0,246003,3,6,3,08,08,5,0,0,1,1,0,0,0,0
"POINT (6.733490854000024 51.235830335000060)",Unfall 246004 (2019) Kat:3, Licht: 0,246004,3,2,5,08,12,5,0,0,1,0,0,1,0,0
"POINT (6.789252317000035 51.220327421000036)",Unfall 246005 (2019) Kat:3, Licht: 0,246005,3,6,5,08,11,5,0,0,0,1,0,1,0,0
"POINT (6.770564937000074 51.225560866000080)",Unfall 246006 (2019) Kat:2, Licht: 0,246006,2,1,0,08,17,5,0,0,1,0,0,0,0,0
"POINT (6.772083718000033 51.223082382000030)",Unfall 246007 (2019) Kat:3, Licht: 0,246007,3,4,6,08,17,5,0,0,0,1,1,0,0,0
"POINT (6.789350816000024 51.227313517000027)",Unfall 246008 (2019) Kat:3, Licht: 0,246008,3,7,0,08,16,5,0,0,0,0,0,1,0,0
"POINT (6.764228240000023 51.247579706000067)",Unfall 246066 (2019) Kat:3, Licht: 0,246066,3,6,2,08,15,4,0,0,0,1,0,0,0,1
"POINT (6.834118500000045 51.174483630000054)",Unfall 246122 (2019) Kat:3, Licht: 0,246122,3,1,0,08,14,3,0,0,0,0,0,1,0,0
"POINT (6.806827950000070 51.225712917000067)",Unfall 246123 (2019) Kat:3, Licht: 0,246123,3,3,5,08,16,3,0,0,1,1,0,0,0,0
"POINT (6.786129492000043 51.224630917000070)",Unfall 246124 (2019) Kat:3, Licht: 0,246124,3,2,5,08,12,3,0,0,0,1,0,1,0,0
"POINT (6.838070197000036 51.214912822000031)",Unfall 246218 (2019) Kat:2, Licht: 0,246218,2,4,6,08,17,3,1,0,0,1,1,0,0,0
"POINT (6.823532414000056 51.217738856000040)",Unfall 246219 (2019) Kat:2, Licht: 0,246219,2,3,5,08,15,3,0,0,0,1,0,1,0,0
"POINT (6.708634455000038 51.230927053000073)",Unfall 246287 (2019) Kat:3, Licht: 0,246287,3,3,5,08,16,2,1,0,0,1,0,1,0,0
"POINT (6.790034603000038 51.222867367000049)",Unfall 246288 (2019) Kat:3, Licht: 1,246288,3,4,6,08,15,2,1,1,0,1,1,0,0,0
"POINT (6.810833368000033 51.219426904000045)",Unfall 246328 (2019) Kat:3, Licht: 0,246328,3,4,6,08,16,1,0,0,0,0,1,1,0,0
"POINT (6.763791521000030 51.214618388000076)",Unfall 246376 (2019) Kat:3, Licht: 0,246376,3,3,1,08,11,7,0,0,1,0,0,0,0,1
"POINT (6.775239579000072 51.210707334000062)",Unfall 246377 (2019) Kat:2, Licht: 2,246377,2,3,5,08,02,7,0,2,0,1,0,0,0,0
"POINT (6.778722204000076 51.215647676000060)",Unfall 246451 (2019) Kat:3, Licht: 2,246451,3,1,8,08,07,1,1,2,0,1,0,0,0,0
"POINT (6.783660131000033 51.218775844000049)",Unfall 246452 (2019) Kat:3, Licht: 0,246452,3,3,5,08,19,1,0,0,0,1,0,0,0,0
"POINT (6.776422244000059 51.207301139000037)",Unfall 246458 (2019) Kat:3, Licht: 0,246458,3,7,0,08,19,2,0,0,1,1,0,0,0,0
"POINT (6.802276767000024 51.210365072000059)",Unfall 246497 (2019) Kat:3, Licht: 0,246497,3,1,0,08,10,7,1,0,0,1,0,1,0,0
"POINT (6.771825057000058 51.236612124000033)",Unfall 246498 (2019) Kat:3, Licht: 0,246498,3,1,0,08,16,7,1,0,0,0,0,0,0,1
"POINT (6.793354422000050 51.236393995000071)",Unfall 246509 (2019) Kat:3, Licht: 0,246509,3,4,6,08,10,2,0,0,0,1,1,0,0,0
"POINT (6.779192198000033 51.237126114000034)",Unfall 246542 (2019) Kat:3, Licht: 0,246542,3,3,0,08,16,6,0,0,1,0,0,0,0,0
"POINT (6.711585130000060 51.241380949000074)",Unfall 246543 (2019) Kat:3, Licht: 2,246543,3,3,5,08,21,6,0,2,0,1,0,0,0,0
"POINT (6.793142763000049 51.221460603000025)",Unfall 246544 (2019) Kat:3, Licht: 0,246544,3,4,6,08,09,6,0,0,0,0,1,0,0,1
"POINT (6.867625722000071 51.185056286000076)",Unfall 246563 (2019) Kat:3, Licht: 0,246563,3,5,1,08,16,2,0,0,0,1,0,0,0,0
"POINT (6.762267973000064 51.251812031000043)",Unfall 246616 (2019) Kat:3, Licht: 0,246616,3,2,3,08,10,2,0,0,0,1,0,0,0,1
"POINT (6.774753900000064 51.215606459000071)",Unfall 246618 (2019) Kat:3, Licht: 0,246618,3,6,2,08,14,5,1,0,0,1,0,0,0,1
"POINT (6.832354888000054 51.211416978000045)",Unfall 246619 (2019) Kat:3, Licht: 0,246619,3,3,5,08,12,5,1,0,0,1,0,1,0,0
"POINT (6.759235424000053 51.207455779000043)",Unfall 246620 (2019) Kat:3, Licht: 2,246620,3,5,0,08,02,5,1,2,0,1,0,0,0,0
"POINT (6.806555662000051 51.257055659000059)",Unfall 246621 (2019) Kat:3, Licht: 0,246621,3,5,0,08,13,5,1,0,1,1,0,0,0,0
"POINT (6.783309558000042 51.241725148000057)",Unfall 246622 (2019) Kat:3, Licht: 0,246622,3,6,0,08,09,5,1,0,0,1,0,1,0,0
"POINT (6.791478411000071 51.221849691000045)",Unfall 246623 (2019) Kat:3, Licht: 0,246623,3,7,0,08,14,5,1,0,0,0,0,1,0,0
"POINT (6.812118912000074 51.198346718000039)",Unfall 246685 (2019) Kat:3, Licht: 0,246685,3,2,3,08,15,4,0,0,1,1,0,0,0,0
"POINT (6.750243911000041 51.314371061000031)",Unfall 246686 (2019) Kat:3, Licht: 2,246686,3,1,1,08,02,4,1,2,1,1,0,0,0,0
"POINT (6.787221670000065 51.228662939000060)",Unfall 246687 (2019) Kat:3, Licht: 0,246687,3,2,3,08,08,4,0,0,1,1,0,0,0,0
"POINT (6.777077704000021 51.223066990000063)",Unfall 246688 (2019) Kat:3, Licht: 0,246688,3,7,0,08,12,4,0,0,0,1,0,0,0,0
"POINT (6.761070908000022 51.216298598000037)",Unfall 246730 (2019) Kat:3, Licht: 0,246730,3,6,2,08,19,6,0,0,0,1,0,0,0,0
"POINT (6.850949108000066 51.204634750000082)",Unfall 246756 (2019) Kat:3, Licht: 0,246756,3,6,2,08,17,6,0,0,1,1,0,0,0,0
"POINT (6.825952714000039 51.186176965000072)",Unfall 246770 (2019) Kat:3, Licht: 0,246770,3,2,5,08,15,6,0,0,1,1,0,0,0,0
"POINT (6.832296321000058 51.177529568000068)",Unfall 246779 (2019) Kat:3, Licht: 0,246779,3,5,1,08,14,5,0,0,1,1,0,0,0,0
"POINT (6.861089472000060 51.170082453000077)",Unfall 246780 (2019) Kat:2, Licht: 0,246780,2,3,5,08,17,5,0,0,0,1,0,0,0,1
"POINT (6.901684292000027 51.140305636000051)",Unfall 246781 (2019) Kat:3, Licht: 0,246781,3,7,0,08,13,5,0,0,1,0,0,0,0,0
"POINT (6.834561568000027 51.170684198000060)",Unfall 246782 (2019) Kat:3, Licht: 0,246782,3,2,1,08,12,6,0,0,0,0,0,1,0,1
"POINT (6.780150425000045 51.219006415000081)",Unfall 246783 (2019) Kat:3, Licht: 0,246783,3,4,6,08,10,5,0,0,0,1,1,0,0,0
"POINT (6.794752516000074 51.263116793000052)",Unfall 246784 (2019) Kat:3, Licht: 0,246784,3,3,5,08,18,5,0,0,1,1,0,0,0,0
"POINT (6.777264740000021 51.264310836000050)",Unfall 246785 (2019) Kat:2, Licht: 0,246785,2,3,5,08,08,5,0,0,1,1,0,0,0,0
"POINT (6.778383723000047 51.242910967000057)",Unfall 246793 (2019) Kat:3, Licht: 2,246793,3,7,7,08,00,6,0,2,1,0,0,0,0,0
"POINT (6.812029035000023 51.264657843000066)",Unfall 246826 (2019) Kat:3, Licht: 0,246826,3,6,2,08,12,6,0,0,0,1,0,0,0,0
"POINT (6.753267182000059 51.238025901000071)",Unfall 246836 (2019) Kat:3, Licht: 0,246836,3,5,1,08,13,6,0,0,1,1,0,0,0,0
"POINT (6.754777290000050 51.227364414000078)",Unfall 246839 (2019) Kat:3, Licht: 0,246839,3,7,1,08,14,6,0,0,1,1,0,0,0,0
"POINT (6.776766543000065 51.214083570000071)",Unfall 246849 (2019) Kat:3, Licht: 0,246849,3,4,6,08,16,4,0,0,1,0,1,0,0,0
"POINT (6.778965462000031 51.215642683000056)",Unfall 246850 (2019) Kat:3, Licht: 0,246850,3,6,2,08,13,4,0,0,0,1,0,0,0,1
"POINT (6.779247642000030 51.221673069000076)",Unfall 246851 (2019) Kat:2, Licht: 0,246851,2,1,0,08,09,4,0,0,1,0,0,0,0,0
"POINT (6.775239579000072 51.210707334000062)",Unfall 246914 (2019) Kat:3, Licht: 2,246914,3,3,5,08,21,3,0,2,0,1,0,0,0,0
"POINT (6.761261341000022 51.215890412000078)",Unfall 246915 (2019) Kat:3, Licht: 0,246915,3,2,5,08,18,3,0,0,0,1,0,0,0,1
"POINT (6.757349738000073 51.207166314000062)",Unfall 247016 (2019) Kat:3, Licht: 0,247016,3,4,6,08,16,2,0,0,0,1,1,0,0,0
"POINT (6.782197329000042 51.240672542000027)",Unfall 247017 (2019) Kat:3, Licht: 0,247017,3,1,0,08,12,2,0,0,1,0,0,0,0,0
"POINT (6.782116603000077 51.268013897000060)",Unfall 247018 (2019) Kat:2, Licht: 0,247018,2,1,9,08,11,2,0,0,1,0,0,0,0,0
"POINT (6.784463534000054 51.237193998000066)",Unfall 247019 (2019) Kat:3, Licht: 0,247019,3,4,6,08,13,2,0,0,0,1,1,0,0,1
"POINT (6.790804603000026 51.219758208000030)",Unfall 247089 (2019) Kat:3, Licht: 1,247089,3,1,0,08,20,1,0,1,1,0,0,0,0,0
"POINT (6.802373996000029 51.175286154000048)",Unfall 247090 (2019) Kat:3, Licht: 0,247090,3,5,1,08,15,1,0,0,1,1,0,0,0,0
"POINT (6.779335750000030 51.223037376000036)",Unfall 247091 (2019) Kat:3, Licht: 1,247091,3,6,2,08,21,1,0,1,0,1,0,0,0,0
"POINT (6.779717470000037 51.195001807000040)",Unfall 247154 (2019) Kat:3, Licht: 0,247154,3,5,1,08,19,7,0,0,1,1,0,0,0,0
"POINT (6.782965392000051 51.211003871000059)",Unfall 247155 (2019) Kat:2, Licht: 0,247155,2,2,6,08,13,7,0,0,0,1,1,0,0,0
"POINT (6.782051779000028 51.198385004000045)",Unfall 247156 (2019) Kat:3, Licht: 0,247156,3,4,6,08,12,7,0,0,0,1,1,0,0,0
"POINT (6.850747841000043 51.231895757000075)",Unfall 247238 (2019) Kat:3, Licht: 0,247238,3,2,3,08,13,6,0,0,1,1,0,0,0,0
"POINT (6.763939357000027 51.247670269000082)",Unfall 247239 (2019) Kat:3, Licht: 0,247239,3,2,4,08,08,6,0,0,0,1,0,1,0,0
"POINT (6.798741736000068 51.242625383000075)",Unfall 247240 (2019) Kat:3, Licht: 0,247240,3,3,5,08,15,6,0,0,1,1,0,0,0,0
"POINT (6.737402917000054 51.241609427000071)",Unfall 247241 (2019) Kat:3, Licht: 0,247241,3,3,5,08,17,6,0,0,1,1,0,0,0,0
"POINT (6.758324166000023 51.238247550000040)",Unfall 247242 (2019) Kat:2, Licht: 0,247242,2,6,1,08,13,6,0,0,0,1,0,1,0,0
"POINT (6.776973073000022 51.206127434000052)",Unfall 247328 (2019) Kat:3, Licht: 0,247328,3,6,2,08,18,5,0,0,0,1,0,0,0,0
"POINT (6.766443347000063 51.200956393000070)",Unfall 247330 (2019) Kat:3, Licht: 0,247330,3,1,0,08,11,5,0,0,0,0,1,0,0,1
"POINT (6.775170129000060 51.210746775000075)",Unfall 247331 (2019) Kat:3, Licht: 1,247331,3,3,5,08,05,5,0,1,1,1,0,0,0,0
"POINT (6.790861563000021 51.228270299000030)",Unfall 247332 (2019) Kat:3, Licht: 0,247332,3,7,0,08,10,5,0,0,0,0,0,1,0,0
"POINT (6.753979815000037 51.210240130000045)",Unfall 247409 (2019) Kat:3, Licht: 0,247409,3,6,2,08,20,4,0,0,0,1,0,0,0,0
"POINT (6.863114630000041 51.179362790000027)",Unfall 247410 (2019) Kat:3, Licht: 0,247410,3,5,1,08,10,4,0,0,0,1,0,0,0,0
"POINT (6.822110987000031 51.184077706000039)",Unfall 247411 (2019) Kat:3, Licht: 0,247411,3,6,2,08,14,4,0,0,0,1,0,0,0,1
"POINT (6.812823054000035 51.263174848000062)",Unfall 247412 (2019) Kat:2, Licht: 0,247412,2,7,6,08,10,4,0,0,0,1,1,0,0,0
"POINT (6.792426255000066 51.224026398000035)",Unfall 247413 (2019) Kat:3, Licht: 0,247413,3,5,0,08,17,4,0,0,1,1,0,0,0,0
"POINT (6.778293155000029 51.218923518000054)",Unfall 247490 (2019) Kat:3, Licht: 0,247490,3,6,1,08,14,3,0,0,1,1,0,0,0,0
"POINT (6.789507872000058 51.249351445000059)",Unfall 247491 (2019) Kat:2, Licht: 0,247491,2,1,0,08,16,3,0,0,0,0,0,1,0,0
"POINT (6.785142613000062 51.280677037000032)",Unfall 247492 (2019) Kat:3, Licht: 0,247492,3,3,5,08,13,3,0,0,1,0,0,0,0,0
"POINT (6.794666661000065 51.214797404000080)",Unfall 247494 (2019) Kat:3, Licht: 0,247494,3,7,1,08,19,3,0,0,1,1,0,0,0,0
"POINT (6.744278421000047 51.234303745000034)",Unfall 247495 (2019) Kat:2, Licht: 0,247495,2,3,5,08,17,3,0,0,1,1,0,0,0,0
"POINT (6.798107062000042 51.225759075000042)",Unfall 247497 (2019) Kat:2, Licht: 0,247497,2,7,4,08,10,3,0,0,0,1,0,1,0,0
"POINT (6.824097614000038 51.181895429000065)",Unfall 247547 (2019) Kat:3, Licht: 0,247547,3,6,2,09,17,2,0,0,0,1,0,0,0,1
"POINT (6.777390488000037 51.208331913000052)",Unfall 247548 (2019) Kat:3, Licht: 0,247548,3,6,2,09,11,2,0,0,0,1,0,0,0,0
"POINT (6.799964390000071 51.301416140000072)",Unfall 247549 (2019) Kat:2, Licht: 0,247549,2,6,4,09,15,2,0,0,0,1,0,0,0,0
"POINT (6.751846082000043 51.265505548000078)",Unfall 247550 (2019) Kat:3, Licht: 0,247550,3,3,5,09,18,2,0,0,0,1,0,0,0,0
"POINT (6.814688549000039 51.227851485000031)",Unfall 247551 (2019) Kat:3, Licht: 0,247551,3,3,5,09,07,2,0,0,1,1,0,0,0,0
"POINT (6.790201196000055 51.218480292000038)",Unfall 247552 (2019) Kat:2, Licht: 0,247552,2,7,0,09,16,2,0,0,1,0,0,0,0,0
"POINT (6.810768142000029 51.204473420000056)",Unfall 247607 (2019) Kat:3, Licht: 0,247607,3,6,3,09,15,1,0,0,0,1,0,0,0,0
"POINT (6.746818124000072 51.270080454000038)",Unfall 247608 (2019) Kat:3, Licht: 0,247608,3,3,5,09,15,1,0,0,0,1,0,0,0,1
"POINT (6.864744704000032 51.177396901000066)",Unfall 247694 (2019) Kat:3, Licht: 0,247694,3,2,2,08,11,7,0,0,0,1,0,0,0,0
"POINT (6.866099673000065 51.183534983000072)",Unfall 247695 (2019) Kat:3, Licht: 0,247695,3,3,5,08,19,7,0,0,1,1,0,0,0,0
"POINT (6.859175310000069 51.178988005000065)",Unfall 247696 (2019) Kat:3, Licht: 0,247696,3,2,5,08,19,7,0,0,1,1,0,0,0,0