WKT,Name,OBJECTID,UKATEGORIE,UTYP1,UART,UMONAT,USTUNDE,UWOCHENTAG,STRZUSTAND,ULICHTVERH,ISTRAD,ISTPKW,ISTFUSS,ISTKRAD,ISTGKFZ,ISTSONSTIG
"POINT (6.768200915000023 51.219057339000074)",Unfall 247697 (2019) Kat:2, Licht: 0,247697,2,7,0,08,16,7,0,0,0,0,0,0,0,1
"POINT (6.862138132000041 51.180081745000052)",Unfall 247698 (2019) Kat:3, Licht: 0,247698,3,6,4,08,10,7,0,0,1,0,0,0,0,0
"POINT (6.795735434000051 51.224511665000080)",Unfall 247699 (2019) Kat:2, Licht: 2,247699,2,4,6,08,22,7,0,2,0,1,1,0,0,0
"POINT (6.808663663000061 51.210563752000041)",Unfall 247700 (2019) Kat:3, Licht: 0,247700,3,3,5,08,15,7,0,0,0,1,0,0,0,1
"POINT (6.772771377000026 51.220111105000058)",Unfall 247701 (2019) Kat:2, Licht: 0,247701,2,3,0,08,09,7,0,0,1,1,0,0,0,0
"POINT (6.854155107000054 51.177088401000049)",Unfall 247777 (2019) Kat:3, Licht: 0,247777,3,7,5,09,16,6,0,0,1,1,0,0,0,0
"POINT (6.799035202000027 51.226389786000027)",Unfall 247778 (2019) Kat:2, Licht: 2,247778,2,1,0,09,23,6,0,2,0,0,0,0,0,1
"POINT (6.782274306000033 51.242258868000079)",Unfall 247779 (2019) Kat:3, Licht: 0,247779,3,6,3,09,15,3,0,0,1,1,0,0,0,0
"POINT (6.793651034000050 51.228954423000062)",Unfall 247780 (2019) Kat:3, Licht: 2,247780,3,2,4,09,00,6,0,2,0,1,0,1,0,0
"POINT (6.882450154000026 51.158420898000031)",Unfall 247854 (2019) Kat:3, Licht: 0,247854,3,6,8,09,14,5,0,0,0,1,0,0,0,0
"POINT (6.873112544000037 51.195005944000059)",Unfall 247855 (2019) Kat:3, Licht: 0,247855,3,6,6,09,13,5,1,0,0,0,1,0,0,1
"POINT (6.777044492000073 51.207943883000041)",Unfall 247923 (2019) Kat:3, Licht: 0,247923,3,6,0,09,18,4,1,0,0,1,0,1,0,0
"POINT (6.832307274000073 51.215504323000062)",Unfall 247924 (2019) Kat:3, Licht: 0,247924,3,3,5,09,09,4,0,0,1,1,0,0,0,0
"POINT (6.781956524000066 51.218948495000063)",Unfall 247925 (2019) Kat:3, Licht: 0,247925,3,1,0,09,11,4,0,0,0,0,0,1,0,0
"POINT (6.740212567000071 51.302054128000066)",Unfall 247926 (2019) Kat:3, Licht: 0,247926,3,6,4,09,16,4,1,0,1,1,0,0,0,0
"POINT (6.753124904000060 51.227695070000038)",Unfall 247927 (2019) Kat:3, Licht: 0,247927,3,2,3,09,17,4,1,0,1,1,0,0,0,0
"POINT (6.727730288000032 51.238612802000034)",Unfall 247928 (2019) Kat:3, Licht: 0,247928,3,3,5,09,15,4,0,0,1,0,0,0,0,1
"POINT (6.881605409000031 51.172274239000046)",Unfall 247970 (2019) Kat:3, Licht: 0,247970,3,2,5,09,14,3,0,0,1,1,0,0,0,0
"POINT (6.828743133000046 51.215956698000070)",Unfall 247974 (2019) Kat:3, Licht: 0,247974,3,2,5,09,09,3,0,0,1,1,0,0,0,0
"POINT (6.792872178000039 51.228974779000055)",Unfall 247980 (2019) Kat:3, Licht: 0,247980,3,2,5,09,07,3,0,0,1,0,0,0,0,1
"POINT (6.788955367000028 51.232172173000038)",Unfall 247986 (2019) Kat:3, Licht: 0,247986,3,6,2,09,08,3,0,0,0,1,0,1,0,0
"POINT (6.813740152000037 51.194904060000056)",Unfall 248011 (2019) Kat:3, Licht: 0,248011,3,2,0,09,07,3,0,0,1,1,0,0,0,0
"POINT (6.747285580000039 51.213066188000028)",Unfall 248053 (2019) Kat:3, Licht: 0,248053,3,1,2,09,15,3,0,0,0,1,0,1,0,0
"POINT (6.826528993000068 51.197388936000038)",Unfall 248054 (2019) Kat:3, Licht: 0,248054,3,3,5,09,08,3,0,0,0,1,0,0,0,0
"POINT (6.871615661000021 51.224937546000035)",Unfall 248055 (2019) Kat:3, Licht: 0,248055,3,7,6,09,14,3,0,0,0,1,1,0,0,0
"POINT (6.913244115000055 51.132347434000053)",Unfall 248116 (2019) Kat:3, Licht: 0,248116,3,3,5,09,16,2,0,0,1,1,0,0,0,0
"POINT (6.766458816000068 51.214437231000034)",Unfall 248117 (2019) Kat:3, Licht: 0,248117,3,3,5,09,13,2,0,0,1,1,0,0,0,0
"POINT (6.826472191000050 51.241133154000067)",Unfall 248118 (2019) Kat:3, Licht: 0,248118,3,7,6,09,12,2,0,0,0,0,1,0,0,1
"POINT (6.794818476000046 51.222545501000070)",Unfall 248119 (2019) Kat:3, Licht: 2,248119,3,7,0,09,23,2,0,2,1,0,0,0,0,0
"POINT (6.771698446000073 51.226899692000075)",Unfall 248120 (2019) Kat:3, Licht: 0,248120,3,7,4,09,10,2,0,0,1,0,0,0,0,1
"POINT (6.807986693000032 51.208613772000035)",Unfall 248121 (2019) Kat:3, Licht: 2,248121,3,7,1,09,03,2,0,2,0,1,0,0,0,0
"POINT (6.794979991000048 51.217236146000062)",Unfall 248160 (2019) Kat:3, Licht: 0,248160,3,4,6,09,17,1,0,0,0,1,1,0,0,0
"POINT (6.830970172000036 51.176773783000044)",Unfall 248294 (2019) Kat:3, Licht: 0,248294,3,3,5,09,14,6,0,0,0,1,0,0,0,1
"POINT (6.780803049000042 51.202049134000049)",Unfall 248295 (2019) Kat:2, Licht: 0,248295,2,5,1,09,11,6,1,0,1,0,0,0,0,1
"POINT (6.724458878000064 51.279417847000047)",Unfall 248296 (2019) Kat:3, Licht: 0,248296,3,5,1,09,19,6,0,0,0,1,0,0,0,0
"POINT (6.781341155000064 51.235996573000079)",Unfall 248297 (2019) Kat:2, Licht: 0,248297,2,4,6,09,16,6,0,0,0,1,1,0,0,0
"POINT (6.767434480000077 51.220512574000054)",Unfall 248298 (2019) Kat:2, Licht: 0,248298,2,7,0,09,19,6,0,0,0,0,0,0,0,1
"POINT (6.759791407000023 51.232190096000068)",Unfall 248383 (2019) Kat:3, Licht: 0,248383,3,6,6,09,11,5,0,0,1,0,1,0,0,0
"POINT (6.833481478000067 51.220804443000077)",Unfall 248385 (2019) Kat:2, Licht: 0,248385,2,2,3,09,11,5,0,0,0,1,0,0,0,1
"POINT (6.780058256000075 51.244726578000041)",Unfall 248386 (2019) Kat:3, Licht: 0,248386,3,2,6,09,18,5,0,0,1,0,1,0,0,0
"POINT (6.796614081000030 51.227110948000075)",Unfall 248387 (2019) Kat:3, Licht: 0,248387,3,2,3,09,13,5,0,0,1,1,0,0,0,0
"POINT (6.778368072000035 51.220056119000049)",Unfall 248388 (2019) Kat:3, Licht: 2,248388,3,2,3,09,22,5,0,2,1,1,0,0,0,0
"POINT (6.797798124000053 51.225585359000036)",Unfall 248475 (2019) Kat:3, Licht: 0,248475,3,3,5,09,12,4,0,0,0,1,0,1,0,0
"POINT (6.825673812000048 51.194387129000063)",Unfall 248546 (2019) Kat:3, Licht: 0,248546,3,2,5,09,07,4,0,0,1,1,0,0,0,0
"POINT (6.780620274000057 51.195937545000049)",Unfall 248558 (2019) Kat:3, Licht: 0,248558,3,5,1,09,08,4,0,0,0,1,0,0,0,0
"POINT (6.868361492000076 51.147107173000052)",Unfall 248570 (2019) Kat:3, Licht: 2,248570,3,3,5,09,22,4,0,2,1,1,0,0,0,0
"POINT (6.812819490000038 51.196287481000070)",Unfall 248625 (2019) Kat:3, Licht: 1,248625,3,3,5,09,06,2,0,1,1,1,0,0,0,0
"POINT (6.838737520000052 51.207892447000063)",Unfall 248626 (2019) Kat:3, Licht: 0,248626,3,5,1,09,09,2,0,0,0,1,0,0,0,1
"POINT (6.795890461000056 51.211057807000032)",Unfall 248627 (2019) Kat:3, Licht: 0,248627,3,2,5,09,17,2,1,0,1,1,0,0,0,0
"POINT (6.716549550000025 51.226265599000044)",Unfall 248628 (2019) Kat:3, Licht: 0,248628,3,3,5,09,13,2,0,0,0,1,0,0,0,0
"POINT (6.780284799000071 51.204716428000040)",Unfall 248636 (2019) Kat:2, Licht: 0,248636,2,5,1,09,12,4,0,0,1,1,0,0,0,1
"POINT (6.808449000000053 51.208251497000049)",Unfall 248691 (2019) Kat:3, Licht: 0,248691,3,6,2,09,19,1,0,0,0,1,0,0,0,0
"POINT (6.861284992000037 51.188961935000066)",Unfall 248693 (2019) Kat:2, Licht: 0,248693,2,3,5,09,15,1,0,0,0,1,0,0,0,0
"POINT (6.780343126000048 51.218857549000063)",Unfall 248746 (2019) Kat:3, Licht: 0,248746,3,2,4,09,13,4,0,0,0,1,0,0,0,1
"POINT (6.789993036000055 51.233795616000066)",Unfall 248757 (2019) Kat:3, Licht: 0,248757,3,2,4,09,11,7,0,0,1,1,0,0,0,0
"POINT (6.846155039000053 51.228931848000059)",Unfall 248758 (2019) Kat:3, Licht: 0,248758,3,6,3,09,09,7,0,0,0,1,0,0,0,0
"POINT (6.798431724000068 51.236098591000030)",Unfall 248759 (2019) Kat:2, Licht: 2,248759,2,1,0,09,20,7,0,2,1,0,0,0,0,0
"POINT (6.795699222000053 51.224483772000042)",Unfall 248760 (2019) Kat:3, Licht: 0,248760,3,6,0,09,12,7,0,0,0,1,0,1,0,0
"POINT (6.779766353000071 51.205763276000027)",Unfall 248777 (2019) Kat:3, Licht: 0,248777,3,2,4,09,07,4,0,0,1,0,0,0,0,1
"POINT (6.769593913000051 51.206254691000026)",Unfall 248837 (2019) Kat:3, Licht: 0,248837,3,5,1,09,18,6,0,0,0,1,0,0,0,0
"POINT (6.845989216000021 51.165603712000063)",Unfall 248838 (2019) Kat:3, Licht: 0,248838,3,2,5,09,15,6,0,0,1,1,0,0,0,0
"POINT (6.762934780000023 51.210638455000037)",Unfall 248839 (2019) Kat:2, Licht: 0,248839,2,1,0,09,16,6,0,0,1,0,0,0,0,0
"POINT (6.776886887000046 51.210777115000042)",Unfall 248840 (2019) Kat:3, Licht: 0,248840,3,4,6,09,13,6,0,0,0,1,1,0,0,0
"POINT (6.866151004000074 51.175838181000074)",Unfall 248841 (2019) Kat:3, Licht: 0,248841,3,6,2,09,13,6,0,0,0,1,0,1,0,0
"POINT (6.832046398000045 51.174884982000037)",Unfall 248842 (2019) Kat:3, Licht: 0,248842,3,5,0,09,11,6,0,0,0,0,1,0,0,1
"POINT (6.881022541000050 51.155834181000046)",Unfall 248843 (2019) Kat:3, Licht: 0,248843,3,6,4,09,17,6,0,0,1,0,0,0,0,0
"POINT (6.809271422000052 51.222987393000039)",Unfall 248844 (2019) Kat:3, Licht: 0,248844,3,3,5,09,16,6,0,0,1,1,0,0,0,0
"POINT (6.869735594000076 51.164398784000070)",Unfall 248946 (2019) Kat:3, Licht: 0,248946,3,7,2,09,09,5,0,0,0,1,0,0,0,0
"POINT (6.812651842000037 51.219247819000032)",Unfall 248947 (2019) Kat:3, Licht: 0,248947,3,2,5,09,15,5,0,0,1,1,0,0,0,0
"POINT (6.793241125000066 51.238383775000045)",Unfall 248948 (2019) Kat:3, Licht: 0,248948,3,2,5,09,17,5,0,0,1,0,0,0,0,1
"POINT (6.824981855000033 51.225586758000077)",Unfall 248949 (2019) Kat:2, Licht: 0,248949,2,7,5,09,09,5,0,0,0,1,0,1,0,0
"POINT (6.762450813000044 51.222010165000029)",Unfall 248950 (2019) Kat:3, Licht: 0,248950,3,7,0,09,14,5,0,0,1,0,0,0,0,0
"POINT (6.707579179000049 51.231469873000037)",Unfall 248951 (2019) Kat:2, Licht: 0,248951,2,4,6,09,07,5,0,0,0,1,1,0,0,0
"POINT (6.842998790000024 51.206508242000041)",Unfall 249050 (2019) Kat:2, Licht: 0,249050,2,2,6,09,12,3,0,0,0,0,1,0,0,1
"POINT (6.780696931000023 51.210795708000035)",Unfall 249051 (2019) Kat:3, Licht: 0,249051,3,2,3,09,13,3,0,0,0,1,0,1,0,0
"POINT (6.766207381000072 51.278945279000027)",Unfall 249052 (2019) Kat:3, Licht: 1,249052,3,7,6,09,19,3,0,1,0,1,1,0,0,0
"POINT (6.790227009000034 51.243182413000056)",Unfall 249053 (2019) Kat:2, Licht: 0,249053,2,2,4,09,17,3,0,0,0,0,0,1,0,0
"POINT (6.788714904000074 51.218559888000073)",Unfall 249054 (2019) Kat:3, Licht: 2,249054,3,5,1,09,20,3,1,2,0,1,0,0,0,1
"POINT (6.787337732000026 51.247148284000048)",Unfall 249140 (2019) Kat:3, Licht: 0,249140,3,7,3,09,17,2,0,0,1,1,0,0,0,0
"POINT (6.781044511000061 51.239750163000053)",Unfall 249141 (2019) Kat:3, Licht: 0,249141,3,1,0,09,08,2,1,0,0,0,0,0,0,1
"POINT (6.711226327000077 51.231563234000078)",Unfall 249143 (2019) Kat:3, Licht: 0,249143,3,6,2,09,10,2,1,0,0,1,0,0,0,0
"POINT (6.754158191000045 51.201028984000061)",Unfall 249207 (2019) Kat:3, Licht: 0,249207,3,2,4,09,12,1,0,0,0,1,0,0,0,0
"POINT (6.814925536000033 51.193083622000074)",Unfall 249281 (2019) Kat:3, Licht: 0,249281,3,6,2,09,13,7,0,0,0,1,0,0,0,0
"POINT (6.806502922000050 51.264414983000052)",Unfall 249282 (2019) Kat:3, Licht: 2,249282,3,3,5,09,19,7,0,2,1,1,0,0,0,0
"POINT (6.787659481000048 51.338881726000068)",Unfall 249283 (2019) Kat:2, Licht: 0,249283,2,7,6,09,16,7,0,0,0,0,1,0,0,1
"POINT (6.787726496000062 51.250762461000079)",Unfall 249284 (2019) Kat:3, Licht: 0,249284,3,7,1,09,14,7,0,0,1,1,0,0,0,0
"POINT (6.762355795000076 51.248548414000027)",Unfall 249285 (2019) Kat:3, Licht: 0,249285,3,2,5,09,10,7,0,0,1,1,0,0,0,0
"POINT (6.775709826000025 51.243308636000052)",Unfall 249287 (2019) Kat:3, Licht: 0,249287,3,5,1,09,13,7,0,0,1,1,0,0,0,0
"POINT (6.771337211000059 51.236803639000073)",Unfall 249288 (2019) Kat:3, Licht: 1,249288,3,4,0,09,20,7,0,1,0,1,1,0,0,0
"POINT (6.740433055000040 51.231627695000043)",Unfall 249289 (2019) Kat:3, Licht: 2,249289,3,1,1,09,01,7,0,2,0,1,0,0,0,0
"POINT (6.795970357000044 51.216552869000054)",Unfall 249294 (2019) Kat:3, Licht: 0,249294,3,7,6,09,12,7,0,0,0,0,1,0,0,1
"POINT (6.825966199000050 51.195277809000061)",Unfall 249347 (2019) Kat:3, Licht: 0,249347,3,7,2,09,13,6,0,0,0,1,0,1,0,0
"POINT (6.775381220000043 51.215643049000050)",Unfall 249349 (2019) Kat:3, Licht: 2,249349,3,7,0,09,00,6,1,2,0,0,0,0,0,1
"POINT (6.796307550000051 51.243637369000055)",Unfall 249350 (2019) Kat:3, Licht: 0,249350,3,1,0,09,14,6,0,0,0,0,0,1,0,0
"POINT (6.777583212000025 51.225554527000043)",Unfall 249352 (2019) Kat:2, Licht: 2,249352,2,7,0,09,01,6,1,2,0,0,0,0,0,1
"POINT (6.833162349000077 51.205643833000067)",Unfall 249379 (2019) Kat:3, Licht: 1,249379,3,4,0,09,07,7,1,1,0,0,1,0,0,1
"POINT (6.758828888000039 51.226663316000042)",Unfall 249449 (2019) Kat:3, Licht: 2,249449,3,6,3,09,19,7,1,2,0,1,0,0,0,0
"POINT (6.775167980000049 51.210704209000028)",Unfall 249450 (2019) Kat:3, Licht: 2,249450,3,3,5,09,01,5,0,2,0,1,0,0,0,1
"POINT (6.849173883000049 51.206881983000073)",Unfall 249451 (2019) Kat:3, Licht: 0,249451,3,1,8,09,15,5,1,0,0,1,0,0,0,0
"POINT (6.885416707000047 51.162332168000034)",Unfall 249452 (2019) Kat:3, Licht: 0,249452,3,2,5,09,16,5,1,0,1,1,0,0,0,0
"POINT (6.758945647000076 51.237809250000055)",Unfall 249454 (2019) Kat:3, Licht: 0,249454,3,3,0,09,10,5,1,0,0,1,0,1,0,0
"POINT (6.791507151000076 51.228449461000082)",Unfall 249455 (2019) Kat:3, Licht: 2,249455,3,6,2,09,18,5,1,2,0,1,0,0,0,0
"POINT (6.779651513000033 51.215627275000031)",Unfall 249534 (2019) Kat:3, Licht: 0,249534,3,3,5,09,15,4,0,0,1,1,0,0,0,0
"POINT (6.875636230000055 51.161858516000052)",Unfall 249535 (2019) Kat:2, Licht: 0,249535,2,7,0,09,16,4,0,0,1,1,0,0,0,0
"POINT (6.742469135000022 51.303736384000047)",Unfall 249536 (2019) Kat:3, Licht: 0,249536,3,3,5,09,18,4,0,0,1,1,0,0,0,0
"POINT (6.786166594000065 51.253954137000051)",Unfall 249537 (2019) Kat:3, Licht: 2,249537,3,6,2,09,21,4,1,2,0,1,0,1,0,0
"POINT (6.815239003000045 51.243318428000066)",Unfall 249538 (2019) Kat:3, Licht: 0,249538,3,3,5,09,16,4,0,0,1,1,0,0,0,0
"POINT (6.797446035000064 51.252216343000043)",Unfall 249539 (2019) Kat:3, Licht: 0,249539,3,7,0,09,12,4,1,0,0,0,0,0,0,1
"POINT (6.790243838000038 51.220992416000058)",Unfall 249541 (2019) Kat:3, Licht: 0,249541,3,6,2,09,15,4,0,0,0,1,0,0,0,0
"POINT (6.801333986000032 51.230540765000057)",Unfall 249546 (2019) Kat:3, Licht: 0,249546,3,7,7,09,14,7,0,0,0,1,0,0,0,1
"POINT (6.862435147000042 51.180125462000035)",Unfall 249672 (2019) Kat:3, Licht: 0,249672,3,2,0,10,11,3,1,0,1,1,0,0,0,0
"POINT (6.787298839000073 51.216082443000062)",Unfall 249673 (2019) Kat:3, Licht: 1,249673,3,6,6,10,14,3,1,1,0,0,1,0,0,1
"POINT (6.786032003000059 51.201739860000032)",Unfall 249751 (2019) Kat:3, Licht: 0,249751,3,7,1,09,14,2,0,0,0,1,0,0,0,0
"POINT (6.773479645000066 51.283200989000079)",Unfall 249752 (2019) Kat:3, Licht: 0,249752,3,1,8,09,17,2,0,0,0,1,0,0,0,0
"POINT (6.771335736000026 51.218680675000030)",Unfall 249753 (2019) Kat:3, Licht: 2,249753,3,2,8,09,23,2,0,2,0,1,0,0,0,0
"POINT (6.736713666000071 51.278128433000063)",Unfall 249784 (2019) Kat:3, Licht: 2,249784,3,5,1,09,03,1,1,2,1,1,0,0,0,0
"POINT (6.885984342000029 51.176083017000053)",Unfall 249848 (2019) Kat:3, Licht: 0,249848,3,6,1,10,14,2,0,0,0,1,0,0,1,0
"POINT (6.825432499000044 51.271198101000039)",Unfall 249849 (2019) Kat:3, Licht: 0,249849,3,7,1,10,14,2,0,0,0,1,0,0,0,0
"POINT (6.775678022000022 51.218950849000066)",Unfall 249900 (2019) Kat:3, Licht: 2,249900,3,4,6,10,04,1,0,2,1,0,1,0,0,0
"POINT (6.819931304000022 51.185729813000080)",Unfall 249945 (2019) Kat:3, Licht: 1,249945,3,7,0,10,19,7,0,1,0,1,0,0,0,1
"POINT (6.758835249000072 51.212101288000042)",Unfall 249947 (2019) Kat:3, Licht: 0,249947,3,6,3,10,12,7,0,0,1,0,0,0,0,1
"POINT (6.841571907000059 51.214543128000059)",Unfall 249948 (2019) Kat:3, Licht: 2,249948,3,5,8,10,06,7,1,2,0,1,0,0,0,0
"POINT (6.777011659000038 51.218926874000033)",Unfall 249949 (2019) Kat:3, Licht: 2,249949,3,3,5,10,00,7,1,2,1,1,0,0,0,0
"POINT (6.784080404000065 51.237874565000027)",Unfall 249950 (2019) Kat:3, Licht: 0,249950,3,3,0,10,11,7,1,0,0,1,0,0,0,1
"POINT (6.826405378000061 51.171723391000057)",Unfall 250025 (2019) Kat:3, Licht: 0,250025,3,7,0,10,15,6,1,0,0,1,0,0,0,1
"POINT (6.777826053000069 51.207208527000034)",Unfall 250059 (2019) Kat:3, Licht: 1,250059,3,1,8,10,19,5,0,1,1,1,0,0,0,0
"POINT (6.892528807000076 51.151688797000077)",Unfall 250098 (2019) Kat:3, Licht: 0,250098,3,5,2,10,14,3,1,0,0,1,0,0,0,0
"POINT (6.776906264000047 51.205669497000031)",Unfall 250099 (2019) Kat:3, Licht: 0,250099,3,3,5,10,18,3,1,0,1,1,0,0,0,0
"POINT (6.760683926000070 51.216721523000047)",Unfall 250102 (2019) Kat:3, Licht: 0,250102,3,3,5,10,10,3,1,0,1,1,0,0,0,0
"POINT (6.842681086000027 51.188234345000069)",Unfall 250103 (2019) Kat:3, Licht: 2,250103,3,5,5,10,06,3,1,2,0,1,0,0,0,0
"POINT (6.789687198000024 51.211195152000073)",Unfall 250130 (2019) Kat:3, Licht: 2,250130,3,7,0,10,06,6,0,2,1,1,0,0,0,0
"POINT (6.820981300000028 51.184277873000042)",Unfall 250131 (2019) Kat:3, Licht: 0,250131,3,4,6,10,09,6,0,0,0,1,1,0,0,0
"POINT (6.796703877000027 51.219206885000062)",Unfall 250132 (2019) Kat:3, Licht: 0,250132,3,7,6,10,10,6,0,0,0,1,1,0,0,0
"POINT (6.764673775000063 51.216327725000042)",Unfall 250197 (2019) Kat:3, Licht: 0,250197,3,6,2,10,17,5,0,0,0,1,0,0,0,0
"POINT (6.777358510000056 51.244104038000046)",Unfall 250198 (2019) Kat:3, Licht: 0,250198,3,7,6,10,16,5,0,0,1,0,1,0,0,0
"POINT (6.826922712000055 51.221335153000041)",Unfall 250199 (2019) Kat:3, Licht: 2,250199,3,4,6,10,19,5,0,2,0,0,1,0,0,1
"POINT (6.767992802000038 51.276928531000067)",Unfall 250200 (2019) Kat:3, Licht: 0,250200,3,6,3,10,11,5,0,0,0,1,0,0,0,1
"POINT (6.824112545000048 51.251359065000031)",Unfall 250201 (2019) Kat:3, Licht: 0,250201,3,3,5,10,09,5,1,0,0,1,0,0,0,0
"POINT (6.793558544000064 51.236216138000032)",Unfall 250202 (2019) Kat:3, Licht: 0,250202,3,3,5,10,15,5,0,0,0,1,0,0,0,1
"POINT (6.829050772000073 51.209175271000049)",Unfall 250257 (2019) Kat:3, Licht: 0,250257,3,6,5,10,17,4,1,0,0,1,0,1,0,0
"POINT (6.751417479000054 51.265081237000061)",Unfall 250258 (2019) Kat:3, Licht: 0,250258,3,2,6,10,14,4,1,0,0,1,1,0,0,0
"POINT (6.786288891000027 51.253226020000056)",Unfall 250259 (2019) Kat:3, Licht: 0,250259,3,2,0,10,09,4,0,0,0,1,0,0,0,1
"POINT (6.786994357000026 51.239520321000043)",Unfall 250260 (2019) Kat:3, Licht: 0,250260,3,2,5,10,15,4,1,0,1,1,0,0,0,0
"POINT (6.795863401000077 51.224637993000044)",Unfall 250261 (2019) Kat:3, Licht: 0,250261,3,6,2,10,13,4,0,0,0,1,0,0,0,0
"POINT (6.809891574000062 51.220444555000029)",Unfall 250339 (2019) Kat:3, Licht: 0,250339,3,6,1,10,13,3,1,0,0,1,0,0,0,0
"POINT (6.757195387000024 51.215406785000027)",Unfall 250343 (2019) Kat:3, Licht: 2,250343,3,3,5,10,21,3,0,2,1,1,0,0,0,0
"POINT (6.795915650000040 51.211053289000063)",Unfall 250346 (2019) Kat:3, Licht: 2,250346,3,6,6,10,18,4,1,2,0,1,1,0,0,0
"POINT (6.775439070000061 51.219111580000060)",Unfall 250347 (2019) Kat:2, Licht: 0,250347,2,6,3,10,11,4,0,0,0,1,0,1,0,0
"POINT (6.751179005000040 51.230319174000044)",Unfall 250348 (2019) Kat:3, Licht: 0,250348,3,7,0,10,09,4,1,0,0,1,0,1,0,0
"POINT (6.814449777000050 51.222175383000035)",Unfall 250411 (2019) Kat:3, Licht: 2,250411,3,6,2,10,23,3,1,2,0,1,0,0,0,0
"POINT (6.748831333000055 51.259374578000063)",Unfall 250412 (2019) Kat:3, Licht: 2,250412,3,1,7,10,19,3,1,2,0,1,0,0,0,0
"POINT (6.816812818000074 51.214107381000076)",Unfall 250413 (2019) Kat:2, Licht: 2,250413,2,2,6,10,19,3,1,2,0,1,1,0,0,0
"POINT (6.816589502000056 51.231849931000056)",Unfall 250414 (2019) Kat:3, Licht: 0,250414,3,1,1,10,12,3,0,0,0,1,0,1,0,0
"POINT (6.762868634000029 51.273516509000046)",Unfall 250415 (2019) Kat:3, Licht: 0,250415,3,3,0,10,08,3,1,0,0,1,0,0,0,1
"POINT (6.802978973000052 51.216524520000064)",Unfall 250416 (2019) Kat:3, Licht: 0,250416,3,3,5,10,16,3,1,0,0,1,0,0,0,0
"POINT (6.782759416000033 51.210972568000045)",Unfall 250484 (2019) Kat:3, Licht: 0,250484,3,6,5,10,18,2,0,0,1,1,0,0,0,0
"POINT (6.765224822000050 51.211327955000058)",Unfall 250485 (2019) Kat:3, Licht: 0,250485,3,6,3,10,16,2,0,0,0,1,0,1,0,0
"POINT (6.737672822000036 51.198415930000067)",Unfall 250486 (2019) Kat:3, Licht: 0,250486,3,6,2,10,15,2,0,0,0,1,0,1,0,0
"POINT (6.760934200000065 51.311664342000029)",Unfall 250487 (2019) Kat:3, Licht: 0,250487,3,3,5,10,15,2,0,0,1,1,0,0,0,0
"POINT (6.783907583000030 51.212377636000042)",Unfall 250527 (2019) Kat:3, Licht: 0,250527,3,6,6,10,17,1,0,0,0,1,1,0,0,0
"POINT (6.773665599000026 51.223078907000058)",Unfall 250569 (2019) Kat:2, Licht: 2,250569,2,1,0,10,05,7,0,2,0,0,0,0,0,1
"POINT (6.721758404000070 51.242221105000056)",Unfall 250607 (2019) Kat:3, Licht: 1,250607,3,2,0,10,17,1,1,1,0,1,0,0,0,1
"POINT (6.743169995000073 51.255059577000054)",Unfall 250648 (2019) Kat:3, Licht: 2,250648,3,7,1,10,19,7,1,2,0,1,0,0,0,0
"POINT (6.786943477000023 51.243904279000049)",Unfall 250649 (2019) Kat:3, Licht: 0,250649,3,2,3,10,16,7,1,0,1,1,0,0,0,0
"POINT (6.806207550000067 51.229480471000045)",Unfall 250650 (2019) Kat:3, Licht: 0,250650,3,3,5,10,14,7,1,0,1,1,0,0,0,0
"POINT (6.757734200000073 51.250833936000049)",Unfall 250651 (2019) Kat:3, Licht: 0,250651,3,3,5,10,13,7,1,0,0,1,0,1,0,0
"POINT (6.827492330000041 51.267177729000082)",Unfall 250652 (2019) Kat:3, Licht: 0,250652,3,6,2,10,09,7,1,0,0,1,0,0,0,0
"POINT (6.758198300000061 51.215851974000032)",Unfall 250709 (2019) Kat:3, Licht: 0,250709,3,6,2,10,17,6,0,0,0,1,0,0,0,0
"POINT (6.789790319000076 51.199986616000047)",Unfall 250710 (2019) Kat:3, Licht: 0,250710,3,6,2,10,13,6,1,0,0,1,0,0,0,0
"POINT (6.782512623000059 51.208753898000055)",Unfall 250711 (2019) Kat:3, Licht: 0,250711,3,1,1,10,08,6,1,0,1,1,0,0,0,0
"POINT (6.793161367000039 51.221466300000031)",Unfall 250712 (2019) Kat:3, Licht: 0,250712,3,6,6,10,17,6,0,0,1,0,1,0,0,0
"POINT (6.764686401000063 51.249912893000044)",Unfall 250713 (2019) Kat:3, Licht: 2,250713,3,6,2,10,19,6,1,2,0,1,0,0,0,0
"POINT (6.818892683000058 51.261842946000058)",Unfall 250714 (2019) Kat:3, Licht: 0,250714,3,7,0,10,13,6,1,0,1,0,0,0,0,0
"POINT (6.750244385000030 51.271042964000060)",Unfall 250715 (2019) Kat:3, Licht: 0,250715,3,6,2,10,09,6,0,0,0,1,0,0,0,0
"POINT (6.733757728000057 51.266687588000082)",Unfall 250716 (2019) Kat:3, Licht: 0,250716,3,4,6,10,11,6,1,0,0,1,1,0,0,0
"POINT (6.780069858000047 51.253951735000044)",Unfall 250773 (2019) Kat:3, Licht: 0,250773,3,6,0,10,12,5,1,0,0,0,0,0,0,1