WKT,Name,OBJECTID,UKATEGORIE,UTYP1,UART,UMONAT,USTUNDE,UWOCHENTAG,STRZUSTAND,ULICHTVERH,ISTRAD,ISTPKW,ISTFUSS,ISTKRAD,ISTGKFZ,ISTSONSTIG
"POINT (6.746371995000061 51.238521049000042)",Unfall 250774 (2019) Kat:3, Licht: 0,250774,3,6,1,10,07,5,1,0,0,1,0,1,0,0
"POINT (6.792819511000062 51.211302448000026)",Unfall 250775 (2019) Kat:2, Licht: 0,250775,2,3,5,10,11,5,1,0,0,1,0,1,0,0
"POINT (6.875349853000046 51.151072996000039)",Unfall 250845 (2019) Kat:2, Licht: 0,250845,2,5,5,10,16,4,1,0,0,1,0,0,0,1
"POINT (6.844199796000055 51.188342154000054)",Unfall 250847 (2019) Kat:3, Licht: 0,250847,3,6,2,10,17,4,1,0,0,1,0,0,0,0
"POINT (6.831679164000036 51.205564544000026)",Unfall 250848 (2019) Kat:3, Licht: 0,250848,3,6,2,10,14,4,1,0,0,1,0,0,0,0
"POINT (6.776912631000073 51.209792055000037)",Unfall 250849 (2019) Kat:2, Licht: 0,250849,2,3,5,10,10,4,1,0,0,1,0,0,0,0
"POINT (6.782026201000065 51.242465143000061)",Unfall 250850 (2019) Kat:3, Licht: 0,250850,3,2,3,10,15,4,1,0,1,1,0,0,0,0
"POINT (6.787726776000056 51.220926123000027)",Unfall 250851 (2019) Kat:3, Licht: 2,250851,3,2,4,10,19,4,1,2,1,1,0,0,0,0
"POINT (6.813802961000022 51.194809678000070)",Unfall 250869 (2019) Kat:3, Licht: 0,250869,3,3,3,10,16,6,0,0,1,1,0,0,0,0
"POINT (6.819185701000038 51.186829505000048)",Unfall 250870 (2019) Kat:3, Licht: 0,250870,3,6,2,10,12,6,0,0,0,1,0,0,0,1
"POINT (6.840096846000051 51.204931434000059)",Unfall 250871 (2019) Kat:3, Licht: 0,250871,3,2,5,10,11,6,0,0,1,1,0,0,0,0
"POINT (6.762803971000039 51.221715063000033)",Unfall 250872 (2019) Kat:3, Licht: 2,250872,3,6,3,10,19,6,0,2,0,1,0,1,0,0
"POINT (6.792280182000070 51.217149730000074)",Unfall 250873 (2019) Kat:3, Licht: 0,250873,3,3,5,10,09,6,0,0,1,0,0,0,0,1
"POINT (6.832361444000071 51.176013514000033)",Unfall 250924 (2019) Kat:3, Licht: 2,250924,3,2,4,10,21,5,0,2,0,1,1,0,0,0
"POINT (6.860746731000063 51.234485693000067)",Unfall 250925 (2019) Kat:3, Licht: 0,250925,3,4,6,10,10,5,0,0,0,1,1,0,0,0
"POINT (6.739537950000056 51.300950011000054)",Unfall 250926 (2019) Kat:3, Licht: 0,250926,3,5,1,10,13,5,0,0,1,1,0,0,0,0
"POINT (6.741212583000049 51.321681135000063)",Unfall 250928 (2019) Kat:3, Licht: 0,250928,3,7,0,10,11,5,0,0,1,0,0,0,0,0
"POINT (6.859474382000030 51.185771211000031)",Unfall 250982 (2019) Kat:2, Licht: 2,250982,2,1,0,10,18,4,0,2,0,0,0,0,0,1
"POINT (6.873224202000074 51.170096498000078)",Unfall 250984 (2019) Kat:3, Licht: 0,250984,3,3,4,10,17,4,0,0,1,1,0,0,0,0
"POINT (6.827713336000045 51.207033760000058)",Unfall 251041 (2019) Kat:3, Licht: 0,251041,3,7,0,10,10,3,0,0,0,1,0,0,0,1
"POINT (6.812012937000077 51.198071207000055)",Unfall 251042 (2019) Kat:3, Licht: 0,251042,3,6,8,10,10,3,0,0,0,1,0,0,0,0
"POINT (6.773722545000055 51.251146999000071)",Unfall 251043 (2019) Kat:3, Licht: 2,251043,3,2,2,10,07,3,0,2,0,1,0,0,0,0
"POINT (6.817638186000067 51.189126417000068)",Unfall 251093 (2019) Kat:3, Licht: 0,251093,3,1,2,10,14,2,0,0,0,1,0,0,0,1
"POINT (6.817256600000064 51.189470209000035)",Unfall 251094 (2019) Kat:3, Licht: 0,251094,3,6,2,10,10,2,1,0,0,1,0,1,0,0
"POINT (6.890584110000020 51.147364800000048)",Unfall 251095 (2019) Kat:3, Licht: 0,251095,3,7,2,10,09,2,1,0,0,0,0,1,0,1
"POINT (6.837218265000047 51.213649705000080)",Unfall 251162 (2019) Kat:3, Licht: 2,251162,3,2,6,10,19,4,0,2,0,0,1,0,0,1
"POINT (6.897431561000076 51.142680096000049)",Unfall 251164 (2019) Kat:3, Licht: 0,251164,3,7,5,10,15,3,0,0,1,1,0,0,0,0
"POINT (6.841164183000046 51.165143662000048)",Unfall 251165 (2019) Kat:3, Licht: 0,251165,3,3,5,10,16,3,0,0,0,1,0,1,0,0
"POINT (6.815294679000033 51.197824122000043)",Unfall 251166 (2019) Kat:3, Licht: 0,251166,3,3,5,10,13,3,0,0,1,1,0,0,0,0
"POINT (6.831687037000052 51.206352080000045)",Unfall 251167 (2019) Kat:3, Licht: 0,251167,3,6,2,10,09,3,0,0,0,1,0,0,0,0
"POINT (6.871011969000051 51.176159114000029)",Unfall 251168 (2019) Kat:3, Licht: 0,251168,3,4,6,10,12,3,0,0,1,0,1,0,0,0
"POINT (6.726853050000045 51.244548962000067)",Unfall 251169 (2019) Kat:3, Licht: 0,251169,3,2,5,10,14,3,0,0,0,1,0,0,0,0
"POINT (6.786858284000061 51.227676581000026)",Unfall 251175 (2019) Kat:3, Licht: 0,251175,3,6,0,10,08,4,0,0,1,1,0,0,0,0
"POINT (6.822444276000056 51.238264548000075)",Unfall 251248 (2019) Kat:3, Licht: 0,251248,3,2,5,10,13,2,0,0,0,1,0,0,0,0
"POINT (6.799117192000040 51.230933156000049)",Unfall 251249 (2019) Kat:3, Licht: 0,251249,3,3,4,10,13,2,0,0,1,0,0,0,0,0
"POINT (6.773799390000022 51.204924219000077)",Unfall 251274 (2019) Kat:3, Licht: 0,251274,3,5,0,10,08,1,0,0,1,1,0,0,0,0
"POINT (6.824079969000024 51.213053547000072)",Unfall 251333 (2019) Kat:3, Licht: 2,251333,3,3,5,10,19,7,0,2,1,1,0,0,0,0
"POINT (6.767221462000066 51.213301432000037)",Unfall 251334 (2019) Kat:3, Licht: 0,251334,3,2,0,10,13,7,0,0,1,0,0,0,0,0
"POINT (6.827332988000023 51.241599243000053)",Unfall 251335 (2019) Kat:3, Licht: 2,251335,3,3,5,10,18,7,0,2,1,1,0,0,0,0
"POINT (6.837994045000073 51.214799743000071)",Unfall 251376 (2019) Kat:2, Licht: 2,251376,2,1,9,11,18,2,1,2,0,0,0,0,0,1
"POINT (6.781027949000077 51.201575174000027)",Unfall 251381 (2019) Kat:3, Licht: 0,251381,3,6,3,11,12,2,1,0,0,1,0,0,0,1
"POINT (6.776974151000047 51.218200880000040)",Unfall 251389 (2019) Kat:3, Licht: 2,251389,3,1,0,11,18,1,1,2,0,0,0,0,0,1
"POINT (6.873164528000075 51.211251258000061)",Unfall 251390 (2019) Kat:3, Licht: 2,251390,3,2,0,11,20,2,0,2,0,1,0,0,0,0
"POINT (6.856279242000028 51.234979812000063)",Unfall 251391 (2019) Kat:3, Licht: 2,251391,3,2,0,11,17,1,1,2,0,0,0,1,0,0
"POINT (6.801510855000061 51.250399024000046)",Unfall 251392 (2019) Kat:3, Licht: 2,251392,3,6,3,11,19,1,1,2,0,1,0,0,0,0
"POINT (6.806165754000062 51.213107274000038)",Unfall 251393 (2019) Kat:3, Licht: 2,251393,3,4,6,11,02,1,1,2,0,1,1,0,0,0
"POINT (6.827147135000075 51.235766289000026)",Unfall 251420 (2019) Kat:3, Licht: 2,251420,3,7,0,11,19,2,1,2,0,1,1,0,0,0
"POINT (6.777159284000049 51.207400833000065)",Unfall 251429 (2019) Kat:3, Licht: 0,251429,3,6,2,11,15,7,0,0,0,1,0,0,0,0
"POINT (6.779028874000062 51.262978315000055)",Unfall 251430 (2019) Kat:3, Licht: 0,251430,3,3,5,11,11,7,1,0,1,1,0,0,0,0
"POINT (6.813079780000066 51.262566530000072)",Unfall 251431 (2019) Kat:3, Licht: 0,251431,3,7,5,11,12,7,1,0,1,0,0,0,0,1
"POINT (6.802672575000031 51.227160322000032)",Unfall 251432 (2019) Kat:3, Licht: 0,251432,3,3,5,11,15,7,0,0,0,1,0,0,0,0
"POINT (6.800534581000022 51.223527532000048)",Unfall 251433 (2019) Kat:3, Licht: 0,251433,3,1,0,11,17,2,1,0,1,0,0,0,0,0
"POINT (6.728861542000061 51.245313988000078)",Unfall 251434 (2019) Kat:3, Licht: 2,251434,3,6,1,11,22,7,0,2,0,1,0,0,0,0
"POINT (6.794213223000043 51.276333776000058)",Unfall 251442 (2019) Kat:3, Licht: 0,251442,3,6,2,11,10,2,1,0,1,1,0,0,0,0
"POINT (6.812203049000061 51.225305766000076)",Unfall 251446 (2019) Kat:3, Licht: 0,251446,3,6,3,11,10,2,1,0,1,1,0,0,0,0
"POINT (6.802193369000065 51.215409777000048)",Unfall 251472 (2019) Kat:3, Licht: 2,251472,3,5,3,11,18,2,1,2,0,1,0,1,0,0
"POINT (6.812462381000046 51.197010657000078)",Unfall 251473 (2019) Kat:3, Licht: 0,251473,3,6,3,11,12,6,1,0,0,1,0,1,0,0
"POINT (6.805627428000037 51.215574945000071)",Unfall 251474 (2019) Kat:3, Licht: 2,251474,3,1,1,11,19,6,1,2,0,1,0,0,0,0
"POINT (6.788202162000061 51.219369502000063)",Unfall 251475 (2019) Kat:3, Licht: 2,251475,3,3,5,11,01,6,0,2,0,1,0,0,0,0
"POINT (6.797716302000026 51.223627192000038)",Unfall 251486 (2019) Kat:3, Licht: 0,251486,3,1,0,11,08,2,1,0,1,0,0,0,0,0
"POINT (6.823238978000063 51.189908040000034)",Unfall 251555 (2019) Kat:3, Licht: 0,251555,3,7,1,10,09,5,0,0,1,1,0,0,0,0
"POINT (6.775453834000075 51.218940214000042)",Unfall 251556 (2019) Kat:3, Licht: 0,251556,3,6,2,10,10,5,0,0,0,1,0,0,0,0
"POINT (6.761960327000054 51.209543298000028)",Unfall 251557 (2019) Kat:3, Licht: 2,251557,3,7,0,10,21,5,0,2,1,0,0,0,0,0
"POINT (6.902269234000073 51.202381900000034)",Unfall 251558 (2019) Kat:3, Licht: 2,251558,3,3,5,10,18,5,0,2,0,1,0,0,0,0
"POINT (6.891349584000068 51.145979143000034)",Unfall 251559 (2019) Kat:3, Licht: 0,251559,3,5,5,10,10,5,0,0,0,1,0,1,0,0
"POINT (6.777078399000061 51.223066981000045)",Unfall 251560 (2019) Kat:3, Licht: 0,251560,3,3,3,10,14,5,0,0,1,1,0,0,0,0
"POINT (6.788808323000069 51.221872331000043)",Unfall 251562 (2019) Kat:3, Licht: 0,251562,3,3,5,10,09,5,0,0,1,1,0,0,0,0
"POINT (6.716747607000059 51.232003698000028)",Unfall 251563 (2019) Kat:3, Licht: 2,251563,3,2,5,10,20,5,0,2,0,1,0,0,0,1
"POINT (6.786580340000057 51.239781463000043)",Unfall 251702 (2019) Kat:3, Licht: 0,251702,3,6,2,11,13,4,0,0,0,1,0,0,0,0
"POINT (6.782682137000052 51.235061394000070)",Unfall 251703 (2019) Kat:3, Licht: 2,251703,3,6,2,11,22,4,0,2,0,1,0,0,0,0
"POINT (6.791722070000049 51.228439983000044)",Unfall 251704 (2019) Kat:3, Licht: 2,251704,3,3,0,11,22,4,0,2,1,1,0,0,0,0
"POINT (6.873916546000032 51.166779039000062)",Unfall 251717 (2019) Kat:3, Licht: 0,251717,3,1,7,11,14,5,1,0,0,1,0,0,0,0
"POINT (6.792642437000040 51.243406784000058)",Unfall 251736 (2019) Kat:3, Licht: 0,251736,3,2,3,11,08,5,1,0,1,1,0,0,0,0
"POINT (6.845208183000068 51.225758607000046)",Unfall 251751 (2019) Kat:3, Licht: 0,251751,3,7,5,11,08,5,1,0,0,1,0,1,0,0
"POINT (6.822996156000045 51.263839671000028)",Unfall 251764 (2019) Kat:3, Licht: 0,251764,3,2,5,11,07,5,1,0,1,1,0,0,0,0
"POINT (6.710925964000069 51.231418526000027)",Unfall 251771 (2019) Kat:2, Licht: 2,251771,2,2,0,11,17,5,1,2,0,1,0,1,0,0
"POINT (6.816937305000067 51.189845960000071)",Unfall 251802 (2019) Kat:3, Licht: 2,251802,3,5,5,11,06,3,1,2,0,1,0,1,0,0
"POINT (6.840752050000049 51.206930105000026)",Unfall 251803 (2019) Kat:3, Licht: 0,251803,3,5,1,11,12,3,1,0,1,1,0,0,0,0
"POINT (6.821869617000061 51.187850961000038)",Unfall 251804 (2019) Kat:2, Licht: 1,251804,2,2,5,11,17,3,1,1,0,1,0,1,0,0
"POINT (6.862528885000074 51.180348338000044)",Unfall 251805 (2019) Kat:3, Licht: 1,251805,3,1,6,11,07,3,1,1,0,1,1,0,0,0
"POINT (6.817098711000028 51.190872384000045)",Unfall 251806 (2019) Kat:3, Licht: 2,251806,3,7,6,11,21,3,1,2,0,1,1,0,0,0
"POINT (6.734474793000061 51.211637484000050)",Unfall 251808 (2019) Kat:2, Licht: 0,251808,2,1,5,11,15,3,0,0,0,1,0,0,0,0
"POINT (6.762532195000063 51.263324625000052)",Unfall 251809 (2019) Kat:3, Licht: 1,251809,3,4,6,11,07,3,1,1,0,1,1,0,0,0
"POINT (6.775474284000040 51.219906387000037)",Unfall 251810 (2019) Kat:3, Licht: 2,251810,3,3,0,11,18,3,1,2,0,1,0,0,0,0
"POINT (6.782093883000073 51.219755113000076)",Unfall 251811 (2019) Kat:3, Licht: 0,251811,3,4,6,11,11,3,1,0,0,0,1,1,0,0
"POINT (6.895860335000066 51.141993633000027)",Unfall 251898 (2019) Kat:3, Licht: 2,251898,3,3,5,11,16,2,1,2,0,1,1,0,0,0
"POINT (6.776165059000050 51.219104462000075)",Unfall 251899 (2019) Kat:3, Licht: 2,251899,3,6,2,11,18,2,1,2,0,1,0,0,0,0
"POINT (6.830853302000037 51.207608793000077)",Unfall 251900 (2019) Kat:3, Licht: 0,251900,3,3,5,11,10,2,0,0,1,1,0,0,0,0
"POINT (6.814852309000059 51.222110263000047)",Unfall 251901 (2019) Kat:3, Licht: 2,251901,3,1,7,11,17,2,1,2,0,1,0,0,0,0
"POINT (6.809688524000023 51.211794099000031)",Unfall 251902 (2019) Kat:3, Licht: 2,251902,3,2,6,11,06,2,0,2,0,1,1,0,0,0
"POINT (6.720925453000064 51.238505662000080)",Unfall 251904 (2019) Kat:3, Licht: 2,251904,3,2,6,11,17,2,1,2,0,1,1,0,0,0
"POINT (6.768517317000033 51.220246626000062)",Unfall 251905 (2019) Kat:3, Licht: 0,251905,3,3,5,11,08,2,0,0,1,1,0,0,0,0
"POINT (6.758915912000020 51.226742497000032)",Unfall 251907 (2019) Kat:3, Licht: 2,251907,3,3,5,11,17,2,1,2,0,1,0,0,0,0
"POINT (6.796269295000059 51.225457314000039)",Unfall 251908 (2019) Kat:3, Licht: 0,251908,3,6,5,11,14,2,0,0,0,1,0,1,0,0
"POINT (6.735888042000056 51.204049187000066)",Unfall 251962 (2019) Kat:3, Licht: 0,251962,3,3,5,11,13,1,0,0,1,1,0,0,0,0
"POINT (6.779465474000062 51.249492236000037)",Unfall 251963 (2019) Kat:3, Licht: 0,251963,3,3,5,11,11,1,0,0,1,1,0,0,0,0
"POINT (6.750882052000065 51.230001212000047)",Unfall 251964 (2019) Kat:3, Licht: 0,251964,3,2,6,11,14,1,0,0,0,1,1,0,0,0
"POINT (6.832097973000032 51.208478190000051)",Unfall 252005 (2019) Kat:3, Licht: 0,252005,3,3,5,11,16,7,0,0,0,1,0,0,0,1
"POINT (6.775143878000051 51.210703219000038)",Unfall 252006 (2019) Kat:3, Licht: 0,252006,3,3,5,11,15,7,0,0,0,1,0,0,0,0
"POINT (6.778418227000032 51.223048758000061)",Unfall 252008 (2019) Kat:3, Licht: 2,252008,3,3,5,11,04,7,1,2,0,1,0,0,0,1
"POINT (6.828242649000060 51.210885199000074)",Unfall 252091 (2019) Kat:3, Licht: 2,252091,3,4,0,11,21,6,0,2,0,1,1,0,0,0
"POINT (6.849161584000058 51.219068564000054)",Unfall 252092 (2019) Kat:3, Licht: 0,252092,3,3,5,11,13,6,0,0,0,1,0,0,0,0
"POINT (6.838772132000031 51.170400429000040)",Unfall 252093 (2019) Kat:3, Licht: 0,252093,3,3,5,11,15,6,0,0,0,1,0,0,0,0
"POINT (6.817940341000053 51.188650469000038)",Unfall 252094 (2019) Kat:3, Licht: 0,252094,3,2,3,11,13,6,0,0,0,1,0,0,0,1
"POINT (6.782821461000026 51.239869339000052)",Unfall 252095 (2019) Kat:3, Licht: 0,252095,3,7,0,11,14,6,0,0,0,1,0,0,0,0
"POINT (6.783421386000043 51.271367189000046)",Unfall 252096 (2019) Kat:2, Licht: 0,252096,2,6,2,11,12,6,0,0,0,1,0,1,0,0
"POINT (6.795656543000064 51.227261456000065)",Unfall 252098 (2019) Kat:2, Licht: 2,252098,2,6,0,11,19,6,0,2,1,0,0,0,0,1
"POINT (6.836186590000068 51.194154560000072)",Unfall 252210 (2019) Kat:3, Licht: 2,252210,3,3,5,11,22,5,0,2,0,1,0,0,0,0
"POINT (6.749831760000063 51.214968801000055)",Unfall 252211 (2019) Kat:3, Licht: 0,252211,3,7,6,11,09,5,0,0,0,1,1,0,0,0
"POINT (6.738503577000074 51.222859857000060)",Unfall 252212 (2019) Kat:3, Licht: 0,252212,3,6,4,11,09,5,0,0,1,0,0,0,0,0
"POINT (6.794433308000066 51.192543618000059)",Unfall 252213 (2019) Kat:3, Licht: 0,252213,3,5,1,11,08,5,0,0,0,0,0,0,0,1
"POINT (6.872612283000024 51.177221630000076)",Unfall 252215 (2019) Kat:3, Licht: 0,252215,3,2,2,11,11,5,0,0,1,1,0,0,0,0
"POINT (6.763912125000047 51.250714214000027)",Unfall 252216 (2019) Kat:3, Licht: 2,252216,3,3,0,11,17,5,0,2,0,1,1,0,0,0
"POINT (6.784401767000077 51.212359024000079)",Unfall 252287 (2019) Kat:3, Licht: 2,252287,3,1,0,11,22,4,1,2,0,0,0,0,0,1
"POINT (6.762040101000025 51.201032180000027)",Unfall 252288 (2019) Kat:3, Licht: 1,252288,3,7,5,11,07,4,0,1,0,1,0,0,0,0
"POINT (6.787013487000024 51.214549980000072)",Unfall 252289 (2019) Kat:3, Licht: 0,252289,3,4,6,11,08,4,0,0,1,0,1,0,0,0
"POINT (6.818449237000039 51.240283594000061)",Unfall 252290 (2019) Kat:3, Licht: 0,252290,3,3,0,11,07,4,0,0,1,1,0,0,0,0
"POINT (6.787286429000062 51.242717623000033)",Unfall 252291 (2019) Kat:3, Licht: 0,252291,3,6,2,11,13,4,1,0,0,1,0,0,0,0
"POINT (6.751639916000045 51.230857670000034)",Unfall 252292 (2019) Kat:3, Licht: 0,252292,3,6,6,11,10,4,0,0,0,1,1,0,0,0
"POINT (6.770314660000054 51.198475977000044)",Unfall 252324 (2019) Kat:3, Licht: 0,252324,3,2,6,11,13,6,0,0,0,1,1,0,0,0
"POINT (6.796532266000043 51.284570989000031)",Unfall 252340 (2019) Kat:3, Licht: 1,252340,3,5,1,11,08,6,0,1,0,1,0,0,0,0
"POINT (6.749733830000025 51.241174843000067)",Unfall 252349 (2019) Kat:3, Licht: 0,252349,3,3,5,11,13,6,0,0,0,1,0,0,0,0
"POINT (6.758761374000073 51.254481784000063)",Unfall 252376 (2019) Kat:1, Licht: 2,252376,1,7,6,11,23,3,1,2,0,1,1,0,0,0
"POINT (6.794279070000073 51.252676450000081)",Unfall 252377 (2019) Kat:3, Licht: 0,252377,3,4,6,11,13,3,1,0,0,1,1,0,0,0
"POINT (6.786844374000054 51.275023388000079)",Unfall 252378 (2019) Kat:3, Licht: 2,252378,3,3,0,11,05,3,1,2,0,1,0,1,0,0
"POINT (6.772575137000047 51.243268887000056)",Unfall 252379 (2019) Kat:3, Licht: 2,252379,3,3,5,11,19,3,0,2,1,1,0,0,0,0
"POINT (6.783275043000060 51.241695681000067)",Unfall 252381 (2019) Kat:3, Licht: 1,252381,3,4,0,11,07,3,1,1,0,0,1,0,0,1
"POINT (6.762525734000064 51.232810631000063)",Unfall 252382 (2019) Kat:3, Licht: 0,252382,3,3,5,11,14,3,1,0,1,1,0,0,0,0
"POINT (6.787855703000048 51.219456594000064)",Unfall 252383 (2019) Kat:3, Licht: 0,252383,3,6,2,11,15,3,0,0,0,1,0,0,0,0
"POINT (6.883836746000043 51.166802182000026)",Unfall 252551 (2019) Kat:2, Licht: 2,252551,2,3,5,11,21,2,1,2,0,1,0,0,0,0
"POINT (6.757236306000038 51.215394320000030)",Unfall 252552 (2019) Kat:3, Licht: 2,252552,3,3,5,11,20,2,1,2,1,1,0,0,0,0
"POINT (6.859143970000048 51.179132182000046)",Unfall 252553 (2019) Kat:3, Licht: 2,252553,3,2,6,11,18,2,1,2,0,1,1,0,0,0
"POINT (6.842729874000042 51.200095103000081)",Unfall 252554 (2019) Kat:2, Licht: 2,252554,2,2,6,11,16,2,1,2,0,1,1,0,0,0
"POINT (6.817208968000045 51.239497382000081)",Unfall 252555 (2019) Kat:3, Licht: 2,252555,3,5,7,11,16,2,1,2,0,1,0,0,0,0
"POINT (6.801751897000031 51.237214679000033)",Unfall 252556 (2019) Kat:3, Licht: 2,252556,3,2,0,11,18,2,1,2,0,1,1,0,0,0
"POINT (6.797177651000027 51.213980916000025)",Unfall 252557 (2019) Kat:3, Licht: 0,252557,3,7,0,11,09,2,1,0,1,0,0,0,0,0
"POINT (6.717326099000047 51.244509155000060)",Unfall 252558 (2019) Kat:3, Licht: 2,252558,3,4,6,11,08,2,1,2,0,1,1,0,0,0
"POINT (6.798633028000040 51.215363558000035)",Unfall 252559 (2019) Kat:3, Licht: 2,252559,3,2,6,11,19,2,1,2,0,1,1,0,0,0
"POINT (6.829024196000034 51.209198059000073)",Unfall 252600 (2019) Kat:3, Licht: 2,252600,3,7,0,11,20,1,1,2,0,1,0,0,0,0
"POINT (6.793310159000043 51.223096710000050)",Unfall 252601 (2019) Kat:3, Licht: 2,252601,3,7,3,11,20,1,1,2,0,1,0,0,0,0
"POINT (6.716707142000075 51.232090239000058)",Unfall 252602 (2019) Kat:2, Licht: 2,252602,2,7,5,11,04,1,0,2,0,1,0,0,0,1
"POINT (6.832271332000062 51.211404377000065)",Unfall 252637 (2019) Kat:3, Licht: 0,252637,3,5,1,11,15,7,0,0,1,1,0,0,0,0
"POINT (6.785824796000043 51.196628119000081)",Unfall 252638 (2019) Kat:3, Licht: 0,252638,3,5,3,11,12,7,0,0,0,1,0,1,0,0
"POINT (6.819133958000066 51.228809668000054)",Unfall 252693 (2019) Kat:3, Licht: 0,252693,3,6,0,11,15,7,0,0,1,1,0,0,0,0
"POINT (6.775339744000064 51.227500354000028)",Unfall 252694 (2019) Kat:3, Licht: 2,252694,3,6,6,11,04,7,1,2,0,1,1,0,0,0
"POINT (6.764870332000044 51.216236084000059)",Unfall 252753 (2019) Kat:3, Licht: 2,252753,3,3,5,11,06,6,1,2,1,1,0,0,0,0
"POINT (6.819526703000065 51.228814025000077)",Unfall 252754 (2019) Kat:3, Licht: 0,252754,3,3,0,11,12,6,0,0,1,0,0,0,0,1
"POINT (6.830427914000040 51.215777028000048)",Unfall 252825 (2019) Kat:3, Licht: 0,252825,3,2,5,11,09,5,1,0,1,1,0,0,0,0
"POINT (6.826492617000042 51.199021200000061)",Unfall 252826 (2019) Kat:3, Licht: 0,252826,3,5,1,11,09,5,0,0,0,1,0,0,0,0
"POINT (6.801714891000074 51.256225866000079)",Unfall 252827 (2019) Kat:3, Licht: 0,252827,3,4,6,11,15,5,0,0,0,1,1,0,0,0
"POINT (6.790195944000061 51.228176171000030)",Unfall 252828 (2019) Kat:3, Licht: 2,252828,3,4,6,11,21,5,0,2,0,1,1,0,0,0
"POINT (6.779963802000054 51.219778600000041)",Unfall 252829 (2019) Kat:3, Licht: 2,252829,3,5,1,11,19,5,1,2,1,0,0,0,0,1
"POINT (6.750726082000028 51.229067230000055)",Unfall 252830 (2019) Kat:3, Licht: 2,252830,3,6,6,11,18,5,0,2,0,1,1,0,0,0
"POINT (6.777116765000073 51.228917261000049)",Unfall 252831 (2019) Kat:3, Licht: 2,252831,3,6,2,11,17,5,1,2,0,1,0,0,0,0
"POINT (6.792585156000030 51.201304751000066)",Unfall 252914 (2019) Kat:3, Licht: 0,252914,3,3,5,11,09,4,1,0,0,1,0,1,0,0
"POINT (6.791205611000066 51.200086475000035)",Unfall 252915 (2019) Kat:3, Licht: 1,252915,3,7,0,11,17,4,1,1,1,1,0,0,0,0
"POINT (6.793328850000023 51.280004710000071)",Unfall 252916 (2019) Kat:3, Licht: 2,252916,3,7,0,11,19,4,1,2,0,1,1,0,0,0
"POINT (6.783353927000064 51.234614859000033)",Unfall 252917 (2019) Kat:3, Licht: 2,252917,3,7,1,11,06,4,1,2,0,1,0,0,0,0
"POINT (6.722493558000053 51.247138366000058)",Unfall 252931 (2019) Kat:1, Licht: 2,252931,1,4,0,11,17,5,1,2,0,1,1,0,0,0
"POINT (6.793479040000023 51.191852511000036)",Unfall 253007 (2019) Kat:3, Licht: 2,253007,3,5,1,11,05,4,1,2,0,1,0,0,0,0
"POINT (6.774885704000042 51.265537504000065)",Unfall 253009 (2019) Kat:3, Licht: 2,253009,3,2,5,11,17,4,1,2,1,1,0,0,0,0
"POINT (6.814128640000035 51.222227289000045)",Unfall 253010 (2019) Kat:3, Licht: 2,253010,3,2,5,11,17,4,1,2,1,1,0,0,0,0
"POINT (6.798809058000074 51.231540614000039)",Unfall 253011 (2019) Kat:2, Licht: 2,253011,2,4,6,11,17,4,1,2,0,1,1,0,0,0
"POINT (6.810373725000034 51.236573099000054)",Unfall 253012 (2019) Kat:3, Licht: 1,253012,3,3,0,11,15,4,1,1,0,1,0,1,0,0
"POINT (6.785638971000026 51.240275189000045)",Unfall 253013 (2019) Kat:3, Licht: 0,253013,3,7,0,11,14,4,0,0,0,1,0,0,0,0
"POINT (6.788750896000067 51.219987867000043)",Unfall 253014 (2019) Kat:3, Licht: 2,253014,3,6,2,11,23,4,0,2,0,1,0,0,0,0
"POINT (6.835515210000040 51.175530441000035)",Unfall 253072 (2019) Kat:2, Licht: 0,253072,2,2,6,11,13,3,1,0,0,1,1,0,0,0
"POINT (6.751180476000059 51.298195576000069)",Unfall 253073 (2019) Kat:3, Licht: 0,253073,3,3,0,11,14,3,0,0,0,1,0,0,0,0
"POINT (6.793084463000071 51.264056289000052)",Unfall 253074 (2019) Kat:3, Licht: 0,253074,3,3,5,11,13,3,0,0,0,1,0,0,0,0
"POINT (6.746017292000033 51.235763111000040)",Unfall 253075 (2019) Kat:3, Licht: 2,253075,3,6,0,11,18,3,1,2,0,0,0,0,0,1
"POINT (6.808563244000027 51.208069053000031)",Unfall 253146 (2019) Kat:3, Licht: 2,253146,3,6,2,11,18,2,0,2,0,1,0,1,0,0
"POINT (6.859288156000048 51.178468866000060)",Unfall 253147 (2019) Kat:3, Licht: 0,253147,3,6,6,11,14,2,0,0,1,1,1,0,0,0
"POINT (6.780220799000063 51.218860958000050)",Unfall 253148 (2019) Kat:3, Licht: 2,253148,3,7,0,11,18,1,0,2,0,0,0,0,0,1
"POINT (6.846593401000064 51.175012449000064)",Unfall 253215 (2019) Kat:3, Licht: 2,253215,3,3,6,12,05,2,1,2,0,1,1,0,0,0
"POINT (6.776922057000036 51.219005422000066)",Unfall 253218 (2019) Kat:3, Licht: 0,253218,3,7,0,12,15,1,0,0,0,1,1,0,0,0
"POINT (6.860916807000024 51.188515938000080)",Unfall 253219 (2019) Kat:3, Licht: 0,253219,3,7,0,12,16,1,0,0,0,0,0,0,0,1
"POINT (6.816066790000036 51.190806013000042)",Unfall 253220 (2019) Kat:3, Licht: 2,253220,3,2,5,12,00,1,0,2,0,1,0,0,0,1