WKT,Name,OBJECTID,UKATEGORIE,UTYP1,UART,UMONAT,USTUNDE,UWOCHENTAG,STRZUSTAND,ULICHTVERH,ISTRAD,ISTPKW,ISTFUSS,ISTKRAD,ISTGKFZ,ISTSONSTIG
"POINT (6.872611582000047 51.162285782000026)",Unfall 253221 (2019) Kat:3, Licht: 0,253221,3,6,2,12,13,1,0,0,0,1,0,0,0,0
"POINT (6.832344679000073 51.213963490000026)",Unfall 253228 (2019) Kat:3, Licht: 0,253228,3,7,0,12,13,2,1,0,0,1,1,0,0,0
"POINT (6.750540872000045 51.315198998000028)",Unfall 253255 (2019) Kat:3, Licht: 0,253255,3,7,0,12,14,2,1,0,1,1,0,0,0,0
"POINT (6.807606280000073 51.231629960000078)",Unfall 253267 (2019) Kat:3, Licht: 2,253267,3,6,3,12,17,2,1,2,0,1,0,0,0,1
"POINT (6.892658007000023 51.143360752000035)",Unfall 253269 (2019) Kat:3, Licht: 0,253269,3,7,1,11,09,7,2,0,1,1,0,0,0,0
"POINT (6.839604838000071 51.220028659000036)",Unfall 253270 (2019) Kat:3, Licht: 0,253270,3,3,5,11,15,7,1,0,0,1,0,0,0,0
"POINT (6.783473937000053 51.226603724000029)",Unfall 253271 (2019) Kat:3, Licht: 2,253271,3,1,0,11,03,7,0,2,0,0,0,0,0,1
"POINT (6.707548572000064 51.230664234000074)",Unfall 253272 (2019) Kat:3, Licht: 2,253272,3,6,1,11,19,7,0,2,0,1,0,0,0,0
"POINT (6.812357440000028 51.222523187000036)",Unfall 253310 (2019) Kat:3, Licht: 2,253310,3,6,2,12,17,2,0,2,0,1,0,0,0,0
"POINT (6.859474066000075 51.185927450000065)",Unfall 253350 (2019) Kat:3, Licht: 2,253350,3,4,6,11,07,6,1,2,0,1,1,0,0,0
"POINT (6.833380025000054 51.228051313000037)",Unfall 253351 (2019) Kat:2, Licht: 0,253351,2,5,0,11,13,6,0,0,1,1,0,0,0,0
"POINT (6.792534303000025 51.228682970000079)",Unfall 253352 (2019) Kat:2, Licht: 2,253352,2,7,0,11,19,6,0,2,0,0,1,0,0,1
"POINT (6.845423215000039 51.188697674000082)",Unfall 253440 (2019) Kat:3, Licht: 2,253440,3,6,1,12,22,2,1,2,0,1,0,0,1,0
"POINT (6.826575053000056 51.211176561000059)",Unfall 253442 (2019) Kat:3, Licht: 0,253442,3,6,2,11,08,5,1,0,0,1,0,0,0,0
"POINT (6.886644337000064 51.156608343000073)",Unfall 253443 (2019) Kat:3, Licht: 2,253443,3,4,6,11,19,5,1,2,0,1,1,0,0,0
"POINT (6.791990502000033 51.253175550000037)",Unfall 253444 (2019) Kat:3, Licht: 2,253444,3,2,5,11,21,5,1,2,1,1,0,0,0,0
"POINT (6.794085853000070 51.236153932000036)",Unfall 253445 (2019) Kat:3, Licht: 2,253445,3,2,3,11,19,5,1,2,0,1,0,1,0,0
"POINT (6.886643664000076 51.147088797000038)",Unfall 253541 (2019) Kat:3, Licht: 2,253541,3,6,5,12,06,4,0,2,1,1,0,0,0,0
"POINT (6.809025346000055 51.183836304000067)",Unfall 253542 (2019) Kat:3, Licht: 0,253542,3,5,2,12,11,4,1,0,0,0,0,0,1,1
"POINT (6.782856919000039 51.206726665000076)",Unfall 253543 (2019) Kat:3, Licht: 1,253543,3,2,6,12,07,4,0,1,0,1,1,0,0,0
"POINT (6.742474200000061 51.276870932000065)",Unfall 253544 (2019) Kat:3, Licht: 0,253544,3,7,9,12,10,4,0,0,0,1,0,0,0,0
"POINT (6.859760556000026 51.237156123000034)",Unfall 253545 (2019) Kat:3, Licht: 0,253545,3,2,0,12,15,4,0,0,0,1,0,0,0,1
"POINT (6.754048445000024 51.241150761000029)",Unfall 253546 (2019) Kat:3, Licht: 2,253546,3,5,1,12,21,4,0,2,0,1,0,0,0,0
"POINT (6.738856456000065 51.236450653000077)",Unfall 253547 (2019) Kat:3, Licht: 2,253547,3,2,5,12,17,4,0,2,0,1,0,0,0,0
"POINT (6.775473842000054 51.220027803000050)",Unfall 253548 (2019) Kat:3, Licht: 0,253548,3,6,3,12,13,4,0,0,1,1,0,0,0,0
"POINT (6.787791518000063 51.219297381000047)",Unfall 253584 (2019) Kat:3, Licht: 2,253584,3,3,5,12,07,5,0,2,0,1,0,0,0,1
"POINT (6.766973563000022 51.193267202000072)",Unfall 253637 (2019) Kat:3, Licht: 0,253637,3,3,5,12,09,3,0,0,1,0,0,0,0,1
"POINT (6.759747633000075 51.252948746000072)",Unfall 253638 (2019) Kat:3, Licht: 0,253638,3,2,3,12,09,3,1,0,0,1,0,0,0,1
"POINT (6.812018090000038 51.264690696000059)",Unfall 253639 (2019) Kat:3, Licht: 0,253639,3,3,5,12,09,3,1,0,0,1,0,1,0,0
"POINT (6.772514507000039 51.245193292000067)",Unfall 253640 (2019) Kat:2, Licht: 2,253640,2,5,1,12,06,3,1,2,0,0,0,1,1,0
"POINT (6.847905338000032 51.165916571000082)",Unfall 253709 (2019) Kat:3, Licht: 0,253709,3,7,0,12,13,2,1,0,1,0,0,0,0,0
"POINT (6.830085580000059 51.173763536000081)",Unfall 253746 (2019) Kat:3, Licht: 2,253746,3,7,0,12,17,1,1,2,0,1,0,0,0,0
"POINT (6.776673973000072 51.211353662000079)",Unfall 253747 (2019) Kat:3, Licht: 0,253747,3,6,2,12,16,1,1,0,0,1,0,0,0,0
"POINT (6.859929281000063 51.237657954000042)",Unfall 253748 (2019) Kat:3, Licht: 0,253748,3,7,5,12,10,1,1,0,1,1,0,0,0,0
"POINT (6.770193185000039 51.197533315000044)",Unfall 253785 (2019) Kat:3, Licht: 0,253785,3,3,5,12,11,7,1,0,0,1,0,0,0,0
"POINT (6.759680582000044 51.252871599000059)",Unfall 253786 (2019) Kat:3, Licht: 0,253786,3,6,2,12,11,7,1,0,0,1,0,0,0,0
"POINT (6.800554100000056 51.238449956000068)",Unfall 253787 (2019) Kat:3, Licht: 0,253787,3,1,1,12,13,7,1,0,1,1,0,0,0,0
"POINT (6.767824776000055 51.271213745000068)",Unfall 253789 (2019) Kat:3, Licht: 2,253789,3,7,0,12,04,7,1,2,0,1,1,0,0,0
"POINT (6.795386821000022 51.185874657000056)",Unfall 253881 (2019) Kat:3, Licht: 2,253881,3,3,5,12,17,6,1,2,0,1,0,0,0,0
"POINT (6.868635653000069 51.180490003000045)",Unfall 253882 (2019) Kat:3, Licht: 0,253882,3,6,4,12,09,6,0,0,0,1,1,0,0,0
"POINT (6.791097770000022 51.274271851000037)",Unfall 253883 (2019) Kat:3, Licht: 2,253883,3,7,5,12,18,6,1,2,1,1,0,0,0,0
"POINT (6.799683990000062 51.240207731000055)",Unfall 253884 (2019) Kat:3, Licht: 0,253884,3,2,4,12,12,6,1,0,1,1,0,0,0,0
"POINT (6.778451692000033 51.223048303000041)",Unfall 253886 (2019) Kat:3, Licht: 0,253886,3,2,2,12,15,6,1,0,0,1,0,0,0,0
"POINT (6.771509258000037 51.202705545000072)",Unfall 253972 (2019) Kat:3, Licht: 0,253972,3,1,0,12,09,5,1,0,1,0,0,0,0,0
"POINT (6.868562226000051 51.150896027000044)",Unfall 253985 (2019) Kat:3, Licht: 2,253985,3,7,6,12,17,5,0,2,0,0,1,0,0,1
"POINT (6.821884579000027 51.237712980000026)",Unfall 253996 (2019) Kat:3, Licht: 2,253996,3,6,1,12,18,5,0,2,0,1,0,0,0,0
"POINT (6.779135458000042 51.219779071000062)",Unfall 254002 (2019) Kat:2, Licht: 2,254002,2,3,5,12,19,5,0,2,1,1,0,0,0,0
"POINT (6.862535608000030 51.180264441000077)",Unfall 254022 (2019) Kat:3, Licht: 2,254022,3,2,4,12,07,4,1,2,0,1,0,0,0,0
"POINT (6.812174510000034 51.188976654000044)",Unfall 254023 (2019) Kat:3, Licht: 2,254023,3,3,5,12,07,4,1,2,1,1,0,0,0,0
"POINT (6.816004812000074 51.190760033000061)",Unfall 254024 (2019) Kat:3, Licht: 2,254024,3,2,5,12,16,4,1,2,0,1,0,0,0,1
"POINT (6.877504971000064 51.161003753000045)",Unfall 254151 (2019) Kat:3, Licht: 2,254151,3,7,0,12,01,3,1,2,1,0,0,0,0,0
"POINT (6.897396271000048 51.142829062000033)",Unfall 254152 (2019) Kat:3, Licht: 0,254152,3,3,5,12,13,3,0,0,1,0,0,0,0,1
"POINT (6.733117187000062 51.238631028000043)",Unfall 254153 (2019) Kat:2, Licht: 0,254153,2,5,1,12,11,3,0,0,0,1,0,0,0,0
"POINT (6.848981399000024 51.218329314000073)",Unfall 254257 (2019) Kat:3, Licht: 2,254257,3,7,6,12,17,2,1,2,0,1,1,0,0,0
"POINT (6.771189300000060 51.210763732000032)",Unfall 254259 (2019) Kat:3, Licht: 2,254259,3,1,0,12,17,2,1,2,0,0,0,1,0,0
"POINT (6.782100899000056 51.199298861000045)",Unfall 254260 (2019) Kat:3, Licht: 0,254260,3,4,0,12,11,2,1,0,0,1,1,0,0,0
"POINT (6.873479148000058 51.169940478000058)",Unfall 254261 (2019) Kat:2, Licht: 2,254261,2,2,5,12,06,2,0,2,1,1,0,0,0,0
"POINT (6.915552168000033 51.258513129000050)",Unfall 254262 (2019) Kat:3, Licht: 0,254262,3,7,6,12,16,2,0,0,0,1,1,0,0,0
"POINT (6.788866987000063 51.223293602000069)",Unfall 254263 (2019) Kat:3, Licht: 0,254263,3,6,2,12,10,2,1,0,0,1,0,0,0,0
"POINT (6.876921056000072 51.160947812000074)",Unfall 254294 (2019) Kat:3, Licht: 2,254294,3,7,6,12,16,1,0,2,0,1,1,0,0,0
"POINT (6.809144855000056 51.262643182000033)",Unfall 254295 (2019) Kat:3, Licht: 0,254295,3,2,5,12,13,1,0,0,0,1,0,0,0,0
"POINT (6.811630090000051 51.210443738000038)",Unfall 254296 (2019) Kat:3, Licht: 2,254296,3,7,8,12,23,1,0,2,0,1,0,0,0,0
"POINT (6.795662091000054 51.224455171000045)",Unfall 254347 (2019) Kat:3, Licht: 2,254347,3,7,0,12,02,7,0,2,0,0,0,0,0,1
"POINT (6.873865865000028 51.178280306000033)",Unfall 254424 (2019) Kat:3, Licht: 2,254424,3,4,6,12,07,6,1,2,0,1,1,0,0,0
"POINT (6.830716989000052 51.207715619000055)",Unfall 254426 (2019) Kat:3, Licht: 2,254426,3,5,1,12,22,6,1,2,0,1,0,0,0,0
"POINT (6.832445843000073 51.176718995000044)",Unfall 254427 (2019) Kat:3, Licht: 2,254427,3,3,5,12,17,6,1,2,0,1,0,0,0,0
"POINT (6.766872379000063 51.251338755000063)",Unfall 254428 (2019) Kat:3, Licht: 2,254428,3,3,5,12,07,6,1,2,1,1,0,0,0,0
"POINT (6.750681797000027 51.210792971000046)",Unfall 254577 (2019) Kat:3, Licht: 2,254577,3,1,8,12,23,5,0,2,0,1,0,0,0,0
"POINT (6.814365345000056 51.193783104000033)",Unfall 254579 (2019) Kat:3, Licht: 0,254579,3,6,2,12,10,5,0,0,0,1,0,1,0,0
"POINT (6.873188006000021 51.165194867000082)",Unfall 254580 (2019) Kat:2, Licht: 0,254580,2,7,0,12,10,5,0,0,0,0,1,0,0,1
"POINT (6.754942640000024 51.259144749000029)",Unfall 254581 (2019) Kat:3, Licht: 0,254581,3,6,7,12,09,5,0,0,0,1,0,0,1,0
"POINT (6.733511141000065 51.297407800000030)",Unfall 254582 (2019) Kat:3, Licht: 0,254582,3,6,6,12,15,5,0,0,0,1,1,0,0,0
"POINT (6.820821296000077 51.272366352000063)",Unfall 254583 (2019) Kat:3, Licht: 0,254583,3,7,5,12,13,5,0,0,0,1,0,0,0,0
"POINT (6.789830860000052 51.240220673000067)",Unfall 254584 (2019) Kat:3, Licht: 0,254584,3,2,4,12,11,5,0,0,1,1,0,0,0,0
"POINT (6.837849997000035 51.214953837000053)",Unfall 254661 (2019) Kat:3, Licht: 0,254661,3,1,0,12,15,4,1,0,1,0,0,0,0,0
"POINT (6.782553751000023 51.208781402000056)",Unfall 254662 (2019) Kat:3, Licht: 0,254662,3,2,5,12,14,4,0,0,1,1,0,0,0,0
"POINT (6.885152766000033 51.156046832000072)",Unfall 254729 (2019) Kat:3, Licht: 2,254729,3,4,6,12,07,6,0,2,0,1,1,0,0,0
"POINT (6.789462626000045 51.197890312000027)",Unfall 254750 (2019) Kat:2, Licht: 2,254750,2,2,6,12,20,3,1,2,1,0,1,0,0,0
"POINT (6.833829376000040 51.175511357000062)",Unfall 254751 (2019) Kat:3, Licht: 0,254751,3,7,3,12,12,3,0,0,1,1,0,0,0,0
"POINT (6.777115068000057 51.207100697000044)",Unfall 254794 (2019) Kat:2, Licht: 0,254794,2,7,2,12,12,6,0,0,0,1,0,0,0,0
"POINT (6.780384977000040 51.253966085000059)",Unfall 254830 (2019) Kat:3, Licht: 2,254830,3,1,3,12,18,4,1,2,0,1,0,0,0,0
"POINT (6.775278254000057 51.213944581000078)",Unfall 254856 (2019) Kat:3, Licht: 2,254856,3,2,5,12,20,3,1,2,1,0,0,0,0,1
"POINT (6.794468935000054 51.231012737000071)",Unfall 254857 (2019) Kat:2, Licht: 2,254857,2,1,1,12,00,3,1,2,1,1,0,0,0,0
"POINT (6.799970596000037 51.235717163000061)",Unfall 254858 (2019) Kat:3, Licht: 2,254858,3,1,0,12,00,3,1,2,1,0,0,0,0,0
"POINT (6.831885703000069 51.185048917000074)",Unfall 254913 (2019) Kat:3, Licht: 1,254913,3,3,5,12,15,2,1,1,0,1,0,0,0,0
"POINT (6.817815245000077 51.203262948000031)",Unfall 254995 (2019) Kat:3, Licht: 0,254995,3,3,0,12,14,7,0,0,0,1,0,1,0,0
"POINT (6.776849549000076 51.205620340000053)",Unfall 254996 (2019) Kat:3, Licht: 2,254996,3,2,4,12,16,7,0,2,0,1,0,1,0,0
"POINT (6.845140568000034 51.188603501000046)",Unfall 255150 (2019) Kat:2, Licht: 0,255150,2,1,9,12,14,3,0,0,0,1,0,0,0,0
"POINT (6.762927825000077 51.210642310000026)",Unfall 255188 (2019) Kat:3, Licht: 2,255188,3,1,0,12,18,2,0,2,1,0,0,0,0,0
"POINT (6.832303538000076 51.206632666000075)",Unfall 255189 (2019) Kat:3, Licht: 0,255189,3,7,6,12,09,2,0,0,1,0,1,0,0,0
"POINT (6.792701959000056 51.222709655000074)",Unfall 255190 (2019) Kat:3, Licht: 2,255190,3,3,5,12,22,2,0,2,0,1,0,0,0,0
"POINT (6.811819534000051 51.210315865000041)",Unfall 255191 (2019) Kat:3, Licht: 0,255191,3,1,8,12,14,2,0,0,0,0,0,1,0,0
"POINT (6.747879088000047 51.302220615000067)",Unfall 255214 (2019) Kat:2, Licht: 0,255214,2,1,9,12,11,1,0,0,0,1,0,0,0,0
"POINT (6.737007410000047 51.241631475000077)",Unfall 255215 (2019) Kat:3, Licht: 0,255215,3,5,1,12,14,1,0,0,1,1,0,0,0,0
"POINT (6.776952729000072 51.207870968000066)",Unfall 255248 (2019) Kat:3, Licht: 0,255248,3,2,6,12,12,7,0,0,0,1,1,0,0,0
"POINT (6.800558583000054 51.214422708000029)",Unfall 255249 (2019) Kat:3, Licht: 2,255249,3,2,6,12,17,7,0,2,0,1,1,0,0,0
"POINT (6.781190902000049 51.223031995000042)",Unfall 255250 (2019) Kat:3, Licht: 2,255250,3,6,2,12,20,7,0,2,0,1,0,0,0,0
"POINT (6.808184966000056 51.209720340000047)",Unfall 255251 (2019) Kat:3, Licht: 0,255251,3,1,1,12,14,7,0,0,0,1,0,1,0,0
"POINT (6.866472240000064 51.189912572000026)",Unfall 73585 (2020) Kat:3, Licht: 0,73585,3,3,2,01,11,5,0,0,0,1,0,0,0,0
"POINT (6.828511173000038 51.241733637000038)",Unfall 73614 (2020) Kat:3, Licht: 2,73614,3,1,9,01,06,4,2,2,0,1,0,0,0,0
"POINT (6.840252823000071 51.189857362000055)",Unfall 73844 (2020) Kat:2, Licht: 2,73844,2,1,8,01,00,7,1,2,0,1,0,0,0,0
"POINT (6.804587197000046 51.248549133000040)",Unfall 73859 (2020) Kat:2, Licht: 1,73859,2,5,0,01,06,3,1,1,0,1,0,0,0,0
"POINT (6.733434975000023 51.198514817000046)",Unfall 73872 (2020) Kat:3, Licht: 2,73872,3,6,1,01,06,2,0,2,0,1,0,0,0,0
"POINT (6.882060891000037 51.179800319000037)",Unfall 73908 (2020) Kat:3, Licht: 1,73908,3,3,3,01,08,3,0,1,0,1,0,0,0,0
"POINT (6.787481558000025 51.214369207000061)",Unfall 73988 (2020) Kat:3, Licht: 2,73988,3,6,0,01,17,2,0,2,1,0,0,1,0,0
"POINT (6.781765662000055 51.218040643000052)",Unfall 74018 (2020) Kat:3, Licht: 0,74018,3,6,2,01,13,6,1,0,0,1,0,0,0,0
"POINT (6.742178721000073 51.305451082000047)",Unfall 74020 (2020) Kat:3, Licht: 2,74020,3,6,2,01,20,6,1,2,0,1,0,0,0,0
"POINT (6.777424547000067 51.229784895000080)",Unfall 74024 (2020) Kat:3, Licht: 2,74024,3,1,0,01,02,6,0,2,0,0,0,0,0,1
"POINT (6.862668468000038 51.253224020000062)",Unfall 74103 (2020) Kat:3, Licht: 0,74103,3,1,9,01,14,6,1,0,0,1,0,0,0,0
"POINT (6.742296987000032 51.289286362000041)",Unfall 74115 (2020) Kat:3, Licht: 2,74115,3,1,8,01,20,5,0,2,0,1,0,0,0,0
"POINT (6.782113971000058 51.221480491000079)",Unfall 74117 (2020) Kat:3, Licht: 2,74117,3,3,5,01,22,6,0,2,0,1,0,0,0,0
"POINT (6.847913208000023 51.196891065000045)",Unfall 74166 (2020) Kat:3, Licht: 0,74166,3,7,0,01,11,4,1,0,0,0,0,0,0,1
"POINT (6.786999261000062 51.241430539000078)",Unfall 74176 (2020) Kat:3, Licht: 2,74176,3,6,2,01,16,4,1,2,0,1,0,0,0,0
"POINT (6.735398624000027 51.237550937000037)",Unfall 74187 (2020) Kat:2, Licht: 2,74187,2,6,2,01,07,4,1,2,0,1,0,1,0,0
"POINT (6.879739670000049 51.258655819000069)",Unfall 74243 (2020) Kat:3, Licht: 0,74243,3,6,2,01,07,5,1,0,0,1,0,0,0,0
"POINT (6.806999215000076 51.218866818000038)",Unfall 74307 (2020) Kat:3, Licht: 0,74307,3,6,2,01,08,5,1,0,0,1,0,0,1,0
"POINT (6.804720015000044 51.231087641000045)",Unfall 74353 (2020) Kat:3, Licht: 0,74353,3,3,5,01,10,5,1,0,0,1,0,0,0,0
"POINT (6.782486283000026 51.209584478000068)",Unfall 74393 (2020) Kat:3, Licht: 0,74393,3,6,2,01,14,3,1,0,0,1,0,0,0,1
"POINT (6.912776460000032 51.192159206000042)",Unfall 74447 (2020) Kat:2, Licht: 2,74447,2,6,3,01,04,3,1,2,0,1,0,1,0,0
"POINT (6.793810248000057 51.275582160000056)",Unfall 74448 (2020) Kat:3, Licht: 0,74448,3,3,5,01,13,4,0,0,1,0,0,0,0,0
"POINT (6.810476934000064 51.222813913000039)",Unfall 74460 (2020) Kat:3, Licht: 0,74460,3,6,2,01,08,3,1,0,0,1,0,0,0,0
"POINT (6.809138887000074 51.221228143000076)",Unfall 74484 (2020) Kat:3, Licht: 2,74484,3,4,0,01,19,2,0,2,0,0,1,0,0,1
"POINT (6.761155067000061 51.200623711000048)",Unfall 74511 (2020) Kat:3, Licht: 1,74511,3,6,2,01,16,3,1,1,0,1,0,0,0,0
"POINT (6.802610801000071 51.215617436000059)",Unfall 74554 (2020) Kat:2, Licht: 2,74554,2,4,6,01,16,2,0,2,0,1,1,0,0,0
"POINT (6.797569766000038 51.193793390000053)",Unfall 74587 (2020) Kat:2, Licht: 0,74587,2,6,1,01,08,3,0,0,0,1,0,0,1,0
"POINT (6.757855732000053 51.209189952000031)",Unfall 74588 (2020) Kat:3, Licht: 0,74588,3,6,3,01,08,4,0,0,0,0,0,1,1,0
"POINT (6.801832409000042 51.244301536000080)",Unfall 74601 (2020) Kat:2, Licht: 2,74601,2,7,6,01,17,3,0,2,0,1,1,0,0,0
"POINT (6.799077589000035 51.249267923000048)",Unfall 74654 (2020) Kat:3, Licht: 0,74654,3,6,2,01,11,4,0,0,0,1,0,0,0,0
"POINT (6.879409633000023 51.161217779000026)",Unfall 74688 (2020) Kat:3, Licht: 1,74688,3,7,0,01,18,7,0,1,0,0,0,0,0,1
"POINT (6.855196316000047 51.229487631000040)",Unfall 74689 (2020) Kat:3, Licht: 0,74689,3,6,2,01,14,2,1,0,0,1,0,0,0,0
"POINT (6.772135266000021 51.243461682000031)",Unfall 74699 (2020) Kat:2, Licht: 2,74699,2,2,5,01,17,7,0,2,0,1,0,0,0,0
"POINT (6.780305775000045 51.230115780000062)",Unfall 74728 (2020) Kat:3, Licht: 2,74728,3,6,5,01,01,7,0,2,0,1,0,0,0,0
"POINT (6.774005713000065 51.200085231000060)",Unfall 74729 (2020) Kat:3, Licht: 0,74729,3,6,2,01,14,6,1,0,0,1,0,0,0,0
"POINT (6.809309316000054 51.176052452000079)",Unfall 74731 (2020) Kat:3, Licht: 0,74731,3,6,1,01,14,6,1,0,0,1,0,0,0,0
"POINT (6.771416779000049 51.252860359000067)",Unfall 74732 (2020) Kat:3, Licht: 0,74732,3,3,5,01,12,6,1,0,0,1,0,0,0,0
"POINT (6.811517392000042 51.225264872000082)",Unfall 74733 (2020) Kat:3, Licht: 1,74733,3,4,6,01,16,6,1,1,0,1,1,0,0,0
"POINT (6.800711300000046 51.214827794000030)",Unfall 74734 (2020) Kat:3, Licht: 0,74734,3,2,5,01,15,6,1,0,0,1,0,0,0,1
"POINT (6.782536215000050 51.202947615000028)",Unfall 74871 (2020) Kat:3, Licht: 2,74871,3,4,6,01,20,7,1,2,0,1,1,0,0,0
"POINT (6.782568554000022 51.210918011000047)",Unfall 75017 (2020) Kat:3, Licht: 2,75017,3,2,6,01,17,5,0,2,0,0,1,0,0,1
"POINT (6.839328407000039 51.198184568000045)",Unfall 75019 (2020) Kat:3, Licht: 1,75019,3,2,6,01,08,5,1,1,0,1,1,0,0,0
"POINT (6.863257516000033 51.212658934000046)",Unfall 75020 (2020) Kat:3, Licht: 1,75020,3,6,2,01,07,5,1,1,0,0,0,1,0,1
"POINT (6.816374638000070 51.231169968000074)",Unfall 75021 (2020) Kat:3, Licht: 1,75021,3,2,5,01,17,5,0,1,1,1,0,0,0,0
"POINT (6.698878658000069 51.228635322000059)",Unfall 75025 (2020) Kat:3, Licht: 0,75025,3,6,3,01,11,5,0,0,0,1,0,0,1,0
"POINT (6.770522448000065 51.200178678000043)",Unfall 75166 (2020) Kat:2, Licht: 1,75166,2,4,5,01,16,3,0,1,0,1,1,0,0,0
"POINT (6.766926258000069 51.200496454000074)",Unfall 75174 (2020) Kat:3, Licht: 0,75174,3,6,2,01,14,3,0,0,0,1,0,0,1,0
"POINT (6.911485393000021 51.131681466000032)",Unfall 75179 (2020) Kat:3, Licht: 2,75179,3,2,6,01,18,3,1,2,0,1,1,0,0,0
"POINT (6.782383020000054 51.227016011000046)",Unfall 75191 (2020) Kat:3, Licht: 0,75191,3,5,1,01,12,3,0,0,0,1,0,0,0,0
"POINT (6.698659256000042 51.228637372000037)",Unfall 75291 (2020) Kat:2, Licht: 0,75291,2,4,1,01,15,4,0,0,0,1,1,0,0,0
"POINT (6.789328797000053 51.213386893000063)",Unfall 75340 (2020) Kat:3, Licht: 2,75340,3,6,5,01,07,2,0,2,1,1,0,0,0,0
"POINT (6.809936911000023 51.261668507000081)",Unfall 75356 (2020) Kat:3, Licht: 0,75356,3,6,2,01,08,2,0,0,0,1,0,0,0,1
"POINT (6.776686393000034 51.237002645000075)",Unfall 75358 (2020) Kat:3, Licht: 2,75358,3,6,2,01,18,2,0,2,0,1,0,0,0,0
"POINT (6.735446688000025 51.237606246000041)",Unfall 75372 (2020) Kat:3, Licht: 2,75372,3,6,2,01,19,2,1,2,0,1,0,0,0,0
"POINT (6.787300023000057 51.228813214000070)",Unfall 75377 (2020) Kat:3, Licht: 2,75377,3,6,3,01,17,2,0,2,0,1,0,0,0,1
"POINT (6.767819144000043 51.221493432000045)",Unfall 75447 (2020) Kat:3, Licht: 2,75447,3,6,3,01,14,4,0,2,0,1,0,0,1,0
"POINT (6.777676806000045 51.240842266000072)",Unfall 75512 (2020) Kat:2, Licht: 0,75512,2,3,5,01,13,2,1,0,0,1,0,0,0,0
"POINT (6.775750120000055 51.199022798000044)",Unfall 75513 (2020) Kat:3, Licht: 2,75513,3,5,2,01,18,3,0,2,0,1,0,0,0,0
"POINT (6.770005989000026 51.253865478000080)",Unfall 75521 (2020) Kat:3, Licht: 0,75521,3,6,2,01,15,4,1,0,0,1,0,0,0,0
"POINT (6.784203582000032 51.230504288000077)",Unfall 75595 (2020) Kat:3, Licht: 0,75595,3,6,2,01,09,2,1,0,0,1,0,0,1,0
"POINT (6.786043670000026 51.253829138000071)",Unfall 75616 (2020) Kat:3, Licht: 0,75616,3,7,2,01,16,3,1,0,0,1,0,0,0,0
"POINT (6.808005670000057 51.208834257000035)",Unfall 75673 (2020) Kat:3, Licht: 2,75673,3,6,2,01,17,7,0,2,0,1,0,0,0,0
"POINT (6.810581319000050 51.232325705000051)",Unfall 75680 (2020) Kat:3, Licht: 1,75680,3,6,2,01,17,2,1,1,0,1,0,0,0,0
"POINT (6.776462984000034 51.201675945000034)",Unfall 75681 (2020) Kat:3, Licht: 2,75681,3,7,2,01,20,3,0,2,0,1,0,0,0,0
"POINT (6.744803682000054 51.326026394000053)",Unfall 75699 (2020) Kat:3, Licht: 0,75699,3,6,2,01,15,3,1,0,0,1,0,0,0,0
"POINT (6.698920743000031 51.228700362000041)",Unfall 75766 (2020) Kat:3, Licht: 2,75766,3,2,5,01,06,4,0,2,0,1,0,0,0,0
"POINT (6.808650469000042 51.231875509000076)",Unfall 75783 (2020) Kat:3, Licht: 2,75783,3,7,6,01,07,3,1,2,1,0,1,0,0,0
"POINT (6.860787710000068 51.228563703000077)",Unfall 75788 (2020) Kat:3, Licht: 0,75788,3,5,0,01,10,1,0,0,1,1,0,0,0,0
"POINT (6.802118606000022 51.240717365000080)",Unfall 75842 (2020) Kat:3, Licht: 0,75842,3,7,6,01,07,2,0,0,0,0,1,0,0,1
"POINT (6.829947881000066 51.241611269000032)",Unfall 75857 (2020) Kat:3, Licht: 2,75857,3,6,0,01,22,6,0,2,0,1,0,0,0,1
"POINT (6.823508330000038 51.229981437000049)",Unfall 75860 (2020) Kat:3, Licht: 0,75860,3,2,4,01,14,3,1,0,0,1,0,0,0,1
"POINT (6.781519751000076 51.330857866000031)",Unfall 75872 (2020) Kat:3, Licht: 0,75872,3,6,1,01,12,6,0,0,0,1,0,0,0,0
"POINT (6.769760955000038 51.253980419000072)",Unfall 75919 (2020) Kat:3, Licht: 2,75919,3,6,3,02,18,2,1,2,0,1,0,0,1,0
"POINT (6.760092530000065 51.231484227000067)",Unfall 75941 (2020) Kat:3, Licht: 0,75941,3,3,5,02,09,7,1,0,1,1,0,0,0,0
"POINT (6.781525009000063 51.251430461000041)",Unfall 75953 (2020) Kat:2, Licht: 2,75953,2,2,5,02,21,3,1,2,0,1,0,1,0,0
"POINT (6.911546071000032 51.131632822000029)",Unfall 76009 (2020) Kat:2, Licht: 2,76009,2,3,5,01,06,6,1,2,1,1,0,0,0,0
"POINT (6.858169748000023 51.226372669000057)",Unfall 76010 (2020) Kat:3, Licht: 1,76010,3,6,2,02,07,2,0,1,0,1,0,0,0,0
"POINT (6.802110575000029 51.252753431000031)",Unfall 76012 (2020) Kat:3, Licht: 2,76012,3,2,5,01,19,6,0,2,1,1,0,0,0,0
"POINT (6.914808409000045 51.265083817000061)",Unfall 76030 (2020) Kat:3, Licht: 2,76030,3,6,2,01,18,5,1,2,0,1,0,0,0,0