WKT,Name,OBJECTID,UKATEGORIE,UTYP1,UART,UMONAT,USTUNDE,UWOCHENTAG,STRZUSTAND,ULICHTVERH,ISTRAD,ISTPKW,ISTFUSS,ISTKRAD,ISTGKFZ,ISTSONSTIG
"POINT (6.741853791000040 51.286126188000026)",Unfall 76051 (2020) Kat:3, Licht: 0,76051,3,2,5,02,12,3,1,0,0,1,0,0,0,0
"POINT (6.782263593000039 51.220555225000055)",Unfall 76082 (2020) Kat:3, Licht: 2,76082,3,7,0,02,05,1,0,2,0,1,1,0,0,0
"POINT (6.799915585000065 51.251377234000074)",Unfall 76111 (2020) Kat:3, Licht: 0,76111,3,6,2,02,15,2,0,0,0,0,0,0,1,1
"POINT (6.798609115000033 51.290306996000027)",Unfall 76117 (2020) Kat:3, Licht: 0,76117,3,6,9,02,16,2,0,0,0,1,0,0,0,0
"POINT (6.909498738000025 51.133392883000056)",Unfall 76135 (2020) Kat:3, Licht: 0,76135,3,1,8,02,17,7,1,0,0,1,0,0,0,0
"POINT (6.850727264000057 51.231883202000063)",Unfall 76148 (2020) Kat:2, Licht: 2,76148,2,2,5,02,06,3,1,2,0,0,0,1,0,1
"POINT (6.784163913000043 51.242611634000070)",Unfall 76205 (2020) Kat:2, Licht: 1,76205,2,4,5,02,12,2,1,1,0,0,1,0,0,1
"POINT (6.870211755000071 51.184061071000031)",Unfall 76245 (2020) Kat:3, Licht: 1,76245,3,3,5,02,07,3,1,1,1,1,0,0,0,0
"POINT (6.796405256000071 51.223638426000036)",Unfall 76295 (2020) Kat:2, Licht: 2,76295,2,2,6,02,21,2,1,2,0,1,1,0,0,0
"POINT (6.822522438000021 51.238558302000058)",Unfall 76317 (2020) Kat:3, Licht: 0,76317,3,2,0,01,14,5,0,0,0,0,0,0,0,1
"POINT (6.819620314000076 51.230766149000033)",Unfall 76319 (2020) Kat:3, Licht: 0,76319,3,3,5,01,12,5,0,0,0,1,0,0,0,0
"POINT (6.836724402000073 51.227194891000067)",Unfall 76321 (2020) Kat:3, Licht: 1,76321,3,2,2,01,07,5,1,1,0,1,0,0,0,0
"POINT (6.791487066000059 51.228690035000056)",Unfall 76323 (2020) Kat:2, Licht: 0,76323,2,1,0,01,09,5,0,0,1,0,0,0,0,0
"POINT (6.759646048000036 51.247162182000068)",Unfall 76335 (2020) Kat:3, Licht: 0,76335,3,7,1,02,09,3,1,0,0,1,0,0,0,0
"POINT (6.810793498000066 51.222772224000039)",Unfall 76430 (2020) Kat:3, Licht: 2,76430,3,3,5,02,20,6,0,2,0,1,0,0,0,0
"POINT (6.782785729000068 51.213930033000054)",Unfall 76491 (2020) Kat:2, Licht: 0,76491,2,7,6,02,15,7,0,0,0,1,1,0,0,0
"POINT (6.821680719000028 51.169301442000062)",Unfall 76509 (2020) Kat:3, Licht: 2,76509,3,2,6,02,06,4,1,2,0,1,1,0,0,0
"POINT (6.870741979000059 51.223807427000054)",Unfall 76512 (2020) Kat:3, Licht: 0,76512,3,2,5,02,16,4,0,0,1,1,0,0,0,0
"POINT (6.771575022000036 51.239475043000027)",Unfall 76514 (2020) Kat:2, Licht: 0,76514,2,4,6,02,15,4,0,0,0,1,1,0,0,0
"POINT (6.780793925000069 51.230170688000044)",Unfall 76517 (2020) Kat:3, Licht: 0,76517,3,3,5,02,13,4,0,0,0,1,0,1,0,0
"POINT (6.836553018000075 51.238027848000058)",Unfall 76547 (2020) Kat:2, Licht: 0,76547,2,2,0,02,12,1,0,0,0,1,1,0,0,0
"POINT (6.910389195000050 51.131649032000041)",Unfall 76618 (2020) Kat:2, Licht: 2,76618,2,6,3,02,19,7,0,2,0,1,0,0,0,0
"POINT (6.839824603000068 51.227619879000031)",Unfall 76624 (2020) Kat:3, Licht: 0,76624,3,3,5,02,16,5,0,0,1,1,0,0,0,0
"POINT (6.902710827000021 51.253935784000078)",Unfall 76656 (2020) Kat:3, Licht: 0,76656,3,6,2,02,13,6,0,0,0,1,0,0,0,1
"POINT (6.827860174000023 51.228009603000032)",Unfall 76664 (2020) Kat:3, Licht: 2,76664,3,4,6,02,07,5,0,2,0,1,1,0,0,0
"POINT (6.803842474000021 51.286997661000044)",Unfall 76875 (2020) Kat:3, Licht: 0,76875,3,6,2,02,13,6,0,0,0,1,0,0,0,0
"POINT (6.856019817000060 51.245556502000056)",Unfall 76879 (2020) Kat:3, Licht: 0,76879,3,2,4,02,08,1,0,0,0,1,0,1,0,0
"POINT (6.782776407000029 51.215559624000036)",Unfall 76901 (2020) Kat:3, Licht: 0,76901,3,2,5,02,11,5,1,0,0,0,0,0,0,1
"POINT (6.791999958000076 51.208272041000043)",Unfall 76952 (2020) Kat:3, Licht: 2,76952,3,5,6,02,20,5,1,2,0,1,1,0,0,0
"POINT (6.782829369000069 51.217415812000070)",Unfall 76993 (2020) Kat:3, Licht: 2,76993,3,3,5,02,22,5,1,2,0,1,0,0,0,0
"POINT (6.859818847000042 51.223923468000066)",Unfall 77004 (2020) Kat:3, Licht: 0,77004,3,6,2,02,11,5,1,0,0,1,0,0,0,0
"POINT (6.876709279000068 51.182689983000046)",Unfall 77029 (2020) Kat:3, Licht: 0,77029,3,6,3,02,11,4,0,0,0,1,0,0,1,0
"POINT (6.864550546000032 51.223245008000049)",Unfall 77032 (2020) Kat:3, Licht: 0,77032,3,6,2,02,15,4,0,0,0,1,0,0,0,0
"POINT (6.801581754000040 51.243461422000053)",Unfall 77033 (2020) Kat:3, Licht: 1,77033,3,3,5,02,17,4,0,1,0,1,0,0,0,0
"POINT (6.713845565000042 51.235882424000067)",Unfall 77035 (2020) Kat:3, Licht: 0,77035,3,5,0,02,16,4,0,0,0,1,0,1,0,0
"POINT (6.817917750000049 51.260664035000048)",Unfall 77056 (2020) Kat:3, Licht: 2,77056,3,3,5,02,18,5,1,2,0,1,0,0,0,0
"POINT (6.760804567000037 51.214529767000045)",Unfall 77059 (2020) Kat:3, Licht: 2,77059,3,6,2,02,18,5,1,2,0,1,0,0,0,0
"POINT (6.759919889000059 51.271350115000075)",Unfall 77062 (2020) Kat:3, Licht: 0,77062,3,6,2,02,08,4,0,0,0,1,0,0,0,0
"POINT (6.786303822000036 51.253816144000041)",Unfall 77111 (2020) Kat:3, Licht: 2,77111,3,2,0,02,18,5,1,2,0,1,1,0,0,0
"POINT (6.846983489000024 51.239298305000034)",Unfall 77150 (2020) Kat:2, Licht: 0,77150,2,7,0,02,15,3,1,0,0,0,0,1,0,0
"POINT (6.803625462000071 51.216089853000028)",Unfall 77151 (2020) Kat:3, Licht: 0,77151,3,2,6,02,15,3,0,0,0,1,1,0,0,0
"POINT (6.808905937000077 51.231935582000062)",Unfall 77162 (2020) Kat:3, Licht: 0,77162,3,6,2,02,12,5,1,0,0,1,0,0,0,0
"POINT (6.839891342000044 51.197783394000055)",Unfall 77224 (2020) Kat:3, Licht: 0,77224,3,2,5,02,16,2,0,0,0,1,0,0,0,0
"POINT (6.807664154000065 51.231643570000074)",Unfall 77261 (2020) Kat:3, Licht: 0,77261,3,7,4,02,15,7,0,0,1,1,0,0,0,0
"POINT (6.777650644000062 51.272587303000080)",Unfall 77276 (2020) Kat:3, Licht: 0,77276,3,2,5,02,14,3,0,0,0,1,0,0,0,0
"POINT (6.800552084000060 51.230460504000064)",Unfall 77284 (2020) Kat:3, Licht: 0,77284,3,6,3,02,15,2,1,0,0,1,0,1,0,0
"POINT (6.829561614000056 51.241597009000031)",Unfall 77328 (2020) Kat:3, Licht: 2,77328,3,6,2,02,19,1,1,2,0,1,0,0,0,0
"POINT (6.782536215000050 51.202947615000028)",Unfall 77373 (2020) Kat:3, Licht: 0,77373,3,3,5,02,15,6,0,0,1,1,0,0,0,0
"POINT (6.840263239000024 51.197680863000073)",Unfall 77378 (2020) Kat:3, Licht: 0,77378,3,6,2,02,11,6,1,0,0,1,0,0,1,0
"POINT (6.806818045000057 51.235175095000045)",Unfall 77381 (2020) Kat:3, Licht: 2,77381,3,6,2,02,19,6,0,2,0,1,0,0,0,0
"POINT (6.803488684000058 51.216248214000075)",Unfall 77385 (2020) Kat:3, Licht: 2,77385,3,4,6,02,19,6,0,2,0,1,1,0,0,0
"POINT (6.780056408000064 51.273161431000062)",Unfall 77406 (2020) Kat:3, Licht: 1,77406,3,7,0,02,17,2,1,1,0,0,0,1,0,0
"POINT (6.722685093000052 51.249630957000079)",Unfall 77442 (2020) Kat:3, Licht: 0,77442,3,3,5,02,09,7,0,0,0,1,0,0,0,0
"POINT (6.907365305000042 51.134860919000062)",Unfall 77456 (2020) Kat:3, Licht: 2,77456,3,1,0,02,21,7,0,2,0,0,0,1,0,0
"POINT (6.791642317000026 51.228513783000039)",Unfall 77462 (2020) Kat:2, Licht: 2,77462,2,2,4,02,19,2,0,2,1,1,0,0,0,0
"POINT (6.776011226000037 51.237348494000059)",Unfall 77478 (2020) Kat:3, Licht: 0,77478,3,6,3,02,10,6,0,0,1,1,0,0,0,0
"POINT (6.811020104000022 51.224389126000062)",Unfall 77555 (2020) Kat:3, Licht: 0,77555,3,6,2,02,13,6,0,0,0,1,0,0,0,1
"POINT (6.766784114000075 51.200507740000035)",Unfall 77606 (2020) Kat:3, Licht: 0,77606,3,6,2,02,09,6,0,0,0,0,0,0,1,1
"POINT (6.776881497000034 51.229717177000055)",Unfall 77611 (2020) Kat:3, Licht: 2,77611,3,2,6,02,18,7,0,2,0,1,1,0,0,0
"POINT (6.908339638000030 51.133865372000059)",Unfall 77648 (2020) Kat:3, Licht: 2,77648,3,7,1,02,03,6,0,2,0,1,0,0,1,0
"POINT (6.748349486000052 51.340231065000069)",Unfall 77671 (2020) Kat:3, Licht: 0,77671,3,1,8,02,11,6,0,0,0,1,0,0,0,0
"POINT (6.799622445000068 51.220194790000050)",Unfall 77679 (2020) Kat:3, Licht: 0,77679,3,2,5,02,16,4,0,0,1,1,0,0,0,0
"POINT (6.787343572000054 51.227805871000044)",Unfall 77686 (2020) Kat:3, Licht: 2,77686,3,1,0,02,22,4,1,2,0,0,0,1,0,0
"POINT (6.785490903000039 51.215573113000062)",Unfall 77695 (2020) Kat:3, Licht: 0,77695,3,6,0,02,12,4,0,0,0,1,0,1,0,0
"POINT (6.793712896000045 51.226492663000045)",Unfall 77699 (2020) Kat:2, Licht: 0,77699,2,2,5,02,09,4,1,0,1,1,0,0,0,0
"POINT (6.721069154000077 51.232277994000071)",Unfall 77707 (2020) Kat:3, Licht: 0,77707,3,6,2,02,08,4,1,0,0,1,0,0,0,0
"POINT (6.744590438000046 51.237845015000062)",Unfall 77751 (2020) Kat:3, Licht: 0,77751,3,2,2,02,16,6,0,0,0,1,0,0,0,0
"POINT (6.810796290000042 51.222777641000050)",Unfall 77777 (2020) Kat:3, Licht: 1,77777,3,3,5,02,07,5,1,1,0,1,0,0,1,0
"POINT (6.770733529000040 51.241693000000055)",Unfall 77871 (2020) Kat:3, Licht: 2,77871,3,6,2,02,19,2,0,2,0,1,0,0,0,0
"POINT (6.784365850000029 51.216278867000028)",Unfall 77929 (2020) Kat:3, Licht: 2,77929,3,4,0,02,18,4,1,2,0,1,1,0,0,0
"POINT (6.792991818000076 51.198660854000082)",Unfall 77939 (2020) Kat:3, Licht: 0,77939,3,6,2,02,09,3,0,0,0,1,0,0,0,0
"POINT (6.838310763000038 51.190016193000076)",Unfall 77944 (2020) Kat:3, Licht: 2,77944,3,6,0,02,19,4,1,2,0,1,0,0,0,0
"POINT (6.823446885000067 51.206750109000041)",Unfall 77947 (2020) Kat:3, Licht: 2,77947,3,2,5,02,19,3,0,2,0,1,0,0,0,0
"POINT (6.863039340000057 51.225207870000077)",Unfall 78160 (2020) Kat:3, Licht: 0,78160,3,6,6,02,14,6,0,0,0,1,1,0,0,0
"POINT (6.810330336000050 51.262302052000052)",Unfall 78163 (2020) Kat:3, Licht: 0,78163,3,6,1,02,14,6,0,0,0,1,0,0,0,0
"POINT (6.782502339000075 51.223025760000041)",Unfall 78171 (2020) Kat:3, Licht: 2,78171,3,2,5,02,00,6,1,2,0,1,0,0,0,0
"POINT (6.774586815000021 51.231551335000063)",Unfall 78175 (2020) Kat:3, Licht: 2,78175,3,1,0,02,19,6,1,2,1,0,0,0,0,0
"POINT (6.818196761000024 51.257986643000038)",Unfall 78253 (2020) Kat:3, Licht: 2,78253,3,2,6,03,19,1,1,2,0,1,1,0,0,0
"POINT (6.744590438000046 51.237845015000062)",Unfall 78284 (2020) Kat:3, Licht: 0,78284,3,2,4,03,09,2,0,0,0,1,0,0,0,0
"POINT (6.754757015000052 51.200849366000057)",Unfall 78329 (2020) Kat:3, Licht: 2,78329,3,6,3,02,20,7,0,2,0,1,0,0,0,0
"POINT (6.800573201000020 51.210580677000053)",Unfall 78335 (2020) Kat:2, Licht: 2,78335,2,4,6,03,19,1,1,2,0,1,1,0,0,0
"POINT (6.700152513000035 51.234965085000056)",Unfall 78425 (2020) Kat:2, Licht: 0,78425,2,6,2,02,08,6,1,0,0,1,0,0,0,1
"POINT (6.913650060000066 51.255109957000059)",Unfall 78428 (2020) Kat:3, Licht: 2,78428,3,3,5,03,17,2,1,2,0,1,0,0,1,0
"POINT (6.880796257000043 51.159447193000062)",Unfall 78444 (2020) Kat:3, Licht: 2,78444,3,6,2,02,19,5,1,2,0,1,0,0,0,0
"POINT (6.800686460000065 51.214802014000043)",Unfall 78450 (2020) Kat:3, Licht: 0,78450,3,3,5,03,15,2,0,0,0,1,0,1,0,0
"POINT (6.800933218000068 51.214729719000047)",Unfall 78498 (2020) Kat:3, Licht: 0,78498,3,2,5,03,10,1,0,0,1,1,0,0,0,0
"POINT (6.798428290000061 51.210633555000072)",Unfall 78550 (2020) Kat:3, Licht: 2,78550,3,4,6,03,18,5,1,2,0,1,1,0,0,0
"POINT (6.893494059000034 51.161032418000048)",Unfall 78567 (2020) Kat:3, Licht: 2,78567,3,3,5,03,19,4,0,2,1,1,0,0,0,0
"POINT (6.916434964000075 51.258907748000070)",Unfall 78571 (2020) Kat:3, Licht: 0,78571,3,6,2,03,12,7,0,0,0,1,0,0,0,0
"POINT (6.843662795000057 51.240475346000039)",Unfall 78654 (2020) Kat:3, Licht: 0,78654,3,6,2,03,10,4,0,0,0,1,0,0,0,0
"POINT (6.798098837000055 51.221795630000031)",Unfall 78723 (2020) Kat:3, Licht: 0,78723,3,7,7,03,12,3,0,0,1,0,0,0,0,0
"POINT (6.800725418000070 51.275025466000045)",Unfall 78725 (2020) Kat:3, Licht: 2,78725,3,7,2,03,22,6,1,2,0,1,0,0,0,0
"POINT (6.783046529000046 51.248264170000027)",Unfall 78727 (2020) Kat:3, Licht: 0,78727,3,2,5,03,09,5,0,0,1,1,0,0,0,0
"POINT (6.782465658000035 51.209250154000074)",Unfall 78749 (2020) Kat:3, Licht: 0,78749,3,6,1,03,13,7,0,0,0,1,0,0,0,0
"POINT (6.808910076000075 51.231978138000045)",Unfall 78832 (2020) Kat:3, Licht: 0,78832,3,4,6,03,15,4,0,0,0,0,1,0,0,1
"POINT (6.806888480000055 51.170957537000049)",Unfall 78900 (2020) Kat:3, Licht: 0,78900,3,6,8,03,14,7,0,0,1,0,0,0,0,1
"POINT (6.762178774000063 51.200747531000047)",Unfall 78904 (2020) Kat:3, Licht: 0,78904,3,3,5,03,12,6,0,0,0,1,0,0,0,0
"POINT (6.797486445000061 51.210703244000058)",Unfall 78922 (2020) Kat:3, Licht: 2,78922,3,1,8,03,19,1,1,2,0,1,0,0,0,0
"POINT (6.784378636000042 51.203699760000063)",Unfall 78995 (2020) Kat:3, Licht: 0,78995,3,6,3,03,17,6,1,0,0,1,0,0,0,0
"POINT (6.743490401000031 51.240598057000057)",Unfall 79041 (2020) Kat:3, Licht: 0,79041,3,3,5,03,15,5,0,0,0,1,0,0,0,0
"POINT (6.787579949000076 51.242720791000067)",Unfall 79043 (2020) Kat:3, Licht: 0,79043,3,3,5,03,16,2,0,0,0,1,0,0,0,1
"POINT (6.811586864000049 51.227246645000037)",Unfall 79053 (2020) Kat:3, Licht: 0,79053,3,6,2,03,07,2,0,0,0,1,0,0,0,0
"POINT (6.809341506000067 51.208585316000040)",Unfall 79065 (2020) Kat:2, Licht: 0,79065,2,7,1,03,08,2,1,0,0,1,0,0,0,0
"POINT (6.775915079000072 51.237503851000042)",Unfall 79110 (2020) Kat:3, Licht: 0,79110,3,6,2,03,16,6,1,0,0,1,0,0,0,0
"POINT (6.783369985000036 51.205481582000061)",Unfall 79143 (2020) Kat:3, Licht: 0,79143,3,6,2,03,16,3,1,0,0,1,0,0,0,0
"POINT (6.887215234000053 51.161089395000033)",Unfall 79145 (2020) Kat:3, Licht: 0,79145,3,4,6,03,12,3,1,0,0,1,1,0,0,0
"POINT (6.857634777000044 51.206895138000050)",Unfall 79149 (2020) Kat:3, Licht: 0,79149,3,3,5,03,07,3,1,0,0,1,0,1,0,0
"POINT (6.859829695000030 51.223915275000081)",Unfall 79154 (2020) Kat:3, Licht: 0,79154,3,6,2,03,16,3,1,0,0,1,0,0,1,0
"POINT (6.803408268000055 51.216201683000065)",Unfall 79156 (2020) Kat:3, Licht: 0,79156,3,3,5,03,14,3,1,0,0,1,0,0,0,0
"POINT (6.770841948000054 51.227250644000037)",Unfall 79188 (2020) Kat:2, Licht: 0,79188,2,1,8,03,06,4,0,0,0,1,0,0,0,0
"POINT (6.896583047000036 51.147417019000045)",Unfall 79229 (2020) Kat:3, Licht: 0,79229,3,6,4,03,17,5,0,0,0,1,0,0,0,0
"POINT (6.800069275000055 51.275066025000058)",Unfall 79272 (2020) Kat:3, Licht: 2,79272,3,2,4,03,20,6,1,2,0,1,0,0,0,0
"POINT (6.794273747000034 51.275464397000064)",Unfall 79374 (2020) Kat:3, Licht: 2,79374,3,2,5,03,22,4,1,2,1,1,0,0,0,0
"POINT (6.798189799000056 51.212859585000047)",Unfall 79437 (2020) Kat:3, Licht: 0,79437,3,6,3,03,09,2,0,0,0,1,0,1,0,0
"POINT (6.798099622000052 51.210648286000037)",Unfall 79438 (2020) Kat:3, Licht: 0,79438,3,7,5,03,15,4,0,0,0,1,0,1,0,0
"POINT (6.865237548000039 51.214597287000061)",Unfall 79468 (2020) Kat:3, Licht: 0,79468,3,3,5,03,10,5,0,0,0,1,0,0,0,0
"POINT (6.801811391000058 51.242421779000040)",Unfall 79492 (2020) Kat:3, Licht: 1,79492,3,2,2,03,18,7,0,1,0,1,0,0,0,0
"POINT (6.737447466000049 51.231283326000039)",Unfall 79495 (2020) Kat:3, Licht: 0,79495,3,3,5,03,15,7,0,0,1,1,0,0,0,0
"POINT (6.730748776000041 51.234127327000067)",Unfall 79499 (2020) Kat:3, Licht: 0,79499,3,6,2,03,11,7,0,0,0,1,0,0,0,0
"POINT (6.787288428000068 51.229083867000043)",Unfall 79523 (2020) Kat:3, Licht: 0,79523,3,4,6,03,15,1,1,0,1,0,1,0,0,0
"POINT (6.837330255000040 51.169264502000033)",Unfall 79585 (2020) Kat:3, Licht: 2,79585,3,7,9,03,19,3,0,2,0,1,0,0,0,0
"POINT (6.800922706000051 51.214720334000049)",Unfall 79604 (2020) Kat:3, Licht: 0,79604,3,3,3,03,15,2,0,0,1,0,0,0,0,1
"POINT (6.758400768000058 51.209809351000047)",Unfall 79666 (2020) Kat:3, Licht: 0,79666,3,3,5,03,10,6,0,0,1,1,0,0,0,0
"POINT (6.834611377000044 51.239957106000077)",Unfall 79682 (2020) Kat:3, Licht: 0,79682,3,6,0,03,17,3,0,0,1,1,0,0,0,0
"POINT (6.786507806000032 51.238093431000038)",Unfall 79758 (2020) Kat:3, Licht: 0,79758,3,3,5,03,16,5,0,0,0,1,0,0,0,0
"POINT (6.754770915000051 51.201647992000062)",Unfall 79784 (2020) Kat:3, Licht: 0,79784,3,6,2,03,17,3,0,0,0,1,0,0,0,0
"POINT (6.821475841000051 51.183889953000062)",Unfall 79833 (2020) Kat:3, Licht: 2,79833,3,6,1,03,20,6,1,2,0,1,0,0,0,1
"POINT (6.857242803000077 51.192389827000056)",Unfall 79877 (2020) Kat:3, Licht: 2,79877,3,6,3,03,23,3,0,2,0,1,0,0,0,1
"POINT (6.814402403000031 51.242957248000039)",Unfall 79908 (2020) Kat:3, Licht: 0,79908,3,7,0,03,14,7,0,0,0,1,1,0,0,0
"POINT (6.803222581000057 51.264770550000037)",Unfall 79943 (2020) Kat:3, Licht: 0,79943,3,5,5,03,11,7,0,0,1,1,0,0,0,0
"POINT (6.905242164000072 51.138166886000079)",Unfall 79985 (2020) Kat:3, Licht: 0,79985,3,3,5,03,15,6,0,0,0,1,0,1,0,0
"POINT (6.781796636000024 51.218939408000040)",Unfall 80016 (2020) Kat:3, Licht: 0,80016,3,1,0,04,14,5,0,0,1,0,0,0,0,0
"POINT (6.859961604000034 51.241081878000045)",Unfall 80022 (2020) Kat:3, Licht: 0,80022,3,6,8,03,11,2,0,0,0,1,0,0,0,0
"POINT (6.810790180000026 51.222765786000082)",Unfall 80032 (2020) Kat:3, Licht: 0,80032,3,3,5,03,15,2,0,0,0,1,0,0,1,0
"POINT (6.806882836000057 51.218955947000040)",Unfall 80089 (2020) Kat:3, Licht: 0,80089,3,2,5,03,11,3,0,0,0,1,0,1,0,0
"POINT (6.826143097000056 51.206111476000046)",Unfall 80117 (2020) Kat:2, Licht: 0,80117,2,6,3,03,12,4,0,0,0,1,0,1,0,0
"POINT (6.791560326000024 51.231128077000051)",Unfall 80121 (2020) Kat:3, Licht: 2,80121,3,5,0,03,20,4,0,2,1,1,0,0,0,0
"POINT (6.791687757000034 51.276314388000060)",Unfall 80126 (2020) Kat:2, Licht: 0,80126,2,2,4,03,16,4,0,0,0,1,0,1,0,0
"POINT (6.810766764000050 51.222722497000063)",Unfall 80130 (2020) Kat:3, Licht: 0,80130,3,6,2,03,13,4,0,0,0,1,0,0,0,1
"POINT (6.862034848000064 51.211265807000075)",Unfall 80133 (2020) Kat:3, Licht: 0,80133,3,6,2,03,15,4,0,0,0,1,0,0,1,0
"POINT (6.759646048000036 51.247162182000068)",Unfall 80153 (2020) Kat:2, Licht: 0,80153,2,6,3,03,14,7,0,0,1,0,0,0,0,0
"POINT (6.808694348000074 51.232536682000045)",Unfall 80301 (2020) Kat:3, Licht: 0,80301,3,5,1,03,11,3,0,0,0,1,0,0,0,1
"POINT (6.914264713000023 51.272374908000074)",Unfall 80489 (2020) Kat:3, Licht: 0,80489,3,3,5,04,15,1,0,0,1,0,0,0,0,1
"POINT (6.885247410000034 51.161101258000031)",Unfall 80514 (2020) Kat:3, Licht: 0,80514,3,2,4,04,18,2,0,0,1,1,0,0,0,0
"POINT (6.734688783000024 51.231951710000033)",Unfall 80566 (2020) Kat:3, Licht: 0,80566,3,7,0,04,14,2,0,0,0,0,0,0,0,1
"POINT (6.843943950000039 51.189817603000051)",Unfall 80599 (2020) Kat:3, Licht: 0,80599,3,6,3,04,17,1,0,0,0,1,0,0,0,0
"POINT (6.909596177000026 51.195286020000026)",Unfall 80603 (2020) Kat:2, Licht: 0,80603,2,6,1,04,12,6,0,0,0,1,0,0,0,0
"POINT (6.849566375000052 51.232827544000031)",Unfall 80604 (2020) Kat:3, Licht: 0,80604,3,6,2,04,18,7,0,0,1,0,0,0,0,1
"POINT (6.801446554000052 51.210547318000067)",Unfall 80607 (2020) Kat:2, Licht: 0,80607,2,3,5,04,11,6,0,0,0,1,0,0,0,1
"POINT (6.771801311000047 51.236563839000041)",Unfall 80673 (2020) Kat:3, Licht: 2,80673,3,6,2,04,23,2,0,2,0,1,0,0,0,0
"POINT (6.757587332000071 51.200778032000073)",Unfall 80781 (2020) Kat:2, Licht: 0,80781,2,3,5,04,15,6,0,0,0,1,0,1,0,0
"POINT (6.836441694000030 51.197160035000081)",Unfall 80782 (2020) Kat:3, Licht: 0,80782,3,3,5,04,12,3,0,0,0,1,0,1,0,0
"POINT (6.870606549000058 51.223790171000076)",Unfall 80785 (2020) Kat:3, Licht: 0,80785,3,3,5,04,18,3,0,0,1,0,0,1,0,0
"POINT (6.728835929000070 51.234342826000045)",Unfall 80786 (2020) Kat:3, Licht: 0,80786,3,6,2,04,11,4,0,0,0,1,0,0,0,0
"POINT (6.802012307000041 51.250584185000037)",Unfall 80787 (2020) Kat:3, Licht: 0,80787,3,6,1,04,11,5,0,0,0,1,0,0,0,0
"POINT (6.796159628000055 51.229606459000081)",Unfall 80864 (2020) Kat:3, Licht: 0,80864,3,3,5,04,07,5,0,0,1,1,0,0,0,0
"POINT (6.846414363000065 51.199648431000071)",Unfall 80900 (2020) Kat:3, Licht: 0,80900,3,7,1,04,18,6,0,0,0,1,0,0,0,0
"POINT (6.859490632000075 51.209039247000078)",Unfall 80906 (2020) Kat:3, Licht: 0,80906,3,5,1,04,14,5,0,0,0,1,0,0,0,0
"POINT (6.891550023000036 51.152440240000033)",Unfall 80912 (2020) Kat:3, Licht: 0,80912,3,6,2,04,15,3,0,0,0,1,0,0,0,1
"POINT (6.777418232000059 51.190143308000074)",Unfall 80952 (2020) Kat:2, Licht: 2,80952,2,6,3,04,05,4,0,2,0,1,0,0,0,0
"POINT (6.799330618000056 51.213560606000044)",Unfall 80954 (2020) Kat:3, Licht: 0,80954,3,7,0,04,14,6,0,0,0,0,0,1,0,0
"POINT (6.695256346000065 51.227408254000068)",Unfall 80975 (2020) Kat:3, Licht: 0,80975,3,1,5,04,07,5,0,0,0,1,0,0,0,0
"POINT (6.878941260000033 51.161663723000061)",Unfall 81009 (2020) Kat:3, Licht: 1,81009,3,7,0,04,19,4,0,1,1,0,0,0,0,1
"POINT (6.781953824000027 51.242252850000057)",Unfall 81024 (2020) Kat:3, Licht: 0,81024,3,3,5,04,17,3,0,0,1,1,0,0,0,0
"POINT (6.817369400000075 51.233980110000061)",Unfall 81039 (2020) Kat:3, Licht: 0,81039,3,6,2,04,15,3,0,0,0,1,0,0,0,0
"POINT (6.799019387000044 51.210612175000051)",Unfall 81083 (2020) Kat:3, Licht: 0,81083,3,6,5,04,10,4,0,0,0,1,0,1,0,0
"POINT (6.805388594000021 51.209385973000053)",Unfall 81099 (2020) Kat:3, Licht: 2,81099,3,4,0,04,21,2,0,2,0,1,1,0,0,0
"POINT (6.784253590000049 51.203783355000041)",Unfall 81157 (2020) Kat:3, Licht: 0,81157,3,1,5,04,19,7,0,0,1,1,0,0,0,0
"POINT (6.808747102000041 51.220923594000055)",Unfall 81159 (2020) Kat:2, Licht: 0,81159,2,3,5,04,19,7,0,0,0,1,0,0,0,0
"POINT (6.810849600000040 51.208345253000061)",Unfall 81208 (2020) Kat:3, Licht: 0,81208,3,6,3,04,19,4,0,0,1,0,0,0,0,1
"POINT (6.750259095000047 51.271045386000026)",Unfall 81356 (2020) Kat:3, Licht: 0,81356,3,3,5,04,11,1,0,0,0,1,0,0,0,0
"POINT (6.805078067000068 51.231149685000048)",Unfall 81389 (2020) Kat:2, Licht: 0,81389,2,1,0,04,13,2,0,0,1,0,0,0,0,0
"POINT (6.783721679000053 51.218882742000062)",Unfall 81406 (2020) Kat:3, Licht: 0,81406,3,2,6,04,15,6,0,0,0,1,1,0,0,0
"POINT (6.910787834000075 51.130819367000072)",Unfall 81430 (2020) Kat:3, Licht: 2,81430,3,1,9,04,20,2,0,2,0,1,0,0,0,0
"POINT (6.823483979000059 51.229991080000048)",Unfall 81431 (2020) Kat:3, Licht: 0,81431,3,7,5,04,17,5,0,0,0,1,0,0,0,0
"POINT (6.782759244000033 51.210984449000080)",Unfall 81487 (2020) Kat:3, Licht: 0,81487,3,2,2,04,17,1,0,0,0,1,0,0,0,0
"POINT (6.796641287000057 51.211508857000069)",Unfall 81584 (2020) Kat:3, Licht: 0,81584,3,6,2,04,13,2,0,0,0,1,0,0,0,0
"POINT (6.743212978000031 51.241351432000044)",Unfall 81639 (2020) Kat:3, Licht: 0,81639,3,6,3,04,12,3,0,0,0,1,0,0,0,0
"POINT (6.809951269000067 51.229659193000032)",Unfall 81676 (2020) Kat:3, Licht: 0,81676,3,6,3,04,19,5,0,0,1,1,0,0,0,0