WKT,Name,OBJECTID,UKATEGORIE,UTYP1,UART,UMONAT,USTUNDE,UWOCHENTAG,STRZUSTAND,ULICHTVERH,ISTRAD,ISTPKW,ISTFUSS,ISTKRAD,ISTGKFZ,ISTSONSTIG
"POINT (6.757453599000030 51.207811758000048)",Unfall 81800 (2020) Kat:3, Licht: 0,81800,3,1,0,04,18,5,0,0,0,0,0,1,0,0
"POINT (6.781826620000061 51.219375606000028)",Unfall 81808 (2020) Kat:3, Licht: 0,81808,3,6,2,04,12,6,0,0,0,1,0,0,0,0
"POINT (6.820668832000024 51.236517380000066)",Unfall 81891 (2020) Kat:3, Licht: 0,81891,3,7,5,04,14,5,0,0,1,0,0,0,0,1
"POINT (6.756965430000037 51.207140412000058)",Unfall 81942 (2020) Kat:3, Licht: 0,81942,3,3,5,04,18,5,0,0,1,1,0,0,0,0
"POINT (6.787053404000062 51.214597877000074)",Unfall 81948 (2020) Kat:3, Licht: 0,81948,3,1,5,04,14,6,0,0,0,1,0,0,0,0
"POINT (6.790709059000051 51.207506197000043)",Unfall 81971 (2020) Kat:3, Licht: 0,81971,3,3,5,04,12,2,0,0,1,0,0,0,0,1
"POINT (6.890987697000071 51.152415571000063)",Unfall 82010 (2020) Kat:3, Licht: 0,82010,3,1,9,04,16,7,0,0,0,1,0,0,0,0
"POINT (6.825536808000038 51.265622625000049)",Unfall 82030 (2020) Kat:3, Licht: 0,82030,3,4,6,04,10,7,0,0,1,0,1,0,0,0
"POINT (6.811605087000032 51.227183076000074)",Unfall 82046 (2020) Kat:3, Licht: 0,82046,3,5,2,04,15,7,0,0,0,1,0,0,0,0
"POINT (6.751768825000056 51.338482495000051)",Unfall 82047 (2020) Kat:3, Licht: 0,82047,3,2,5,04,16,2,0,0,1,1,0,0,0,0
"POINT (6.776190770000028 51.237753845000043)",Unfall 82086 (2020) Kat:3, Licht: 0,82086,3,3,5,04,15,3,1,0,1,1,0,0,0,0
"POINT (6.703142590000027 51.234512887000051)",Unfall 82165 (2020) Kat:3, Licht: 0,82165,3,6,2,04,16,3,1,0,0,1,0,0,0,0
"POINT (6.727532063000069 51.233040921000054)",Unfall 82171 (2020) Kat:1, Licht: 0,82171,1,2,5,04,06,4,0,0,0,1,0,0,0,0
"POINT (6.874754231000054 51.130372061000060)",Unfall 82205 (2020) Kat:3, Licht: 0,82205,3,3,5,04,14,1,0,0,1,0,0,0,0,0
"POINT (6.859627028000034 51.209145950000050)",Unfall 82209 (2020) Kat:2, Licht: 0,82209,2,1,0,04,12,2,0,0,0,0,0,1,0,0
"POINT (6.813137830000073 51.232113265000066)",Unfall 82226 (2020) Kat:3, Licht: 0,82226,3,6,2,04,18,3,1,0,0,1,0,1,0,0
"POINT (6.779167100000052 51.233056025000053)",Unfall 82325 (2020) Kat:3, Licht: 0,82325,3,6,2,04,14,3,0,0,1,1,0,0,0,0
"POINT (6.779402663000042 51.257656036000071)",Unfall 82330 (2020) Kat:2, Licht: 0,82330,2,1,0,04,16,4,0,0,1,0,0,0,0,0
"POINT (6.791654507000033 51.276325859000053)",Unfall 82410 (2020) Kat:3, Licht: 0,82410,3,7,0,05,15,1,0,0,0,0,0,0,0,1
"POINT (6.801310660000070 51.251500631000056)",Unfall 82427 (2020) Kat:3, Licht: 0,82427,3,6,3,05,13,3,0,0,0,1,0,0,0,1
"POINT (6.803460859000040 51.216147394000075)",Unfall 82444 (2020) Kat:3, Licht: 2,82444,3,2,5,05,23,4,0,2,0,1,0,0,0,0
"POINT (6.839848727000060 51.197816068000066)",Unfall 82458 (2020) Kat:3, Licht: 0,82458,3,2,4,04,19,5,1,0,0,1,0,0,0,0
"POINT (6.757867224000052 51.209215712000059)",Unfall 82461 (2020) Kat:2, Licht: 2,82461,2,1,9,04,23,5,1,2,0,1,0,0,0,0
"POINT (6.839407741000059 51.170780966000052)",Unfall 82465 (2020) Kat:3, Licht: 2,82465,3,5,1,04,00,5,1,2,0,1,0,0,0,0
"POINT (6.757234928000059 51.207115077000026)",Unfall 82468 (2020) Kat:3, Licht: 0,82468,3,2,2,04,07,5,0,0,0,1,0,0,0,0
"POINT (6.741907019000053 51.286086427000043)",Unfall 82478 (2020) Kat:3, Licht: 0,82478,3,6,2,04,12,5,0,0,0,1,0,0,0,0
"POINT (6.799122265000051 51.249295490000065)",Unfall 82481 (2020) Kat:3, Licht: 0,82481,3,3,5,04,13,5,0,0,1,1,0,0,0,0
"POINT (6.771311371000024 51.242633510000076)",Unfall 82515 (2020) Kat:3, Licht: 0,82515,3,3,5,05,17,3,0,0,1,1,0,0,0,0
"POINT (6.796662223000055 51.211524499000063)",Unfall 82524 (2020) Kat:3, Licht: 0,82524,3,6,2,05,14,2,0,0,0,1,0,0,1,0
"POINT (6.794169843000020 51.226012122000043)",Unfall 82527 (2020) Kat:3, Licht: 0,82527,3,7,3,05,11,4,0,0,0,1,0,1,0,0
"POINT (6.802047145000074 51.241107344000056)",Unfall 82529 (2020) Kat:3, Licht: 0,82529,3,5,0,05,17,7,1,0,1,0,0,0,1,0
"POINT (6.809602240000061 51.230635835000044)",Unfall 82531 (2020) Kat:2, Licht: 2,82531,2,6,2,05,00,7,1,2,0,1,0,0,0,0
"POINT (6.781530744000065 51.251417931000049)",Unfall 82594 (2020) Kat:3, Licht: 0,82594,3,7,6,05,17,4,0,0,0,1,1,0,0,0
"POINT (6.857810979000021 51.227127419000055)",Unfall 82605 (2020) Kat:2, Licht: 0,82605,2,2,5,05,16,3,0,0,1,1,0,0,0,0
"POINT (6.878062145000058 51.258315509000056)",Unfall 82671 (2020) Kat:3, Licht: 0,82671,3,6,1,05,20,3,0,0,0,1,0,0,0,0
"POINT (6.796348547000036 51.223700709000070)",Unfall 82709 (2020) Kat:3, Licht: 0,82709,3,4,6,05,12,4,0,0,0,1,1,0,0,0
"POINT (6.864089605000061 51.254275369000027)",Unfall 82771 (2020) Kat:2, Licht: 0,82771,2,7,1,05,15,4,0,0,1,0,0,0,0,1
"POINT (6.784974452000029 51.246134317000042)",Unfall 82778 (2020) Kat:3, Licht: 0,82778,3,2,5,05,17,3,0,0,1,1,0,0,0,0
"POINT (6.802349384000024 51.253200562000075)",Unfall 82799 (2020) Kat:3, Licht: 0,82799,3,3,5,05,12,2,0,0,1,0,0,0,0,1
"POINT (6.903177002000064 51.140775127000040)",Unfall 82839 (2020) Kat:3, Licht: 0,82839,3,2,5,05,07,5,0,0,1,1,0,0,0,0
"POINT (6.775778102000061 51.231293732000040)",Unfall 82849 (2020) Kat:3, Licht: 0,82849,3,1,9,05,13,5,0,0,0,1,0,0,0,1
"POINT (6.698526405000052 51.225957266000080)",Unfall 82855 (2020) Kat:3, Licht: 0,82855,3,7,9,05,09,5,0,0,0,1,0,0,0,0
"POINT (6.768142180000041 51.251346159000036)",Unfall 82872 (2020) Kat:3, Licht: 0,82872,3,1,0,05,16,6,0,0,1,0,0,0,0,0
"POINT (6.777079003000040 51.236387492000063)",Unfall 82877 (2020) Kat:3, Licht: 0,82877,3,4,6,05,17,7,0,0,1,1,1,0,0,0
"POINT (6.787514229000067 51.232264962000045)",Unfall 82903 (2020) Kat:3, Licht: 0,82903,3,6,2,05,09,4,0,0,0,1,0,0,0,0
"POINT (6.781046498000023 51.230215070000042)",Unfall 82915 (2020) Kat:3, Licht: 0,82915,3,2,3,05,15,3,0,0,0,1,0,0,0,1
"POINT (6.805257242000039 51.257021249000047)",Unfall 82967 (2020) Kat:3, Licht: 0,82967,3,6,1,05,14,2,0,0,1,1,0,0,0,0
"POINT (6.732235595000020 51.198716117000060)",Unfall 82979 (2020) Kat:3, Licht: 2,82979,3,6,3,05,22,7,0,2,0,1,0,1,0,0
"POINT (6.761020072000065 51.231676323000045)",Unfall 83020 (2020) Kat:3, Licht: 0,83020,3,2,5,05,19,1,0,0,1,1,0,0,0,0
"POINT (6.749069907000035 51.334076194000033)",Unfall 83073 (2020) Kat:2, Licht: 0,83073,2,3,5,05,14,6,0,0,0,1,0,1,0,0
"POINT (6.856644894000056 51.193120186000044)",Unfall 83078 (2020) Kat:3, Licht: 0,83078,3,2,3,05,12,7,0,0,0,1,0,0,0,0
"POINT (6.810977564000041 51.245321553000053)",Unfall 83096 (2020) Kat:3, Licht: 0,83096,3,3,5,05,18,2,1,0,0,1,0,0,0,0
"POINT (6.809378662000029 51.230650999000034)",Unfall 83105 (2020) Kat:3, Licht: 0,83105,3,2,5,05,16,4,0,0,1,0,0,0,0,1
"POINT (6.782805764000045 51.254021911000052)",Unfall 83201 (2020) Kat:3, Licht: 0,83201,3,6,2,05,07,4,0,0,0,1,0,0,1,0
"POINT (6.865716725000027 51.220046028000070)",Unfall 83221 (2020) Kat:2, Licht: 0,83221,2,1,8,05,13,1,0,0,1,0,0,0,0,0
"POINT (6.873699410000029 51.210953024000048)",Unfall 83274 (2020) Kat:3, Licht: 0,83274,3,6,4,05,17,7,0,0,1,0,0,0,0,0
"POINT (6.775269989000037 51.200658967000038)",Unfall 83293 (2020) Kat:3, Licht: 0,83293,3,3,5,05,06,5,0,0,1,1,0,0,0,0
"POINT (6.795685871000046 51.224428948000082)",Unfall 83295 (2020) Kat:3, Licht: 2,83295,3,2,5,05,22,7,0,2,0,1,0,0,0,1
"POINT (6.809202655000036 51.220957241000065)",Unfall 83298 (2020) Kat:3, Licht: 0,83298,3,2,3,05,15,2,0,0,0,1,0,1,0,0
"POINT (6.781781520000038 51.273843565000050)",Unfall 83304 (2020) Kat:3, Licht: 0,83304,3,5,1,05,19,5,0,0,1,1,0,0,0,0
"POINT (6.796766329000036 51.248257157000069)",Unfall 83308 (2020) Kat:3, Licht: 0,83308,3,2,5,05,16,5,0,0,1,0,0,0,1,0
"POINT (6.742306433000067 51.305916787000058)",Unfall 83313 (2020) Kat:2, Licht: 0,83313,2,5,0,05,10,5,0,0,1,1,0,0,0,0
"POINT (6.802691811000045 51.216956562000064)",Unfall 83331 (2020) Kat:3, Licht: 0,83331,3,2,5,05,17,5,1,0,0,0,0,1,0,1
"POINT (6.863755783000045 51.213227480000057)",Unfall 83381 (2020) Kat:3, Licht: 0,83381,3,6,3,05,18,2,0,0,0,1,0,1,0,0
"POINT (6.755379024000035 51.200978649000035)",Unfall 83391 (2020) Kat:3, Licht: 0,83391,3,2,5,05,07,3,0,0,1,0,0,0,0,1
"POINT (6.793899493000026 51.230452082000056)",Unfall 83513 (2020) Kat:3, Licht: 0,83513,3,6,2,05,15,2,0,0,0,0,0,1,0,1
"POINT (6.811374311000066 51.227211096000076)",Unfall 83526 (2020) Kat:3, Licht: 0,83526,3,4,6,05,08,6,0,0,1,0,1,0,0,0
"POINT (6.806858223000063 51.218912681000063)",Unfall 83531 (2020) Kat:3, Licht: 0,83531,3,6,3,05,06,6,0,0,0,1,0,0,0,0
"POINT (6.796315602000050 51.211266565000074)",Unfall 83532 (2020) Kat:3, Licht: 0,83532,3,7,3,05,07,6,0,0,0,0,0,0,0,1
"POINT (6.822309945000029 51.207018243000050)",Unfall 83578 (2020) Kat:3, Licht: 0,83578,3,2,0,05,15,3,0,0,1,1,0,0,0,0
"POINT (6.840283350000050 51.197666461000040)",Unfall 83599 (2020) Kat:3, Licht: 0,83599,3,2,5,05,19,2,0,0,0,1,0,0,0,0
"POINT (6.743961444000036 51.321667745000070)",Unfall 83705 (2020) Kat:3, Licht: 2,83705,3,7,0,05,23,2,0,2,1,0,0,0,0,0
"POINT (6.846514835000050 51.166546157000028)",Unfall 83717 (2020) Kat:3, Licht: 0,83717,3,6,2,05,09,3,0,0,0,1,0,0,0,1
"POINT (6.801516470000024 51.265677661000041)",Unfall 83739 (2020) Kat:3, Licht: 0,83739,3,1,2,05,16,2,0,0,0,1,0,0,0,1
"POINT (6.748566131000075 51.231423926000048)",Unfall 83819 (2020) Kat:3, Licht: 0,83819,3,4,0,05,12,3,0,0,0,1,1,0,0,0
"POINT (6.772671571000046 51.199816801000054)",Unfall 83821 (2020) Kat:2, Licht: 0,83821,2,1,9,05,11,7,0,0,0,0,0,1,0,0
"POINT (6.768322997000041 51.200386107000043)",Unfall 83851 (2020) Kat:3, Licht: 0,83851,3,6,3,05,06,6,0,0,0,1,0,0,1,0
"POINT (6.862766136000062 51.188928273000045)",Unfall 83902 (2020) Kat:3, Licht: 0,83902,3,2,5,05,08,5,0,0,1,1,0,0,0,0
"POINT (6.806896572000028 51.218979111000067)",Unfall 83904 (2020) Kat:3, Licht: 0,83904,3,6,2,05,11,6,0,0,0,0,0,0,0,1
"POINT (6.783634961000075 51.204937192000045)",Unfall 83943 (2020) Kat:3, Licht: 0,83943,3,6,2,05,07,4,0,0,0,1,0,0,0,0
"POINT (6.777556001000050 51.240981503000057)",Unfall 83953 (2020) Kat:3, Licht: 0,83953,3,2,3,05,21,5,0,0,0,1,0,0,0,0
"POINT (6.831537946000026 51.241258678000065)",Unfall 84012 (2020) Kat:2, Licht: 0,84012,2,2,2,05,17,6,0,0,0,0,0,0,0,1
"POINT (6.800939728000060 51.250966631000040)",Unfall 84059 (2020) Kat:3, Licht: 0,84059,3,3,5,05,12,5,0,0,0,1,0,0,0,0
"POINT (6.843356585000038 51.240874832000031)",Unfall 84192 (2020) Kat:3, Licht: 0,84192,3,2,5,05,14,7,0,0,1,1,0,0,0,0
"POINT (6.738535461000026 51.198274503000050)",Unfall 84212 (2020) Kat:2, Licht: 0,84212,2,6,2,05,17,3,0,0,0,1,0,0,0,0
"POINT (6.906858423000074 51.136003661000075)",Unfall 84214 (2020) Kat:3, Licht: 0,84214,3,6,2,05,08,3,0,0,0,1,0,0,0,0
"POINT (6.858878873000037 51.162242699000046)",Unfall 84223 (2020) Kat:2, Licht: 0,84223,2,3,5,05,12,2,0,0,0,1,0,1,0,0
"POINT (6.821341387000075 51.255454060000034)",Unfall 84224 (2020) Kat:3, Licht: 0,84224,3,3,5,05,12,3,0,0,1,1,0,0,0,0
"POINT (6.775349038000059 51.264331378000065)",Unfall 84225 (2020) Kat:3, Licht: 0,84225,3,1,0,05,17,2,0,0,0,0,0,1,0,0
"POINT (6.720107774000041 51.233768194000049)",Unfall 84239 (2020) Kat:3, Licht: 0,84239,3,7,0,05,13,3,0,0,0,0,0,1,0,0
"POINT (6.774703607000049 51.307800061000080)",Unfall 84397 (2020) Kat:3, Licht: 0,84397,3,1,8,05,10,5,0,0,0,1,0,0,0,0
"POINT (6.821957361000045 51.250931341000069)",Unfall 84452 (2020) Kat:3, Licht: 0,84452,3,7,0,05,15,6,0,0,1,0,0,0,0,0
"POINT (6.781789810000021 51.218823767000060)",Unfall 84459 (2020) Kat:3, Licht: 0,84459,3,4,6,05,10,5,0,0,0,0,1,0,0,1
"POINT (6.821857211000065 51.239311368000074)",Unfall 84490 (2020) Kat:3, Licht: 0,84490,3,6,3,05,11,4,0,0,0,1,0,1,0,0
"POINT (6.758873624000046 51.231476220000047)",Unfall 84501 (2020) Kat:3, Licht: 0,84501,3,6,2,05,18,4,0,0,0,1,0,0,0,0
"POINT (6.786949193000055 51.230814107000072)",Unfall 84502 (2020) Kat:3, Licht: 0,84502,3,2,6,05,10,5,0,0,0,1,1,0,0,0
"POINT (6.723600323000028 51.234116521000033)",Unfall 84508 (2020) Kat:3, Licht: 0,84508,3,6,2,05,07,6,0,0,0,1,0,0,0,0
"POINT (6.791027632000066 51.245978282000067)",Unfall 84557 (2020) Kat:3, Licht: 0,84557,3,4,6,05,15,6,0,0,1,0,1,0,0,0
"POINT (6.806000226000037 51.257711077000067)",Unfall 84581 (2020) Kat:3, Licht: 0,84581,3,6,2,05,10,5,0,0,0,1,0,0,0,1
"POINT (6.911145741000041 51.194658586000060)",Unfall 84624 (2020) Kat:2, Licht: 0,84624,2,6,2,05,11,5,0,0,0,0,0,1,1,0
"POINT (6.743913077000059 51.321332772000062)",Unfall 84631 (2020) Kat:3, Licht: 0,84631,3,3,5,05,09,6,0,0,1,1,0,0,0,0
"POINT (6.911179276000041 51.270832091000045)",Unfall 84662 (2020) Kat:3, Licht: 0,84662,3,7,2,05,17,5,0,0,0,1,0,0,1,0
"POINT (6.793318619000047 51.252949028000046)",Unfall 84707 (2020) Kat:3, Licht: 0,84707,3,6,2,05,16,1,0,0,0,1,0,0,0,0
"POINT (6.744885563000025 51.198856953000075)",Unfall 84710 (2020) Kat:3, Licht: 0,84710,3,1,0,06,13,2,0,0,1,0,0,0,0,0
"POINT (6.796487640000066 51.259507444000064)",Unfall 84730 (2020) Kat:2, Licht: 2,84730,2,7,5,06,00,2,0,2,0,1,0,0,0,0
"POINT (6.822069743000043 51.250947747000055)",Unfall 84781 (2020) Kat:3, Licht: 0,84781,3,2,5,06,19,2,0,0,0,1,0,1,0,0
"POINT (6.783029390000024 51.203115081000078)",Unfall 84855 (2020) Kat:3, Licht: 0,84855,3,2,5,06,20,2,0,0,0,1,0,1,0,0
"POINT (6.840647939000064 51.240509557000053)",Unfall 84875 (2020) Kat:3, Licht: 0,84875,3,7,3,06,09,2,0,0,1,1,0,0,0,0
"POINT (6.863919251000027 51.190137436000043)",Unfall 84904 (2020) Kat:3, Licht: 2,84904,3,1,9,05,03,7,0,2,0,0,0,0,1,0
"POINT (6.865819127000066 51.214967711000043)",Unfall 84906 (2020) Kat:3, Licht: 0,84906,3,3,5,05,20,7,0,0,0,1,0,1,0,0
"POINT (6.821311991000073 51.169424428000070)",Unfall 84908 (2020) Kat:3, Licht: 0,84908,3,3,5,05,18,7,0,0,0,1,0,0,0,0
"POINT (6.721312525000030 51.232383589000051)",Unfall 84911 (2020) Kat:3, Licht: 0,84911,3,7,0,05,13,7,0,0,0,0,1,1,0,0
"POINT (6.863542494000058 51.145934087000057)",Unfall 84925 (2020) Kat:3, Licht: 0,84925,3,2,5,06,17,2,0,0,1,1,0,0,0,0
"POINT (6.771968660000027 51.243559049000055)",Unfall 85013 (2020) Kat:3, Licht: 0,85013,3,6,2,06,15,2,0,0,0,1,0,1,0,0
"POINT (6.848065755000050 51.196898659000055)",Unfall 85034 (2020) Kat:3, Licht: 0,85034,3,6,2,06,07,3,0,0,0,1,0,1,0,0
"POINT (6.770441991000041 51.279356572000040)",Unfall 85040 (2020) Kat:3, Licht: 0,85040,3,6,2,06,08,3,0,0,0,1,0,0,0,0
"POINT (6.809002959000054 51.231685512000070)",Unfall 85043 (2020) Kat:3, Licht: 0,85043,3,6,3,06,08,3,0,0,0,1,0,1,0,0
"POINT (6.846456726000042 51.229198623000059)",Unfall 85047 (2020) Kat:3, Licht: 0,85047,3,3,5,06,17,3,0,0,1,0,0,0,0,1
"POINT (6.820513276000042 51.269506269000033)",Unfall 85056 (2020) Kat:3, Licht: 0,85056,3,6,5,06,17,3,0,0,1,0,0,0,0,0
"POINT (6.773860812000066 51.271971806000067)",Unfall 85060 (2020) Kat:2, Licht: 0,85060,2,7,0,06,14,3,0,0,1,0,0,0,0,0
"POINT (6.800614025000073 51.210579384000027)",Unfall 85067 (2020) Kat:3, Licht: 0,85067,3,3,5,06,09,3,0,0,1,1,0,0,0,0
"POINT (6.799458973000071 51.230204406000041)",Unfall 85095 (2020) Kat:3, Licht: 1,85095,3,2,5,06,21,6,1,1,0,1,0,0,0,1
"POINT (6.792767688000026 51.333914149000066)",Unfall 85222 (2020) Kat:3, Licht: 2,85222,3,7,0,06,04,4,0,2,0,1,0,0,0,0
"POINT (6.873635095000054 51.224354480000045)",Unfall 85242 (2020) Kat:3, Licht: 0,85242,3,6,2,06,13,6,1,0,0,1,0,0,0,0
"POINT (6.863192659000049 51.223181686000032)",Unfall 85330 (2020) Kat:3, Licht: 0,85330,3,1,0,06,12,6,1,0,0,0,0,1,0,0
"POINT (6.822013511000023 51.250907532000042)",Unfall 85364 (2020) Kat:2, Licht: 0,85364,2,3,5,06,15,4,0,0,1,1,0,0,0,0
"POINT (6.782061043000056 51.218359483000029)",Unfall 85442 (2020) Kat:3, Licht: 0,85442,3,6,3,06,07,2,0,0,0,1,0,1,0,0
"POINT (6.837146218000044 51.238962381000078)",Unfall 85444 (2020) Kat:2, Licht: 0,85444,2,1,0,06,21,2,0,0,0,0,0,1,0,0
"POINT (6.912543696000057 51.260190302000069)",Unfall 85498 (2020) Kat:3, Licht: 0,85498,3,7,5,06,15,3,0,0,0,1,0,0,0,0
"POINT (6.791968753000049 51.208031611000081)",Unfall 85561 (2020) Kat:3, Licht: 0,85561,3,3,5,06,07,4,0,0,1,1,0,0,0,0
"POINT (6.810163813000031 51.250781117000031)",Unfall 85652 (2020) Kat:3, Licht: 0,85652,3,6,6,06,18,3,0,0,1,0,1,0,0,0
"POINT (6.795520422000038 51.273912906000078)",Unfall 85790 (2020) Kat:3, Licht: 2,85790,3,7,9,06,23,6,0,2,0,1,0,0,0,0
"POINT (6.789825094000037 51.199970945000075)",Unfall 85919 (2020) Kat:3, Licht: 0,85919,3,6,1,06,12,6,0,0,0,1,0,1,0,0
"POINT (6.802140743000052 51.249112781000065)",Unfall 86022 (2020) Kat:3, Licht: 0,86022,3,6,2,06,16,1,0,0,0,1,0,0,0,0
"POINT (6.796539737000046 51.259310680000056)",Unfall 86066 (2020) Kat:2, Licht: 2,86066,2,6,2,06,22,5,0,2,0,1,0,1,0,0
"POINT (6.759333126000058 51.246982186000082)",Unfall 86074 (2020) Kat:3, Licht: 0,86074,3,1,0,06,13,5,1,0,1,0,0,0,0,0
"POINT (6.754992123000022 51.200877354000056)",Unfall 86271 (2020) Kat:3, Licht: 0,86271,3,6,2,06,13,5,0,0,0,1,0,0,0,0
"POINT (6.747201227000062 51.232836628000030)",Unfall 86337 (2020) Kat:2, Licht: 2,86337,2,5,1,06,01,1,0,2,0,0,0,0,0,1
"POINT (6.845707623000067 51.189838801000064)",Unfall 86377 (2020) Kat:3, Licht: 0,86377,3,6,0,06,11,5,0,0,0,1,0,0,0,0
"POINT (6.783643918000053 51.192012416000068)",Unfall 86387 (2020) Kat:3, Licht: 0,86387,3,6,1,06,12,6,0,0,0,1,0,0,0,1
"POINT (6.785733478000054 51.204586641000049)",Unfall 86392 (2020) Kat:3, Licht: 0,86392,3,6,3,06,12,6,0,0,0,1,0,1,0,0
"POINT (6.802561862000061 51.253595653000048)",Unfall 86396 (2020) Kat:3, Licht: 0,86396,3,2,5,06,12,6,0,0,1,1,0,0,0,0
"POINT (6.800107152000066 51.275063500000044)",Unfall 86407 (2020) Kat:3, Licht: 0,86407,3,3,5,06,10,6,0,0,0,1,0,0,0,0
"POINT (6.839894131000051 51.197781255000052)",Unfall 86413 (2020) Kat:3, Licht: 0,86413,3,2,4,06,11,6,0,0,0,1,0,0,0,1
"POINT (6.823864858000036 51.184707857000035)",Unfall 86522 (2020) Kat:3, Licht: 0,86522,3,4,5,06,14,1,0,0,0,1,1,0,0,0
"POINT (6.793543042000067 51.198267938000072)",Unfall 86548 (2020) Kat:3, Licht: 0,86548,3,6,1,06,08,4,0,0,1,0,0,0,0,0
"POINT (6.760365532000037 51.231669077000049)",Unfall 86549 (2020) Kat:3, Licht: 0,86549,3,1,6,06,09,4,0,0,1,0,1,0,0,0
"POINT (6.784253590000049 51.203783355000041)",Unfall 86660 (2020) Kat:3, Licht: 0,86660,3,3,5,06,17,6,0,0,1,1,0,0,0,0
"POINT (6.799031520000028 51.210611825000058)",Unfall 86678 (2020) Kat:3, Licht: 0,86678,3,3,5,06,14,2,0,0,0,1,0,0,0,0
"POINT (6.889693213000044 51.161049808000030)",Unfall 86715 (2020) Kat:3, Licht: 0,86715,3,4,6,06,17,3,0,0,0,0,1,0,0,1
"POINT (6.727197444000069 51.234225806000040)",Unfall 86731 (2020) Kat:3, Licht: 0,86731,3,6,3,06,06,2,1,0,0,1,0,0,1,0
"POINT (6.723845606000054 51.249289404000081)",Unfall 86803 (2020) Kat:2, Licht: 0,86803,2,6,0,06,13,4,0,0,1,0,0,0,0,0
"POINT (6.799803234000024 51.220005812000068)",Unfall 86824 (2020) Kat:3, Licht: 0,86824,3,5,0,06,17,5,0,0,1,1,0,0,0,0
"POINT (6.840228588000059 51.189933250000081)",Unfall 86832 (2020) Kat:3, Licht: 0,86832,3,6,2,06,16,4,0,0,0,1,0,0,0,0
"POINT (6.787223146000031 51.237090955000042)",Unfall 86870 (2020) Kat:3, Licht: 0,86870,3,6,3,06,14,5,0,0,1,0,0,0,0,1
"POINT (6.911243471000034 51.192059494000034)",Unfall 86877 (2020) Kat:3, Licht: 0,86877,3,6,3,06,07,2,1,0,0,1,0,0,0,0
"POINT (6.782781970000031 51.213055990000043)",Unfall 86923 (2020) Kat:3, Licht: 0,86923,3,6,0,06,08,3,0,0,0,1,0,0,0,1
"POINT (6.732787525000049 51.198684115000049)",Unfall 87013 (2020) Kat:2, Licht: 0,87013,2,6,1,06,10,4,0,0,0,1,0,0,0,0
"POINT (6.827406744000029 51.267095200000028)",Unfall 87024 (2020) Kat:3, Licht: 0,87024,3,2,5,06,17,3,0,0,1,1,0,0,0,0
"POINT (6.873248738000029 51.224285883000050)",Unfall 87034 (2020) Kat:3, Licht: 0,87034,3,2,4,06,07,5,0,0,1,1,0,0,0,0
"POINT (6.873111170000072 51.211278133000064)",Unfall 87054 (2020) Kat:3, Licht: 0,87054,3,6,2,06,07,2,0,0,0,1,0,0,0,0
"POINT (6.782776407000029 51.215559624000036)",Unfall 87129 (2020) Kat:3, Licht: 0,87129,3,3,5,06,15,3,0,0,1,1,0,0,0,0
"POINT (6.803408268000055 51.216201683000065)",Unfall 87162 (2020) Kat:3, Licht: 2,87162,3,2,5,06,00,5,0,2,0,1,0,0,0,0
"POINT (6.865284262000046 51.222308031000068)",Unfall 87172 (2020) Kat:3, Licht: 0,87172,3,1,0,06,17,2,0,0,1,0,0,0,0,0
"POINT (6.720689201000027 51.232554752000055)",Unfall 87178 (2020) Kat:2, Licht: 0,87178,2,6,6,06,15,2,0,0,1,0,1,0,0,0
"POINT (6.772144250000054 51.252459007000027)",Unfall 87179 (2020) Kat:2, Licht: 0,87179,2,3,5,06,14,5,0,0,0,1,0,0,0,0
"POINT (6.862584592000076 51.211891513000069)",Unfall 87189 (2020) Kat:3, Licht: 0,87189,3,7,6,06,17,4,0,0,1,0,1,0,0,0
"POINT (6.847992127000055 51.196807162000027)",Unfall 87244 (2020) Kat:3, Licht: 0,87244,3,1,0,06,13,2,1,0,1,0,0,0,0,0
"POINT (6.847693283000069 51.165843601000063)",Unfall 87281 (2020) Kat:2, Licht: 0,87281,2,2,3,06,15,2,0,0,1,0,0,0,1,0
"POINT (6.773840863000032 51.271061101000043)",Unfall 87284 (2020) Kat:3, Licht: 0,87284,3,2,0,06,17,2,0,0,0,1,0,0,0,1
"POINT (6.787063599000021 51.214591514000062)",Unfall 87366 (2020) Kat:3, Licht: 0,87366,3,3,5,06,15,7,0,0,0,1,0,1,0,0
"POINT (6.782495873000073 51.223002921000045)",Unfall 87368 (2020) Kat:3, Licht: 2,87368,3,4,0,06,03,7,0,2,0,1,1,0,0,0
"POINT (6.781801280000025 51.219006373000070)",Unfall 87369 (2020) Kat:3, Licht: 2,87369,3,6,0,06,23,7,0,2,0,1,0,0,0,1
"POINT (6.860248471000034 51.249006794000081)",Unfall 87373 (2020) Kat:3, Licht: 0,87373,3,2,2,06,11,6,0,0,0,1,0,0,0,0
"POINT (6.850707941000053 51.231924601000060)",Unfall 87378 (2020) Kat:3, Licht: 0,87378,3,2,2,06,11,6,0,0,0,1,0,0,0,1
"POINT (6.801937546000033 51.245670798000049)",Unfall 87453 (2020) Kat:3, Licht: 0,87453,3,6,2,07,09,4,1,0,0,1,0,0,1,0
"POINT (6.811588195000070 51.226424164000036)",Unfall 87508 (2020) Kat:3, Licht: 0,87508,3,6,2,07,16,4,1,0,0,1,0,0,0,0
"POINT (6.810792720000052 51.222770715000081)",Unfall 87549 (2020) Kat:2, Licht: 0,87549,2,2,5,06,07,3,0,0,1,0,0,0,1,0
"POINT (6.801185531000044 51.230563777000043)",Unfall 87550 (2020) Kat:3, Licht: 0,87550,3,4,0,07,11,4,1,0,0,0,1,0,0,1