WKT,Name,OBJECTID,UKATEGORIE,UTYP1,UART,UMONAT,USTUNDE,UWOCHENTAG,STRZUSTAND,ULICHTVERH,ISTRAD,ISTPKW,ISTFUSS,ISTKRAD,ISTGKFZ,ISTSONSTIG
"POINT (6.750326148000056 51.271056427000076)",Unfall 87553 (2020) Kat:3, Licht: 0,87553,3,3,5,06,20,3,0,0,0,1,0,0,0,0
"POINT (6.761038209000049 51.231676378000031)",Unfall 87563 (2020) Kat:3, Licht: 0,87563,3,5,1,06,19,3,0,0,1,1,0,0,0,0
"POINT (6.777784691000022 51.235177397000029)",Unfall 87565 (2020) Kat:3, Licht: 0,87565,3,4,6,07,19,4,1,0,0,0,1,0,0,1
"POINT (6.782686557000034 51.208794939000029)",Unfall 87583 (2020) Kat:3, Licht: 0,87583,3,2,5,07,14,5,0,0,1,1,0,0,0,0
"POINT (6.808905937000077 51.231935582000062)",Unfall 87628 (2020) Kat:3, Licht: 0,87628,3,3,5,07,10,4,1,0,0,1,0,0,0,0
"POINT (6.873081848000027 51.181767605000061)",Unfall 87672 (2020) Kat:3, Licht: 0,87672,3,7,0,07,11,4,1,0,1,1,0,0,0,0
"POINT (6.810065120000047 51.229461934000028)",Unfall 87686 (2020) Kat:2, Licht: 0,87686,2,3,5,07,13,4,0,0,0,1,0,0,0,0
"POINT (6.700922337000066 51.231571742000028)",Unfall 87743 (2020) Kat:3, Licht: 0,87743,3,6,2,07,15,2,0,0,0,1,0,0,0,0
"POINT (6.895250226000030 51.173640120000073)",Unfall 87750 (2020) Kat:3, Licht: 0,87750,3,1,0,07,12,1,0,0,1,0,0,0,0,0
"POINT (6.787082524000027 51.232388320000041)",Unfall 87754 (2020) Kat:2, Licht: 2,87754,2,3,5,07,01,1,1,2,0,1,0,0,0,0
"POINT (6.782847679000042 51.222992430000033)",Unfall 87820 (2020) Kat:3, Licht: 0,87820,3,2,5,07,10,3,0,0,0,1,0,0,0,1
"POINT (6.780512466000062 51.253819474000068)",Unfall 87862 (2020) Kat:3, Licht: 0,87862,3,3,5,07,09,7,0,0,1,1,0,0,0,0
"POINT (6.781748918000062 51.230257342000073)",Unfall 87864 (2020) Kat:3, Licht: 0,87864,3,7,0,07,06,7,0,0,0,0,1,0,0,1
"POINT (6.821125240000072 51.255648241000074)",Unfall 87866 (2020) Kat:3, Licht: 0,87866,3,4,6,07,18,3,0,0,0,1,1,0,0,0
"POINT (6.771668249000072 51.235720920000063)",Unfall 87867 (2020) Kat:3, Licht: 0,87867,3,6,2,07,19,7,0,0,0,1,0,0,0,0
"POINT (6.743311004000020 51.241084618000059)",Unfall 87950 (2020) Kat:3, Licht: 0,87950,3,2,3,07,16,3,0,0,0,1,0,1,0,0
"POINT (6.859878773000048 51.158046945000081)",Unfall 87985 (2020) Kat:3, Licht: 0,87985,3,3,5,07,19,2,1,0,0,1,0,0,0,0
"POINT (6.782785783000065 51.213998002000039)",Unfall 87995 (2020) Kat:2, Licht: 0,87995,2,2,6,07,12,2,1,0,0,1,1,0,0,0
"POINT (6.782057935000069 51.218311436000079)",Unfall 88024 (2020) Kat:3, Licht: 0,88024,3,4,6,07,13,6,0,0,0,1,1,0,0,0
"POINT (6.801917564000064 51.245410565000043)",Unfall 88042 (2020) Kat:3, Licht: 0,88042,3,6,3,07,17,2,0,0,0,1,0,0,0,0
"POINT (6.797902856000064 51.229814016000034)",Unfall 88054 (2020) Kat:3, Licht: 0,88054,3,4,0,07,09,3,0,0,0,0,1,0,0,1
"POINT (6.892196236000075 51.151824704000035)",Unfall 88087 (2020) Kat:3, Licht: 0,88087,3,7,1,07,08,5,0,0,0,1,0,0,0,0
"POINT (6.832591927000067 51.272759028000053)",Unfall 88103 (2020) Kat:2, Licht: 0,88103,2,4,6,07,16,5,0,0,0,1,1,0,0,0
"POINT (6.837917879000031 51.199324655000055)",Unfall 88152 (2020) Kat:3, Licht: 0,88152,3,6,1,07,18,5,0,0,0,0,0,1,0,1
"POINT (6.806841014000042 51.170885818000045)",Unfall 88153 (2020) Kat:2, Licht: 0,88153,2,1,9,07,15,6,0,0,0,1,0,0,0,0
"POINT (6.771125046000066 51.240793926000038)",Unfall 88159 (2020) Kat:3, Licht: 0,88159,3,6,1,07,15,4,1,0,0,1,0,0,1,0
"POINT (6.722505509000030 51.234028156000079)",Unfall 88162 (2020) Kat:3, Licht: 0,88162,3,6,2,07,07,4,1,0,0,1,0,0,0,1
"POINT (6.788283625000076 51.225040265000075)",Unfall 88165 (2020) Kat:3, Licht: 0,88165,3,4,7,07,19,5,0,0,0,1,1,0,0,0
"POINT (6.735705433000021 51.296226327000056)",Unfall 88238 (2020) Kat:3, Licht: 0,88238,3,1,0,07,09,5,1,0,0,0,0,1,0,0
"POINT (6.814312099000063 51.260267229000078)",Unfall 88259 (2020) Kat:3, Licht: 0,88259,3,3,5,07,10,7,0,0,1,1,0,0,0,0
"POINT (6.782786597000040 51.215025048000030)",Unfall 88288 (2020) Kat:3, Licht: 0,88288,3,7,0,07,07,5,1,0,0,0,0,1,0,0
"POINT (6.771537011000021 51.231877765000036)",Unfall 88303 (2020) Kat:3, Licht: 0,88303,3,7,0,07,11,5,0,0,1,0,0,0,0,1
"POINT (6.814402403000031 51.242957248000039)",Unfall 88371 (2020) Kat:2, Licht: 0,88371,2,1,8,07,08,5,1,0,0,1,0,0,0,0
"POINT (6.787425489000043 51.223930590000066)",Unfall 88372 (2020) Kat:3, Licht: 0,88372,3,3,0,07,19,6,0,0,0,1,0,0,0,1
"POINT (6.907619646000057 51.135189736000029)",Unfall 88416 (2020) Kat:3, Licht: 0,88416,3,6,2,07,13,4,0,0,0,1,0,0,0,0
"POINT (6.807902373000047 51.233737582000060)",Unfall 88442 (2020) Kat:3, Licht: 0,88442,3,2,5,07,10,3,0,0,0,1,0,0,0,0
"POINT (6.808415565000075 51.259951656000055)",Unfall 88457 (2020) Kat:2, Licht: 0,88457,2,5,1,07,20,3,0,0,1,1,0,0,0,0
"POINT (6.771684958000037 51.234687871000062)",Unfall 88484 (2020) Kat:2, Licht: 0,88484,2,7,4,07,08,4,0,0,0,1,0,0,0,0
"POINT (6.724415492000048 51.232373292000034)",Unfall 88510 (2020) Kat:3, Licht: 0,88510,3,2,5,07,18,3,1,0,1,0,0,0,0,1
"POINT (6.823146808000047 51.206821457000046)",Unfall 88524 (2020) Kat:3, Licht: 0,88524,3,7,0,07,20,2,0,0,1,0,0,0,0,0
"POINT (6.846405615000037 51.199643249000076)",Unfall 88525 (2020) Kat:2, Licht: 0,88525,2,3,5,07,20,1,0,0,1,1,0,0,0,0
"POINT (6.793522301000053 51.209008714000049)",Unfall 88528 (2020) Kat:1, Licht: 0,88528,1,1,8,07,19,2,0,0,0,0,0,1,0,0
"POINT (6.794344383000066 51.252768811000067)",Unfall 88532 (2020) Kat:3, Licht: 0,88532,3,3,5,07,14,2,0,0,0,1,0,0,0,0
"POINT (6.775668136000036 51.240357626000048)",Unfall 88541 (2020) Kat:3, Licht: 0,88541,3,2,5,07,18,1,0,0,0,1,0,0,0,0
"POINT (6.771822222000026 51.236606360000053)",Unfall 88542 (2020) Kat:3, Licht: 0,88542,3,2,3,07,16,1,0,0,1,1,0,0,0,0
"POINT (6.771098503000076 51.229902032000041)",Unfall 88545 (2020) Kat:3, Licht: 0,88545,3,1,6,07,17,1,0,0,1,0,1,0,0,0
"POINT (6.782598473000064 51.213448014000051)",Unfall 88559 (2020) Kat:3, Licht: 0,88559,3,6,2,07,17,4,0,0,0,1,0,0,0,0
"POINT (6.914996140000028 51.259613295000065)",Unfall 88581 (2020) Kat:3, Licht: 0,88581,3,6,2,07,14,4,0,0,0,1,0,0,0,0
"POINT (6.801216690000047 51.230569026000069)",Unfall 88632 (2020) Kat:3, Licht: 0,88632,3,3,5,07,09,4,0,0,1,1,0,0,0,0
"POINT (6.803556978000074 51.216291233000049)",Unfall 88699 (2020) Kat:2, Licht: 0,88699,2,4,6,07,12,4,0,0,0,1,1,0,0,0
"POINT (6.774662281000076 51.239916208000068)",Unfall 88804 (2020) Kat:3, Licht: 0,88804,3,6,0,07,09,2,0,0,1,1,0,0,0,0
"POINT (6.781018095000036 51.230313857000056)",Unfall 88825 (2020) Kat:3, Licht: 1,88825,3,4,6,07,21,7,0,1,0,0,1,1,0,0
"POINT (6.793656589000022 51.246981411000036)",Unfall 88833 (2020) Kat:3, Licht: 0,88833,3,6,1,07,19,7,0,0,0,1,0,0,0,0
"POINT (6.839482771000064 51.198233080000080)",Unfall 88848 (2020) Kat:3, Licht: 2,88848,3,3,5,07,04,1,0,2,0,1,0,0,0,0
"POINT (6.795939352000062 51.274102067000058)",Unfall 88862 (2020) Kat:3, Licht: 2,88862,3,1,9,07,01,6,1,2,0,0,0,0,0,1
"POINT (6.788272903000063 51.244763649000049)",Unfall 88864 (2020) Kat:3, Licht: 0,88864,3,5,1,07,18,6,0,0,1,1,0,0,0,0
"POINT (6.770684259000063 51.279531110000050)",Unfall 88977 (2020) Kat:3, Licht: 0,88977,3,7,0,07,10,2,0,0,0,0,0,0,1,0
"POINT (6.742108353000049 51.269503396000061)",Unfall 89038 (2020) Kat:2, Licht: 0,89038,2,6,3,07,13,7,0,0,0,1,0,1,0,0
"POINT (6.787333095000065 51.244236457000056)",Unfall 89064 (2020) Kat:3, Licht: 0,89064,3,4,0,07,14,2,0,0,0,0,1,1,0,0
"POINT (6.865554332000045 51.220730845000048)",Unfall 89106 (2020) Kat:3, Licht: 0,89106,3,6,4,07,20,1,0,0,1,0,0,0,0,1
"POINT (6.775929536000035 51.262682172000041)",Unfall 89107 (2020) Kat:3, Licht: 0,89107,3,3,5,07,11,5,1,0,0,1,0,0,0,0
"POINT (6.787082524000027 51.232388320000041)",Unfall 89109 (2020) Kat:3, Licht: 0,89109,3,3,5,07,11,5,1,0,0,1,0,0,0,0
"POINT (6.823830983000050 51.229676746000052)",Unfall 89112 (2020) Kat:3, Licht: 0,89112,3,2,5,07,14,5,1,0,0,1,0,0,0,1
"POINT (6.788106789000040 51.226475780000044)",Unfall 89116 (2020) Kat:3, Licht: 0,89116,3,2,3,07,13,5,1,0,0,1,0,0,0,0
"POINT (6.868149013000050 51.190016050000054)",Unfall 89143 (2020) Kat:3, Licht: 0,89143,3,6,3,07,09,3,0,0,0,1,0,0,1,0
"POINT (6.911388439000064 51.131759192000061)",Unfall 89147 (2020) Kat:3, Licht: 0,89147,3,1,0,07,17,2,0,0,1,0,0,0,0,0
"POINT (6.811258716000054 51.225217575000045)",Unfall 89256 (2020) Kat:3, Licht: 0,89256,3,6,2,07,16,4,0,0,0,1,0,0,0,0
"POINT (6.857801084000073 51.162280565000060)",Unfall 89258 (2020) Kat:3, Licht: 0,89258,3,1,0,07,13,5,0,0,1,0,0,0,0,0
"POINT (6.796748683000033 51.248249659000066)",Unfall 89260 (2020) Kat:3, Licht: 0,89260,3,2,5,07,16,4,0,0,1,1,0,0,0,0
"POINT (6.743950797000025 51.321597867000037)",Unfall 89262 (2020) Kat:3, Licht: 0,89262,3,3,5,07,14,4,0,0,1,1,0,0,0,0
"POINT (6.797741456000040 51.212535754000044)",Unfall 89265 (2020) Kat:3, Licht: 0,89265,3,2,3,07,16,4,0,0,1,1,0,0,0,0
"POINT (6.822667263000028 51.238483212000062)",Unfall 89267 (2020) Kat:3, Licht: 0,89267,3,2,5,07,16,7,1,0,0,1,0,0,0,0
"POINT (6.763777405000042 51.217770668000071)",Unfall 89288 (2020) Kat:3, Licht: 2,89288,3,6,2,07,13,6,0,2,0,1,0,0,1,0
"POINT (6.800568285000054 51.195797018000064)",Unfall 89322 (2020) Kat:3, Licht: 0,89322,3,2,0,07,11,5,0,0,0,1,0,0,0,1
"POINT (6.776156728000046 51.231098473000031)",Unfall 89328 (2020) Kat:3, Licht: 2,89328,3,3,5,07,21,5,0,2,1,1,0,0,0,0
"POINT (6.773942099000067 51.231555972000081)",Unfall 89342 (2020) Kat:3, Licht: 0,89342,3,1,0,07,14,5,0,0,1,0,0,0,0,0
"POINT (6.781790534000038 51.218837387000065)",Unfall 89374 (2020) Kat:2, Licht: 0,89374,2,3,5,07,13,6,0,0,0,1,0,1,0,0
"POINT (6.869779538000046 51.189978021000059)",Unfall 89447 (2020) Kat:3, Licht: 0,89447,3,6,2,07,06,6,0,0,0,1,0,0,0,0
"POINT (6.760996430000034 51.200802049000060)",Unfall 89466 (2020) Kat:3, Licht: 0,89466,3,3,5,07,17,6,0,0,1,1,0,0,0,0
"POINT (6.789452000000040 51.213323396000078)",Unfall 89548 (2020) Kat:3, Licht: 0,89548,3,6,3,07,15,6,0,0,1,1,0,0,0,0
"POINT (6.786668518000056 51.240631195000049)",Unfall 89549 (2020) Kat:3, Licht: 0,89549,3,7,6,07,21,3,0,0,1,0,1,0,0,0
"POINT (6.758524509000040 51.246518142000070)",Unfall 89552 (2020) Kat:3, Licht: 0,89552,3,5,2,07,18,3,0,0,0,1,0,0,0,1
"POINT (6.760083819000045 51.231666113000074)",Unfall 89553 (2020) Kat:3, Licht: 0,89553,3,7,0,07,20,7,0,0,1,0,0,0,0,0
"POINT (6.779234857000063 51.272945161000052)",Unfall 89555 (2020) Kat:3, Licht: 0,89555,3,6,0,07,11,3,0,0,1,0,1,0,0,0
"POINT (6.819604478000031 51.230768000000069)",Unfall 89612 (2020) Kat:3, Licht: 0,89612,3,3,5,07,12,6,0,0,0,1,0,0,0,0
"POINT (6.850708006000048 51.231924553000056)",Unfall 89661 (2020) Kat:3, Licht: 0,89661,3,2,3,07,14,5,0,0,1,1,0,0,0,0
"POINT (6.842189917000042 51.169014026000070)",Unfall 89694 (2020) Kat:3, Licht: 2,89694,3,2,5,07,00,2,0,2,1,1,0,0,0,0
"POINT (6.806392094000046 51.218229805000078)",Unfall 89699 (2020) Kat:3, Licht: 0,89699,3,3,5,07,15,6,0,0,1,1,0,0,0,0
"POINT (6.714643781000063 51.233140061000029)",Unfall 89716 (2020) Kat:3, Licht: 0,89716,3,6,2,07,17,4,0,0,0,1,0,0,0,0
"POINT (6.787168646000055 51.230384641000057)",Unfall 89747 (2020) Kat:3, Licht: 0,89747,3,7,3,07,14,5,0,0,0,1,0,0,0,1
"POINT (6.799461138000027 51.230230592000055)",Unfall 89760 (2020) Kat:3, Licht: 0,89760,3,1,0,07,11,2,1,0,0,0,0,1,0,0
"POINT (6.803868474000069 51.216223692000028)",Unfall 89766 (2020) Kat:1, Licht: 0,89766,1,3,5,07,09,2,0,0,1,0,0,0,1,0
"POINT (6.795662091000054 51.224455171000045)",Unfall 89792 (2020) Kat:3, Licht: 0,89792,3,6,1,07,11,6,0,0,0,1,0,0,0,1
"POINT (6.753588932000071 51.200831150000056)",Unfall 89813 (2020) Kat:3, Licht: 0,89813,3,6,2,07,06,5,0,0,0,1,0,0,0,0
"POINT (6.760127410000052 51.231666494000081)",Unfall 89880 (2020) Kat:3, Licht: 0,89880,3,2,5,07,10,6,0,0,1,1,0,0,0,0
"POINT (6.909683944000051 51.195251710000036)",Unfall 89889 (2020) Kat:3, Licht: 0,89889,3,2,2,07,19,3,0,0,0,1,0,0,0,0
"POINT (6.791754679000064 51.228411348000066)",Unfall 89899 (2020) Kat:3, Licht: 0,89899,3,3,5,07,10,4,0,0,1,1,0,0,0,0
"POINT (6.782502339000075 51.223025760000041)",Unfall 89908 (2020) Kat:3, Licht: 0,89908,3,3,5,07,12,1,0,0,0,1,0,0,0,1
"POINT (6.810188261000064 51.232233686000029)",Unfall 89930 (2020) Kat:3, Licht: 0,89930,3,6,2,07,17,5,0,0,0,1,0,1,0,0
"POINT (6.798027363000074 51.212746469000081)",Unfall 90013 (2020) Kat:3, Licht: 0,90013,3,2,3,07,13,5,0,0,1,1,0,0,0,0
"POINT (6.787148245000026 51.201615116000028)",Unfall 90023 (2020) Kat:3, Licht: 0,90023,3,6,2,07,14,4,0,0,0,1,0,0,0,0
"POINT (6.794270536000056 51.225905043000068)",Unfall 90091 (2020) Kat:3, Licht: 0,90091,3,6,3,08,18,3,0,0,1,1,0,0,0,0
"POINT (6.772814847000063 51.199985832000038)",Unfall 90170 (2020) Kat:3, Licht: 0,90170,3,6,2,08,19,3,0,0,0,1,0,0,0,0
"POINT (6.861063570000056 51.189020988000038)",Unfall 90209 (2020) Kat:2, Licht: 0,90209,2,2,6,08,12,1,0,0,0,1,1,0,0,0
"POINT (6.786777622000045 51.244047997000052)",Unfall 90210 (2020) Kat:3, Licht: 0,90210,3,3,5,08,14,1,0,0,0,1,0,0,0,0
"POINT (6.886272530000042 51.176319496000076)",Unfall 90228 (2020) Kat:3, Licht: 0,90228,3,6,5,08,12,4,0,0,0,1,0,0,0,0
"POINT (6.787302402000023 51.228664574000049)",Unfall 90309 (2020) Kat:3, Licht: 0,90309,3,6,2,08,17,3,0,0,0,1,0,0,0,0
"POINT (6.749711570000045 51.233304427000064)",Unfall 90324 (2020) Kat:3, Licht: 0,90324,3,6,2,08,13,2,0,0,0,1,0,0,0,0
"POINT (6.821974028000057 51.242198147000067)",Unfall 90336 (2020) Kat:3, Licht: 0,90336,3,2,5,08,09,4,0,0,0,1,0,0,0,0
"POINT (6.739401472000054 51.198275216000070)",Unfall 90389 (2020) Kat:3, Licht: 0,90389,3,2,0,08,17,3,0,0,1,1,0,0,0,0
"POINT (6.798645909000072 51.335005326000044)",Unfall 90452 (2020) Kat:3, Licht: 1,90452,3,1,0,08,21,7,0,1,1,0,0,0,0,0
"POINT (6.797979444000021 51.301899909000042)",Unfall 90493 (2020) Kat:2, Licht: 0,90493,2,6,2,08,11,3,0,0,0,1,0,0,0,0
"POINT (6.834703485000034 51.274578583000050)",Unfall 90540 (2020) Kat:2, Licht: 0,90540,2,3,5,08,13,2,0,0,0,0,0,1,0,1
"POINT (6.810635655000056 51.177250492000042)",Unfall 90551 (2020) Kat:2, Licht: 0,90551,2,6,3,08,14,4,0,0,1,0,0,0,0,1
"POINT (6.818961782000031 51.242470923000042)",Unfall 90617 (2020) Kat:3, Licht: 0,90617,3,6,2,08,09,6,0,0,0,1,0,0,0,0
"POINT (6.793371416000070 51.193068988000050)",Unfall 90671 (2020) Kat:3, Licht: 0,90671,3,6,2,08,16,6,0,0,0,1,0,0,1,0
"POINT (6.798825426000065 51.251734866000049)",Unfall 90690 (2020) Kat:2, Licht: 0,90690,2,1,8,08,17,5,0,0,0,0,0,1,0,0
"POINT (6.788505603000033 51.206111858000043)",Unfall 90696 (2020) Kat:2, Licht: 0,90696,2,4,6,08,17,7,0,0,0,1,1,0,0,0
"POINT (6.779878917000076 51.256869854000058)",Unfall 90703 (2020) Kat:3, Licht: 0,90703,3,6,2,08,17,5,0,0,0,1,0,0,0,0
"POINT (6.771684479000044 51.233569928000065)",Unfall 90704 (2020) Kat:3, Licht: 0,90704,3,2,5,08,15,5,0,0,1,0,0,0,0,0
"POINT (6.797959705000039 51.210654557000055)",Unfall 90706 (2020) Kat:3, Licht: 0,90706,3,6,6,08,15,5,0,0,1,1,1,0,0,0
"POINT (6.777225151000039 51.229761489000055)",Unfall 90713 (2020) Kat:3, Licht: 0,90713,3,6,2,08,13,5,0,0,0,1,0,0,0,0
"POINT (6.906881428000077 51.198664561000044)",Unfall 90726 (2020) Kat:2, Licht: 1,90726,2,1,8,08,20,6,0,1,0,1,0,0,0,0
"POINT (6.810616992000064 51.208382265000068)",Unfall 90794 (2020) Kat:3, Licht: 0,90794,3,7,0,08,11,6,0,0,0,1,0,1,0,0
"POINT (6.856356619000053 51.193415181000034)",Unfall 90831 (2020) Kat:3, Licht: 2,90831,3,7,0,08,22,6,1,2,0,0,0,1,0,0
"POINT (6.719313487000022 51.233658805000061)",Unfall 90860 (2020) Kat:3, Licht: 0,90860,3,1,2,08,13,2,0,0,0,1,0,0,0,0
"POINT (6.890950329000020 51.155253640000069)",Unfall 90942 (2020) Kat:3, Licht: 0,90942,3,6,0,08,09,2,0,0,0,1,0,0,0,0
"POINT (6.837776931000065 51.199269350000066)",Unfall 90946 (2020) Kat:3, Licht: 0,90946,3,2,5,08,16,3,0,0,0,1,0,0,0,0
"POINT (6.857475962000024 51.192005860000052)",Unfall 91026 (2020) Kat:3, Licht: 0,91026,3,6,6,08,20,1,0,0,1,0,1,0,0,0
"POINT (6.873128305000023 51.211269503000040)",Unfall 91029 (2020) Kat:3, Licht: 0,91029,3,7,6,08,10,1,0,0,1,0,1,0,0,0
"POINT (6.818080947000055 51.234474493000050)",Unfall 91031 (2020) Kat:3, Licht: 2,91031,3,2,5,08,23,1,0,2,1,1,0,0,0,0
"POINT (6.886243923000052 51.176328111000032)",Unfall 91066 (2020) Kat:3, Licht: 2,91066,3,2,5,08,00,3,0,2,0,1,0,0,0,0
"POINT (6.745757300000037 51.230447292000065)",Unfall 91123 (2020) Kat:3, Licht: 0,91123,3,6,0,08,16,3,0,0,0,1,0,1,0,0
"POINT (6.778970886000025 51.258200554000041)",Unfall 91146 (2020) Kat:3, Licht: 0,91146,3,7,1,08,14,4,0,0,1,1,0,0,0,0
"POINT (6.782497734000060 51.223009495000042)",Unfall 91221 (2020) Kat:3, Licht: 0,91221,3,6,2,08,19,6,0,0,0,1,0,0,0,0
"POINT (6.806462286000055 51.209138475000032)",Unfall 91261 (2020) Kat:3, Licht: 2,91261,3,7,1,08,00,5,0,2,1,1,0,0,0,0
"POINT (6.802108169000064 51.240774320000071)",Unfall 91349 (2020) Kat:3, Licht: 0,91349,3,2,5,08,09,6,0,0,1,1,0,0,0,0
"POINT (6.822010245000058 51.250939090000031)",Unfall 91390 (2020) Kat:3, Licht: 0,91390,3,2,5,08,16,5,0,0,1,1,0,0,0,0
"POINT (6.797598738000033 51.210685948000048)",Unfall 91447 (2020) Kat:3, Licht: 0,91447,3,1,6,08,17,5,0,0,1,0,1,0,0,0
"POINT (6.771830852000051 51.236623909000059)",Unfall 91448 (2020) Kat:3, Licht: 0,91448,3,2,5,08,16,4,0,0,0,1,0,0,0,1
"POINT (6.804651400000068 51.237054387000057)",Unfall 91450 (2020) Kat:3, Licht: 0,91450,3,3,5,08,12,4,0,0,1,1,0,0,0,0
"POINT (6.751106004000064 51.271200176000036)",Unfall 91452 (2020) Kat:3, Licht: 0,91452,3,3,5,08,11,6,0,0,0,1,0,0,0,0
"POINT (6.778679708000027 51.234430194000026)",Unfall 91458 (2020) Kat:3, Licht: 0,91458,3,2,5,08,12,2,0,0,1,1,0,0,0,0
"POINT (6.835608244000071 51.201013397000054)",Unfall 91510 (2020) Kat:3, Licht: 0,91510,3,6,2,08,14,2,0,0,0,1,0,0,0,0
"POINT (6.777465472000074 51.229789683000035)",Unfall 91524 (2020) Kat:3, Licht: 0,91524,3,1,4,08,18,2,0,0,1,0,0,0,0,1
"POINT (6.739101603000052 51.300831991000052)",Unfall 91542 (2020) Kat:3, Licht: 0,91542,3,7,1,08,19,1,0,0,0,1,0,0,0,0
"POINT (6.788463108000030 51.232006177000073)",Unfall 91572 (2020) Kat:3, Licht: 1,91572,3,1,0,08,21,2,1,1,0,0,0,1,0,0
"POINT (6.790756838000050 51.199651148000044)",Unfall 91579 (2020) Kat:3, Licht: 2,91579,3,6,2,08,05,2,0,2,0,1,0,0,0,0
"POINT (6.860585159000038 51.189080843000056)",Unfall 91646 (2020) Kat:3, Licht: 0,91646,3,1,0,08,18,2,1,0,1,0,0,0,0,0
"POINT (6.809670613000037 51.261289336000061)",Unfall 91661 (2020) Kat:3, Licht: 0,91661,3,4,6,08,19,2,0,0,0,1,1,0,0,0
"POINT (6.801628776000030 51.230638437000039)",Unfall 91711 (2020) Kat:3, Licht: 0,91711,3,7,6,08,17,2,0,0,1,0,1,0,0,0
"POINT (6.805030681000062 51.231141463000029)",Unfall 91713 (2020) Kat:3, Licht: 0,91713,3,1,1,08,12,7,0,0,1,1,0,0,0,0
"POINT (6.807363989000066 51.234472087000029)",Unfall 91716 (2020) Kat:3, Licht: 0,91716,3,2,2,08,18,7,1,0,0,1,0,0,0,0
"POINT (6.797694383000021 51.212500573000057)",Unfall 91717 (2020) Kat:2, Licht: 0,91717,2,1,0,08,04,7,0,0,0,0,0,0,0,1
"POINT (6.795918114000074 51.211052848000065)",Unfall 91718 (2020) Kat:3, Licht: 0,91718,3,6,2,08,19,7,1,0,0,1,0,0,0,0
"POINT (6.833079110000028 51.203392643000029)",Unfall 91777 (2020) Kat:3, Licht: 2,91777,3,3,5,08,21,2,0,2,1,1,0,0,0,0
"POINT (6.788432396000076 51.332661823000080)",Unfall 91827 (2020) Kat:2, Licht: 0,91827,2,1,0,08,19,5,0,0,1,0,0,0,0,0
"POINT (6.779963436000060 51.256019319000075)",Unfall 91830 (2020) Kat:3, Licht: 0,91830,3,7,4,08,08,4,0,0,1,0,0,0,0,0
"POINT (6.779571479000026 51.241474614000026)",Unfall 91956 (2020) Kat:3, Licht: 0,91956,3,6,3,08,17,3,0,0,1,0,1,0,0,1
"POINT (6.734293023000021 51.236283720000074)",Unfall 92063 (2020) Kat:3, Licht: 0,92063,3,1,2,08,17,4,0,0,0,1,0,0,0,1
"POINT (6.708879057000047 51.276844462000042)",Unfall 92095 (2020) Kat:3, Licht: 2,92095,3,7,0,08,21,4,0,2,0,1,0,0,0,0
"POINT (6.817171316000042 51.258636429000035)",Unfall 92158 (2020) Kat:3, Licht: 0,92158,3,7,0,08,16,3,1,0,0,1,0,1,0,0
"POINT (6.819344182000066 51.270355102000053)",Unfall 92230 (2020) Kat:2, Licht: 0,92230,2,2,5,08,16,2,0,0,1,0,0,0,0,0
"POINT (6.782778166000071 51.215582093000080)",Unfall 92313 (2020) Kat:2, Licht: 2,92313,2,2,4,08,23,3,1,2,0,1,0,0,0,0
"POINT (6.787068746000045 51.230827060000081)",Unfall 92314 (2020) Kat:3, Licht: 0,92314,3,2,5,08,14,7,0,0,1,1,0,0,0,0
"POINT (6.750315704000059 51.271054707000076)",Unfall 92317 (2020) Kat:3, Licht: 0,92317,3,6,2,08,09,7,0,0,0,1,0,0,0,0
"POINT (6.786533641000062 51.243819324000071)",Unfall 92319 (2020) Kat:3, Licht: 0,92319,3,7,5,08,15,7,0,0,1,1,0,0,0,0
"POINT (6.748136751000061 51.231423489000065)",Unfall 92320 (2020) Kat:2, Licht: 2,92320,2,1,9,08,02,7,0,2,0,1,0,0,0,0
"POINT (6.772024935000047 51.237695892000033)",Unfall 92358 (2020) Kat:3, Licht: 0,92358,3,2,5,08,13,1,0,0,1,1,0,0,0,0
"POINT (6.773913913000058 51.239742440000043)",Unfall 92374 (2020) Kat:3, Licht: 0,92374,3,7,0,08,14,1,1,0,0,0,0,1,0,0
"POINT (6.761009362000038 51.200801488000081)",Unfall 92385 (2020) Kat:3, Licht: 0,92385,3,6,2,08,16,2,0,0,0,1,0,0,0,0
"POINT (6.768052268000076 51.321749875000080)",Unfall 92387 (2020) Kat:2, Licht: 0,92387,2,6,3,08,13,3,0,0,1,0,0,0,0,0
"POINT (6.799044892000040 51.196221258000037)",Unfall 92432 (2020) Kat:3, Licht: 0,92432,3,7,2,08,18,6,1,0,0,1,0,0,0,0
"POINT (6.758256665000033 51.209495996000044)",Unfall 92447 (2020) Kat:3, Licht: 0,92447,3,3,5,08,14,6,0,0,1,1,0,0,0,0
"POINT (6.800510778000046 51.250843531000044)",Unfall 92457 (2020) Kat:3, Licht: 0,92457,3,6,1,08,18,6,1,0,0,1,0,0,0,0
"POINT (6.787129163000031 51.232453492000047)",Unfall 92460 (2020) Kat:2, Licht: 2,92460,2,3,5,08,21,6,0,2,1,1,0,0,0,0
"POINT (6.774343302000034 51.240003265000041)",Unfall 92463 (2020) Kat:3, Licht: 0,92463,3,3,5,08,20,6,0,0,0,1,0,0,0,0
"POINT (6.881488116000071 51.259067156000071)",Unfall 92466 (2020) Kat:3, Licht: 0,92466,3,6,2,08,10,6,0,0,0,1,0,0,0,0
"POINT (6.782123560000059 51.221523955000066)",Unfall 92476 (2020) Kat:3, Licht: 0,92476,3,1,0,08,07,6,1,0,0,0,0,1,0,0