WKT,Name,OBJECTID,UKATEGORIE,UTYP1,UART,UMONAT,USTUNDE,UWOCHENTAG,STRZUSTAND,ULICHTVERH,ISTRAD,ISTPKW,ISTFUSS,ISTKRAD,ISTGKFZ,ISTSONSTIG
"POINT (6.801514152000038 51.215072097000075)",Unfall 92483 (2020) Kat:3, Licht: 0,92483,3,6,2,08,16,2,0,0,0,1,0,0,0,0
"POINT (6.796927887000038 51.196821279000062)",Unfall 92598 (2020) Kat:2, Licht: 0,92598,2,4,0,08,16,5,0,0,0,0,1,0,0,1
"POINT (6.830419497000037 51.227180730000043)",Unfall 92613 (2020) Kat:3, Licht: 0,92613,3,6,3,08,08,4,0,0,1,1,0,0,0,0
"POINT (6.850278667000055 51.238410616000067)",Unfall 92619 (2020) Kat:2, Licht: 0,92619,2,5,0,08,19,7,0,0,1,1,0,0,0,0
"POINT (6.786050291000038 51.222175488000062)",Unfall 92623 (2020) Kat:2, Licht: 2,92623,2,2,5,08,00,6,1,2,0,1,0,1,0,0
"POINT (6.796183786000029 51.229609879000066)",Unfall 92697 (2020) Kat:2, Licht: 0,92697,2,6,3,08,16,4,0,0,1,0,0,0,0,0
"POINT (6.825081343000022 51.242004777000034)",Unfall 92705 (2020) Kat:3, Licht: 0,92705,3,6,2,08,15,5,0,0,0,1,0,0,0,0
"POINT (6.779424785000060 51.233089969000048)",Unfall 92772 (2020) Kat:3, Licht: 0,92772,3,7,0,08,18,6,0,0,1,0,0,0,0,0
"POINT (6.782761429000061 51.217462942000054)",Unfall 92788 (2020) Kat:3, Licht: 0,92788,3,7,0,08,17,4,0,0,0,0,0,0,0,1
"POINT (6.783184744000039 51.218001401000038)",Unfall 92794 (2020) Kat:3, Licht: 0,92794,3,6,2,08,18,7,0,0,0,1,0,0,0,0
"POINT (6.796492033000050 51.259490904000074)",Unfall 92870 (2020) Kat:2, Licht: 0,92870,2,3,5,08,13,4,0,0,0,1,0,1,0,0
"POINT (6.787578139000061 51.304285257000060)",Unfall 92878 (2020) Kat:3, Licht: 0,92878,3,6,2,08,08,5,0,0,0,1,0,0,0,0
"POINT (6.855664708000063 51.237250043000074)",Unfall 92902 (2020) Kat:3, Licht: 0,92902,3,1,0,08,10,7,0,0,1,0,0,0,0,0
"POINT (6.782098119000068 51.218942159000051)",Unfall 92942 (2020) Kat:2, Licht: 0,92942,2,1,0,08,15,6,1,0,1,0,0,0,0,0
"POINT (6.771327639000049 51.242657324000049)",Unfall 92950 (2020) Kat:3, Licht: 0,92950,3,3,5,09,18,3,0,0,1,1,0,0,0,0
"POINT (6.808854819000032 51.231859443000076)",Unfall 92954 (2020) Kat:3, Licht: 0,92954,3,2,5,09,11,3,0,0,1,1,0,0,0,0
"POINT (6.764969604000044 51.249894575000042)",Unfall 92957 (2020) Kat:3, Licht: 0,92957,3,2,5,09,15,3,0,0,1,1,0,0,0,0
"POINT (6.774432699000045 51.239843626000038)",Unfall 92975 (2020) Kat:3, Licht: 0,92975,3,6,3,09,16,4,0,0,0,1,0,0,0,0
"POINT (6.788220862000060 51.224852046000080)",Unfall 93091 (2020) Kat:3, Licht: 0,93091,3,2,6,09,16,4,0,0,0,1,1,0,0,0
"POINT (6.795879478000074 51.197361663000038)",Unfall 93158 (2020) Kat:3, Licht: 0,93158,3,6,1,09,17,4,0,0,0,1,0,0,0,0
"POINT (6.883545754000068 51.161096570000041)",Unfall 93166 (2020) Kat:3, Licht: 0,93166,3,6,3,08,17,1,0,0,1,1,0,0,0,0
"POINT (6.739277307000066 51.301415475000056)",Unfall 93170 (2020) Kat:3, Licht: 0,93170,3,3,1,08,13,1,0,0,1,1,0,0,0,0
"POINT (6.873091588000023 51.211287996000067)",Unfall 93245 (2020) Kat:3, Licht: 1,93245,3,6,2,08,05,2,0,1,0,1,0,0,0,0
"POINT (6.892192917000045 51.151827966000042)",Unfall 93249 (2020) Kat:3, Licht: 0,93249,3,6,2,08,13,2,0,0,0,1,0,0,1,0
"POINT (6.833067778000043 51.203403361000028)",Unfall 93250 (2020) Kat:3, Licht: 0,93250,3,7,3,08,09,2,0,0,1,0,0,0,0,1
"POINT (6.784562425000047 51.216155556000047)",Unfall 93252 (2020) Kat:3, Licht: 0,93252,3,5,0,08,10,2,0,0,1,1,0,0,0,0
"POINT (6.855913853000061 51.237233443000036)",Unfall 93253 (2020) Kat:2, Licht: 0,93253,2,4,6,08,16,2,0,0,0,1,1,0,0,0
"POINT (6.698430539000071 51.228574150000043)",Unfall 93277 (2020) Kat:3, Licht: 0,93277,3,2,3,09,16,4,0,0,1,0,0,0,1,0
"POINT (6.852696327000047 51.196065271000066)",Unfall 93314 (2020) Kat:2, Licht: 0,93314,2,6,2,09,15,3,0,0,0,1,1,0,0,0
"POINT (6.744941014000062 51.198873342000070)",Unfall 93343 (2020) Kat:3, Licht: 0,93343,3,7,4,09,14,4,0,0,1,0,0,0,0,0
"POINT (6.757589441000050 51.208592985000053)",Unfall 93387 (2020) Kat:3, Licht: 0,93387,3,3,5,09,09,3,0,0,1,1,0,0,0,0
"POINT (6.782782103000045 51.209401344000071)",Unfall 93404 (2020) Kat:3, Licht: 0,93404,3,6,3,09,07,6,1,0,1,0,0,0,0,1
"POINT (6.787068746000045 51.230827060000081)",Unfall 93432 (2020) Kat:3, Licht: 2,93432,3,6,1,09,03,7,1,2,0,1,0,0,0,0
"POINT (6.860696030000042 51.232908764000058)",Unfall 93457 (2020) Kat:3, Licht: 0,93457,3,7,0,09,18,2,0,0,1,0,0,0,0,0
"POINT (6.775409286000070 51.238885550000077)",Unfall 93480 (2020) Kat:2, Licht: 2,93480,2,7,0,09,01,1,0,2,1,0,0,0,0,0
"POINT (6.784352903000070 51.331217229000060)",Unfall 93498 (2020) Kat:3, Licht: 2,93498,3,1,0,09,21,6,0,2,1,0,0,0,0,0
"POINT (6.848212491000027 51.196816313000056)",Unfall 93534 (2020) Kat:3, Licht: 0,93534,3,6,2,09,14,7,0,0,0,1,0,0,0,0
"POINT (6.775606941000035 51.306719672000042)",Unfall 93555 (2020) Kat:3, Licht: 0,93555,3,3,0,09,19,7,0,0,0,1,0,0,0,0
"POINT (6.791418188000023 51.274360090000073)",Unfall 93582 (2020) Kat:3, Licht: 0,93582,3,7,3,09,09,2,0,0,1,1,0,0,0,0
"POINT (6.802140207000036 51.249103377000040)",Unfall 93633 (2020) Kat:3, Licht: 0,93633,3,6,3,09,16,7,0,0,0,1,0,0,0,0
"POINT (6.774888908000037 51.200408023000080)",Unfall 93658 (2020) Kat:3, Licht: 0,93658,3,3,5,09,16,2,0,0,1,1,0,0,0,0
"POINT (6.848884381000062 51.238786393000055)",Unfall 93681 (2020) Kat:3, Licht: 0,93681,3,6,6,09,13,1,0,0,1,0,1,0,0,0
"POINT (6.811565583000061 51.226060970000049)",Unfall 93699 (2020) Kat:2, Licht: 0,93699,2,1,8,09,19,6,0,0,1,1,0,0,0,0
"POINT (6.841139285000054 51.169582331000072)",Unfall 93736 (2020) Kat:3, Licht: 0,93736,3,2,5,09,16,7,0,0,0,1,0,0,0,1
"POINT (6.771983956000042 51.248640002000059)",Unfall 93758 (2020) Kat:3, Licht: 2,93758,3,1,9,09,05,7,1,2,0,1,0,0,0,0
"POINT (6.821749282000042 51.238705727000081)",Unfall 93777 (2020) Kat:3, Licht: 2,93777,3,3,5,09,21,1,0,2,0,1,0,0,0,1
"POINT (6.800582863000045 51.250816423000060)",Unfall 93783 (2020) Kat:3, Licht: 0,93783,3,2,6,09,08,2,0,0,1,0,1,0,0,0
"POINT (6.808172660000025 51.262951336000071)",Unfall 93796 (2020) Kat:3, Licht: 0,93796,3,5,0,09,16,6,0,0,1,1,0,0,0,0
"POINT (6.784279074000040 51.203797317000067)",Unfall 93797 (2020) Kat:3, Licht: 0,93797,3,6,2,09,15,5,1,0,0,1,0,0,0,0
"POINT (6.777556001000050 51.240981503000057)",Unfall 93810 (2020) Kat:3, Licht: 2,93810,3,3,5,09,20,5,0,2,0,1,0,0,0,0
"POINT (6.850074948000042 51.238465926000060)",Unfall 93816 (2020) Kat:3, Licht: 0,93816,3,7,0,09,15,5,1,0,0,0,0,1,0,0
"POINT (6.735705433000021 51.296226327000056)",Unfall 93819 (2020) Kat:3, Licht: 0,93819,3,3,0,09,08,5,0,0,0,1,1,0,0,0
"POINT (6.787068746000045 51.230827060000081)",Unfall 93823 (2020) Kat:3, Licht: 0,93823,3,6,2,09,15,5,1,0,0,1,0,1,0,0
"POINT (6.834219696000048 51.202128988000027)",Unfall 93832 (2020) Kat:3, Licht: 0,93832,3,6,2,09,10,7,0,0,0,1,0,0,0,0
"POINT (6.802132760000063 51.248972759000026)",Unfall 93877 (2020) Kat:3, Licht: 2,93877,3,6,2,09,20,1,0,2,0,1,0,0,0,0
"POINT (6.796391549000020 51.223653480000053)",Unfall 93878 (2020) Kat:3, Licht: 0,93878,3,2,6,09,10,2,0,0,0,1,1,0,0,0
"POINT (6.800573201000020 51.210580677000053)",Unfall 93938 (2020) Kat:3, Licht: 0,93938,3,3,5,09,18,5,0,0,1,0,0,1,0,0
"POINT (6.742364535000036 51.269148980000068)",Unfall 93952 (2020) Kat:3, Licht: 0,93952,3,7,7,09,19,5,0,0,0,0,0,1,0,0
"POINT (6.784281776000057 51.203798797000047)",Unfall 94038 (2020) Kat:3, Licht: 0,94038,3,2,5,09,16,4,0,0,0,1,0,0,0,1
"POINT (6.829515276000052 51.205644094000036)",Unfall 94046 (2020) Kat:2, Licht: 0,94046,2,7,0,09,11,5,0,0,1,0,0,0,0,0
"POINT (6.775824507000039 51.195908173000078)",Unfall 94116 (2020) Kat:3, Licht: 0,94116,3,6,2,09,15,3,0,0,0,1,0,0,0,0
"POINT (6.835758968000050 51.277210185000058)",Unfall 94117 (2020) Kat:3, Licht: 1,94117,3,6,4,09,19,3,0,1,0,1,0,0,0,0
"POINT (6.770742475000077 51.241749147000064)",Unfall 94119 (2020) Kat:3, Licht: 0,94119,3,5,2,09,07,3,0,0,0,1,0,0,0,0
"POINT (6.776627969000060 51.261420348000058)",Unfall 94123 (2020) Kat:3, Licht: 0,94123,3,6,4,09,13,3,0,0,1,0,0,0,0,1
"POINT (6.752034115000072 51.231609874000071)",Unfall 94125 (2020) Kat:2, Licht: 0,94125,2,6,6,09,16,3,0,0,1,0,1,0,0,0
"POINT (6.795844576000036 51.211095852000028)",Unfall 94128 (2020) Kat:3, Licht: 0,94128,3,4,6,09,12,3,0,0,0,1,1,0,0,0
"POINT (6.783943499000031 51.203386549000072)",Unfall 94130 (2020) Kat:3, Licht: 0,94130,3,7,0,09,15,4,1,0,0,1,0,0,0,0
"POINT (6.700904982000054 51.231549035000057)",Unfall 94135 (2020) Kat:2, Licht: 0,94135,2,6,1,09,11,3,0,0,0,1,0,0,1,0
"POINT (6.794036325000036 51.226154107000070)",Unfall 94137 (2020) Kat:3, Licht: 0,94137,3,5,1,09,09,3,0,0,0,1,0,0,0,1
"POINT (6.727456288000042 51.248912388000065)",Unfall 94140 (2020) Kat:2, Licht: 0,94140,2,1,0,09,14,3,0,0,1,0,0,0,0,0
"POINT (6.865835597000057 51.219052589000057)",Unfall 94154 (2020) Kat:3, Licht: 0,94154,3,7,0,09,15,5,0,0,0,1,0,1,0,0
"POINT (6.833391527000060 51.194848335000074)",Unfall 94227 (2020) Kat:3, Licht: 0,94227,3,6,3,09,10,7,0,0,0,1,0,1,0,0
"POINT (6.810225471000024 51.262338081000053)",Unfall 94228 (2020) Kat:3, Licht: 0,94228,3,6,0,09,15,7,0,0,0,1,0,0,0,1
"POINT (6.882753736000041 51.190242710000064)",Unfall 94337 (2020) Kat:2, Licht: 0,94337,2,6,3,09,16,6,0,0,0,1,0,0,0,0
"POINT (6.786075816000050 51.202656453000031)",Unfall 94338 (2020) Kat:3, Licht: 0,94338,3,6,2,09,18,6,0,0,0,1,0,0,0,0
"POINT (6.787048931000072 51.214600668000060)",Unfall 94340 (2020) Kat:3, Licht: 0,94340,3,2,5,09,13,6,0,0,1,1,0,0,0,0
"POINT (6.794246203000057 51.225930919000064)",Unfall 94341 (2020) Kat:3, Licht: 0,94341,3,5,3,09,11,6,0,0,0,0,0,1,0,1
"POINT (6.806796975000054 51.169174667000050)",Unfall 94464 (2020) Kat:3, Licht: 0,94464,3,5,1,09,17,3,0,0,1,1,0,0,0,0
"POINT (6.817460493000056 51.234029817000078)",Unfall 94465 (2020) Kat:3, Licht: 0,94465,3,3,5,09,07,3,0,0,1,1,0,0,0,0
"POINT (6.833828890000063 51.202680778000058)",Unfall 94617 (2020) Kat:3, Licht: 0,94617,3,2,5,09,10,2,0,0,1,1,0,0,0,0
"POINT (6.773821044000044 51.199870012000076)",Unfall 94618 (2020) Kat:3, Licht: 0,94618,3,6,2,09,17,2,0,0,0,1,0,0,1,1
"POINT (6.846078693000038 51.228929905000030)",Unfall 94619 (2020) Kat:3, Licht: 0,94619,3,2,4,09,14,2,0,0,1,1,0,0,0,0
"POINT (6.773889906000022 51.272685763000027)",Unfall 94620 (2020) Kat:3, Licht: 1,94620,3,5,0,09,06,2,0,1,1,1,0,0,0,0
"POINT (6.809227898000074 51.262597229000050)",Unfall 94621 (2020) Kat:3, Licht: 0,94621,3,7,0,09,15,2,0,0,1,0,1,0,0,0
"POINT (6.796072442000025 51.211025172000063)",Unfall 94622 (2020) Kat:3, Licht: 0,94622,3,3,5,09,13,2,0,0,1,0,0,0,1,0
"POINT (6.760681686000055 51.214217349000080)",Unfall 94741 (2020) Kat:3, Licht: 0,94741,3,6,3,09,18,1,0,0,0,1,0,0,0,0
"POINT (6.746175142000027 51.230649652000068)",Unfall 94742 (2020) Kat:3, Licht: 2,94742,3,6,4,09,03,1,0,2,1,0,0,0,0,1
"POINT (6.855445633000045 51.205384317000039)",Unfall 94767 (2020) Kat:3, Licht: 0,94767,3,7,0,09,11,6,0,0,0,0,0,0,0,1
"POINT (6.810659038000040 51.175356338000029)",Unfall 94768 (2020) Kat:3, Licht: 2,94768,3,6,4,09,23,6,0,2,1,0,0,0,0,0
"POINT (6.903170798000076 51.140782250000029)",Unfall 94769 (2020) Kat:3, Licht: 0,94769,3,6,2,09,10,6,0,0,0,1,0,0,0,0
"POINT (6.860677926000051 51.190370085000040)",Unfall 94811 (2020) Kat:3, Licht: 2,94811,3,1,9,09,01,6,0,2,0,0,0,0,1,0
"POINT (6.842959553000071 51.240866513000071)",Unfall 94880 (2020) Kat:3, Licht: 0,94880,3,2,5,09,11,5,0,0,0,1,0,1,0,0
"POINT (6.735705433000021 51.296226327000056)",Unfall 94881 (2020) Kat:3, Licht: 0,94881,3,3,5,09,15,5,0,0,1,1,0,0,0,0
"POINT (6.800694497000052 51.214810354000065)",Unfall 94882 (2020) Kat:3, Licht: 1,94882,3,2,0,09,19,5,0,1,1,1,0,0,0,0
"POINT (6.716373956000041 51.234561582000026)",Unfall 94883 (2020) Kat:3, Licht: 0,94883,3,6,2,09,11,5,0,0,0,1,0,1,0,0
"POINT (6.795875723000052 51.211119837000069)",Unfall 94884 (2020) Kat:3, Licht: 0,94884,3,7,0,09,17,5,0,0,1,0,1,0,0,0
"POINT (6.859920531000057 51.157465552000076)",Unfall 95022 (2020) Kat:3, Licht: 0,95022,3,7,0,09,12,4,0,0,1,0,0,0,0,0
"POINT (6.771547834000046 51.231979501000069)",Unfall 95023 (2020) Kat:3, Licht: 0,95023,3,7,0,09,13,4,0,0,1,0,1,0,0,0
"POINT (6.800573201000020 51.210580677000053)",Unfall 95024 (2020) Kat:2, Licht: 0,95024,2,7,0,09,10,4,0,0,0,1,1,0,0,0
"POINT (6.787068746000045 51.230827060000081)",Unfall 95025 (2020) Kat:3, Licht: 0,95025,3,3,5,09,16,4,0,0,0,1,0,0,0,0
"POINT (6.856797376000031 51.190347839000026)",Unfall 95070 (2020) Kat:3, Licht: 2,95070,3,1,9,09,03,4,0,2,0,0,0,0,1,0
"POINT (6.925056469000026 51.255770728000073)",Unfall 95198 (2020) Kat:2, Licht: 2,95198,2,6,4,09,22,1,0,2,0,1,0,0,0,0
"POINT (6.915227851000054 51.261390462000065)",Unfall 95254 (2020) Kat:3, Licht: 0,95254,3,6,2,09,13,1,0,0,0,1,0,0,0,0
"POINT (6.791389662000029 51.212274198000046)",Unfall 95291 (2020) Kat:3, Licht: 2,95291,3,7,1,09,20,2,0,2,0,1,0,0,0,1
"POINT (6.856033943000057 51.205722422000065)",Unfall 95296 (2020) Kat:3, Licht: 0,95296,3,4,0,09,14,2,0,0,0,0,1,0,0,1
"POINT (6.907222068000067 51.132241322000027)",Unfall 95301 (2020) Kat:3, Licht: 0,95301,3,2,4,09,15,2,0,0,0,1,0,0,0,1
"POINT (6.773278599000037 51.199020257000029)",Unfall 95309 (2020) Kat:3, Licht: 0,95309,3,6,3,09,16,2,0,0,0,1,0,0,0,0
"POINT (6.771214404000034 51.253127595000080)",Unfall 95325 (2020) Kat:3, Licht: 0,95325,3,3,5,09,15,2,0,0,1,0,0,0,0,1
"POINT (6.741847263000068 51.286231435000047)",Unfall 95332 (2020) Kat:3, Licht: 0,95332,3,6,3,09,07,2,0,0,0,1,0,0,0,1
"POINT (6.743958063000036 51.321648918000051)",Unfall 95335 (2020) Kat:3, Licht: 0,95335,3,3,5,09,17,2,0,0,1,1,0,0,0,0
"POINT (6.854611131000070 51.237350099000082)",Unfall 95339 (2020) Kat:3, Licht: 0,95339,3,2,0,09,13,2,0,0,1,1,0,0,0,0
"POINT (6.756432044000064 51.204031075000046)",Unfall 95350 (2020) Kat:3, Licht: 0,95350,3,6,2,09,12,7,0,0,0,1,0,0,0,0
"POINT (6.727660624000066 51.234212209000077)",Unfall 95351 (2020) Kat:3, Licht: 0,95351,3,6,2,09,15,7,0,0,0,1,0,0,0,0
"POINT (6.791781053000022 51.212033595000037)",Unfall 95353 (2020) Kat:2, Licht: 1,95353,2,6,4,09,07,7,0,1,0,1,0,0,0,0
"POINT (6.913887322000051 51.256097283000031)",Unfall 95557 (2020) Kat:3, Licht: 0,95557,3,6,2,09,19,4,0,0,0,1,0,0,0,0
"POINT (6.810085278000031 51.232209746000080)",Unfall 95559 (2020) Kat:3, Licht: 0,95559,3,6,4,09,17,4,0,0,0,1,0,0,0,1
"POINT (6.860482287000025 51.209804589000044)",Unfall 95611 (2020) Kat:3, Licht: 2,95611,3,3,5,09,06,5,1,2,0,1,0,0,0,0
"POINT (6.788805457000024 51.192426553000075)",Unfall 95625 (2020) Kat:3, Licht: 2,95625,3,6,2,09,13,5,0,2,0,1,0,0,0,0
"POINT (6.833319474000064 51.194773471000076)",Unfall 95724 (2020) Kat:2, Licht: 0,95724,2,6,3,09,18,3,0,0,1,1,0,0,0,0
"POINT (6.862153626000065 51.211400022000078)",Unfall 95725 (2020) Kat:3, Licht: 0,95725,3,1,5,09,11,3,0,0,0,1,0,0,0,0
"POINT (6.771474937000050 51.253082889000041)",Unfall 95726 (2020) Kat:3, Licht: 1,95726,3,3,5,09,18,3,0,1,1,0,0,0,0,1
"POINT (6.803217138000036 51.264772361000041)",Unfall 95727 (2020) Kat:2, Licht: 0,95727,2,3,5,09,10,3,0,0,1,1,0,0,0,0
"POINT (6.700931911000055 51.231584395000027)",Unfall 95729 (2020) Kat:3, Licht: 0,95729,3,2,5,09,07,3,0,0,1,1,0,0,0,0
"POINT (6.836910752000051 51.190046485000039)",Unfall 95779 (2020) Kat:3, Licht: 0,95779,3,6,2,09,16,3,0,0,0,1,0,0,0,0
"POINT (6.782444704000056 51.217156283000065)",Unfall 95923 (2020) Kat:3, Licht: 0,95923,3,6,1,09,11,1,1,0,0,1,0,0,0,0
"POINT (6.800704920000044 51.250759932000051)",Unfall 95924 (2020) Kat:3, Licht: 0,95924,3,6,2,09,09,1,1,0,0,1,0,0,0,0
"POINT (6.734260116000030 51.236010594000049)",Unfall 96020 (2020) Kat:3, Licht: 0,96020,3,1,0,09,14,7,1,0,0,1,0,0,0,0
"POINT (6.892001457000049 51.190842531000044)",Unfall 96059 (2020) Kat:3, Licht: 0,96059,3,6,2,09,12,3,1,0,0,1,0,0,0,0
"POINT (6.872575729000062 51.190230171000053)",Unfall 96077 (2020) Kat:3, Licht: 0,96077,3,1,9,09,10,3,1,0,0,1,0,0,0,0
"POINT (6.782462178000060 51.217312333000052)",Unfall 96084 (2020) Kat:3, Licht: 2,96084,3,6,1,09,21,2,0,2,0,1,0,0,0,0
"POINT (6.785732002000032 51.215422404000037)",Unfall 96112 (2020) Kat:3, Licht: 0,96112,3,6,2,09,08,2,0,0,0,1,0,0,0,1
"POINT (6.775630099000068 51.263515013000074)",Unfall 96148 (2020) Kat:3, Licht: 0,96148,3,1,0,09,15,2,0,0,1,0,0,0,0,0
"POINT (6.811653298000067 51.232578124000042)",Unfall 96238 (2020) Kat:3, Licht: 0,96238,3,2,5,09,14,2,1,0,1,1,0,0,0,0
"POINT (6.831178185000056 51.241359643000067)",Unfall 96242 (2020) Kat:3, Licht: 0,96242,3,6,3,09,17,2,1,0,0,1,0,1,0,0
"POINT (6.796474270000033 51.210938780000049)",Unfall 96250 (2020) Kat:3, Licht: 0,96250,3,6,0,09,14,2,1,0,0,0,0,1,0,0
"POINT (6.833902206000062 51.202612770000030)",Unfall 96306 (2020) Kat:3, Licht: 0,96306,3,6,1,10,16,7,1,0,0,1,0,0,0,0
"POINT (6.777450067000075 51.229787880000060)",Unfall 96318 (2020) Kat:3, Licht: 2,96318,3,5,2,10,19,5,1,2,0,1,0,0,0,0
"POINT (6.808815024000069 51.193341055000076)",Unfall 96348 (2020) Kat:3, Licht: 0,96348,3,6,2,10,08,5,0,0,0,1,0,0,1,0
"POINT (6.854092237000032 51.162473672000033)",Unfall 96387 (2020) Kat:3, Licht: 0,96387,3,5,1,10,16,6,0,0,1,1,0,0,0,0
"POINT (6.840003276000061 51.197698969000044)",Unfall 96389 (2020) Kat:3, Licht: 0,96389,3,3,5,10,17,5,0,0,0,1,0,0,0,0
"POINT (6.771125046000066 51.240793926000038)",Unfall 96474 (2020) Kat:3, Licht: 0,96474,3,3,5,09,18,4,1,0,1,1,0,0,0,0
"POINT (6.792121518000045 51.246393921000049)",Unfall 96512 (2020) Kat:3, Licht: 0,96512,3,4,6,10,14,6,0,0,1,0,1,0,0,0
"POINT (6.840744256000050 51.240529943000070)",Unfall 96514 (2020) Kat:3, Licht: 0,96514,3,1,9,10,14,5,1,0,0,1,0,1,0,0
"POINT (6.828470007000021 51.190322621000064)",Unfall 96611 (2020) Kat:3, Licht: 2,96611,3,7,0,10,23,6,0,2,0,1,0,0,0,0
"POINT (6.855794095000022 51.162374588000034)",Unfall 96639 (2020) Kat:3, Licht: 0,96639,3,7,0,09,11,3,1,0,0,0,0,1,0,0
"POINT (6.897616839000023 51.198108691000073)",Unfall 96650 (2020) Kat:2, Licht: 2,96650,2,1,0,09,01,3,0,2,0,0,0,1,0,0
"POINT (6.773312762000046 51.199637431000042)",Unfall 96653 (2020) Kat:3, Licht: 0,96653,3,6,3,09,10,3,1,0,0,1,0,0,0,0
"POINT (6.818090071000029 51.234481008000046)",Unfall 96656 (2020) Kat:3, Licht: 0,96656,3,2,5,09,15,3,1,0,1,1,0,0,0,0
"POINT (6.722685093000052 51.249630957000079)",Unfall 96661 (2020) Kat:3, Licht: 0,96661,3,3,5,09,08,3,1,0,1,1,0,0,0,0
"POINT (6.812448884000048 51.208065116000057)",Unfall 96671 (2020) Kat:3, Licht: 0,96671,3,1,0,09,16,4,0,0,0,0,0,0,0,1
"POINT (6.791095619000032 51.212449696000078)",Unfall 96672 (2020) Kat:2, Licht: 0,96672,2,6,3,09,15,3,1,0,1,0,0,0,0,0
"POINT (6.857485198000063 51.191985148000072)",Unfall 96678 (2020) Kat:3, Licht: 0,96678,3,6,2,10,17,6,0,0,0,1,0,0,0,0
"POINT (6.774479249000024 51.308526727000071)",Unfall 96680 (2020) Kat:3, Licht: 0,96680,3,1,8,10,17,5,1,0,0,1,0,0,0,0
"POINT (6.760837469000023 51.214612310000064)",Unfall 96737 (2020) Kat:3, Licht: 0,96737,3,6,2,10,16,2,1,0,0,1,0,0,0,0
"POINT (6.817300112000055 51.233948239000028)",Unfall 96770 (2020) Kat:3, Licht: 0,96770,3,4,0,10,06,5,1,0,0,1,1,0,0,0
"POINT (6.791416591000029 51.274330281000061)",Unfall 96801 (2020) Kat:3, Licht: 0,96801,3,3,5,10,15,3,0,0,1,1,0,0,0,0
"POINT (6.760050306000039 51.247395097000037)",Unfall 96810 (2020) Kat:3, Licht: 0,96810,3,7,6,10,16,6,0,0,1,0,1,0,0,0
"POINT (6.806976093000060 51.218839671000069)",Unfall 96839 (2020) Kat:3, Licht: 2,96839,3,2,5,10,20,2,1,2,1,1,0,0,0,0
"POINT (6.782081792000042 51.218680214000074)",Unfall 96850 (2020) Kat:3, Licht: 2,96850,3,1,0,10,02,5,0,2,0,0,0,0,0,1
"POINT (6.722666300000071 51.249638322000067)",Unfall 96909 (2020) Kat:3, Licht: 2,96909,3,2,5,10,20,6,1,2,0,1,0,0,0,0
"POINT (6.856531943000050 51.237202039000067)",Unfall 96951 (2020) Kat:3, Licht: 0,96951,3,1,0,10,08,5,1,0,1,0,0,0,0,0
"POINT (6.791574765000064 51.276332742000079)",Unfall 96982 (2020) Kat:2, Licht: 0,96982,2,3,5,10,16,3,0,0,0,1,0,0,0,0
"POINT (6.801866975000053 51.242030691000082)",Unfall 97023 (2020) Kat:3, Licht: 0,97023,3,6,2,10,14,6,0,0,0,1,0,0,0,0
"POINT (6.802147620000028 51.230725824000046)",Unfall 97054 (2020) Kat:3, Licht: 0,97054,3,6,2,10,09,2,1,0,0,1,0,0,0,1
"POINT (6.873126421000052 51.211270451000075)",Unfall 97065 (2020) Kat:3, Licht: 0,97065,3,6,2,10,08,5,1,0,0,1,0,0,0,0
"POINT (6.869683488000021 51.270319176000044)",Unfall 97081 (2020) Kat:3, Licht: 0,97081,3,3,1,10,10,4,1,0,0,1,0,0,0,0
"POINT (6.774945171000070 51.239057848000073)",Unfall 97088 (2020) Kat:3, Licht: 0,97088,3,6,2,10,16,5,1,0,0,1,0,0,0,0
"POINT (6.782785118000049 51.215466019000075)",Unfall 97092 (2020) Kat:3, Licht: 0,97092,3,6,2,10,14,4,1,0,0,1,0,0,0,0
"POINT (6.774469678000060 51.308555307000063)",Unfall 97097 (2020) Kat:2, Licht: 0,97097,2,7,0,10,14,4,1,0,0,0,0,1,0,0
"POINT (6.795756607000044 51.273988308000071)",Unfall 97103 (2020) Kat:2, Licht: 1,97103,2,7,8,10,07,6,0,1,0,1,0,0,0,0
"POINT (6.806665693000070 51.218628909000074)",Unfall 97109 (2020) Kat:3, Licht: 2,97109,3,1,7,10,07,4,1,2,0,1,1,0,0,0
"POINT (6.807732845000032 51.219934782000053)",Unfall 97116 (2020) Kat:3, Licht: 2,97116,3,6,2,10,08,4,1,2,0,1,0,0,0,0
"POINT (6.795653536000032 51.210949556000060)",Unfall 97117 (2020) Kat:3, Licht: 0,97117,3,3,5,10,09,3,0,0,0,1,0,0,0,0
"POINT (6.807240213000057 51.234631474000082)",Unfall 97127 (2020) Kat:2, Licht: 0,97127,2,1,0,10,08,6,1,0,0,0,0,1,0,0
"POINT (6.809730941000055 51.221814677000054)",Unfall 97155 (2020) Kat:3, Licht: 0,97155,3,1,2,10,13,2,1,0,0,1,0,0,1,0
"POINT (6.857791015000032 51.191429726000081)",Unfall 97165 (2020) Kat:3, Licht: 1,97165,3,7,0,10,07,5,1,1,0,1,0,1,0,0
"POINT (6.726484270000071 51.232876706000070)",Unfall 97225 (2020) Kat:3, Licht: 2,97225,3,6,0,10,05,6,1,2,0,1,0,1,0,0
"POINT (6.791269969000041 51.253440850000061)",Unfall 97233 (2020) Kat:2, Licht: 0,97233,2,2,5,10,17,6,0,0,1,1,0,0,0,0
"POINT (6.782856919000039 51.206726665000076)",Unfall 97344 (2020) Kat:3, Licht: 2,97344,3,2,5,10,21,7,1,2,0,1,0,0,0,0
"POINT (6.834428623000065 51.274132146000056)",Unfall 97346 (2020) Kat:3, Licht: 2,97346,3,2,5,10,20,7,1,2,0,1,0,0,0,1