WKT,Name,OBJECTID,UKATEGORIE,UTYP1,UART,UMONAT,USTUNDE,UWOCHENTAG,STRZUSTAND,ULICHTVERH,ISTRAD,ISTPKW,ISTFUSS,ISTKRAD,ISTGKFZ,ISTSONSTIG
"POINT (6.811020970000072 51.224392017000071)",Unfall 97347 (2020) Kat:3, Licht: 2,97347,3,4,6,10,01,1,1,2,0,1,1,0,0,0
"POINT (6.827654542000062 51.267334147000042)",Unfall 97348 (2020) Kat:3, Licht: 0,97348,3,7,2,10,18,7,0,0,0,1,0,0,0,0
"POINT (6.808169999000029 51.231762524000032)",Unfall 97349 (2020) Kat:3, Licht: 0,97349,3,6,0,10,17,7,0,0,0,1,0,0,0,1
"POINT (6.794865331000040 51.225280998000073)",Unfall 97351 (2020) Kat:2, Licht: 2,97351,2,7,0,10,06,7,0,2,0,0,0,0,0,1
"POINT (6.794179837000058 51.209831432000044)",Unfall 97354 (2020) Kat:3, Licht: 0,97354,3,7,1,10,16,2,0,0,1,0,0,0,0,0
"POINT (6.775717217000022 51.231649908000065)",Unfall 97397 (2020) Kat:3, Licht: 0,97397,3,7,7,10,08,1,0,0,0,0,0,0,1,0
"POINT (6.736071959000071 51.293082998000045)",Unfall 97452 (2020) Kat:3, Licht: 0,97452,3,3,5,10,13,1,0,0,1,1,0,0,0,0
"POINT (6.795821997000076 51.211078464000082)",Unfall 97502 (2020) Kat:2, Licht: 2,97502,2,2,5,10,20,1,1,2,1,1,0,0,0,0
"POINT (6.771196750000058 51.253150348000077)",Unfall 97510 (2020) Kat:3, Licht: 0,97510,3,3,5,10,09,2,1,0,0,1,0,0,0,0
"POINT (6.865904071000045 51.218686737000041)",Unfall 97524 (2020) Kat:3, Licht: 0,97524,3,7,0,10,15,4,0,0,0,0,1,0,0,1
"POINT (6.886243923000052 51.176328111000032)",Unfall 97531 (2020) Kat:3, Licht: 0,97531,3,2,5,10,10,3,0,0,0,1,0,1,0,0
"POINT (6.837052914000026 51.199944760000051)",Unfall 97534 (2020) Kat:2, Licht: 0,97534,2,3,5,10,16,3,0,0,1,1,0,0,0,0
"POINT (6.898534508000068 51.145636830000058)",Unfall 97536 (2020) Kat:3, Licht: 1,97536,3,3,5,10,18,3,0,1,0,1,0,0,0,0
"POINT (6.787051051000049 51.214599345000067)",Unfall 97543 (2020) Kat:3, Licht: 0,97543,3,1,0,10,08,6,0,0,1,0,0,0,0,0
"POINT (6.758777643000030 51.211216103000027)",Unfall 97547 (2020) Kat:3, Licht: 1,97547,3,6,2,10,07,3,0,1,0,1,0,0,1,0
"POINT (6.823318832000041 51.229889839000066)",Unfall 97578 (2020) Kat:3, Licht: 0,97578,3,6,1,10,15,4,0,0,0,1,0,0,0,1
"POINT (6.801832208000064 51.244298907000029)",Unfall 97597 (2020) Kat:3, Licht: 0,97597,3,6,0,10,11,6,0,0,0,1,0,1,0,0
"POINT (6.771620405000022 51.239407464000067)",Unfall 97617 (2020) Kat:3, Licht: 2,97617,3,2,6,10,06,5,0,2,0,1,1,0,0,0
"POINT (6.782759265000038 51.211007254000037)",Unfall 97694 (2020) Kat:3, Licht: 2,97694,3,3,5,10,22,4,1,2,0,1,0,0,0,0
"POINT (6.771990996000056 51.237844754000037)",Unfall 97715 (2020) Kat:3, Licht: 0,97715,3,6,2,10,12,6,0,0,0,1,0,0,0,0
"POINT (6.782098810000036 51.218953472000067)",Unfall 97734 (2020) Kat:3, Licht: 0,97734,3,7,3,10,13,5,0,0,0,1,0,0,1,0
"POINT (6.759969178000063 51.212901727000030)",Unfall 97816 (2020) Kat:2, Licht: 0,97816,2,6,3,10,14,7,0,0,0,1,0,1,0,0
"POINT (6.818240443000036 51.234588371000029)",Unfall 97819 (2020) Kat:3, Licht: 2,97819,3,6,3,10,22,7,0,2,0,1,0,0,0,0
"POINT (6.801801243000057 51.243720047000068)",Unfall 97829 (2020) Kat:3, Licht: 0,97829,3,6,2,10,12,7,0,0,0,1,0,1,0,0
"POINT (6.874235615000032 51.180423295000026)",Unfall 97853 (2020) Kat:3, Licht: 2,97853,3,7,5,10,18,3,1,2,0,1,0,0,0,0
"POINT (6.809692446000042 51.176062793000028)",Unfall 97870 (2020) Kat:2, Licht: 0,97870,2,1,2,10,15,2,0,0,0,1,0,0,1,0
"POINT (6.779891651000071 51.256803243000036)",Unfall 97872 (2020) Kat:3, Licht: 0,97872,3,3,0,10,16,2,0,0,1,1,0,0,0,0
"POINT (6.775493997000069 51.231696712000030)",Unfall 97873 (2020) Kat:3, Licht: 0,97873,3,1,8,10,12,2,0,0,0,1,0,0,0,0
"POINT (6.771674237000070 51.239567906000048)",Unfall 97913 (2020) Kat:3, Licht: 2,97913,3,6,2,10,07,3,0,2,0,1,0,0,0,0
"POINT (6.768670423000060 51.200178043000051)",Unfall 97985 (2020) Kat:3, Licht: 0,97985,3,6,3,10,17,3,1,0,0,1,0,0,0,0
"POINT (6.778679708000027 51.234430194000026)",Unfall 98048 (2020) Kat:3, Licht: 0,98048,3,3,5,10,09,3,0,0,1,1,0,0,0,0
"POINT (6.806882213000051 51.218729450000069)",Unfall 98107 (2020) Kat:1, Licht: 2,98107,1,2,6,10,06,3,0,2,0,0,1,0,1,0
"POINT (6.774532914000076 51.308417755000050)",Unfall 98161 (2020) Kat:3, Licht: 0,98161,3,1,9,10,12,6,1,0,0,1,0,0,0,0
"POINT (6.796192693000023 51.248013400000048)",Unfall 98165 (2020) Kat:3, Licht: 0,98165,3,6,2,10,15,6,1,0,0,1,0,0,0,0
"POINT (6.789882239000065 51.231601063000028)",Unfall 98168 (2020) Kat:3, Licht: 0,98168,3,1,0,10,11,6,1,0,0,0,0,1,0,0
"POINT (6.782129931000043 51.221552835000068)",Unfall 98171 (2020) Kat:3, Licht: 0,98171,3,6,1,10,14,6,1,0,0,1,0,0,0,0
"POINT (6.780773162000060 51.230269775000068)",Unfall 98177 (2020) Kat:3, Licht: 2,98177,3,6,2,10,20,5,0,2,0,1,0,0,0,0
"POINT (6.745955123000044 51.235826738000071)",Unfall 98179 (2020) Kat:3, Licht: 0,98179,3,6,2,10,09,6,1,0,0,1,0,1,0,0
"POINT (6.894964806000075 51.198574826000026)",Unfall 98228 (2020) Kat:3, Licht: 0,98228,3,2,5,10,13,7,0,0,0,1,0,0,0,0
"POINT (6.784346961000040 51.203720703000045)",Unfall 98397 (2020) Kat:3, Licht: 0,98397,3,3,5,10,12,4,1,0,0,1,0,0,0,0
"POINT (6.839463914000021 51.170767076000061)",Unfall 98402 (2020) Kat:2, Licht: 2,98402,2,4,6,10,06,4,1,2,0,1,1,0,0,0
"POINT (6.823478962000024 51.229993066000077)",Unfall 98404 (2020) Kat:3, Licht: 0,98404,3,3,5,10,13,4,1,0,0,1,0,0,0,0
"POINT (6.800054309000075 51.214091674000031)",Unfall 98408 (2020) Kat:3, Licht: 2,98408,3,1,0,10,19,4,1,2,1,0,0,0,0,0
"POINT (6.777553077000050 51.272571125000070)",Unfall 98435 (2020) Kat:3, Licht: 0,98435,3,1,0,10,10,7,1,0,0,0,0,1,0,0
"POINT (6.809361752000029 51.232041549000030)",Unfall 98472 (2020) Kat:3, Licht: 0,98472,3,1,0,10,16,2,1,0,0,0,0,0,0,1
"POINT (6.780845959000033 51.273369923000075)",Unfall 98486 (2020) Kat:1, Licht: 2,98486,1,4,6,10,22,4,1,2,0,0,1,1,0,0
"POINT (6.786835805000067 51.243988569000066)",Unfall 98506 (2020) Kat:3, Licht: 0,98506,3,2,2,10,10,2,1,0,0,1,0,0,0,0
"POINT (6.780174922000072 51.253933544000063)",Unfall 98526 (2020) Kat:1, Licht: 0,98526,1,2,4,10,09,3,0,0,1,0,0,0,1,0
"POINT (6.909540571000036 51.133355672000050)",Unfall 98528 (2020) Kat:3, Licht: 2,98528,3,2,9,10,22,5,1,2,0,1,0,0,0,0
"POINT (6.760622648000037 51.231671923000079)",Unfall 98577 (2020) Kat:3, Licht: 0,98577,3,1,8,10,08,4,1,0,0,1,0,0,0,1
"POINT (6.840260245000025 51.197683007000080)",Unfall 98601 (2020) Kat:3, Licht: 2,98601,3,2,5,10,17,3,0,2,0,1,0,0,0,0
"POINT (6.807915083000069 51.208852113000034)",Unfall 98623 (2020) Kat:3, Licht: 0,98623,3,4,6,10,15,5,1,0,1,0,1,0,0,0
"POINT (6.763282952000054 51.319208941000056)",Unfall 98625 (2020) Kat:3, Licht: 0,98625,3,1,0,10,15,1,1,0,0,1,0,0,0,0
"POINT (6.779969277000021 51.255955350000079)",Unfall 98635 (2020) Kat:3, Licht: 0,98635,3,6,4,10,10,4,0,0,1,0,0,0,0,0
"POINT (6.770062822000057 51.322966083000040)",Unfall 98676 (2020) Kat:3, Licht: 0,98676,3,3,1,10,10,3,0,0,1,1,0,0,0,0
"POINT (6.816368070000067 51.192700541000079)",Unfall 98688 (2020) Kat:3, Licht: 0,98688,3,6,2,10,12,4,0,0,0,1,0,0,1,0
"POINT (6.813561593000031 51.258053400000051)",Unfall 98708 (2020) Kat:3, Licht: 2,98708,3,6,2,10,23,4,1,2,0,1,0,0,0,0
"POINT (6.797717314000067 51.193802546000029)",Unfall 98733 (2020) Kat:3, Licht: 2,98733,3,6,2,10,09,5,0,2,0,1,0,0,1,0
"POINT (6.800960849000035 51.250956901000052)",Unfall 98773 (2020) Kat:2, Licht: 2,98773,2,4,6,10,20,5,1,2,0,1,1,0,0,0
"POINT (6.771539028000063 51.231896734000031)",Unfall 98799 (2020) Kat:3, Licht: 1,98799,3,4,0,10,17,4,0,1,1,0,1,0,0,0
"POINT (6.751738808000027 51.338481353000077)",Unfall 98822 (2020) Kat:3, Licht: 0,98822,3,3,5,10,16,3,0,0,1,1,0,0,0,0
"POINT (6.791579872000057 51.276295633000075)",Unfall 98827 (2020) Kat:3, Licht: 1,98827,3,2,5,10,16,2,0,1,0,1,0,0,0,0
"POINT (6.803121896000050 51.287811482000052)",Unfall 99082 (2020) Kat:1, Licht: 0,99082,1,6,9,10,12,7,0,0,0,1,0,0,0,0
"POINT (6.778305581000041 51.202033192000044)",Unfall 99117 (2020) Kat:3, Licht: 2,99117,3,1,0,10,23,6,0,2,0,0,0,0,0,1
"POINT (6.840255896000031 51.197686121000061)",Unfall 99119 (2020) Kat:3, Licht: 0,99119,3,2,5,10,11,6,0,0,0,1,0,0,0,0
"POINT (6.837846007000053 51.197646640000073)",Unfall 99120 (2020) Kat:3, Licht: 2,99120,3,3,5,10,06,6,1,2,1,1,0,0,0,0
"POINT (6.760841327000037 51.231674344000055)",Unfall 99126 (2020) Kat:3, Licht: 0,99126,3,5,5,11,09,2,0,0,0,1,0,0,0,0
"POINT (6.775804201000028 51.200858368000070)",Unfall 99141 (2020) Kat:3, Licht: 0,99141,3,2,5,10,14,7,0,0,1,1,0,0,0,0
"POINT (6.783721679000053 51.218882742000062)",Unfall 99146 (2020) Kat:3, Licht: 2,99146,3,3,5,10,23,7,1,2,0,1,0,0,0,0
"POINT (6.809616699000060 51.230611995000061)",Unfall 99160 (2020) Kat:3, Licht: 2,99160,3,3,5,10,18,7,0,2,1,1,0,0,0,0
"POINT (6.866107931000045 51.223302949000072)",Unfall 99221 (2020) Kat:3, Licht: 0,99221,3,2,5,10,18,7,0,0,0,1,0,1,0,0
"POINT (6.806953712000052 51.218813394000051)",Unfall 99266 (2020) Kat:3, Licht: 0,99266,3,2,5,11,14,6,0,0,1,0,0,0,1,0
"POINT (6.804776800000070 51.217076371000076)",Unfall 99275 (2020) Kat:3, Licht: 0,99275,3,6,5,11,08,4,0,0,1,0,0,0,0,0
"POINT (6.907174861000044 51.132238530000052)",Unfall 99296 (2020) Kat:3, Licht: 0,99296,3,2,5,11,13,3,0,0,0,0,0,1,0,1
"POINT (6.796133391000069 51.211014028000079)",Unfall 99297 (2020) Kat:3, Licht: 0,99297,3,3,5,11,12,7,0,0,1,0,0,0,0,0
"POINT (6.821960936000039 51.250931864000052)",Unfall 99305 (2020) Kat:3, Licht: 0,99305,3,7,0,11,13,3,0,0,0,0,0,0,0,1
"POINT (6.806458482000039 51.218294848000028)",Unfall 99314 (2020) Kat:3, Licht: 0,99314,3,3,5,11,15,3,0,0,1,1,0,0,0,0
"POINT (6.816295452000077 51.231192983000028)",Unfall 99350 (2020) Kat:3, Licht: 0,99350,3,2,5,11,09,5,0,0,0,1,0,1,0,0
"POINT (6.780000968000024 51.253947257000050)",Unfall 99446 (2020) Kat:3, Licht: 0,99446,3,2,6,11,14,6,0,0,0,1,1,0,0,0
"POINT (6.834433234000073 51.274137238000037)",Unfall 99453 (2020) Kat:3, Licht: 0,99453,3,6,2,11,12,4,0,0,0,1,0,0,0,0
"POINT (6.781547818000036 51.202766001000043)",Unfall 99480 (2020) Kat:3, Licht: 0,99480,3,6,3,11,11,7,0,0,0,1,0,0,0,0
"POINT (6.783641643000067 51.218742857000052)",Unfall 99535 (2020) Kat:3, Licht: 2,99535,3,3,5,11,19,5,0,2,0,1,0,0,0,0
"POINT (6.745785529000045 51.236000305000061)",Unfall 99558 (2020) Kat:2, Licht: 2,99558,2,4,6,11,06,6,0,2,0,1,1,0,0,0
"POINT (6.770056140000065 51.322962690000054)",Unfall 99617 (2020) Kat:3, Licht: 0,99617,3,3,5,11,16,5,0,0,1,1,0,0,0,0
"POINT (6.822915380000040 51.169921061000082)",Unfall 99623 (2020) Kat:3, Licht: 1,99623,3,2,5,11,17,6,0,1,1,1,0,0,0,0
"POINT (6.835649188000048 51.190051017000030)",Unfall 99632 (2020) Kat:2, Licht: 2,99632,2,6,3,11,23,4,0,2,0,1,0,0,0,0
"POINT (6.780623459000026 51.202428756000074)",Unfall 99680 (2020) Kat:3, Licht: 0,99680,3,7,5,11,12,5,0,0,0,1,0,0,0,0
"POINT (6.809020238000073 51.220856566000066)",Unfall 99726 (2020) Kat:3, Licht: 2,99726,3,6,2,11,19,6,1,2,0,1,0,0,0,0
"POINT (6.811379858000066 51.226479316000052)",Unfall 99736 (2020) Kat:3, Licht: 0,99736,3,1,0,11,14,5,0,0,1,0,0,0,0,1
"POINT (6.703190446000065 51.234634221000078)",Unfall 99752 (2020) Kat:3, Licht: 0,99752,3,6,2,11,16,3,0,0,0,1,0,0,0,1
"POINT (6.786089375000074 51.222225908000041)",Unfall 99761 (2020) Kat:3, Licht: 0,99761,3,6,1,11,14,3,0,0,1,1,0,0,0,0
"POINT (6.799453783000047 51.230265530000054)",Unfall 99778 (2020) Kat:3, Licht: 0,99778,3,2,0,11,08,4,1,0,1,0,0,0,1,0
"POINT (6.751228253000022 51.270925157000079)",Unfall 99819 (2020) Kat:3, Licht: 2,99819,3,6,1,11,18,6,1,2,0,1,0,0,0,0
"POINT (6.865828230000034 51.219091955000067)",Unfall 99914 (2020) Kat:3, Licht: 0,99914,3,5,6,11,12,2,0,0,0,0,1,0,0,1
"POINT (6.811385605000055 51.226535543000068)",Unfall 99915 (2020) Kat:3, Licht: 0,99915,3,4,6,11,16,2,0,0,0,0,1,0,0,1
"POINT (6.795130919000030 51.230027927000037)",Unfall 99917 (2020) Kat:3, Licht: 0,99917,3,7,8,11,10,2,0,0,1,1,0,0,0,0
"POINT (6.851782991000050 51.163534891000040)",Unfall 99920 (2020) Kat:3, Licht: 0,99920,3,1,8,11,09,6,0,0,0,1,0,0,0,0
"POINT (6.821143784000071 51.236985014000027)",Unfall 99930 (2020) Kat:3, Licht: 2,99930,3,2,5,11,18,5,0,2,1,1,0,0,0,0
"POINT (6.823309410000036 51.229893777000029)",Unfall 99972 (2020) Kat:3, Licht: 0,99972,3,2,5,11,10,4,1,0,1,1,0,0,0,0
"POINT (6.808341587000029 51.231802874000039)",Unfall 100014 (2020) Kat:3, Licht: 0,100014,3,6,3,11,10,6,0,0,0,1,0,0,0,1
"POINT (6.801721073000067 51.210512994000055)",Unfall 100048 (2020) Kat:3, Licht: 2,100048,3,4,6,11,18,5,1,2,0,1,1,0,0,0
"POINT (6.774624176000032 51.240074008000079)",Unfall 100063 (2020) Kat:3, Licht: 0,100063,3,3,5,11,14,4,0,0,1,1,0,0,0,0
"POINT (6.823458910000056 51.230001007000055)",Unfall 100157 (2020) Kat:3, Licht: 0,100157,3,6,2,11,14,5,1,0,0,1,0,0,0,0
"POINT (6.800922706000051 51.214720334000049)",Unfall 100184 (2020) Kat:3, Licht: 0,100184,3,3,5,11,08,3,0,0,1,1,0,0,0,0
"POINT (6.840296000000024 51.189930426000046)",Unfall 100235 (2020) Kat:2, Licht: 2,100235,2,7,1,11,21,1,1,2,0,1,0,0,0,0
"POINT (6.784059281000054 51.219446383000047)",Unfall 100262 (2020) Kat:3, Licht: 2,100262,3,6,6,11,17,5,1,2,0,1,1,0,0,0
"POINT (6.823474697000052 51.229994756000053)",Unfall 100287 (2020) Kat:3, Licht: 0,100287,3,2,5,11,08,4,0,0,0,1,0,0,0,0
"POINT (6.824352057000056 51.185010720000037)",Unfall 100364 (2020) Kat:2, Licht: 0,100364,2,4,6,11,16,4,0,0,0,1,1,0,0,0
"POINT (6.807531584000060 51.231612173000030)",Unfall 100370 (2020) Kat:3, Licht: 1,100370,3,6,3,11,16,6,0,1,1,1,0,0,0,0
"POINT (6.750693504000026 51.270961023000041)",Unfall 100450 (2020) Kat:3, Licht: 0,100450,3,6,2,11,07,2,1,0,0,1,0,0,0,1
"POINT (6.810869364000041 51.228512536000039)",Unfall 100476 (2020) Kat:3, Licht: 1,100476,3,1,0,11,07,4,0,1,1,0,0,0,0,0
"POINT (6.857850819000021 51.207252946000040)",Unfall 100483 (2020) Kat:3, Licht: 0,100483,3,5,5,11,16,7,0,0,0,1,0,0,0,0
"POINT (6.782502339000075 51.223025760000041)",Unfall 100485 (2020) Kat:3, Licht: 0,100485,3,2,5,11,12,7,0,0,0,1,0,0,0,1
"POINT (6.791178184000046 51.229135974000030)",Unfall 100486 (2020) Kat:3, Licht: 0,100486,3,7,3,11,12,5,1,0,0,1,0,0,0,1
"POINT (6.849601620000044 51.190213883000069)",Unfall 100507 (2020) Kat:3, Licht: 0,100507,3,3,2,11,10,4,0,0,0,1,0,0,1,0
"POINT (6.856360553000059 51.193411029000060)",Unfall 100590 (2020) Kat:3, Licht: 0,100590,3,2,6,11,11,4,0,0,0,1,1,0,0,0
"POINT (6.860634795000067 51.155335998000055)",Unfall 100698 (2020) Kat:3, Licht: 0,100698,3,4,6,11,11,4,0,0,1,0,1,0,0,0
"POINT (6.799270601000046 51.210604945000057)",Unfall 100704 (2020) Kat:3, Licht: 0,100704,3,6,3,11,13,6,0,0,0,1,0,0,0,0
"POINT (6.796740836000026 51.197034929000040)",Unfall 100717 (2020) Kat:3, Licht: 2,100717,3,6,2,11,17,2,0,2,0,1,0,0,0,0
"POINT (6.796738000000062 51.252397357000063)",Unfall 100718 (2020) Kat:3, Licht: 0,100718,3,6,2,11,11,2,0,0,0,1,0,0,0,0
"POINT (6.894844687000045 51.149178817000063)",Unfall 100873 (2020) Kat:3, Licht: 0,100873,3,3,5,11,12,7,0,0,0,1,0,0,0,0
"POINT (6.777626564000059 51.259885435000058)",Unfall 100987 (2020) Kat:3, Licht: 0,100987,3,7,0,11,10,6,0,0,0,0,1,0,0,1
"POINT (6.818916336000029 51.207687111000041)",Unfall 101071 (2020) Kat:3, Licht: 0,101071,3,1,0,11,11,5,0,0,1,0,0,0,0,0
"POINT (6.770720104000077 51.200160526000047)",Unfall 101072 (2020) Kat:3, Licht: 2,101072,3,4,6,11,19,5,0,2,0,1,1,0,0,0
"POINT (6.808859761000065 51.231868494000082)",Unfall 101073 (2020) Kat:3, Licht: 1,101073,3,4,0,11,16,5,0,1,0,0,1,0,0,1
"POINT (6.752567223000028 51.231615182000041)",Unfall 101075 (2020) Kat:3, Licht: 0,101075,3,2,5,11,15,5,0,0,1,1,0,0,0,0
"POINT (6.805000514000028 51.209509437000065)",Unfall 101076 (2020) Kat:3, Licht: 0,101076,3,6,1,11,13,5,0,0,0,1,0,0,0,0
"POINT (6.787024944000052 51.238736682000081)",Unfall 101161 (2020) Kat:3, Licht: 2,101161,3,6,0,11,17,4,0,2,0,1,0,0,0,0
"POINT (6.808825391000028 51.231764550000037)",Unfall 101162 (2020) Kat:3, Licht: 1,101162,3,4,0,11,07,4,0,1,0,1,1,0,0,0
"POINT (6.782383368000069 51.221263862000058)",Unfall 101248 (2020) Kat:2, Licht: 2,101248,2,4,6,11,07,3,0,2,0,0,1,0,0,1
"POINT (6.785798892000059 51.221838029000025)",Unfall 101249 (2020) Kat:3, Licht: 2,101249,3,2,3,11,06,3,0,2,0,1,0,0,1,0
"POINT (6.775692326000069 51.231656184000030)",Unfall 101251 (2020) Kat:3, Licht: 1,101251,3,2,6,11,16,3,0,1,0,1,1,0,0,0
"POINT (6.813562902000058 51.192993512000044)",Unfall 101337 (2020) Kat:3, Licht: 2,101337,3,6,2,12,17,3,1,2,0,1,0,0,0,0
"POINT (6.808911737000074 51.231995233000077)",Unfall 101338 (2020) Kat:3, Licht: 0,101338,3,4,6,12,07,3,0,0,0,0,1,0,0,1
"POINT (6.809423625000022 51.230573370000059)",Unfall 101339 (2020) Kat:2, Licht: 1,101339,2,2,6,12,07,3,1,1,0,1,1,0,0,0
"POINT (6.752734660000044 51.267719355000054)",Unfall 101340 (2020) Kat:3, Licht: 2,101340,3,6,2,12,16,3,1,2,0,1,0,0,0,0
"POINT (6.742932542000062 51.230054483000060)",Unfall 101341 (2020) Kat:2, Licht: 2,101341,2,5,3,12,17,3,1,2,0,0,0,1,0,1
"POINT (6.763893191000022 51.271575179000081)",Unfall 101369 (2020) Kat:3, Licht: 2,101369,3,1,8,12,20,4,0,2,0,1,0,0,0,0
"POINT (6.854092728000069 51.190388775000031)",Unfall 101433 (2020) Kat:3, Licht: 2,101433,3,1,3,11,19,2,1,2,0,1,0,0,1,0
"POINT (6.780623459000026 51.202428756000074)",Unfall 101434 (2020) Kat:3, Licht: 2,101434,3,6,0,11,21,2,1,2,1,0,0,0,0,0
"POINT (6.839324509000051 51.198187189000066)",Unfall 101435 (2020) Kat:3, Licht: 1,101435,3,3,5,11,16,2,0,1,0,1,0,0,0,0
"POINT (6.771196750000058 51.253150348000077)",Unfall 101436 (2020) Kat:3, Licht: 2,101436,3,2,6,11,18,2,1,2,0,1,1,0,0,0
"POINT (6.780623459000026 51.202428756000074)",Unfall 101501 (2020) Kat:3, Licht: 1,101501,3,7,5,11,16,1,0,1,0,1,0,0,0,0
"POINT (6.750739197000030 51.271732550000081)",Unfall 101502 (2020) Kat:3, Licht: 0,101502,3,3,5,11,15,1,0,0,0,1,0,0,0,0
"POINT (6.912238632000026 51.260294709000050)",Unfall 101564 (2020) Kat:3, Licht: 0,101564,3,2,4,11,09,7,0,0,0,1,0,0,0,0
"POINT (6.782845612000074 51.206821227000034)",Unfall 101595 (2020) Kat:3, Licht: 0,101595,3,4,6,12,12,1,0,0,0,1,1,0,0,0
"POINT (6.782683720000023 51.208832678000078)",Unfall 101660 (2020) Kat:3, Licht: 0,101660,3,6,2,12,11,7,0,0,0,1,0,0,0,0
"POINT (6.794189281000058 51.272639699000081)",Unfall 101685 (2020) Kat:3, Licht: 0,101685,3,6,2,12,08,7,0,0,0,1,0,0,0,1
"POINT (6.852888141000051 51.196090804000050)",Unfall 101743 (2020) Kat:3, Licht: 1,101743,3,6,2,12,16,6,0,1,0,1,0,0,0,0
"POINT (6.810316028000045 51.262053289000050)",Unfall 101744 (2020) Kat:3, Licht: 0,101744,3,6,2,12,13,6,0,0,0,1,0,0,0,1
"POINT (6.774343302000034 51.240003265000041)",Unfall 101745 (2020) Kat:3, Licht: 0,101745,3,3,5,12,10,6,1,0,0,1,0,0,0,0
"POINT (6.791705550000074 51.228454492000026)",Unfall 101746 (2020) Kat:3, Licht: 0,101746,3,1,0,12,14,6,0,0,1,0,0,0,0,0
"POINT (6.831767612000022 51.204462093000075)",Unfall 101822 (2020) Kat:3, Licht: 0,101822,3,1,0,12,15,4,1,0,1,0,0,0,0,0
"POINT (6.831933492000076 51.204492181000035)",Unfall 101826 (2020) Kat:3, Licht: 1,101826,3,6,2,12,16,4,1,1,0,1,0,0,0,0
"POINT (6.860937788000058 51.189030869000078)",Unfall 101834 (2020) Kat:3, Licht: 0,101834,3,5,2,12,08,4,1,0,0,1,0,0,0,1
"POINT (6.729797219000034 51.232942916000070)",Unfall 101849 (2020) Kat:3, Licht: 1,101849,3,7,0,12,16,4,1,1,1,1,0,0,0,0
"POINT (6.813542802000029 51.233031004000054)",Unfall 101873 (2020) Kat:3, Licht: 2,101873,3,1,0,12,16,5,1,2,0,0,0,1,0,0
"POINT (6.781248006000055 51.273553163000031)",Unfall 101874 (2020) Kat:1, Licht: 2,101874,1,4,6,12,17,5,1,2,0,1,1,0,0,0
"POINT (6.889194325000062 51.153621812000040)",Unfall 101924 (2020) Kat:3, Licht: 2,101924,3,1,8,12,20,2,1,2,0,1,0,0,0,0
"POINT (6.889891496000075 51.153381534000061)",Unfall 101932 (2020) Kat:3, Licht: 1,101932,3,6,9,12,16,2,1,1,0,1,0,0,0,0
"POINT (6.800598152000021 51.210579887000051)",Unfall 101935 (2020) Kat:2, Licht: 2,101935,2,4,6,12,07,2,1,2,0,0,1,0,0,1
"POINT (6.744590438000046 51.237845015000062)",Unfall 101937 (2020) Kat:3, Licht: 2,101937,3,2,5,12,15,2,1,2,0,1,0,0,0,0
"POINT (6.866702698000040 51.215197161000049)",Unfall 101950 (2020) Kat:3, Licht: 0,101950,3,6,2,12,16,5,0,0,0,1,0,0,0,0
"POINT (6.857632638000041 51.191608416000065)",Unfall 102186 (2020) Kat:3, Licht: 0,102186,3,6,2,12,14,3,0,0,0,1,0,0,0,0
"POINT (6.849890809000044 51.190230586000041)",Unfall 102276 (2020) Kat:2, Licht: 0,102276,2,6,3,12,12,2,1,0,0,1,0,0,0,1
"POINT (6.784659150000039 51.242703267000081)",Unfall 102295 (2020) Kat:3, Licht: 0,102295,3,2,5,12,08,2,1,0,1,1,0,0,0,0
"POINT (6.791687420000073 51.228470412000036)",Unfall 102297 (2020) Kat:3, Licht: 0,102297,3,2,0,12,14,2,1,0,0,1,0,0,0,1
"POINT (6.782989391000058 51.206265045000066)",Unfall 102362 (2020) Kat:3, Licht: 2,102362,3,6,2,12,17,6,1,2,0,1,0,0,0,0
"POINT (6.839454250000074 51.240169958000081)",Unfall 102370 (2020) Kat:3, Licht: 2,102370,3,7,8,12,20,6,1,2,0,1,0,0,0,0
"POINT (6.726246309000032 51.270229890000053)",Unfall 102377 (2020) Kat:3, Licht: 2,102377,3,5,0,12,22,2,0,2,0,1,0,0,1,0
"POINT (6.775711440000066 51.240371937000077)",Unfall 102378 (2020) Kat:3, Licht: 0,102378,3,3,5,12,10,6,0,0,1,1,0,0,0,0
"POINT (6.785842979000051 51.221897361000060)",Unfall 102380 (2020) Kat:3, Licht: 2,102380,3,5,1,12,07,6,0,2,0,1,0,0,1,0
"POINT (6.808005670000057 51.208834257000035)",Unfall 102432 (2020) Kat:3, Licht: 2,102432,3,7,0,12,01,1,0,2,0,0,0,0,0,1
"POINT (6.766272712000045 51.317666175000056)",Unfall 102435 (2020) Kat:2, Licht: 0,102435,2,1,0,12,14,1,1,0,0,0,0,1,0,0
"POINT (6.780791167000075 51.230183845000056)",Unfall 102531 (2020) Kat:3, Licht: 0,102531,3,2,5,12,15,7,1,0,0,1,0,0,0,1
"POINT (6.882631815000025 51.161016869000036)",Unfall 102537 (2020) Kat:3, Licht: 0,102537,3,1,9,12,14,3,1,0,0,1,0,0,0,0
"POINT (6.782861769000022 51.217303025000035)",Unfall 102678 (2020) Kat:3, Licht: 0,102678,3,4,6,12,10,3,1,0,0,1,1,0,0,0