WKT,Name,OBJECTID,UKATEGORIE,UTYP1,UART,UMONAT,USTUNDE,UWOCHENTAG,STRZUSTAND,ULICHTVERH,ISTRAD,ISTPKW,ISTFUSS,ISTKRAD,ISTGKFZ,ISTSONSTIG
"POINT (6.832756433000043 51.272886802000073)",Unfall 102703 (2020) Kat:3, Licht: 0,102703,3,6,2,12,12,7,1,0,0,1,0,1,0,0
"POINT (6.859923847000061 51.229998672000079)",Unfall 102750 (2020) Kat:3, Licht: 2,102750,3,1,4,12,18,2,1,2,0,1,0,0,0,1
"POINT (6.776380709000023 51.253484205000063)",Unfall 102757 (2020) Kat:3, Licht: 2,102757,3,6,2,12,21,6,0,2,1,1,0,0,0,0
"POINT (6.786510383000064 51.238127012000064)",Unfall 102868 (2020) Kat:3, Licht: 0,102868,3,3,5,12,13,5,0,0,1,1,0,0,0,0
"POINT (6.807657948000042 51.177443932000074)",Unfall 102871 (2020) Kat:2, Licht: 2,102871,2,6,2,12,17,3,0,2,0,1,0,0,0,0
"POINT (6.870250765000037 51.134189870000057)",Unfall 102907 (2020) Kat:3, Licht: 0,102907,3,6,4,12,11,6,0,0,0,0,0,0,1,1
"POINT (6.802768887000070 51.285445066000079)",Unfall 102931 (2020) Kat:3, Licht: 2,102931,3,2,5,12,19,2,1,2,0,1,0,0,0,0
"POINT (6.787956531000020 51.232882299000039)",Unfall 103046 (2020) Kat:3, Licht: 0,103046,3,2,3,12,13,5,1,0,1,1,0,0,0,0
"POINT (6.904392545000064 51.261241910000081)",Unfall 103076 (2020) Kat:3, Licht: 0,103076,3,3,5,12,14,1,0,0,1,1,0,0,0,0
"POINT (6.776421194000022 51.201655277000043)",Unfall 103083 (2020) Kat:3, Licht: 0,103083,3,7,0,12,13,6,0,0,0,0,0,0,0,1
"POINT (6.783770782000033 51.218964720000031)",Unfall 103133 (2020) Kat:3, Licht: 1,103133,3,2,6,12,17,3,0,1,0,1,1,0,0,0
"POINT (6.847542207000060 51.165934284000059)",Unfall 103194 (2020) Kat:3, Licht: 0,103194,3,6,2,12,10,4,1,0,0,1,0,0,0,0
"POINT (6.835715405000030 51.227053708000028)",Unfall 103301 (2020) Kat:3, Licht: 2,103301,3,7,0,12,08,3,2,2,1,0,0,0,0,0
"POINT (6.792906035000044 51.198698865000040)",Unfall 103308 (2020) Kat:3, Licht: 0,103308,3,6,2,12,15,4,0,0,0,1,0,0,0,1
"POINT (6.801721244000021 51.195636081000032)",Unfall 103309 (2020) Kat:3, Licht: 0,103309,3,6,3,12,14,2,0,0,0,1,0,0,0,1
"POINT (6.782777565000060 51.215574421000042)",Unfall 103322 (2020) Kat:2, Licht: 2,103322,2,2,5,12,07,2,1,2,0,1,0,0,0,1
"POINT (6.835681485000066 51.227173689000040)",Unfall 103327 (2020) Kat:3, Licht: 2,103327,3,2,5,12,21,2,1,2,0,1,0,0,0,0
"POINT (6.772035969000058 51.237639079000076)",Unfall 103456 (2020) Kat:3, Licht: 2,103456,3,3,5,12,21,5,1,2,0,1,0,1,0,0
"POINT (6.771988969000063 51.248689599000045)",Unfall 103459 (2020) Kat:1, Licht: 0,103459,1,1,0,12,08,3,2,0,1,0,0,0,0,0
"POINT (6.748941703000071 51.231425001000048)",Unfall 103573 (2020) Kat:3, Licht: 0,103573,3,6,6,12,15,3,1,0,0,1,1,0,0,0
"POINT (6.777655078000066 51.272588080000048)",Unfall 103581 (2020) Kat:3, Licht: 0,103581,3,3,5,12,10,4,0,0,0,1,0,0,0,0
"POINT (6.788495837000028 51.206105703000048)",Unfall 103592 (2020) Kat:3, Licht: 1,103592,3,3,5,12,16,2,1,1,0,1,0,0,0,1
"POINT (6.771184970000036 51.218767801000070)",Unfall 200842 (2020) Kat:3, Licht: 1,200842,3,3,5,01,14,6,1,1,1,1,0,0,0,0
"POINT (6.752738045000058 51.230937050000080)",Unfall 200881 (2020) Kat:2, Licht: 2,200881,2,4,6,01,17,5,0,2,0,1,1,0,0,0
"POINT (6.789312513000027 51.227263927000081)",Unfall 200892 (2020) Kat:3, Licht: 2,200892,3,7,6,01,19,6,1,2,0,1,0,0,0,1
"POINT (6.791329758000074 51.221744748000049)",Unfall 200954 (2020) Kat:3, Licht: 0,200954,3,6,0,01,15,2,0,0,0,1,0,0,0,1
"POINT (6.766278864000071 51.279006484000035)",Unfall 200986 (2020) Kat:3, Licht: 0,200986,3,7,6,01,11,5,0,0,0,1,1,0,0,0
"POINT (6.772545287000071 51.227237699000057)",Unfall 200995 (2020) Kat:3, Licht: 2,200995,3,4,6,01,23,6,1,2,0,1,1,0,0,0
"POINT (6.834069858000021 51.220755577000034)",Unfall 201056 (2020) Kat:3, Licht: 2,201056,3,3,5,01,08,2,0,2,0,1,0,0,0,0
"POINT (6.859713564000060 51.182731974000035)",Unfall 201069 (2020) Kat:2, Licht: 2,201069,2,1,8,01,06,7,1,2,0,1,0,0,0,0
"POINT (6.836283869000056 51.194826420000027)",Unfall 201094 (2020) Kat:2, Licht: 0,201094,2,2,6,01,09,6,1,0,0,1,1,0,0,0
"POINT (6.767907989000037 51.207361728000080)",Unfall 201119 (2020) Kat:3, Licht: 2,201119,3,6,3,01,07,6,1,2,1,1,0,0,0,0
"POINT (6.782136341000069 51.263073764000069)",Unfall 201131 (2020) Kat:2, Licht: 2,201131,2,4,6,01,07,6,1,2,0,1,1,0,0,0
"POINT (6.808132321000073 51.211057500000038)",Unfall 201143 (2020) Kat:3, Licht: 0,201143,3,2,5,01,13,6,0,0,1,0,0,0,0,1
"POINT (6.814971988000025 51.192998894000027)",Unfall 201167 (2020) Kat:3, Licht: 2,201167,3,6,1,01,06,5,1,2,0,1,0,0,0,0
"POINT (6.871577091000063 51.163747361000048)",Unfall 201168 (2020) Kat:3, Licht: 0,201168,3,2,2,01,12,5,1,0,0,1,0,0,0,0
"POINT (6.860661119000042 51.181773853000038)",Unfall 201169 (2020) Kat:3, Licht: 0,201169,3,1,6,01,15,5,1,0,0,1,1,0,0,1
"POINT (6.809424227000022 51.220640041000081)",Unfall 201171 (2020) Kat:3, Licht: 2,201171,3,6,3,01,17,5,1,2,0,1,0,0,0,0
"POINT (6.776263506000021 51.248685948000059)",Unfall 201173 (2020) Kat:3, Licht: 2,201173,3,3,5,01,18,5,1,2,1,1,0,0,0,0
"POINT (6.820548601000041 51.232009393000055)",Unfall 201175 (2020) Kat:3, Licht: 2,201175,3,3,5,01,18,5,0,2,1,1,0,0,0,0
"POINT (6.751599167000052 51.212852256000076)",Unfall 201191 (2020) Kat:3, Licht: 0,201191,3,7,0,01,09,3,0,0,1,0,0,0,0,0
"POINT (6.789028271000063 51.199047485000051)",Unfall 201198 (2020) Kat:3, Licht: 1,201198,3,7,6,01,08,3,1,1,0,1,1,0,0,0
"POINT (6.825381336000021 51.206684798000026)",Unfall 201201 (2020) Kat:3, Licht: 2,201201,3,3,5,01,19,3,0,2,1,1,0,0,0,0
"POINT (6.768248148000055 51.210876829000028)",Unfall 201203 (2020) Kat:3, Licht: 2,201203,3,3,5,01,07,3,1,2,0,1,0,1,0,0
"POINT (6.780498845000068 51.204168973000037)",Unfall 201209 (2020) Kat:3, Licht: 0,201209,3,7,0,01,15,3,0,0,0,0,0,0,0,1
"POINT (6.805453310000075 51.213341939000031)",Unfall 201212 (2020) Kat:3, Licht: 0,201212,3,4,6,01,13,3,0,0,0,1,1,0,0,0
"POINT (6.756008803000043 51.232184322000080)",Unfall 201214 (2020) Kat:3, Licht: 0,201214,3,7,0,01,11,3,1,0,1,0,0,1,0,0
"POINT (6.778446187000043 51.222890589000031)",Unfall 201221 (2020) Kat:2, Licht: 0,201221,2,7,9,01,15,3,0,0,0,1,1,0,0,0
"POINT (6.802138303000049 51.216364821000070)",Unfall 201224 (2020) Kat:3, Licht: 0,201224,3,7,6,01,12,3,0,0,0,1,1,0,0,0
"POINT (6.832113194000044 51.208463608000045)",Unfall 201285 (2020) Kat:3, Licht: 2,201285,3,4,6,01,17,4,1,2,0,0,1,0,0,1
"POINT (6.800697472000024 51.195775498000046)",Unfall 201287 (2020) Kat:3, Licht: 2,201287,3,2,6,01,06,4,1,2,0,1,1,0,0,0
"POINT (6.844531981000046 51.241278174000058)",Unfall 201288 (2020) Kat:3, Licht: 2,201288,3,6,2,01,18,4,1,2,0,1,0,0,0,0
"POINT (6.787390906000042 51.251677252000036)",Unfall 201290 (2020) Kat:3, Licht: 2,201290,3,1,0,01,07,4,1,2,1,0,0,0,0,0
"POINT (6.734563151000032 51.235120097000049)",Unfall 201291 (2020) Kat:3, Licht: 2,201291,3,3,1,01,19,4,1,2,1,1,0,0,0,0
"POINT (6.740129063000040 51.242612647000044)",Unfall 201292 (2020) Kat:2, Licht: 2,201292,2,2,6,01,07,4,1,2,0,1,1,0,0,0
"POINT (6.873111193000057 51.165084720000038)",Unfall 201376 (2020) Kat:3, Licht: 0,201376,3,2,6,01,15,1,1,0,0,1,1,0,0,0
"POINT (6.778615379000030 51.197710858000050)",Unfall 201380 (2020) Kat:2, Licht: 2,201380,2,4,5,01,23,4,1,2,0,0,1,0,0,1
"POINT (6.780421917000069 51.203180750000058)",Unfall 201388 (2020) Kat:3, Licht: 0,201388,3,7,1,01,10,3,0,0,1,1,0,0,0,0
"POINT (6.742670146000023 51.284639213000048)",Unfall 201391 (2020) Kat:3, Licht: 2,201391,3,6,2,01,18,4,1,2,0,1,0,0,0,0
"POINT (6.798751128000049 51.237575802000038)",Unfall 201428 (2020) Kat:3, Licht: 0,201428,3,6,3,01,17,4,0,0,1,0,0,0,0,1
"POINT (6.759061137000060 51.212016995000056)",Unfall 201437 (2020) Kat:3, Licht: 2,201437,3,2,5,01,06,3,1,2,0,1,0,0,0,1
"POINT (6.872569277000025 51.162300452000068)",Unfall 201478 (2020) Kat:3, Licht: 1,201478,3,6,2,01,16,3,1,1,0,1,0,0,0,0
"POINT (6.775499022000076 51.215643463000049)",Unfall 201481 (2020) Kat:3, Licht: 1,201481,3,6,2,01,16,7,0,1,0,1,0,0,0,0
"POINT (6.858567472000061 51.236054897000031)",Unfall 201496 (2020) Kat:3, Licht: 1,201496,3,3,5,01,16,4,1,1,1,1,0,0,0,0
"POINT (6.801011104000054 51.227370763000067)",Unfall 201509 (2020) Kat:3, Licht: 0,201509,3,7,6,01,12,2,0,0,0,1,1,0,0,0
"POINT (6.851415100000054 51.168999978000045)",Unfall 201535 (2020) Kat:3, Licht: 2,201535,3,4,6,01,18,4,1,2,0,1,1,0,0,0
"POINT (6.853550231000043 51.171661457000027)",Unfall 201543 (2020) Kat:3, Licht: 0,201543,3,6,2,01,09,3,1,0,0,0,0,1,0,1
"POINT (6.734994946000029 51.237993792000054)",Unfall 201546 (2020) Kat:3, Licht: 0,201546,3,6,0,01,12,4,0,0,0,1,0,0,0,1
"POINT (6.807634479000058 51.221389714000054)",Unfall 201584 (2020) Kat:2, Licht: 2,201584,2,6,2,01,18,4,1,2,1,1,0,0,0,0
"POINT (6.769219927000052 51.217275472000040)",Unfall 201624 (2020) Kat:3, Licht: 2,201624,3,5,2,01,21,1,1,2,0,1,0,0,0,0
"POINT (6.856216954000047 51.174623569000062)",Unfall 201627 (2020) Kat:3, Licht: 0,201627,3,5,6,01,15,1,1,0,0,1,1,0,0,0
"POINT (6.798731141000076 51.237586027000077)",Unfall 201631 (2020) Kat:3, Licht: 0,201631,3,2,5,01,13,1,1,0,1,1,0,0,0,0
"POINT (6.739364401000046 51.206132164000053)",Unfall 201688 (2020) Kat:3, Licht: 0,201688,3,4,6,01,12,7,1,0,0,0,1,1,0,0
"POINT (6.845352784000056 51.174800672000060)",Unfall 201767 (2020) Kat:3, Licht: 0,201767,3,1,7,01,09,5,0,0,0,0,0,0,0,1
"POINT (6.873235663000060 51.165494903000081)",Unfall 201772 (2020) Kat:3, Licht: 0,201772,3,7,0,01,11,5,0,0,0,0,0,0,0,1
"POINT (6.833560111000054 51.174913075000063)",Unfall 201775 (2020) Kat:3, Licht: 0,201775,3,1,0,01,10,5,0,0,0,0,0,0,0,1
"POINT (6.782528886000023 51.322825126000055)",Unfall 201779 (2020) Kat:3, Licht: 0,201779,3,6,6,01,15,5,0,0,0,1,1,0,0,0
"POINT (6.793829554000070 51.247082208000052)",Unfall 201782 (2020) Kat:3, Licht: 0,201782,3,2,5,01,16,5,0,0,0,1,0,0,0,0
"POINT (6.813959795000073 51.222254579000037)",Unfall 201783 (2020) Kat:3, Licht: 0,201783,3,3,3,01,13,6,1,0,0,1,0,0,0,0
"POINT (6.790177134000032 51.217316239000070)",Unfall 201785 (2020) Kat:3, Licht: 2,201785,3,3,5,01,21,5,0,2,1,1,0,0,0,0
"POINT (6.818487424000068 51.244459903000063)",Unfall 201786 (2020) Kat:3, Licht: 1,201786,3,3,0,01,08,6,0,1,1,1,0,0,0,0
"POINT (6.762729985000021 51.262591824000026)",Unfall 201787 (2020) Kat:3, Licht: 2,201787,3,2,5,01,17,6,1,2,0,1,0,0,0,0
"POINT (6.795615015000067 51.236516477000066)",Unfall 201789 (2020) Kat:3, Licht: 0,201789,3,3,5,01,08,6,0,0,1,1,0,0,0,0
"POINT (6.783907592000048 51.242237508000073)",Unfall 201883 (2020) Kat:3, Licht: 0,201883,3,5,1,01,14,5,0,0,1,1,0,0,0,0
"POINT (6.779460750000055 51.205957803000047)",Unfall 201911 (2020) Kat:3, Licht: 0,201911,3,5,1,01,11,6,0,0,1,0,0,0,1,0
"POINT (6.769034722000072 51.279390872000079)",Unfall 201928 (2020) Kat:3, Licht: 0,201928,3,2,5,01,15,4,1,0,0,1,0,0,0,0
"POINT (6.775922297000022 51.269188509000060)",Unfall 202056 (2020) Kat:3, Licht: 0,202056,3,7,4,01,13,5,0,0,0,1,0,0,0,0
"POINT (6.808227062000071 51.210057096000071)",Unfall 202098 (2020) Kat:3, Licht: 2,202098,3,6,2,01,17,4,1,2,0,1,0,1,0,0
"POINT (6.832173058000024 51.206750148000026)",Unfall 202119 (2020) Kat:3, Licht: 0,202119,3,7,3,01,13,5,0,0,0,1,0,0,0,1
"POINT (6.793307429000038 51.223095014000080)",Unfall 202132 (2020) Kat:3, Licht: 2,202132,3,1,0,01,00,5,0,2,1,0,0,0,0,0
"POINT (6.797222716000022 51.192457559000047)",Unfall 202143 (2020) Kat:3, Licht: 2,202143,3,2,6,01,06,2,1,2,0,1,1,0,0,0
"POINT (6.775341682000033 51.210711796000055)",Unfall 202144 (2020) Kat:3, Licht: 0,202144,3,2,6,01,13,2,0,0,0,1,1,0,0,0
"POINT (6.766799918000061 51.247758905000069)",Unfall 202146 (2020) Kat:3, Licht: 0,202146,3,4,6,01,14,2,0,0,1,1,1,0,0,0
"POINT (6.733740850000061 51.299106473000052)",Unfall 202151 (2020) Kat:3, Licht: 0,202151,3,7,0,01,07,2,1,0,1,0,1,0,0,0
"POINT (6.779518696000025 51.204176169000050)",Unfall 202153 (2020) Kat:3, Licht: 1,202153,3,4,6,01,07,4,0,1,0,1,1,0,0,0
"POINT (6.874272801000075 51.168523296000046)",Unfall 202154 (2020) Kat:3, Licht: 0,202154,3,2,4,01,15,4,0,0,0,1,0,0,0,0
"POINT (6.818923932000075 51.190565043000049)",Unfall 202156 (2020) Kat:3, Licht: 2,202156,3,7,6,01,19,4,1,2,1,0,1,0,0,0
"POINT (6.752274344000057 51.231010396000045)",Unfall 202158 (2020) Kat:3, Licht: 0,202158,3,4,0,01,10,4,1,0,0,1,1,0,0,0
"POINT (6.806130394000036 51.221900879000032)",Unfall 202170 (2020) Kat:3, Licht: 2,202170,3,2,0,01,17,5,1,2,0,1,1,0,0,0
"POINT (6.775278247000074 51.213944183000081)",Unfall 202222 (2020) Kat:2, Licht: 2,202222,2,6,3,01,17,5,0,2,0,1,0,0,0,0
"POINT (6.798679469000035 51.215350518000037)",Unfall 202236 (2020) Kat:3, Licht: 2,202236,3,2,6,01,19,5,1,2,0,1,1,0,0,0
"POINT (6.847889570000064 51.214443389000053)",Unfall 202268 (2020) Kat:3, Licht: 1,202268,3,2,4,01,17,3,1,1,1,1,0,0,0,0
"POINT (6.772771776000070 51.220139093000057)",Unfall 202271 (2020) Kat:3, Licht: 2,202271,3,2,5,01,17,3,1,2,0,1,1,0,0,0
"POINT (6.757518713000025 51.208439132000080)",Unfall 202275 (2020) Kat:3, Licht: 0,202275,3,3,1,01,08,5,0,0,1,1,0,0,0,0
"POINT (6.756079264000050 51.239802329000042)",Unfall 202323 (2020) Kat:3, Licht: 2,202323,3,1,0,01,17,5,1,2,1,0,0,0,0,0
"POINT (6.753292778000059 51.264944298000046)",Unfall 202331 (2020) Kat:3, Licht: 1,202331,3,7,8,01,17,1,0,1,0,1,0,0,0,0
"POINT (6.761501151000061 51.265660282000056)",Unfall 202337 (2020) Kat:3, Licht: 0,202337,3,3,5,01,15,1,0,0,0,1,0,0,0,0
"POINT (6.796327105000046 51.259580308000068)",Unfall 202400 (2020) Kat:3, Licht: 0,202400,3,5,2,01,13,6,0,0,0,1,0,0,0,0
"POINT (6.795958091000045 51.230137402000082)",Unfall 202403 (2020) Kat:3, Licht: 0,202403,3,6,2,01,12,6,0,0,1,1,0,0,0,0
"POINT (6.809007717000043 51.212120016000028)",Unfall 202406 (2020) Kat:2, Licht: 0,202406,2,3,5,02,13,3,1,0,0,1,0,0,0,0
"POINT (6.802217506000034 51.235663749000082)",Unfall 202408 (2020) Kat:3, Licht: 0,202408,3,3,5,01,16,6,0,0,1,1,0,0,0,0
"POINT (6.811197008000022 51.233481800000050)",Unfall 202414 (2020) Kat:3, Licht: 2,202414,3,2,6,01,19,6,0,2,0,1,1,0,0,0
"POINT (6.828684031000023 51.209489750000046)",Unfall 202415 (2020) Kat:3, Licht: 0,202415,3,6,1,02,12,7,1,0,0,1,0,0,0,0
"POINT (6.793599600000050 51.229118444000051)",Unfall 202418 (2020) Kat:3, Licht: 0,202418,3,2,3,01,12,6,0,0,1,1,0,0,0,0
"POINT (6.790329057000065 51.222425048000048)",Unfall 202446 (2020) Kat:3, Licht: 0,202446,3,4,6,02,15,2,1,0,0,1,1,0,0,0
"POINT (6.724267515000065 51.232486803000029)",Unfall 202462 (2020) Kat:3, Licht: 1,202462,3,7,0,02,16,7,1,1,0,0,0,1,0,0
"POINT (6.730049983000072 51.240665848000049)",Unfall 202506 (2020) Kat:3, Licht: 0,202506,3,2,6,02,17,3,1,0,0,1,1,0,0,0
"POINT (6.755254081000032 51.214194123000027)",Unfall 202510 (2020) Kat:3, Licht: 2,202510,3,7,6,02,17,3,1,2,0,1,1,0,0,0
"POINT (6.806480312000076 51.223982860000035)",Unfall 202551 (2020) Kat:3, Licht: 2,202551,3,7,3,02,20,2,1,2,1,1,0,0,0,0
"POINT (6.769000717000040 51.279402008000034)",Unfall 202568 (2020) Kat:3, Licht: 0,202568,3,7,0,02,13,7,1,0,0,1,0,1,0,0
"POINT (6.772778397000025 51.201439545000028)",Unfall 202600 (2020) Kat:3, Licht: 0,202600,3,1,6,02,11,1,1,0,0,1,1,0,0,0
"POINT (6.872600710000029 51.190224211000043)",Unfall 202610 (2020) Kat:3, Licht: 0,202610,3,1,9,02,14,1,1,0,0,1,0,0,0,0
"POINT (6.793797158000075 51.234365778000040)",Unfall 202634 (2020) Kat:3, Licht: 0,202634,3,7,1,02,10,7,0,0,0,0,0,1,0,1
"POINT (6.811843662000058 51.198333149000064)",Unfall 202657 (2020) Kat:3, Licht: 0,202657,3,3,5,02,13,5,0,0,0,1,0,0,0,1
"POINT (6.859288926000033 51.179221226000038)",Unfall 202659 (2020) Kat:3, Licht: 0,202659,3,4,6,02,09,5,0,0,0,1,1,0,0,0
"POINT (6.770134130000031 51.242590455000027)",Unfall 202661 (2020) Kat:2, Licht: 0,202661,2,6,0,02,13,5,0,0,0,1,0,1,0,0
"POINT (6.749268946000029 51.241515401000072)",Unfall 202663 (2020) Kat:3, Licht: 0,202663,3,5,1,02,07,5,0,0,1,1,0,0,0,0
"POINT (6.769857495000053 51.196118400000046)",Unfall 202687 (2020) Kat:3, Licht: 0,202687,3,3,5,02,12,7,0,0,0,1,0,1,0,0
"POINT (6.878388898000026 51.150693971000067)",Unfall 202710 (2020) Kat:3, Licht: 0,202710,3,3,5,02,11,6,0,0,1,0,0,0,0,0
"POINT (6.883092372000021 51.150265944000068)",Unfall 202719 (2020) Kat:2, Licht: 0,202719,2,3,5,02,16,6,0,0,0,1,0,1,0,0
"POINT (6.778576191000070 51.198874553000053)",Unfall 202739 (2020) Kat:3, Licht: 0,202739,3,7,6,02,10,7,0,0,0,1,1,0,0,0
"POINT (6.798573277000060 51.226029514000061)",Unfall 202791 (2020) Kat:3, Licht: 0,202791,3,7,6,02,10,7,0,0,0,1,1,0,0,0
"POINT (6.771060498000054 51.209797548000040)",Unfall 202802 (2020) Kat:3, Licht: 2,202802,3,7,6,02,08,4,0,2,0,1,1,0,0,0
"POINT (6.771175079000045 51.201650844000028)",Unfall 202803 (2020) Kat:3, Licht: 2,202803,3,7,1,02,21,4,0,2,0,1,0,1,0,0
"POINT (6.889297512000042 51.158067025000037)",Unfall 202804 (2020) Kat:3, Licht: 2,202804,3,3,5,02,07,4,1,2,1,1,0,0,0,0
"POINT (6.811011766000036 51.212388300000043)",Unfall 202806 (2020) Kat:2, Licht: 2,202806,2,2,5,02,18,4,1,2,1,1,0,0,0,0
"POINT (6.718717647000062 51.335130506000041)",Unfall 202844 (2020) Kat:2, Licht: 0,202844,2,3,0,02,13,7,0,0,1,1,0,0,0,0
"POINT (6.858034285000031 51.230923086000075)",Unfall 202891 (2020) Kat:3, Licht: 0,202891,3,3,5,02,11,5,1,0,0,1,0,0,0,0
"POINT (6.872776287000022 51.167904571000065)",Unfall 202906 (2020) Kat:3, Licht: 0,202906,3,6,2,02,10,4,0,0,0,1,0,0,0,0
"POINT (6.741653855000038 51.234378684000035)",Unfall 202913 (2020) Kat:3, Licht: 0,202913,3,2,7,02,11,6,0,0,0,0,1,0,1,0
"POINT (6.856429096000056 51.178085915000054)",Unfall 202991 (2020) Kat:3, Licht: 0,202991,3,7,0,02,13,2,0,0,0,1,0,0,0,0
"POINT (6.776716003000047 51.213971202000039)",Unfall 202994 (2020) Kat:3, Licht: 0,202994,3,1,3,02,10,5,1,0,0,1,0,0,0,0
"POINT (6.814062275000026 51.194309704000034)",Unfall 202999 (2020) Kat:2, Licht: 0,202999,2,3,5,02,15,6,0,0,1,1,0,0,0,0
"POINT (6.798743686000023 51.237579609000079)",Unfall 203044 (2020) Kat:3, Licht: 2,203044,3,2,6,02,18,5,1,2,0,1,1,0,0,0
"POINT (6.760427505000052 51.205318432000070)",Unfall 203074 (2020) Kat:3, Licht: 2,203074,3,4,6,02,19,3,0,2,0,1,1,0,0,0
"POINT (6.770220111000072 51.197808279000071)",Unfall 203097 (2020) Kat:3, Licht: 2,203097,3,3,5,02,18,5,1,2,0,1,0,0,0,0
"POINT (6.776766675000033 51.214090035000027)",Unfall 203102 (2020) Kat:3, Licht: 0,203102,3,4,6,02,07,6,1,0,1,0,1,0,0,0
"POINT (6.777959308000050 51.238531784000031)",Unfall 203169 (2020) Kat:3, Licht: 2,203169,3,6,4,02,21,4,1,2,1,0,0,0,0,0
"POINT (6.759796778000066 51.253004735000047)",Unfall 203170 (2020) Kat:3, Licht: 0,203170,3,7,0,02,13,4,0,0,0,1,0,0,0,1
"POINT (6.819100922000075 51.228810782000039)",Unfall 203172 (2020) Kat:3, Licht: 0,203172,3,2,5,02,08,4,1,0,1,1,0,0,0,0
"POINT (6.733349912000051 51.235757568000054)",Unfall 203174 (2020) Kat:3, Licht: 0,203174,3,6,2,02,08,4,1,0,0,0,0,0,0,1
"POINT (6.768467882000039 51.222338701000069)",Unfall 203177 (2020) Kat:3, Licht: 2,203177,3,1,0,02,00,4,1,2,0,0,0,0,0,1
"POINT (6.791463548000024 51.221839198000055)",Unfall 203179 (2020) Kat:3, Licht: 0,203179,3,2,5,02,17,4,0,0,1,1,0,0,0,0
"POINT (6.905762077000077 51.144863078000071)",Unfall 203193 (2020) Kat:3, Licht: 2,203193,3,7,0,02,21,1,1,2,0,0,0,0,0,1
"POINT (6.859496182000044 51.183666943000048)",Unfall 203195 (2020) Kat:3, Licht: 2,203195,3,3,5,02,20,1,1,2,0,1,0,0,0,0
"POINT (6.763046024000062 51.273726560000057)",Unfall 203200 (2020) Kat:3, Licht: 0,203200,3,6,4,02,12,1,0,0,0,1,0,0,0,1
"POINT (6.826738244000069 51.206768102000069)",Unfall 203227 (2020) Kat:3, Licht: 2,203227,3,6,3,02,22,5,1,2,0,1,0,0,0,1
"POINT (6.811517371000036 51.200497078000069)",Unfall 203272 (2020) Kat:3, Licht: 2,203272,3,3,5,02,18,3,0,2,0,1,0,0,0,1
"POINT (6.780032379000033 51.205473234000067)",Unfall 203273 (2020) Kat:3, Licht: 1,203273,3,7,0,02,06,3,0,1,1,0,0,0,0,0
"POINT (6.821706641000048 51.229326632000038)",Unfall 203275 (2020) Kat:3, Licht: 0,203275,3,4,6,02,17,3,0,0,0,1,1,0,0,0
"POINT (6.775810977000049 51.245006034000028)",Unfall 203278 (2020) Kat:3, Licht: 0,203278,3,3,1,02,15,3,1,0,0,1,0,1,0,0
"POINT (6.782129731000055 51.198449927000070)",Unfall 203289 (2020) Kat:3, Licht: 2,203289,3,4,6,02,21,5,1,2,0,1,1,0,0,0
"POINT (6.864116497000055 51.178049749000081)",Unfall 203361 (2020) Kat:3, Licht: 0,203361,3,2,2,02,07,2,0,0,1,1,0,0,0,0
"POINT (6.827100345000076 51.185869063000041)",Unfall 203362 (2020) Kat:3, Licht: 2,203362,3,3,5,02,21,2,1,2,0,1,0,0,0,0
"POINT (6.790484387000049 51.223376487000053)",Unfall 203363 (2020) Kat:3, Licht: 0,203363,3,7,2,02,11,2,0,0,0,1,0,0,0,0
"POINT (6.754243812000027 51.214493286000049)",Unfall 203364 (2020) Kat:2, Licht: 2,203364,2,4,6,02,04,7,0,2,0,1,1,0,0,0
"POINT (6.752524063000067 51.302772358000027)",Unfall 203366 (2020) Kat:3, Licht: 0,203366,3,7,0,02,15,7,0,0,0,0,0,1,0,1
"POINT (6.817458725000051 51.263185502000056)",Unfall 203375 (2020) Kat:3, Licht: 0,203375,3,5,0,02,13,7,0,0,1,1,0,0,0,0
"POINT (6.780203131000064 51.223035979000031)",Unfall 203384 (2020) Kat:3, Licht: 0,203384,3,7,0,02,11,7,0,0,0,0,0,0,0,1
"POINT (6.775174673000038 51.213980243000037)",Unfall 203385 (2020) Kat:3, Licht: 2,203385,3,2,6,02,22,5,1,2,0,1,1,0,0,0
"POINT (6.786920234000036 51.219059374000039)",Unfall 203423 (2020) Kat:3, Licht: 2,203423,3,7,1,02,01,1,1,2,0,1,0,0,0,0
"POINT (6.811916243000042 51.210250472000041)",Unfall 203425 (2020) Kat:3, Licht: 2,203425,3,1,0,02,18,4,1,2,1,0,0,0,0,0
"POINT (6.850891859000058 51.168410480000034)",Unfall 203433 (2020) Kat:3, Licht: 0,203433,3,3,5,02,10,2,1,0,0,0,0,0,1,1
"POINT (6.781616636000024 51.242925271000047)",Unfall 203465 (2020) Kat:3, Licht: 0,203465,3,6,2,02,15,4,1,0,0,1,0,0,0,0
"POINT (6.762031189000027 51.209630307000054)",Unfall 203477 (2020) Kat:3, Licht: 0,203477,3,4,6,02,15,6,0,0,1,0,1,0,0,0
"POINT (6.804690425000047 51.213571706000039)",Unfall 203480 (2020) Kat:3, Licht: 2,203480,3,4,6,02,21,6,0,2,0,1,1,0,0,0
"POINT (6.865992010000070 51.234291595000059)",Unfall 203482 (2020) Kat:2, Licht: 2,203482,2,1,9,02,01,2,0,2,0,1,0,0,0,0