WKT,Name,OBJECTID,UKATEGORIE,UTYP1,UART,UMONAT,USTUNDE,UWOCHENTAG,STRZUSTAND,ULICHTVERH,ISTRAD,ISTPKW,ISTFUSS,ISTKRAD,ISTGKFZ,ISTSONSTIG
"POINT (6.790610597000068 51.221194506000074)",Unfall 203511 (2020) Kat:3, Licht: 0,203511,3,6,2,02,12,3,0,0,0,1,0,0,0,0
"POINT (6.780112051000060 51.253798697000036)",Unfall 203519 (2020) Kat:3, Licht: 2,203519,3,6,2,02,19,7,1,2,0,1,0,0,0,0
"POINT (6.815824429000031 51.229480499000033)",Unfall 203532 (2020) Kat:3, Licht: 2,203532,3,2,6,02,19,4,1,2,0,1,1,0,0,0
"POINT (6.795662091000054 51.224455171000045)",Unfall 203536 (2020) Kat:3, Licht: 2,203536,3,2,5,02,21,7,1,2,1,1,0,0,0,0
"POINT (6.806491982000068 51.215255410000054)",Unfall 203539 (2020) Kat:3, Licht: 2,203539,3,7,6,02,21,7,1,2,0,1,1,0,0,0
"POINT (6.776780086000031 51.226943958000049)",Unfall 203557 (2020) Kat:3, Licht: 0,203557,3,7,0,02,17,7,0,0,0,0,0,0,0,1
"POINT (6.839562629000056 51.164990590000059)",Unfall 203573 (2020) Kat:2, Licht: 2,203573,2,2,5,02,19,4,1,2,1,1,0,0,0,0
"POINT (6.775153132000071 51.228650006000066)",Unfall 203584 (2020) Kat:3, Licht: 2,203584,3,7,6,02,22,1,1,2,0,1,1,0,0,0
"POINT (6.859496182000044 51.183666943000048)",Unfall 203591 (2020) Kat:2, Licht: 0,203591,2,3,5,02,11,2,1,0,0,1,0,0,0,1
"POINT (6.854599088000043 51.202453508000076)",Unfall 203617 (2020) Kat:3, Licht: 0,203617,3,7,0,02,08,3,0,0,0,1,1,0,0,0
"POINT (6.794937368000035 51.262832813000045)",Unfall 203636 (2020) Kat:3, Licht: 2,203636,3,4,6,02,21,4,1,2,0,1,1,0,0,0
"POINT (6.785543488000030 51.215540125000075)",Unfall 203651 (2020) Kat:3, Licht: 0,203651,3,2,2,03,15,2,0,0,0,1,0,0,0,0
"POINT (6.821330604000025 51.229224100000067)",Unfall 203678 (2020) Kat:3, Licht: 2,203678,3,4,6,03,18,2,1,2,0,1,1,0,0,0
"POINT (6.721758341000054 51.242220914000029)",Unfall 203685 (2020) Kat:2, Licht: 0,203685,2,4,6,03,16,1,0,0,0,1,1,0,0,0
"POINT (6.809945214000038 51.220422118000045)",Unfall 203689 (2020) Kat:3, Licht: 0,203689,3,6,2,03,10,2,0,0,0,1,0,0,0,0
"POINT (6.804857992000052 51.214677763000054)",Unfall 203700 (2020) Kat:3, Licht: 0,203700,3,6,6,03,16,2,1,0,0,1,1,0,0,0
"POINT (6.857178233000070 51.223376725000037)",Unfall 203725 (2020) Kat:3, Licht: 1,203725,3,3,5,02,18,7,1,1,0,1,0,1,0,0
"POINT (6.776157223000041 51.227090677000035)",Unfall 203738 (2020) Kat:3, Licht: 0,203738,3,6,6,03,11,2,0,0,0,0,1,0,1,0
"POINT (6.856828337000025 51.163833029000045)",Unfall 203748 (2020) Kat:3, Licht: 0,203748,3,4,0,02,12,5,1,0,1,0,1,0,0,0
"POINT (6.836290673000065 51.215124102000061)",Unfall 203759 (2020) Kat:2, Licht: 0,203759,2,1,2,02,08,5,1,0,0,0,0,1,0,0
"POINT (6.780728111000030 51.213954015000070)",Unfall 203762 (2020) Kat:2, Licht: 0,203762,2,2,4,02,13,5,1,0,0,1,0,1,0,0
"POINT (6.776394884000069 51.201639374000081)",Unfall 203764 (2020) Kat:3, Licht: 0,203764,3,6,2,02,09,5,0,0,0,1,0,0,0,0
"POINT (6.858992203000071 51.234630025000058)",Unfall 203771 (2020) Kat:3, Licht: 2,203771,3,2,6,02,19,5,1,2,0,1,1,0,0,0
"POINT (6.743307093000055 51.228639106000060)",Unfall 203774 (2020) Kat:3, Licht: 0,203774,3,6,2,02,16,5,1,0,0,1,0,0,0,1
"POINT (6.776883342000076 51.218268238000064)",Unfall 203841 (2020) Kat:3, Licht: 0,203841,3,4,6,03,14,2,0,0,0,0,1,0,0,1
"POINT (6.783686444000068 51.195902557000068)",Unfall 203859 (2020) Kat:3, Licht: 0,203859,3,1,0,02,08,6,0,0,1,0,0,0,0,0
"POINT (6.784551738000062 51.328826189000040)",Unfall 203860 (2020) Kat:3, Licht: 0,203860,3,7,0,02,07,6,0,0,1,0,0,0,0,0
"POINT (6.757063190000054 51.263251646000072)",Unfall 203862 (2020) Kat:2, Licht: 1,203862,2,1,0,02,08,6,2,1,1,0,0,0,0,0
"POINT (6.787063599000021 51.214591514000062)",Unfall 203865 (2020) Kat:3, Licht: 2,203865,3,2,6,02,21,6,1,2,0,1,1,0,0,0
"POINT (6.764612803000034 51.220207964000053)",Unfall 203897 (2020) Kat:3, Licht: 0,203897,3,6,3,03,09,2,0,0,0,1,0,0,1,0
"POINT (6.777540113000043 51.210791673000074)",Unfall 203900 (2020) Kat:3, Licht: 2,203900,3,1,0,03,19,2,1,2,0,0,0,1,0,0
"POINT (6.784538999000063 51.275787429000047)",Unfall 203918 (2020) Kat:3, Licht: 0,203918,3,4,6,03,14,5,0,0,0,1,1,0,0,0
"POINT (6.849154394000038 51.219008980000069)",Unfall 203973 (2020) Kat:3, Licht: 0,203973,3,3,0,03,08,5,0,0,0,1,0,0,0,1
"POINT (6.790198745000055 51.218403054000078)",Unfall 203983 (2020) Kat:3, Licht: 0,203983,3,6,6,03,15,5,1,0,0,1,1,0,0,0
"POINT (6.784018900000035 51.215543083000057)",Unfall 203984 (2020) Kat:3, Licht: 0,203984,3,1,5,03,15,7,0,0,0,1,0,1,0,0
"POINT (6.860761656000022 51.169330259000048)",Unfall 203988 (2020) Kat:3, Licht: 0,203988,3,2,5,03,16,6,0,0,1,1,0,0,0,0
"POINT (6.833444538000038 51.208553574000064)",Unfall 204024 (2020) Kat:2, Licht: 0,204024,2,3,5,03,10,4,0,0,0,1,0,0,0,1
"POINT (6.816789472000039 51.263091052000050)",Unfall 204025 (2020) Kat:3, Licht: 2,204025,3,7,4,03,20,5,1,2,0,1,0,0,0,0
"POINT (6.827499453000030 51.179443738000032)",Unfall 204036 (2020) Kat:3, Licht: 2,204036,3,5,0,03,19,4,0,2,0,1,0,1,0,0
"POINT (6.807700537000073 51.225732651000044)",Unfall 204057 (2020) Kat:3, Licht: 0,204057,3,7,1,03,16,4,0,0,0,0,0,0,0,1
"POINT (6.795983926000076 51.230602354000041)",Unfall 204060 (2020) Kat:3, Licht: 2,204060,3,4,6,03,20,4,0,2,0,1,1,0,0,0
"POINT (6.758377403000054 51.305478447000041)",Unfall 204077 (2020) Kat:3, Licht: 0,204077,3,1,8,03,14,4,0,0,0,1,0,0,0,0
"POINT (6.758890966000024 51.226750905000074)",Unfall 204078 (2020) Kat:3, Licht: 2,204078,3,2,6,03,19,5,1,2,0,1,1,0,0,0
"POINT (6.770391710000070 51.213999269000055)",Unfall 204082 (2020) Kat:3, Licht: 0,204082,3,2,5,03,14,5,1,0,1,1,0,0,0,0
"POINT (6.746839059000024 51.270086828000046)",Unfall 204086 (2020) Kat:3, Licht: 0,204086,3,3,0,03,16,3,0,0,1,1,0,0,0,0
"POINT (6.785582651000027 51.223902293000037)",Unfall 204102 (2020) Kat:3, Licht: 0,204102,3,3,5,03,08,4,1,0,0,1,0,0,0,0
"POINT (6.752168337000057 51.213065268000037)",Unfall 204133 (2020) Kat:3, Licht: 0,204133,3,2,5,03,17,5,1,0,1,1,0,0,0,0
"POINT (6.859783074000063 51.237223097000026)",Unfall 204145 (2020) Kat:2, Licht: 0,204145,2,1,0,03,11,7,0,0,0,0,0,0,0,1
"POINT (6.793301098000029 51.238569110000071)",Unfall 204149 (2020) Kat:3, Licht: 2,204149,3,3,5,03,19,6,1,2,1,1,0,0,0,0
"POINT (6.861215887000071 51.170080509000059)",Unfall 204217 (2020) Kat:3, Licht: 0,204217,3,2,6,03,13,5,0,0,0,1,1,0,0,0
"POINT (6.783599572000071 51.235752799000068)",Unfall 204218 (2020) Kat:3, Licht: 0,204218,3,4,6,03,15,5,0,0,0,1,1,0,0,0
"POINT (6.763214840000046 51.211409641000046)",Unfall 204275 (2020) Kat:3, Licht: 0,204275,3,2,0,03,15,2,0,0,1,1,0,0,0,0
"POINT (6.821052033000058 51.184206501000062)",Unfall 204284 (2020) Kat:3, Licht: 0,204284,3,4,0,03,08,2,1,0,0,1,1,0,0,0
"POINT (6.765129866000052 51.213297257000079)",Unfall 204286 (2020) Kat:3, Licht: 0,204286,3,5,1,03,15,2,0,0,1,1,0,0,0,0
"POINT (6.810211503000062 51.220310730000051)",Unfall 204289 (2020) Kat:3, Licht: 0,204289,3,3,5,03,13,2,1,0,0,1,0,0,0,0
"POINT (6.874061579000056 51.168434392000052)",Unfall 204304 (2020) Kat:3, Licht: 0,204304,3,2,1,03,15,6,1,0,0,0,0,0,0,1
"POINT (6.814651690000062 51.193411092000076)",Unfall 204317 (2020) Kat:3, Licht: 0,204317,3,6,2,03,12,4,1,0,0,1,0,0,0,0
"POINT (6.787584388000028 51.242738222000071)",Unfall 204318 (2020) Kat:3, Licht: 0,204318,3,4,6,03,08,4,1,0,0,1,1,0,0,0
"POINT (6.787774757000022 51.219191182000031)",Unfall 204319 (2020) Kat:3, Licht: 0,204319,3,6,1,03,09,4,1,0,0,1,0,0,0,0
"POINT (6.786235114000021 51.253193465000038)",Unfall 204324 (2020) Kat:3, Licht: 0,204324,3,3,5,03,14,6,0,0,0,1,0,0,0,0
"POINT (6.776487755000062 51.253561247000050)",Unfall 204326 (2020) Kat:3, Licht: 0,204326,3,6,0,03,09,6,0,0,0,1,0,0,0,1
"POINT (6.738808195000047 51.242078925000044)",Unfall 204345 (2020) Kat:3, Licht: 0,204345,3,4,6,03,17,6,1,0,0,1,1,0,0,0
"POINT (6.843648805000044 51.214331906000041)",Unfall 204381 (2020) Kat:2, Licht: 2,204381,2,7,0,03,22,3,1,2,1,1,0,0,0,0
"POINT (6.830529805000026 51.215765707000060)",Unfall 204382 (2020) Kat:3, Licht: 0,204382,3,6,4,03,14,3,1,0,0,1,0,0,0,0
"POINT (6.873835292000024 51.155302469000048)",Unfall 204383 (2020) Kat:3, Licht: 2,204383,3,2,3,03,05,3,1,2,1,1,0,0,0,0
"POINT (6.775264718000074 51.213117670000031)",Unfall 204386 (2020) Kat:2, Licht: 0,204386,2,7,0,03,11,3,0,0,0,0,0,0,0,1
"POINT (6.825966048000055 51.194501000000059)",Unfall 204388 (2020) Kat:2, Licht: 2,204388,2,2,6,03,07,3,1,2,0,1,1,0,0,0
"POINT (6.792872178000039 51.228974779000055)",Unfall 204389 (2020) Kat:3, Licht: 0,204389,3,4,6,03,08,3,0,0,0,1,1,0,0,0
"POINT (6.760936344000072 51.227812054000026)",Unfall 204390 (2020) Kat:3, Licht: 0,204390,3,1,8,03,11,3,1,0,0,1,0,0,0,0
"POINT (6.757722259000047 51.226974267000060)",Unfall 204392 (2020) Kat:3, Licht: 0,204392,3,7,0,03,10,3,0,0,0,0,0,0,0,1
"POINT (6.790226141000062 51.243172299000037)",Unfall 204467 (2020) Kat:3, Licht: 0,204467,3,2,5,03,12,4,0,0,1,1,0,0,1,0
"POINT (6.862935250000021 51.179686082000046)",Unfall 204483 (2020) Kat:3, Licht: 0,204483,3,2,5,03,08,7,0,0,0,1,0,0,0,0
"POINT (6.906560601000024 51.132885794000060)",Unfall 204490 (2020) Kat:3, Licht: 0,204490,3,6,3,03,14,1,0,0,1,0,1,0,0,0
"POINT (6.811100125000053 51.201258658000029)",Unfall 204496 (2020) Kat:3, Licht: 0,204496,3,7,3,03,15,1,0,0,0,1,0,0,0,1
"POINT (6.821113706000062 51.212254773000041)",Unfall 204498 (2020) Kat:3, Licht: 0,204498,3,3,0,03,17,1,0,0,1,1,0,0,0,0
"POINT (6.795984519000058 51.230586539000058)",Unfall 204500 (2020) Kat:3, Licht: 0,204500,3,3,5,03,18,1,0,0,0,1,0,0,0,0
"POINT (6.739412392000077 51.198487714000066)",Unfall 204515 (2020) Kat:3, Licht: 0,204515,3,3,5,03,08,6,0,0,1,1,0,0,0,0
"POINT (6.778373547000058 51.264367503000074)",Unfall 204519 (2020) Kat:3, Licht: 0,204519,3,6,3,03,16,5,0,0,1,1,0,0,0,0
"POINT (6.837510240000029 51.202817610000068)",Unfall 204537 (2020) Kat:3, Licht: 0,204537,3,7,6,03,11,2,0,0,0,1,1,0,0,0
"POINT (6.783459815000072 51.283313523000061)",Unfall 204544 (2020) Kat:3, Licht: 2,204544,3,6,4,03,19,2,0,2,1,0,0,0,0,0
"POINT (6.713973797000051 51.243098920000079)",Unfall 204548 (2020) Kat:3, Licht: 0,204548,3,3,5,03,16,2,0,0,1,1,0,0,0,0
"POINT (6.791204761000074 51.228356701000052)",Unfall 204550 (2020) Kat:3, Licht: 1,204550,3,6,6,03,18,7,0,1,1,0,1,0,0,0
"POINT (6.752530973000035 51.227828420000037)",Unfall 204615 (2020) Kat:3, Licht: 2,204615,3,7,1,03,21,3,0,2,0,1,0,0,0,0
"POINT (6.764167970000074 51.271163293000029)",Unfall 204621 (2020) Kat:3, Licht: 2,204621,3,1,4,03,18,7,0,2,1,1,0,0,0,0
"POINT (6.829099684000028 51.221165408000047)",Unfall 204627 (2020) Kat:3, Licht: 0,204627,3,6,3,03,12,7,0,0,0,1,0,0,0,0
"POINT (6.790778358000068 51.221355476000042)",Unfall 204628 (2020) Kat:3, Licht: 0,204628,3,6,1,03,12,4,0,0,0,1,0,1,0,0
"POINT (6.788876298000048 51.250581209000075)",Unfall 204644 (2020) Kat:3, Licht: 0,204644,3,7,6,03,17,7,0,0,0,1,1,0,0,0
"POINT (6.818969999000046 51.187170926000078)",Unfall 204762 (2020) Kat:3, Licht: 0,204762,3,6,1,03,14,7,0,0,0,1,0,1,0,0
"POINT (6.736529499000028 51.210533810000072)",Unfall 204764 (2020) Kat:2, Licht: 1,204764,2,1,0,03,19,7,0,1,1,0,0,0,0,0
"POINT (6.896963613000025 51.203653005000035)",Unfall 204765 (2020) Kat:3, Licht: 0,204765,3,4,1,03,13,2,0,0,0,1,1,0,0,0
"POINT (6.766471288000048 51.210881334000078)",Unfall 204766 (2020) Kat:3, Licht: 0,204766,3,5,1,03,09,7,0,0,1,1,0,0,0,0
"POINT (6.797711920000040 51.223627390000047)",Unfall 204767 (2020) Kat:3, Licht: 0,204767,3,5,1,03,13,7,0,0,0,1,0,0,0,0
"POINT (6.788623501000075 51.262929907000057)",Unfall 204770 (2020) Kat:3, Licht: 2,204770,3,1,9,03,21,2,0,2,0,1,0,0,0,0
"POINT (6.780192850000049 51.233329319000063)",Unfall 204772 (2020) Kat:3, Licht: 0,204772,3,5,0,03,13,2,0,0,1,1,0,0,0,0
"POINT (6.799410502000058 51.238006129000041)",Unfall 204780 (2020) Kat:3, Licht: 0,204780,3,4,6,03,09,2,0,0,0,1,1,0,0,0
"POINT (6.785870190000026 51.220166699000060)",Unfall 204782 (2020) Kat:3, Licht: 0,204782,3,7,9,03,18,2,0,0,0,1,0,0,0,0
"POINT (6.777581003000023 51.215647888000035)",Unfall 204797 (2020) Kat:3, Licht: 0,204797,3,7,3,03,14,3,0,0,0,1,0,0,0,0
"POINT (6.815890977000038 51.246904033000078)",Unfall 204803 (2020) Kat:3, Licht: 0,204803,3,4,6,03,13,3,0,0,0,1,1,0,0,0
"POINT (6.724820846000057 51.245300208000060)",Unfall 204806 (2020) Kat:3, Licht: 0,204806,3,7,6,03,12,3,0,0,0,1,1,0,0,0
"POINT (6.774202430000059 51.223248241000078)",Unfall 204815 (2020) Kat:3, Licht: 0,204815,3,5,6,03,13,3,0,0,1,0,1,0,0,0
"POINT (6.906920856000056 51.140449176000061)",Unfall 204817 (2020) Kat:3, Licht: 1,204817,3,3,5,03,18,6,0,1,1,1,0,0,0,0
"POINT (6.777585192000061 51.213968146000070)",Unfall 204819 (2020) Kat:2, Licht: 1,204819,2,3,5,03,19,6,0,1,0,1,0,0,0,0
"POINT (6.774688356000070 51.196969768000031)",Unfall 204868 (2020) Kat:3, Licht: 0,204868,3,3,5,03,14,1,0,0,1,1,0,0,0,0
"POINT (6.874079989000052 51.162152151000043)",Unfall 204873 (2020) Kat:3, Licht: 0,204873,3,7,0,03,12,1,0,0,1,0,0,0,0,0
"POINT (6.797396732000038 51.241459546000044)",Unfall 204900 (2020) Kat:3, Licht: 0,204900,3,3,5,03,14,4,0,0,1,1,0,0,0,0
"POINT (6.720494408000036 51.236763600000074)",Unfall 204938 (2020) Kat:3, Licht: 0,204938,3,7,0,03,11,3,0,0,1,0,0,0,0,0
"POINT (6.809285488000057 51.206521960000032)",Unfall 204953 (2020) Kat:3, Licht: 2,204953,3,1,9,03,19,7,0,2,0,1,0,0,0,0
"POINT (6.788607742000067 51.221154356000056)",Unfall 204978 (2020) Kat:3, Licht: 0,204978,3,4,6,04,09,1,0,0,0,1,1,0,0,0
"POINT (6.729572950000033 51.216874331000042)",Unfall 205002 (2020) Kat:2, Licht: 0,205002,2,6,4,04,10,3,0,0,0,0,0,0,0,1
"POINT (6.785470793000059 51.211099223000076)",Unfall 205005 (2020) Kat:3, Licht: 0,205005,3,6,2,04,14,2,0,0,0,1,0,1,0,0
"POINT (6.786167522000028 51.239972452000075)",Unfall 205024 (2020) Kat:3, Licht: 0,205024,3,3,5,04,13,5,0,0,0,1,0,0,1,0
"POINT (6.839586061000034 51.170451219000029)",Unfall 205030 (2020) Kat:3, Licht: 0,205030,3,1,0,04,16,1,0,0,0,1,0,1,0,0
"POINT (6.761692941000035 51.209214983000038)",Unfall 205044 (2020) Kat:3, Licht: 0,205044,3,1,0,04,17,7,0,0,1,0,0,0,0,0
"POINT (6.789563633000057 51.237447739000061)",Unfall 205081 (2020) Kat:2, Licht: 0,205081,2,1,0,04,14,1,0,0,1,0,0,0,0,0
"POINT (6.810565253000050 51.236523150000039)",Unfall 205097 (2020) Kat:3, Licht: 0,205097,3,5,1,04,15,7,0,0,1,1,0,0,0,0
"POINT (6.790114731000074 51.191005337000036)",Unfall 205106 (2020) Kat:3, Licht: 0,205106,3,3,5,04,14,3,0,0,1,1,0,0,0,0
"POINT (6.775262941000051 51.227856244000066)",Unfall 205132 (2020) Kat:3, Licht: 0,205132,3,7,0,04,20,1,0,0,1,1,0,0,0,0
"POINT (6.830167236000023 51.201147017000039)",Unfall 205180 (2020) Kat:3, Licht: 0,205180,3,3,5,04,12,4,0,0,0,1,0,0,0,1
"POINT (6.753205704000038 51.314672144000042)",Unfall 205183 (2020) Kat:3, Licht: 0,205183,3,7,0,04,17,1,0,0,1,0,0,0,0,0
"POINT (6.770933891000027 51.201655292000055)",Unfall 205197 (2020) Kat:3, Licht: 0,205197,3,1,2,04,15,7,0,0,1,0,0,0,0,0
"POINT (6.826126239000075 51.227149839000049)",Unfall 205234 (2020) Kat:3, Licht: 0,205234,3,6,2,04,12,3,0,0,0,1,0,0,0,0
"POINT (6.764980980000075 51.213131971000053)",Unfall 205241 (2020) Kat:3, Licht: 0,205241,3,3,5,04,15,5,0,0,1,0,0,0,0,0
"POINT (6.772841006000022 51.199985101000038)",Unfall 205242 (2020) Kat:3, Licht: 0,205242,3,6,2,04,14,1,0,0,0,1,0,0,0,0
"POINT (6.762362954000025 51.249044846000061)",Unfall 205243 (2020) Kat:3, Licht: 0,205243,3,7,1,04,16,5,0,0,1,1,0,0,0,0
"POINT (6.763023124000029 51.210932412000034)",Unfall 205244 (2020) Kat:3, Licht: 0,205244,3,1,0,04,13,1,0,0,1,0,0,0,0,0
"POINT (6.793602412000041 51.236295161000044)",Unfall 205245 (2020) Kat:3, Licht: 2,205245,3,1,0,04,00,1,0,2,1,0,0,0,0,0
"POINT (6.801389581000024 51.227581819000079)",Unfall 205249 (2020) Kat:2, Licht: 0,205249,2,1,0,04,10,5,0,0,1,0,0,0,0,0
"POINT (6.771098367000036 51.236877070000048)",Unfall 205253 (2020) Kat:3, Licht: 0,205253,3,1,0,04,20,5,0,0,1,0,0,0,0,0
"POINT (6.790144931000043 51.217306079000082)",Unfall 205258 (2020) Kat:3, Licht: 0,205258,3,6,3,04,11,5,0,0,0,1,0,0,1,0
"POINT (6.815854587000047 51.229523821000043)",Unfall 205260 (2020) Kat:3, Licht: 0,205260,3,2,5,04,16,2,0,0,0,1,0,0,0,0
"POINT (6.859678970000061 51.185843198000043)",Unfall 205335 (2020) Kat:3, Licht: 0,205335,3,3,5,04,14,7,0,0,1,1,0,0,0,0
"POINT (6.838011163000033 51.235614905000034)",Unfall 205336 (2020) Kat:3, Licht: 0,205336,3,2,3,04,15,7,0,0,1,1,0,0,0,0
"POINT (6.786224998000023 51.269693242000073)",Unfall 205338 (2020) Kat:2, Licht: 0,205338,2,1,0,04,11,7,0,0,0,0,0,1,0,0
"POINT (6.789795181000045 51.216875996000056)",Unfall 205339 (2020) Kat:2, Licht: 0,205339,2,3,5,04,11,3,0,0,1,0,0,0,0,1
"POINT (6.752238669000064 51.262081560000070)",Unfall 205340 (2020) Kat:3, Licht: 0,205340,3,7,0,04,16,7,0,0,1,0,0,0,0,0
"POINT (6.797683747000065 51.236605614000041)",Unfall 205342 (2020) Kat:3, Licht: 0,205342,3,7,0,04,08,7,0,0,0,0,0,0,0,1
"POINT (6.836620404000030 51.201119327000072)",Unfall 205393 (2020) Kat:3, Licht: 0,205393,3,5,1,04,18,6,0,0,1,1,0,0,0,0
"POINT (6.860427844000071 51.241768589000060)",Unfall 205395 (2020) Kat:2, Licht: 0,205395,2,4,6,04,16,6,0,0,1,0,1,0,0,0
"POINT (6.728558293000049 51.242755756000065)",Unfall 205397 (2020) Kat:3, Licht: 0,205397,3,5,1,04,10,6,0,0,0,1,0,0,0,0
"POINT (6.763874073000068 51.204749739000079)",Unfall 205441 (2020) Kat:3, Licht: 0,205441,3,7,1,04,17,3,0,0,1,1,0,0,0,0
"POINT (6.779409199000043 51.245643733000065)",Unfall 205462 (2020) Kat:2, Licht: 0,205462,2,2,4,04,11,4,0,0,1,1,0,0,0,0
"POINT (6.790219905000072 51.220550437000043)",Unfall 205490 (2020) Kat:3, Licht: 0,205490,3,6,3,04,11,6,0,0,1,1,0,0,0,0
"POINT (6.868747390000067 51.257747864000066)",Unfall 205510 (2020) Kat:3, Licht: 0,205510,3,7,0,04,13,7,0,0,1,0,0,0,0,0
"POINT (6.774798169000064 51.223077064000051)",Unfall 205559 (2020) Kat:3, Licht: 0,205559,3,6,2,04,12,7,0,0,0,1,0,0,0,0
"POINT (6.820265173000053 51.221704735000060)",Unfall 205560 (2020) Kat:3, Licht: 0,205560,3,6,2,04,17,1,0,0,0,1,0,0,0,0
"POINT (6.786508848000040 51.238107008000043)",Unfall 205597 (2020) Kat:3, Licht: 0,205597,3,3,5,04,12,6,0,0,0,1,0,1,0,0
"POINT (6.809007470000040 51.220814363000045)",Unfall 205600 (2020) Kat:3, Licht: 0,205600,3,7,5,04,13,4,0,0,1,1,0,0,0,0
"POINT (6.778565070000070 51.234415266000042)",Unfall 205602 (2020) Kat:3, Licht: 2,205602,3,2,5,04,23,7,0,2,0,1,0,0,0,0
"POINT (6.778352767000058 51.246730212000045)",Unfall 205605 (2020) Kat:3, Licht: 0,205605,3,2,4,04,12,4,0,0,0,1,0,0,0,0
"POINT (6.721758341000054 51.242220914000029)",Unfall 205610 (2020) Kat:2, Licht: 0,205610,2,6,3,04,11,4,0,0,1,0,1,0,0,1
"POINT (6.860466789000043 51.164445637000028)",Unfall 205617 (2020) Kat:3, Licht: 0,205617,3,6,3,04,13,5,0,0,1,1,0,0,0,0
"POINT (6.757229931000040 51.207097590000046)",Unfall 205633 (2020) Kat:3, Licht: 0,205633,3,2,5,04,11,5,0,0,0,1,0,0,0,0
"POINT (6.855247837000036 51.222971153000060)",Unfall 205668 (2020) Kat:3, Licht: 0,205668,3,3,5,04,11,7,0,0,0,1,0,1,0,0
"POINT (6.804304536000075 51.180565610000031)",Unfall 205669 (2020) Kat:3, Licht: 0,205669,3,1,3,04,17,1,0,0,1,0,0,0,0,0
"POINT (6.825647567000033 51.240727389000028)",Unfall 205701 (2020) Kat:3, Licht: 0,205701,3,6,5,04,09,6,0,0,0,1,0,0,0,1
"POINT (6.816953939000030 51.189826459000074)",Unfall 205705 (2020) Kat:3, Licht: 0,205705,3,6,2,04,12,7,0,0,0,1,0,0,0,0
"POINT (6.841582059000075 51.223872744000062)",Unfall 205755 (2020) Kat:2, Licht: 0,205755,2,2,3,04,11,4,0,0,1,1,0,0,0,0
"POINT (6.803512072000046 51.213959642000077)",Unfall 205756 (2020) Kat:3, Licht: 0,205756,3,2,5,04,11,4,0,0,1,1,0,0,0,0
"POINT (6.861985936000053 51.180609320000030)",Unfall 205757 (2020) Kat:3, Licht: 0,205757,3,7,6,04,11,5,0,0,0,1,1,0,0,0
"POINT (6.734631414000035 51.266854180000053)",Unfall 205761 (2020) Kat:2, Licht: 0,205761,2,6,0,04,17,5,0,0,0,0,0,1,0,0
"POINT (6.740260063000051 51.282871053000065)",Unfall 205768 (2020) Kat:3, Licht: 0,205768,3,3,5,04,08,5,0,0,0,1,0,1,0,0
"POINT (6.773904229000038 51.246307279000064)",Unfall 205772 (2020) Kat:3, Licht: 0,205772,3,1,0,04,12,5,0,0,1,0,0,0,0,0
"POINT (6.778875633000041 51.236458355000082)",Unfall 205779 (2020) Kat:3, Licht: 0,205779,3,6,0,04,07,5,0,0,1,0,0,0,0,0
"POINT (6.751391230000024 51.242986198000040)",Unfall 205780 (2020) Kat:2, Licht: 0,205780,2,4,6,04,17,5,0,0,0,1,1,0,0,0
"POINT (6.738507745000050 51.210870106000073)",Unfall 205853 (2020) Kat:3, Licht: 0,205853,3,5,2,04,11,3,0,0,0,1,0,0,0,1
"POINT (6.795122033000041 51.238395820000051)",Unfall 205855 (2020) Kat:2, Licht: 2,205855,2,1,0,04,00,3,0,2,1,0,0,0,0,0
"POINT (6.780431486000055 51.218997637000029)",Unfall 205943 (2020) Kat:3, Licht: 0,205943,3,2,5,04,11,2,0,0,0,1,0,0,0,1
"POINT (6.761852256000054 51.248811210000042)",Unfall 205945 (2020) Kat:3, Licht: 0,205945,3,1,0,04,19,2,0,0,1,0,0,0,0,0
"POINT (6.781067425000060 51.239783122000063)",Unfall 205947 (2020) Kat:2, Licht: 0,205947,2,4,6,04,11,2,0,0,0,1,1,0,0,0
"POINT (6.791972231000045 51.253178696000077)",Unfall 205949 (2020) Kat:3, Licht: 0,205949,3,6,2,04,10,2,0,0,0,1,0,0,0,1
"POINT (6.838037842000063 51.214864777000059)",Unfall 205994 (2020) Kat:3, Licht: 0,205994,3,3,0,04,16,3,1,0,1,1,0,0,0,0
"POINT (6.792568785000071 51.242504438000026)",Unfall 206007 (2020) Kat:3, Licht: 1,206007,3,7,0,04,20,7,0,1,1,1,0,0,0,0
"POINT (6.812646252000036 51.263679145000026)",Unfall 206020 (2020) Kat:3, Licht: 0,206020,3,5,0,04,11,7,0,0,0,1,1,0,0,0
"POINT (6.790475284000024 51.231434750000062)",Unfall 206030 (2020) Kat:3, Licht: 0,206030,3,7,0,04,12,7,0,0,0,1,0,1,0,0
"POINT (6.785989406000056 51.213835685000049)",Unfall 206045 (2020) Kat:3, Licht: 1,206045,3,7,1,04,05,3,0,1,1,1,0,0,0,0
"POINT (6.764908027000047 51.249869791000037)",Unfall 206075 (2020) Kat:3, Licht: 0,206075,3,1,3,04,10,1,0,0,0,1,0,0,0,0