WKT,Name,OBJECTID,UKATEGORIE,UTYP1,UART,UMONAT,USTUNDE,UWOCHENTAG,STRZUSTAND,ULICHTVERH,ISTRAD,ISTPKW,ISTFUSS,ISTKRAD,ISTGKFZ,ISTSONSTIG
"POINT (6.795879175000039 51.230593461000069)",Unfall 206095 (2020) Kat:3, Licht: 0,206095,3,2,5,04,09,3,0,0,1,1,0,0,0,0
"POINT (6.771693820000053 51.246619829000053)",Unfall 206148 (2020) Kat:3, Licht: 0,206148,3,3,5,04,17,2,0,0,1,1,0,0,0,0
"POINT (6.813622319000046 51.195081125000058)",Unfall 206150 (2020) Kat:3, Licht: 0,206150,3,2,5,04,11,3,0,0,1,0,0,1,0,0
"POINT (6.763874364000060 51.220820611000079)",Unfall 206166 (2020) Kat:3, Licht: 0,206166,3,7,0,04,18,6,0,0,1,0,1,0,0,0
"POINT (6.779959919000021 51.213947044000065)",Unfall 206181 (2020) Kat:3, Licht: 0,206181,3,3,1,04,13,1,0,0,1,1,0,0,0,0
"POINT (6.866018101000066 51.233883560000038)",Unfall 206202 (2020) Kat:3, Licht: 0,206202,3,7,0,04,17,3,1,0,1,1,0,0,0,0
"POINT (6.785176200000024 51.198318341000061)",Unfall 206236 (2020) Kat:3, Licht: 0,206236,3,6,2,04,07,2,0,0,0,1,0,0,0,1
"POINT (6.778446743000075 51.222906508000051)",Unfall 206261 (2020) Kat:3, Licht: 0,206261,3,2,3,05,19,2,0,0,1,1,0,0,0,0
"POINT (6.785555343000056 51.263152071000036)",Unfall 206277 (2020) Kat:3, Licht: 0,206277,3,6,2,04,09,5,1,0,0,1,0,0,0,0
"POINT (6.752828344000022 51.230633350000062)",Unfall 206281 (2020) Kat:3, Licht: 0,206281,3,7,2,05,08,3,0,0,1,1,0,0,0,0
"POINT (6.790992340000059 51.229122542000027)",Unfall 206282 (2020) Kat:3, Licht: 0,206282,3,6,3,04,15,5,0,0,1,1,0,0,0,0
"POINT (6.777022212000077 51.206464254000082)",Unfall 206333 (2020) Kat:3, Licht: 0,206333,3,6,2,05,18,3,0,0,0,1,0,0,0,0
"POINT (6.839163968000037 51.211613140000054)",Unfall 206346 (2020) Kat:3, Licht: 0,206346,3,3,5,05,12,1,0,0,1,1,0,0,0,0
"POINT (6.795662091000054 51.224455171000045)",Unfall 206388 (2020) Kat:3, Licht: 0,206388,3,4,0,05,13,3,0,0,0,0,1,0,0,1
"POINT (6.832572238000068 51.275062650000052)",Unfall 206411 (2020) Kat:3, Licht: 0,206411,3,3,5,05,13,7,0,0,1,1,0,0,0,0
"POINT (6.832474851000029 51.209647100000041)",Unfall 206426 (2020) Kat:2, Licht: 0,206426,2,4,6,04,13,4,0,0,0,1,1,0,0,0
"POINT (6.778771900000038 51.216496629000062)",Unfall 206428 (2020) Kat:3, Licht: 0,206428,3,4,6,04,11,4,0,0,1,0,1,0,0,0
"POINT (6.780567566000059 51.218993386000079)",Unfall 206435 (2020) Kat:3, Licht: 0,206435,3,6,2,04,12,4,0,0,0,1,0,0,0,0
"POINT (6.766570642000033 51.204172248000077)",Unfall 206438 (2020) Kat:3, Licht: 0,206438,3,3,5,05,15,6,0,0,1,0,0,0,0,0
"POINT (6.754657387000066 51.258738448000031)",Unfall 206441 (2020) Kat:3, Licht: 1,206441,3,7,2,05,20,6,1,1,1,0,0,0,0,0
"POINT (6.774685993000048 51.212407560000031)",Unfall 206492 (2020) Kat:2, Licht: 0,206492,2,5,1,05,17,3,0,0,1,1,0,0,0,0
"POINT (6.825095981000061 51.225859259000060)",Unfall 206540 (2020) Kat:2, Licht: 0,206540,2,1,0,05,11,5,0,0,1,0,0,0,0,1
"POINT (6.788334469000063 51.215649373000076)",Unfall 206557 (2020) Kat:3, Licht: 0,206557,3,7,0,05,09,4,0,0,1,0,0,0,0,0
"POINT (6.783223381000028 51.202994746000059)",Unfall 206559 (2020) Kat:2, Licht: 0,206559,2,3,5,05,17,4,0,0,1,0,0,0,1,0
"POINT (6.744642140000053 51.273837672000070)",Unfall 206561 (2020) Kat:3, Licht: 0,206561,3,5,3,05,15,4,0,0,1,1,0,0,0,0
"POINT (6.749084686000060 51.228634842000076)",Unfall 206567 (2020) Kat:3, Licht: 0,206567,3,6,2,05,19,4,0,0,0,1,0,1,0,0
"POINT (6.803032174000066 51.235093462000066)",Unfall 206578 (2020) Kat:3, Licht: 0,206578,3,7,3,05,13,7,0,0,1,1,0,0,0,0
"POINT (6.810797101000048 51.211005738000040)",Unfall 206633 (2020) Kat:2, Licht: 0,206633,2,3,5,05,14,7,0,0,1,1,0,0,0,0
"POINT (6.814628022000022 51.206621999000049)",Unfall 206648 (2020) Kat:3, Licht: 0,206648,3,2,3,05,07,5,0,0,1,1,0,0,0,0
"POINT (6.873167747000025 51.166284730000029)",Unfall 206687 (2020) Kat:3, Licht: 1,206687,3,3,5,05,20,7,0,1,1,1,0,0,0,0
"POINT (6.752737804000049 51.230957972000056)",Unfall 206737 (2020) Kat:3, Licht: 0,206737,3,3,5,05,14,7,0,0,1,1,0,0,0,0
"POINT (6.831497817000070 51.164584984000044)",Unfall 206751 (2020) Kat:3, Licht: 0,206751,3,7,5,05,15,5,0,0,1,1,0,0,0,0
"POINT (6.784629409000047 51.236834940000051)",Unfall 206763 (2020) Kat:3, Licht: 0,206763,3,1,0,05,19,6,0,0,1,0,0,0,0,0
"POINT (6.828642649000074 51.240871667000079)",Unfall 206788 (2020) Kat:3, Licht: 0,206788,3,7,0,05,07,4,0,0,0,0,0,0,0,1
"POINT (6.774166448000074 51.262794009000061)",Unfall 206791 (2020) Kat:3, Licht: 0,206791,3,7,0,05,12,4,0,0,1,0,0,0,0,0
"POINT (6.808825937000052 51.210402177000049)",Unfall 206792 (2020) Kat:3, Licht: 0,206792,3,5,1,05,15,4,0,0,1,1,0,0,0,0
"POINT (6.777029310000046 51.219808466000075)",Unfall 206794 (2020) Kat:2, Licht: 0,206794,2,3,5,05,17,4,0,0,0,1,0,0,0,0
"POINT (6.787516417000063 51.224103228000047)",Unfall 206795 (2020) Kat:3, Licht: 0,206795,3,7,0,05,10,4,0,0,0,0,0,0,0,1
"POINT (6.774090158000035 51.223080634000041)",Unfall 206815 (2020) Kat:3, Licht: 0,206815,3,4,6,05,09,6,0,0,0,1,1,0,0,0
"POINT (6.745862909000039 51.211149178000028)",Unfall 206840 (2020) Kat:3, Licht: 0,206840,3,4,0,05,17,5,0,0,0,1,1,0,0,0
"POINT (6.888215482000021 51.202167596000038)",Unfall 206843 (2020) Kat:3, Licht: 0,206843,3,2,3,05,18,5,0,0,1,1,0,0,0,0
"POINT (6.723487992000059 51.333924749000062)",Unfall 206871 (2020) Kat:3, Licht: 0,206871,3,1,0,05,12,3,0,0,1,0,0,0,0,0
"POINT (6.812490977000039 51.265353009000080)",Unfall 206873 (2020) Kat:3, Licht: 0,206873,3,2,5,05,07,3,0,0,1,1,0,0,0,0
"POINT (6.788183945000071 51.220101113000055)",Unfall 206926 (2020) Kat:3, Licht: 0,206926,3,4,6,05,13,6,0,0,0,1,1,0,0,0
"POINT (6.789909887000022 51.235122978000049)",Unfall 206937 (2020) Kat:3, Licht: 0,206937,3,1,1,05,15,2,0,0,1,1,0,0,0,0
"POINT (6.796608918000061 51.227630536000049)",Unfall 206938 (2020) Kat:3, Licht: 0,206938,3,6,2,05,13,2,0,0,0,1,0,0,0,0
"POINT (6.769866271000069 51.196139918000029)",Unfall 206986 (2020) Kat:3, Licht: 0,206986,3,2,5,05,19,1,0,0,0,1,0,0,0,0
"POINT (6.767477120000024 51.220811294000043)",Unfall 207037 (2020) Kat:3, Licht: 0,207037,3,7,6,05,17,2,0,0,0,0,1,1,0,0
"POINT (6.782061297000041 51.242425621000052)",Unfall 207068 (2020) Kat:3, Licht: 0,207068,3,3,5,05,18,3,0,0,0,1,0,0,0,1
"POINT (6.834445810000034 51.225952060000054)",Unfall 207073 (2020) Kat:3, Licht: 0,207073,3,6,3,05,19,1,0,0,0,1,0,0,0,0
"POINT (6.815135720000058 51.191971859000034)",Unfall 207089 (2020) Kat:3, Licht: 0,207089,3,6,4,05,14,2,0,0,1,0,0,0,0,0
"POINT (6.815800476000050 51.229453137000064)",Unfall 207121 (2020) Kat:3, Licht: 1,207121,3,6,3,05,21,1,0,1,0,1,0,0,0,1
"POINT (6.808176879000030 51.211048962000064)",Unfall 207131 (2020) Kat:3, Licht: 0,207131,3,6,3,05,10,3,0,0,0,1,0,1,0,0
"POINT (6.772695111000076 51.219151148000037)",Unfall 207137 (2020) Kat:3, Licht: 0,207137,3,2,5,05,12,2,0,0,1,1,0,0,0,0
"POINT (6.864583024000069 51.180451386000072)",Unfall 207171 (2020) Kat:3, Licht: 0,207171,3,2,6,05,18,3,0,0,0,1,1,0,0,0
"POINT (6.788190221000036 51.219355249000046)",Unfall 207173 (2020) Kat:3, Licht: 0,207173,3,7,1,05,13,1,0,0,0,1,1,0,0,0
"POINT (6.753344076000076 51.234172338000064)",Unfall 207187 (2020) Kat:3, Licht: 0,207187,3,5,1,05,10,2,0,0,1,1,0,0,0,0
"POINT (6.763222151000036 51.221365621000075)",Unfall 207223 (2020) Kat:3, Licht: 0,207223,3,7,0,05,14,1,0,0,1,0,0,0,0,0
"POINT (6.817736234000051 51.263224665000052)",Unfall 207226 (2020) Kat:3, Licht: 0,207226,3,7,0,05,11,7,0,0,1,1,0,0,0,0
"POINT (6.807634479000058 51.221389714000054)",Unfall 207233 (2020) Kat:3, Licht: 0,207233,3,7,4,05,12,3,0,0,0,1,0,1,0,0
"POINT (6.776721989000066 51.213971170000036)",Unfall 207239 (2020) Kat:2, Licht: 2,207239,2,2,6,05,23,2,0,2,0,1,1,0,0,0
"POINT (6.770238827000071 51.264814731000058)",Unfall 207266 (2020) Kat:3, Licht: 2,207266,3,1,1,05,23,7,0,2,1,1,0,0,0,0
"POINT (6.758091954000065 51.227768929000035)",Unfall 207273 (2020) Kat:3, Licht: 0,207273,3,3,5,05,13,1,0,0,1,0,0,0,0,0
"POINT (6.790842598000040 51.228266261000044)",Unfall 207311 (2020) Kat:3, Licht: 0,207311,3,5,0,05,16,7,0,0,1,1,0,0,0,0
"POINT (6.773391976000028 51.223766530000034)",Unfall 207312 (2020) Kat:3, Licht: 0,207312,3,7,6,05,10,7,0,0,0,1,1,0,0,0
"POINT (6.844111174000034 51.174059617000069)",Unfall 207362 (2020) Kat:3, Licht: 0,207362,3,2,2,05,05,4,0,0,0,1,0,1,0,0
"POINT (6.749442682000051 51.211692983000034)",Unfall 207366 (2020) Kat:3, Licht: 0,207366,3,1,0,05,08,4,0,0,1,0,0,0,0,0
"POINT (6.810526058000050 51.227094513000054)",Unfall 207375 (2020) Kat:3, Licht: 0,207375,3,5,0,05,10,4,0,0,1,0,0,0,0,1
"POINT (6.813672411000027 51.194398999000043)",Unfall 207382 (2020) Kat:3, Licht: 0,207382,3,3,5,05,11,6,0,0,0,1,0,0,0,0
"POINT (6.839303483000037 51.166652175000081)",Unfall 207383 (2020) Kat:3, Licht: 0,207383,3,7,2,05,11,6,0,0,0,1,0,0,1,1
"POINT (6.770745760000068 51.241761735000068)",Unfall 207384 (2020) Kat:3, Licht: 0,207384,3,7,0,05,20,4,0,0,0,0,0,1,0,0
"POINT (6.793852074000029 51.235560551000049)",Unfall 207385 (2020) Kat:3, Licht: 2,207385,3,5,1,05,23,6,1,2,1,1,0,0,0,0
"POINT (6.731416882000076 51.327106374000039)",Unfall 207386 (2020) Kat:2, Licht: 0,207386,2,6,2,05,11,4,0,0,0,1,0,1,0,0
"POINT (6.784231905000070 51.236220513000035)",Unfall 207388 (2020) Kat:3, Licht: 0,207388,3,7,0,05,16,4,0,0,1,1,0,0,0,0
"POINT (6.851638410000021 51.203774459000044)",Unfall 207474 (2020) Kat:3, Licht: 0,207474,3,7,5,05,11,5,0,0,0,1,0,1,0,0
"POINT (6.724264545000040 51.281260560000078)",Unfall 207475 (2020) Kat:3, Licht: 0,207475,3,5,0,05,12,5,0,0,1,1,0,0,0,0
"POINT (6.808179124000048 51.211044739000045)",Unfall 207476 (2020) Kat:3, Licht: 0,207476,3,3,5,05,14,5,0,0,1,1,0,0,0,0
"POINT (6.817214667000030 51.234000805000051)",Unfall 207531 (2020) Kat:3, Licht: 0,207531,3,6,2,05,12,3,0,0,0,1,0,1,0,0
"POINT (6.783286815000054 51.241705663000062)",Unfall 207537 (2020) Kat:3, Licht: 0,207537,3,2,5,05,20,3,0,0,1,1,0,0,0,0
"POINT (6.813300480000066 51.228185528000040)",Unfall 207539 (2020) Kat:2, Licht: 0,207539,2,7,6,05,09,3,0,0,0,1,1,0,0,0
"POINT (6.782331742000054 51.272039309000036)",Unfall 207541 (2020) Kat:2, Licht: 1,207541,2,3,5,05,21,3,0,1,0,1,0,1,0,0
"POINT (6.764841964000027 51.211428224000031)",Unfall 207549 (2020) Kat:3, Licht: 0,207549,3,1,0,05,14,5,0,0,1,0,0,0,0,0
"POINT (6.782682298000054 51.235061529000063)",Unfall 207561 (2020) Kat:3, Licht: 0,207561,3,1,1,05,20,4,0,0,1,1,0,0,0,0
"POINT (6.783050824000043 51.244644732000040)",Unfall 207585 (2020) Kat:3, Licht: 0,207585,3,2,5,05,18,5,0,0,0,1,0,1,0,0
"POINT (6.739208784000027 51.236564100000066)",Unfall 207598 (2020) Kat:3, Licht: 0,207598,3,3,5,05,18,5,0,0,0,1,0,0,0,0
"POINT (6.811102160000075 51.241927568000051)",Unfall 207633 (2020) Kat:3, Licht: 0,207633,3,7,0,05,11,5,0,0,0,0,0,0,0,1
"POINT (6.839091977000066 51.207223786000043)",Unfall 207665 (2020) Kat:3, Licht: 0,207665,3,4,7,05,07,4,0,0,0,1,0,1,0,1
"POINT (6.778517693000026 51.225527832000068)",Unfall 207704 (2020) Kat:3, Licht: 1,207704,3,6,3,05,21,5,0,1,0,1,0,0,0,1
"POINT (6.852950487000044 51.180505334000031)",Unfall 207729 (2020) Kat:3, Licht: 0,207729,3,2,5,05,14,3,0,0,1,1,0,0,0,0
"POINT (6.732933980000041 51.258059744000036)",Unfall 207730 (2020) Kat:3, Licht: 0,207730,3,2,3,05,17,4,0,0,1,1,0,0,0,0
"POINT (6.857029156000067 51.175719216000061)",Unfall 207735 (2020) Kat:3, Licht: 0,207735,3,4,6,05,16,3,0,0,0,1,1,0,0,0
"POINT (6.794300899000064 51.281470676000026)",Unfall 207738 (2020) Kat:3, Licht: 0,207738,3,2,5,05,11,5,0,0,1,1,0,0,0,0
"POINT (6.832310555000049 51.175077877000035)",Unfall 207765 (2020) Kat:3, Licht: 0,207765,3,7,0,05,12,2,0,0,0,0,0,0,0,1
"POINT (6.858406458000047 51.211804690000065)",Unfall 207767 (2020) Kat:3, Licht: 0,207767,3,3,5,05,16,2,0,0,1,1,0,0,0,0
"POINT (6.871594250000044 51.164631321000059)",Unfall 207774 (2020) Kat:3, Licht: 0,207774,3,5,1,05,13,3,0,0,0,1,0,1,0,0
"POINT (6.780278128000020 51.223035682000045)",Unfall 207784 (2020) Kat:2, Licht: 0,207784,2,2,4,05,16,6,0,0,1,1,0,0,0,0
"POINT (6.860561909000069 51.143051892000074)",Unfall 207801 (2020) Kat:3, Licht: 0,207801,3,1,0,05,20,1,0,0,0,1,0,1,0,0
"POINT (6.818268017000037 51.263299710000069)",Unfall 207866 (2020) Kat:3, Licht: 2,207866,3,4,6,06,01,2,0,2,0,1,1,0,0,0
"POINT (6.825912149000033 51.181891794000080)",Unfall 207916 (2020) Kat:3, Licht: 0,207916,3,1,0,05,14,7,0,0,0,0,0,1,0,0
"POINT (6.779763613000057 51.205765219000057)",Unfall 207973 (2020) Kat:2, Licht: 0,207973,2,2,5,06,15,2,0,0,1,0,0,0,0,1
"POINT (6.781367684000031 51.218149330000074)",Unfall 208026 (2020) Kat:3, Licht: 0,208026,3,4,6,05,16,6,0,0,0,1,1,0,0,0
"POINT (6.762973398000042 51.210805562000075)",Unfall 208027 (2020) Kat:3, Licht: 2,208027,3,1,0,05,22,6,0,2,1,0,0,0,0,0
"POINT (6.763383230000045 51.211852835000059)",Unfall 208028 (2020) Kat:3, Licht: 2,208028,3,1,0,05,23,6,0,2,1,0,0,0,0,0
"POINT (6.844191675000047 51.188299059000030)",Unfall 208029 (2020) Kat:3, Licht: 0,208029,3,2,5,05,11,6,0,0,1,1,0,0,0,0
"POINT (6.763597860000061 51.212095406000060)",Unfall 208030 (2020) Kat:3, Licht: 0,208030,3,1,0,05,10,6,0,0,1,0,0,0,0,0
"POINT (6.768926566000062 51.210852335000027)",Unfall 208034 (2020) Kat:2, Licht: 2,208034,2,1,0,05,00,6,0,2,0,0,0,0,0,1
"POINT (6.781379919000074 51.217326552000031)",Unfall 208036 (2020) Kat:3, Licht: 0,208036,3,5,1,05,09,6,0,0,1,0,0,0,1,0
"POINT (6.862649939000050 51.180231910000032)",Unfall 208038 (2020) Kat:3, Licht: 0,208038,3,6,2,05,15,6,0,0,0,1,0,0,0,0
"POINT (6.776961952000022 51.219844345000070)",Unfall 208039 (2020) Kat:3, Licht: 0,208039,3,2,5,05,18,6,0,0,1,1,0,0,0,0
"POINT (6.739099255000042 51.211056430000042)",Unfall 208059 (2020) Kat:3, Licht: 0,208059,3,6,2,06,13,4,0,0,0,1,0,0,0,1
"POINT (6.862491801000033 51.180244987000037)",Unfall 208060 (2020) Kat:3, Licht: 0,208060,3,2,3,06,19,3,0,0,1,1,0,0,0,0
"POINT (6.827408946000048 51.179518175000055)",Unfall 208063 (2020) Kat:3, Licht: 0,208063,3,6,2,06,13,3,0,0,0,1,0,0,0,0
"POINT (6.812524567000025 51.196355352000069)",Unfall 208067 (2020) Kat:3, Licht: 0,208067,3,2,5,06,07,3,0,0,1,1,0,0,0,0
"POINT (6.836147364000055 51.215140762000033)",Unfall 208071 (2020) Kat:3, Licht: 0,208071,3,7,6,06,15,3,0,0,0,1,1,0,0,0
"POINT (6.803917495000064 51.243699055000036)",Unfall 208073 (2020) Kat:3, Licht: 0,208073,3,6,2,06,12,3,0,0,1,1,0,0,0,0
"POINT (6.792528669000035 51.228681502000029)",Unfall 208076 (2020) Kat:3, Licht: 0,208076,3,6,2,06,09,3,0,0,1,1,0,0,0,0
"POINT (6.818455212000060 51.187608671000078)",Unfall 208094 (2020) Kat:3, Licht: 0,208094,3,2,5,06,07,5,0,0,1,1,0,0,0,0
"POINT (6.818472026000052 51.263331546000074)",Unfall 208110 (2020) Kat:3, Licht: 0,208110,3,2,5,06,11,4,0,0,1,1,0,0,0,0
"POINT (6.785026776000052 51.198259639000071)",Unfall 208164 (2020) Kat:3, Licht: 0,208164,3,3,5,06,08,4,0,0,1,1,0,0,0,0
"POINT (6.777453467000044 51.247586810000030)",Unfall 208217 (2020) Kat:3, Licht: 2,208217,3,1,0,06,01,4,0,2,0,0,0,0,0,1
"POINT (6.810462025000049 51.205115399000078)",Unfall 208357 (2020) Kat:3, Licht: 0,208357,3,1,0,06,13,1,0,0,1,0,0,0,0,1
"POINT (6.763862207000045 51.247711841000068)",Unfall 208359 (2020) Kat:3, Licht: 0,208359,3,7,2,06,10,1,0,0,0,1,0,1,0,0
"POINT (6.811909202000038 51.199792204000062)",Unfall 208437 (2020) Kat:3, Licht: 0,208437,3,6,1,06,17,7,0,0,0,1,0,0,0,0
"POINT (6.705422899000041 51.237038663000078)",Unfall 208438 (2020) Kat:3, Licht: 2,208438,3,6,2,06,03,7,0,2,0,1,0,0,0,1
"POINT (6.810163091000050 51.186494243000027)",Unfall 208444 (2020) Kat:3, Licht: 0,208444,3,3,5,06,16,3,0,0,0,1,0,0,0,0
"POINT (6.779306855000073 51.225542831000041)",Unfall 208456 (2020) Kat:3, Licht: 0,208456,3,2,4,06,17,3,0,0,1,0,0,1,0,0
"POINT (6.762999332000049 51.210838170000045)",Unfall 208526 (2020) Kat:3, Licht: 2,208526,3,7,0,06,02,6,1,2,1,0,0,0,0,0
"POINT (6.888693164000074 51.204173419000028)",Unfall 208528 (2020) Kat:3, Licht: 0,208528,3,6,2,06,16,6,1,0,0,1,0,1,0,0
"POINT (6.816359419000037 51.246894383000040)",Unfall 208529 (2020) Kat:3, Licht: 0,208529,3,3,5,06,08,6,0,0,1,1,0,0,0,0
"POINT (6.746419191000030 51.270639577000054)",Unfall 208530 (2020) Kat:2, Licht: 0,208530,2,3,5,06,12,6,1,0,0,1,0,0,0,0
"POINT (6.796174432000044 51.229462853000030)",Unfall 208533 (2020) Kat:3, Licht: 0,208533,3,2,0,06,11,6,1,0,0,0,1,0,0,1
"POINT (6.777055011000073 51.224803685000040)",Unfall 208534 (2020) Kat:3, Licht: 0,208534,3,7,0,06,18,6,1,0,0,0,1,0,0,1
"POINT (6.796150351000051 51.224931653000056)",Unfall 208535 (2020) Kat:3, Licht: 0,208535,3,7,0,06,16,6,1,0,0,1,0,1,0,0
"POINT (6.708705593000047 51.231074741000043)",Unfall 208539 (2020) Kat:3, Licht: 0,208539,3,2,5,06,10,2,0,0,1,1,0,0,0,0
"POINT (6.777087133000066 51.223066862000053)",Unfall 208544 (2020) Kat:3, Licht: 0,208544,3,6,2,06,20,2,0,0,0,0,0,1,0,0
"POINT (6.770987890000072 51.190618109000070)",Unfall 208571 (2020) Kat:3, Licht: 0,208571,3,4,6,06,10,6,0,0,1,0,1,0,0,0
"POINT (6.804635122000036 51.214912659000049)",Unfall 208582 (2020) Kat:3, Licht: 0,208582,3,6,1,06,13,6,0,0,0,1,0,0,0,0
"POINT (6.815940872000056 51.190780537000080)",Unfall 208597 (2020) Kat:3, Licht: 2,208597,3,5,1,06,02,7,0,2,0,1,0,0,0,0
"POINT (6.820861339000032 51.229103535000036)",Unfall 208599 (2020) Kat:3, Licht: 2,208599,3,6,2,06,06,1,0,2,0,1,0,0,0,0
"POINT (6.757728809000071 51.262779668000064)",Unfall 208637 (2020) Kat:3, Licht: 0,208637,3,3,5,06,07,6,0,0,1,1,0,0,0,0
"POINT (6.816371089000029 51.220455021000078)",Unfall 208646 (2020) Kat:3, Licht: 0,208646,3,7,3,06,18,7,0,0,1,1,0,0,0,0
"POINT (6.790246133000039 51.217309312000054)",Unfall 208648 (2020) Kat:3, Licht: 0,208648,3,6,1,06,15,1,0,0,0,1,0,0,0,0
"POINT (6.776767893000056 51.215647920000038)",Unfall 208679 (2020) Kat:3, Licht: 0,208679,3,7,9,06,13,6,0,0,0,0,1,0,0,1
"POINT (6.796553880000033 51.226748448000080)",Unfall 208691 (2020) Kat:3, Licht: 0,208691,3,6,1,06,14,6,0,0,0,1,0,0,0,0
"POINT (6.822143909000033 51.218234678000044)",Unfall 208705 (2020) Kat:3, Licht: 0,208705,3,3,1,06,12,7,0,0,1,1,0,0,0,0
"POINT (6.847194287000036 51.201499654000031)",Unfall 208713 (2020) Kat:3, Licht: 2,208713,3,1,0,06,02,5,0,2,0,0,0,0,0,1
"POINT (6.779214923000041 51.210426994000045)",Unfall 208731 (2020) Kat:3, Licht: 0,208731,3,1,0,06,14,5,1,0,1,0,0,0,0,0
"POINT (6.812190958000031 51.239582770000027)",Unfall 208732 (2020) Kat:3, Licht: 0,208732,3,7,0,06,19,6,0,0,0,1,0,0,0,1
"POINT (6.777822176000029 51.262799288000053)",Unfall 208758 (2020) Kat:2, Licht: 0,208758,2,1,6,06,15,7,0,0,1,0,1,0,0,0
"POINT (6.776757498000052 51.226507729000048)",Unfall 208760 (2020) Kat:3, Licht: 1,208760,3,6,2,06,21,1,0,1,0,1,0,1,0,0
"POINT (6.802359593000062 51.255540952000047)",Unfall 208778 (2020) Kat:3, Licht: 0,208778,3,1,0,06,14,4,0,0,1,0,0,0,0,0
"POINT (6.797408390000044 51.241460872000061)",Unfall 208781 (2020) Kat:3, Licht: 0,208781,3,2,5,06,12,4,0,0,1,1,0,0,0,0
"POINT (6.838372152000034 51.201282880000065)",Unfall 208788 (2020) Kat:3, Licht: 2,208788,3,1,0,06,21,6,0,2,1,0,0,0,0,0
"POINT (6.789808836000020 51.220704276000049)",Unfall 208799 (2020) Kat:2, Licht: 0,208799,2,2,5,06,18,6,0,0,0,1,0,0,0,0
"POINT (6.847544593000066 51.203970427000058)",Unfall 208811 (2020) Kat:3, Licht: 1,208811,3,1,0,06,20,7,0,1,1,0,0,0,0,0
"POINT (6.792811851000067 51.229111441000043)",Unfall 208848 (2020) Kat:3, Licht: 0,208848,3,3,5,06,13,5,0,0,1,1,0,0,0,0
"POINT (6.764817072000028 51.206819464000034)",Unfall 208860 (2020) Kat:3, Licht: 0,208860,3,3,5,06,16,4,0,0,1,1,0,0,0,0
"POINT (6.821784380000054 51.183600613000067)",Unfall 208863 (2020) Kat:3, Licht: 0,208863,3,1,1,06,21,4,1,0,0,1,0,1,0,0
"POINT (6.788190221000036 51.219355249000046)",Unfall 208864 (2020) Kat:3, Licht: 0,208864,3,6,2,06,09,4,0,0,0,1,0,0,0,1
"POINT (6.901174513000058 51.202903363000075)",Unfall 208887 (2020) Kat:3, Licht: 0,208887,3,7,6,06,14,5,0,0,0,0,1,0,0,1
"POINT (6.828433926000059 51.204509743000074)",Unfall 208907 (2020) Kat:3, Licht: 0,208907,3,3,5,06,16,2,0,0,1,1,0,0,0,0
"POINT (6.751208186000042 51.318104143000028)",Unfall 208909 (2020) Kat:3, Licht: 0,208909,3,3,5,06,18,2,0,0,1,1,0,0,0,0
"POINT (6.770086490000040 51.242655844000069)",Unfall 208915 (2020) Kat:2, Licht: 0,208915,2,4,6,06,13,2,0,0,0,1,1,0,0,0
"POINT (6.777048330000071 51.225533307000035)",Unfall 208919 (2020) Kat:3, Licht: 0,208919,3,2,5,06,08,2,0,0,0,1,0,0,0,0
"POINT (6.803903164000076 51.216132060000064)",Unfall 208927 (2020) Kat:3, Licht: 0,208927,3,2,3,06,12,2,0,0,1,1,0,0,0,0
"POINT (6.779096192000054 51.262984114000062)",Unfall 208954 (2020) Kat:3, Licht: 0,208954,3,2,5,06,14,5,0,0,1,1,0,0,0,0
"POINT (6.782284496000045 51.203398940000056)",Unfall 209001 (2020) Kat:3, Licht: 0,209001,3,7,1,06,11,3,1,0,0,1,0,1,0,0
"POINT (6.784388056000068 51.212376510000070)",Unfall 209002 (2020) Kat:3, Licht: 0,209002,3,1,0,06,07,3,1,0,1,0,0,0,0,0
"POINT (6.894684154000061 51.203920740000058)",Unfall 209003 (2020) Kat:3, Licht: 2,209003,3,7,0,06,22,3,0,2,0,1,0,0,0,1
"POINT (6.789440500000069 51.217891218000034)",Unfall 209004 (2020) Kat:3, Licht: 0,209004,3,1,0,06,07,3,1,0,0,0,0,0,0,1
"POINT (6.781494968000061 51.243061315000034)",Unfall 209008 (2020) Kat:3, Licht: 2,209008,3,2,0,06,22,5,1,2,0,1,1,0,0,0
"POINT (6.768469162000031 51.210868851000043)",Unfall 209062 (2020) Kat:3, Licht: 0,209062,3,4,6,06,07,5,0,0,0,1,1,0,0,0
"POINT (6.824988104000056 51.171072999000046)",Unfall 209090 (2020) Kat:2, Licht: 0,209090,2,3,5,06,18,6,0,0,0,1,0,1,0,0
"POINT (6.827628685000036 51.172285274000046)",Unfall 209100 (2020) Kat:3, Licht: 0,209100,3,3,5,06,10,7,0,0,1,1,0,0,0,0
"POINT (6.805408650000061 51.225652275000073)",Unfall 209112 (2020) Kat:3, Licht: 0,209112,3,2,6,06,12,7,0,0,0,1,1,0,0,0
"POINT (6.904463276000058 51.201493235000044)",Unfall 209117 (2020) Kat:3, Licht: 0,209117,3,1,0,06,15,6,0,0,1,0,0,0,0,0