WKT,Name,OBJECTID,UKATEGORIE,UTYP1,UART,UMONAT,USTUNDE,UWOCHENTAG,STRZUSTAND,ULICHTVERH,ISTRAD,ISTPKW,ISTFUSS,ISTKRAD,ISTGKFZ,ISTSONSTIG
"POINT (6.821808947000022 51.232693350000034)",Unfall 209129 (2020) Kat:3, Licht: 0,209129,3,3,5,06,13,6,0,0,1,1,0,0,0,0
"POINT (6.800296409000055 51.284367784000040)",Unfall 209142 (2020) Kat:3, Licht: 0,209142,3,7,0,06,13,6,0,0,0,0,0,1,0,1
"POINT (6.856742305000068 51.178224199000056)",Unfall 209146 (2020) Kat:3, Licht: 0,209146,3,1,9,06,13,1,0,0,0,0,0,1,0,0
"POINT (6.860743676000027 51.185382759000049)",Unfall 209152 (2020) Kat:3, Licht: 0,209152,3,3,5,06,18,7,0,0,1,1,0,0,0,0
"POINT (6.779242531000023 51.221500093000031)",Unfall 209164 (2020) Kat:3, Licht: 2,209164,3,7,0,06,03,7,0,2,0,0,0,0,0,1
"POINT (6.797103181000068 51.215804247000051)",Unfall 209180 (2020) Kat:3, Licht: 0,209180,3,7,0,06,11,6,0,0,1,0,0,0,0,0
"POINT (6.794146019000039 51.216016870000033)",Unfall 209184 (2020) Kat:3, Licht: 0,209184,3,2,6,06,15,6,0,0,0,1,1,0,0,0
"POINT (6.812499088000038 51.265364195000075)",Unfall 209198 (2020) Kat:3, Licht: 0,209198,3,6,0,06,15,1,0,0,1,0,0,0,0,0
"POINT (6.778877586000021 51.236462474000064)",Unfall 209220 (2020) Kat:3, Licht: 0,209220,3,7,0,06,19,7,0,0,1,0,0,0,0,0
"POINT (6.788874250000049 51.220071401000041)",Unfall 209233 (2020) Kat:2, Licht: 2,209233,2,1,0,06,02,7,0,2,1,0,0,0,0,0
"POINT (6.787501669000051 51.219145542000035)",Unfall 209261 (2020) Kat:3, Licht: 0,209261,3,7,0,06,19,7,0,0,1,0,0,0,0,0
"POINT (6.778517693000026 51.225527832000068)",Unfall 209273 (2020) Kat:3, Licht: 0,209273,3,6,3,06,17,7,0,0,0,1,0,1,0,0
"POINT (6.779751285000032 51.238274796000042)",Unfall 209305 (2020) Kat:3, Licht: 0,209305,3,1,0,06,14,1,0,0,1,0,0,0,0,0
"POINT (6.795611593000047 51.227269114000080)",Unfall 209324 (2020) Kat:2, Licht: 0,209324,2,3,5,06,15,7,0,0,0,1,0,1,0,0
"POINT (6.814090135000072 51.193698530000063)",Unfall 209326 (2020) Kat:3, Licht: 0,209326,3,3,1,06,13,7,0,0,1,1,0,0,0,0
"POINT (6.769743238000046 51.196649853000054)",Unfall 209346 (2020) Kat:2, Licht: 0,209346,2,1,9,06,12,6,0,0,1,0,0,0,0,0
"POINT (6.775702193000029 51.200748214000043)",Unfall 209350 (2020) Kat:3, Licht: 0,209350,3,7,1,06,10,6,0,0,0,1,0,0,0,0
"POINT (6.817307501000073 51.254184217000045)",Unfall 209374 (2020) Kat:3, Licht: 0,209374,3,5,1,06,10,5,0,0,0,1,0,0,0,1
"POINT (6.902000172000044 51.202524731000040)",Unfall 209410 (2020) Kat:3, Licht: 0,209410,3,7,6,06,17,5,0,0,1,0,1,0,0,0
"POINT (6.860998115000029 51.170921587000066)",Unfall 209429 (2020) Kat:3, Licht: 1,209429,3,1,8,06,04,4,0,1,0,1,0,0,0,0
"POINT (6.812103943000068 51.197703126000079)",Unfall 209430 (2020) Kat:3, Licht: 0,209430,3,3,5,06,10,4,0,0,1,1,0,0,0,0
"POINT (6.889292658000045 51.158063103000075)",Unfall 209433 (2020) Kat:3, Licht: 0,209433,3,3,5,06,06,4,0,0,1,1,0,0,0,0
"POINT (6.761081615000023 51.266789558000028)",Unfall 209435 (2020) Kat:3, Licht: 0,209435,3,4,0,06,07,4,0,0,0,0,1,0,0,1
"POINT (6.728270862000045 51.240042880000033)",Unfall 209436 (2020) Kat:3, Licht: 0,209436,3,4,6,06,10,4,0,0,0,1,1,0,0,0
"POINT (6.792702794000036 51.245694749000052)",Unfall 209475 (2020) Kat:3, Licht: 0,209475,3,2,5,06,18,5,0,0,1,1,0,0,0,0
"POINT (6.869290323000030 51.152460639000026)",Unfall 209512 (2020) Kat:3, Licht: 0,209512,3,5,3,06,07,5,0,0,1,1,0,0,0,0
"POINT (6.761575997000023 51.222920652000028)",Unfall 209524 (2020) Kat:3, Licht: 0,209524,3,7,2,06,21,5,0,0,1,0,0,0,0,0
"POINT (6.844044754000038 51.215736461000063)",Unfall 209535 (2020) Kat:3, Licht: 0,209535,3,7,1,06,08,2,1,0,0,1,0,0,0,0
"POINT (6.787767047000045 51.265277764000075)",Unfall 209537 (2020) Kat:2, Licht: 0,209537,2,7,0,06,13,2,0,0,0,1,0,1,0,0
"POINT (6.786167522000028 51.239972452000075)",Unfall 209543 (2020) Kat:3, Licht: 0,209543,3,3,5,06,07,2,0,0,0,1,0,1,0,1
"POINT (6.738855356000045 51.301020229000073)",Unfall 209553 (2020) Kat:3, Licht: 0,209553,3,6,0,06,15,2,0,0,1,0,0,0,0,0
"POINT (6.775283856000044 51.240682535000076)",Unfall 209559 (2020) Kat:3, Licht: 1,209559,3,6,3,06,22,5,0,1,1,0,0,0,0,0
"POINT (6.763604585000053 51.216824372000076)",Unfall 209569 (2020) Kat:3, Licht: 0,209569,3,7,0,06,14,3,0,0,1,0,0,0,0,1
"POINT (6.794439948000047 51.276160925000056)",Unfall 209570 (2020) Kat:3, Licht: 0,209570,3,3,5,06,06,3,0,0,1,1,0,0,0,0
"POINT (6.718755552000062 51.232158164000055)",Unfall 209571 (2020) Kat:3, Licht: 0,209571,3,2,5,06,17,3,0,0,1,1,0,0,0,0
"POINT (6.714713964000055 51.239722213000050)",Unfall 209611 (2020) Kat:3, Licht: 2,209611,3,7,0,06,00,1,0,2,1,0,0,0,0,0
"POINT (6.713374478000048 51.231742582000038)",Unfall 209612 (2020) Kat:3, Licht: 0,209612,3,2,3,06,14,6,0,0,1,1,0,0,0,0
"POINT (6.795879307000064 51.230594854000060)",Unfall 209636 (2020) Kat:3, Licht: 0,209636,3,3,5,06,13,7,0,0,0,1,0,0,0,0
"POINT (6.845332057000064 51.188666520000027)",Unfall 209649 (2020) Kat:3, Licht: 2,209649,3,3,5,06,23,1,1,2,0,1,0,0,0,0
"POINT (6.771902534000049 51.269194184000071)",Unfall 209650 (2020) Kat:3, Licht: 0,209650,3,3,5,06,13,6,0,0,1,1,0,0,0,0
"POINT (6.792955971000026 51.211350249000077)",Unfall 209684 (2020) Kat:3, Licht: 0,209684,3,2,0,06,14,7,0,0,0,1,0,0,0,1
"POINT (6.779833759000042 51.233217413000034)",Unfall 209698 (2020) Kat:3, Licht: 0,209698,3,7,0,06,19,2,0,0,1,1,0,0,0,0
"POINT (6.720162186000039 51.233619981000061)",Unfall 209700 (2020) Kat:3, Licht: 0,209700,3,5,1,06,19,6,0,0,1,1,0,0,0,0
"POINT (6.895953373000054 51.199677381000072)",Unfall 209702 (2020) Kat:3, Licht: 0,209702,3,3,5,06,16,6,0,0,0,1,0,1,0,0
"POINT (6.769603390000043 51.338484787000027)",Unfall 209713 (2020) Kat:3, Licht: 0,209713,3,7,0,06,13,1,0,0,1,0,0,0,0,0
"POINT (6.804373156000054 51.215188760000046)",Unfall 209714 (2020) Kat:3, Licht: 0,209714,3,2,5,06,10,6,0,0,1,1,0,0,0,0
"POINT (6.731475796000041 51.258385210000029)",Unfall 209724 (2020) Kat:3, Licht: 2,209724,3,7,0,06,23,7,0,2,0,1,0,0,0,1
"POINT (6.792252265000059 51.201017537000041)",Unfall 209755 (2020) Kat:3, Licht: 0,209755,3,1,0,06,07,6,0,0,1,0,0,0,0,0
"POINT (6.773071048000077 51.226909381000041)",Unfall 209789 (2020) Kat:3, Licht: 0,209789,3,7,6,06,05,7,0,0,0,1,1,0,0,0
"POINT (6.814455177000070 51.193088864000060)",Unfall 209804 (2020) Kat:3, Licht: 0,209804,3,2,5,06,05,2,0,0,1,0,0,0,0,0
"POINT (6.800847844000032 51.231755535000048)",Unfall 209816 (2020) Kat:2, Licht: 2,209816,2,3,5,06,23,1,1,2,1,0,0,0,0,0
"POINT (6.791272960000072 51.253452609000078)",Unfall 209817 (2020) Kat:3, Licht: 0,209817,3,2,0,06,14,6,0,0,1,1,0,0,0,0
"POINT (6.811705592000067 51.227333971000064)",Unfall 209851 (2020) Kat:3, Licht: 0,209851,3,6,2,06,09,2,1,0,0,1,0,0,0,0
"POINT (6.799602300000061 51.199714552000046)",Unfall 209855 (2020) Kat:3, Licht: 0,209855,3,6,4,06,12,6,0,0,1,1,0,0,0,0
"POINT (6.763101310000025 51.211492799000041)",Unfall 209887 (2020) Kat:3, Licht: 0,209887,3,7,0,07,13,6,0,0,1,0,0,0,0,0
"POINT (6.851741007000044 51.203738321000060)",Unfall 209893 (2020) Kat:3, Licht: 0,209893,3,2,5,07,06,5,0,0,1,1,0,0,0,0
"POINT (6.792948649000039 51.223992036000027)",Unfall 209894 (2020) Kat:3, Licht: 0,209894,3,3,5,07,19,5,1,0,0,1,0,0,0,0
"POINT (6.735577677000038 51.238540848000071)",Unfall 209895 (2020) Kat:3, Licht: 0,209895,3,7,5,07,10,5,0,0,0,1,0,0,0,0
"POINT (6.793962827000030 51.223491569000032)",Unfall 209898 (2020) Kat:3, Licht: 0,209898,3,6,2,07,08,5,0,0,0,1,0,0,0,0
"POINT (6.793604682000023 51.228943604000051)",Unfall 209900 (2020) Kat:3, Licht: 0,209900,3,1,0,07,13,5,0,0,1,0,0,0,0,0
"POINT (6.818898921000027 51.187283542000046)",Unfall 209915 (2020) Kat:3, Licht: 0,209915,3,1,2,06,13,3,0,0,0,1,0,0,0,0
"POINT (6.831784276000064 51.205441114000052)",Unfall 209917 (2020) Kat:3, Licht: 0,209917,3,3,0,06,12,3,0,0,1,1,0,0,0,0
"POINT (6.826073299000029 51.180508274000033)",Unfall 210002 (2020) Kat:3, Licht: 0,210002,3,6,2,07,17,4,1,0,0,1,0,0,0,1
"POINT (6.825120895000055 51.197722279000061)",Unfall 210005 (2020) Kat:3, Licht: 0,210005,3,3,5,07,11,4,1,0,0,1,0,0,0,1
"POINT (6.787360959000068 51.216462637000063)",Unfall 210007 (2020) Kat:3, Licht: 0,210007,3,6,2,07,20,4,1,0,0,1,0,1,0,0
"POINT (6.865156701000046 51.170393277000073)",Unfall 210008 (2020) Kat:3, Licht: 0,210008,3,2,5,07,19,4,1,0,1,1,0,0,0,0
"POINT (6.812027551000028 51.227508871000055)",Unfall 210009 (2020) Kat:3, Licht: 0,210009,3,7,6,07,14,4,0,0,0,1,1,0,0,0
"POINT (6.720109916000070 51.232157297000072)",Unfall 210010 (2020) Kat:3, Licht: 0,210010,3,5,1,07,17,4,1,0,0,1,0,0,0,0
"POINT (6.778834559000075 51.217402483000058)",Unfall 210130 (2020) Kat:3, Licht: 0,210130,3,3,5,07,11,2,0,0,1,0,0,0,0,1
"POINT (6.805086421000056 51.254939461000049)",Unfall 210133 (2020) Kat:3, Licht: 0,210133,3,2,5,07,14,2,1,0,0,1,0,0,0,0
"POINT (6.780643516000055 51.236458450000043)",Unfall 210137 (2020) Kat:3, Licht: 0,210137,3,7,0,07,16,2,1,0,1,0,0,0,0,0
"POINT (6.873459294000043 51.169886696000049)",Unfall 210147 (2020) Kat:3, Licht: 0,210147,3,2,5,07,15,4,1,0,0,1,0,0,0,0
"POINT (6.780426947000024 51.203335326000058)",Unfall 210175 (2020) Kat:3, Licht: 0,210175,3,7,5,07,14,3,0,0,0,1,0,0,0,1
"POINT (6.799669431000041 51.223552894000079)",Unfall 210195 (2020) Kat:3, Licht: 0,210195,3,6,2,07,10,4,1,0,0,1,0,1,0,0
"POINT (6.775665986000035 51.197150835000059)",Unfall 210203 (2020) Kat:3, Licht: 0,210203,3,6,2,07,16,7,0,0,0,1,0,0,0,0
"POINT (6.856863095000051 51.178277527000034)",Unfall 210224 (2020) Kat:3, Licht: 0,210224,3,4,0,07,09,3,0,0,0,0,1,0,0,1
"POINT (6.711778703000050 51.231646719000082)",Unfall 210248 (2020) Kat:3, Licht: 0,210248,3,6,2,07,13,4,1,0,0,1,0,0,0,0
"POINT (6.832274556000073 51.206658761000028)",Unfall 210252 (2020) Kat:3, Licht: 0,210252,3,7,0,07,06,4,1,0,1,0,0,0,0,0
"POINT (6.771304498000063 51.218603961000042)",Unfall 210255 (2020) Kat:2, Licht: 0,210255,2,2,5,07,20,7,1,0,1,1,0,0,0,0
"POINT (6.776768182000069 51.214164520000054)",Unfall 210301 (2020) Kat:3, Licht: 0,210301,3,7,0,07,11,4,1,0,0,0,0,0,0,1
"POINT (6.772719119000044 51.219150246000027)",Unfall 210318 (2020) Kat:2, Licht: 0,210318,2,3,5,07,21,1,0,0,1,1,0,0,0,0
"POINT (6.807634479000058 51.221389714000054)",Unfall 210323 (2020) Kat:3, Licht: 0,210323,3,2,5,07,19,1,0,0,1,0,0,0,0,1
"POINT (6.875654953000037 51.160916737000036)",Unfall 210328 (2020) Kat:2, Licht: 0,210328,2,2,3,07,11,3,0,0,1,1,0,0,0,0
"POINT (6.801782978000063 51.238558421000050)",Unfall 210349 (2020) Kat:3, Licht: 0,210349,3,5,5,07,14,4,1,0,0,0,0,1,0,1
"POINT (6.821871695000027 51.187830452000071)",Unfall 210353 (2020) Kat:3, Licht: 0,210353,3,3,5,07,18,4,1,0,0,1,0,0,0,0
"POINT (6.763288671000055 51.211745964000045)",Unfall 210356 (2020) Kat:3, Licht: 2,210356,3,1,0,07,01,7,0,2,0,0,0,0,0,1
"POINT (6.771041694000076 51.218798163000031)",Unfall 210371 (2020) Kat:3, Licht: 0,210371,3,6,3,07,10,7,0,0,0,1,0,0,0,0
"POINT (6.723479764000047 51.333981531000063)",Unfall 210376 (2020) Kat:3, Licht: 0,210376,3,1,0,07,15,1,0,0,1,0,0,0,0,0
"POINT (6.796619462000024 51.227570008000043)",Unfall 210383 (2020) Kat:3, Licht: 0,210383,3,2,3,07,16,6,0,0,0,0,0,1,0,1
"POINT (6.821146404000047 51.219334423000078)",Unfall 210401 (2020) Kat:3, Licht: 0,210401,3,6,2,07,13,2,0,0,0,1,0,0,1,0
"POINT (6.813781595000023 51.194841784000062)",Unfall 210435 (2020) Kat:3, Licht: 0,210435,3,7,0,07,09,2,0,0,0,1,0,0,0,0
"POINT (6.785350886000060 51.214029583000070)",Unfall 210436 (2020) Kat:3, Licht: 0,210436,3,7,6,07,20,6,0,0,0,1,1,0,0,0
"POINT (6.768651730000045 51.185792050000032)",Unfall 210456 (2020) Kat:3, Licht: 0,210456,3,1,0,07,20,7,0,0,1,0,0,0,0,0
"POINT (6.741497087000028 51.221993034000036)",Unfall 210480 (2020) Kat:3, Licht: 2,210480,3,7,0,07,00,1,0,2,0,0,0,1,0,0
"POINT (6.730033706000029 51.328365738000059)",Unfall 210488 (2020) Kat:3, Licht: 0,210488,3,4,6,07,07,6,0,0,0,1,0,0,0,1
"POINT (6.782995748000076 51.203100159000030)",Unfall 210490 (2020) Kat:3, Licht: 1,210490,3,2,5,07,06,5,1,1,0,1,0,0,0,1
"POINT (6.761632845000065 51.211761156000080)",Unfall 210492 (2020) Kat:3, Licht: 0,210492,3,4,6,07,17,5,0,0,0,0,1,0,0,1
"POINT (6.860262169000066 51.238570691000064)",Unfall 210494 (2020) Kat:3, Licht: 0,210494,3,3,5,07,09,5,1,0,0,1,0,1,0,0
"POINT (6.798751012000025 51.237575861000039)",Unfall 210500 (2020) Kat:2, Licht: 0,210500,2,2,6,07,12,5,0,0,0,0,1,0,1,0
"POINT (6.757273751000071 51.230161982000027)",Unfall 210505 (2020) Kat:3, Licht: 0,210505,3,3,0,07,15,5,0,0,1,1,0,0,0,0
"POINT (6.813322662000076 51.262602258000072)",Unfall 210508 (2020) Kat:3, Licht: 0,210508,3,5,1,07,15,2,0,0,1,1,0,0,0,0
"POINT (6.721288114000060 51.232228724000038)",Unfall 210539 (2020) Kat:3, Licht: 0,210539,3,3,5,07,14,6,0,0,1,1,0,0,0,0
"POINT (6.762920121000036 51.205362132000062)",Unfall 210543 (2020) Kat:3, Licht: 1,210543,3,6,2,07,21,2,0,1,1,1,0,0,0,0
"POINT (6.761917583000070 51.209490815000038)",Unfall 210544 (2020) Kat:3, Licht: 0,210544,3,7,1,07,17,6,0,0,1,1,0,0,0,0
"POINT (6.809024065000074 51.207341476000067)",Unfall 210565 (2020) Kat:3, Licht: 2,210565,3,7,9,07,23,7,0,2,0,1,0,0,0,0
"POINT (6.832203219000064 51.169717935000051)",Unfall 210586 (2020) Kat:3, Licht: 0,210586,3,7,1,07,18,1,0,0,0,1,0,1,0,0
"POINT (6.767219900000043 51.213299685000038)",Unfall 210593 (2020) Kat:3, Licht: 2,210593,3,1,0,07,22,2,0,2,1,0,0,0,0,0
"POINT (6.780551232000050 51.253821425000069)",Unfall 210594 (2020) Kat:3, Licht: 0,210594,3,2,5,07,17,6,0,0,1,1,0,0,0,0
"POINT (6.778381912000043 51.225555561000078)",Unfall 210676 (2020) Kat:3, Licht: 0,210676,3,2,5,07,13,6,0,0,1,1,0,0,0,0
"POINT (6.855249771000047 51.222971577000067)",Unfall 210694 (2020) Kat:3, Licht: 0,210694,3,3,5,07,10,3,0,0,1,1,0,0,0,0
"POINT (6.863454557000068 51.178783337000027)",Unfall 210748 (2020) Kat:3, Licht: 2,210748,3,7,1,07,00,5,0,2,0,1,0,0,0,0
"POINT (6.766952116000027 51.218094108000059)",Unfall 210759 (2020) Kat:3, Licht: 0,210759,3,7,0,07,15,5,1,0,0,0,0,1,0,0
"POINT (6.781815769000048 51.231163428000059)",Unfall 210767 (2020) Kat:3, Licht: 0,210767,3,1,0,07,18,6,0,0,0,0,0,0,0,1
"POINT (6.771891751000055 51.226900672000056)",Unfall 210778 (2020) Kat:3, Licht: 2,210778,3,1,0,07,02,5,1,2,0,0,0,0,0,1
"POINT (6.833991457000025 51.164229374000058)",Unfall 210784 (2020) Kat:3, Licht: 0,210784,3,5,1,07,06,3,0,0,1,1,0,0,0,0
"POINT (6.870361220000063 51.188525031000040)",Unfall 210790 (2020) Kat:2, Licht: 0,210790,2,1,9,07,09,5,1,0,0,0,0,1,0,0
"POINT (6.873229808000076 51.166075377000027)",Unfall 210802 (2020) Kat:3, Licht: 0,210802,3,3,1,07,06,4,0,0,1,1,0,0,0,0
"POINT (6.803250258000048 51.264779653000062)",Unfall 210807 (2020) Kat:3, Licht: 0,210807,3,3,5,07,12,4,0,0,1,1,0,0,0,0
"POINT (6.812917386000038 51.262905775000036)",Unfall 210810 (2020) Kat:3, Licht: 0,210810,3,6,0,07,12,4,0,0,1,1,0,0,0,0
"POINT (6.777383047000058 51.226531703000035)",Unfall 210851 (2020) Kat:3, Licht: 0,210851,3,5,0,07,15,3,0,0,1,1,0,0,0,0
"POINT (6.769707371000038 51.217295701000069)",Unfall 210872 (2020) Kat:2, Licht: 0,210872,2,3,5,07,19,6,0,0,0,1,0,0,0,1
"POINT (6.897545100000059 51.142670960000032)",Unfall 210888 (2020) Kat:3, Licht: 0,210888,3,3,5,07,12,3,0,0,1,0,0,0,0,1
"POINT (6.788147435000042 51.207777236000027)",Unfall 210892 (2020) Kat:3, Licht: 0,210892,3,6,4,07,19,4,0,0,1,0,0,0,0,0
"POINT (6.850944795000032 51.168400614000063)",Unfall 210940 (2020) Kat:3, Licht: 0,210940,3,3,5,07,15,4,0,0,0,1,0,0,0,0
"POINT (6.775456419000022 51.219093997000073)",Unfall 210977 (2020) Kat:3, Licht: 0,210977,3,3,5,07,12,4,0,0,0,1,0,0,0,0
"POINT (6.761432077000052 51.306012772000031)",Unfall 210980 (2020) Kat:3, Licht: 0,210980,3,7,0,07,10,2,0,0,1,0,1,0,0,0
"POINT (6.803824747000022 51.223772640000050)",Unfall 210992 (2020) Kat:3, Licht: 0,210992,3,5,1,07,12,4,0,0,1,1,0,0,0,0
"POINT (6.805426982000029 51.229261172000065)",Unfall 211002 (2020) Kat:3, Licht: 0,211002,3,4,6,07,12,3,0,0,0,0,1,1,0,0
"POINT (6.735100307000039 51.237614722000046)",Unfall 211045 (2020) Kat:3, Licht: 0,211045,3,7,0,07,16,4,0,0,0,0,0,1,0,1
"POINT (6.899748740000064 51.128641018000053)",Unfall 211047 (2020) Kat:3, Licht: 0,211047,3,5,0,07,17,4,0,0,1,1,0,0,0,0
"POINT (6.767239974000063 51.245498418000068)",Unfall 211098 (2020) Kat:3, Licht: 0,211098,3,6,4,07,18,4,0,0,1,0,0,0,0,0
"POINT (6.874168927000028 51.160206517000063)",Unfall 211131 (2020) Kat:3, Licht: 0,211131,3,7,0,07,16,7,0,0,0,0,1,0,0,1
"POINT (6.731633453000029 51.258343839000077)",Unfall 211134 (2020) Kat:3, Licht: 0,211134,3,3,0,07,18,7,0,0,1,0,0,0,0,0
"POINT (6.744170279000059 51.234329441000057)",Unfall 211147 (2020) Kat:3, Licht: 0,211147,3,7,0,07,14,4,0,0,0,1,0,0,0,1
"POINT (6.834868990000075 51.203959306000058)",Unfall 211168 (2020) Kat:2, Licht: 1,211168,2,1,0,07,21,1,0,1,1,0,0,0,0,0
"POINT (6.705818353000041 51.230267029000061)",Unfall 211169 (2020) Kat:2, Licht: 2,211169,2,2,7,07,05,1,1,2,0,0,0,0,1,0
"POINT (6.771862739000028 51.226938143000041)",Unfall 211171 (2020) Kat:2, Licht: 2,211171,2,4,6,07,04,1,1,2,0,1,1,0,0,0
"POINT (6.755826625000054 51.251345679000053)",Unfall 211238 (2020) Kat:3, Licht: 0,211238,3,7,0,07,16,2,0,0,0,0,0,1,0,0
"POINT (6.828433684000061 51.209703189000038)",Unfall 211240 (2020) Kat:3, Licht: 2,211240,3,6,2,07,21,7,0,2,0,1,0,0,0,0
"POINT (6.845479309000041 51.188717456000063)",Unfall 211241 (2020) Kat:3, Licht: 0,211241,3,6,2,07,13,7,0,0,0,1,0,0,0,0
"POINT (6.790250928000035 51.219664828000077)",Unfall 211245 (2020) Kat:3, Licht: 0,211245,3,1,0,07,15,7,0,0,1,0,0,0,0,0
"POINT (6.776990119000061 51.221516378000047)",Unfall 211248 (2020) Kat:3, Licht: 0,211248,3,6,3,07,17,7,1,0,1,1,0,0,0,0
"POINT (6.763791466000043 51.214617258000033)",Unfall 211279 (2020) Kat:3, Licht: 0,211279,3,7,5,07,20,5,0,0,1,0,0,0,0,0
"POINT (6.905814156000076 51.146391758000050)",Unfall 211282 (2020) Kat:3, Licht: 0,211282,3,7,1,07,18,5,0,0,1,1,0,0,0,0
"POINT (6.831207091000067 51.174326248000057)",Unfall 211288 (2020) Kat:3, Licht: 0,211288,3,6,0,07,14,5,0,0,0,0,0,0,0,1
"POINT (6.765599936000058 51.211220299000047)",Unfall 211292 (2020) Kat:3, Licht: 0,211292,3,7,5,07,17,5,0,0,0,1,0,1,0,0
"POINT (6.824389071000041 51.226742808000040)",Unfall 211296 (2020) Kat:3, Licht: 0,211296,3,3,5,07,14,5,0,0,1,1,0,0,0,0
"POINT (6.831586709000021 51.207202854000059)",Unfall 211319 (2020) Kat:2, Licht: 0,211319,2,1,0,07,07,6,0,0,0,0,0,1,0,0
"POINT (6.781347195000024 51.200901649000059)",Unfall 211321 (2020) Kat:3, Licht: 0,211321,3,6,4,07,15,6,0,0,1,1,0,0,0,0
"POINT (6.830109651000043 51.175720333000072)",Unfall 211322 (2020) Kat:3, Licht: 0,211322,3,3,5,07,18,6,0,0,1,0,0,0,0,0
"POINT (6.766182235000031 51.211072370000068)",Unfall 211325 (2020) Kat:2, Licht: 0,211325,2,1,6,07,14,6,0,0,0,0,1,1,0,0
"POINT (6.764585959000044 51.207148278000034)",Unfall 211327 (2020) Kat:3, Licht: 0,211327,3,2,5,07,09,6,0,0,0,1,0,1,0,0
"POINT (6.760930299000052 51.247517396000035)",Unfall 211330 (2020) Kat:3, Licht: 0,211330,3,6,6,07,17,6,0,0,1,0,1,0,0,0
"POINT (6.790145602000052 51.217336608000039)",Unfall 211331 (2020) Kat:3, Licht: 0,211331,3,3,5,07,08,6,0,0,1,0,0,0,0,1
"POINT (6.774891095000044 51.215604057000064)",Unfall 211348 (2020) Kat:3, Licht: 0,211348,3,7,5,07,13,2,0,0,0,1,0,0,0,1
"POINT (6.794810029000075 51.222509189000050)",Unfall 211400 (2020) Kat:3, Licht: 0,211400,3,2,0,07,10,2,1,0,0,0,1,0,0,1
"POINT (6.761009010000066 51.208375180000075)",Unfall 211422 (2020) Kat:3, Licht: 2,211422,3,7,0,07,21,6,0,2,1,0,0,0,0,1
"POINT (6.822786294000025 51.182855252000081)",Unfall 211455 (2020) Kat:3, Licht: 0,211455,3,6,2,07,16,4,0,0,0,1,0,0,0,1
"POINT (6.752374963000023 51.227863447000061)",Unfall 211472 (2020) Kat:3, Licht: 0,211472,3,6,2,07,13,6,0,0,0,1,0,0,0,1
"POINT (6.817984821000039 51.196481161000065)",Unfall 211500 (2020) Kat:2, Licht: 0,211500,2,3,5,07,08,5,0,0,0,1,0,1,0,0
"POINT (6.791601844000070 51.221937412000045)",Unfall 211505 (2020) Kat:3, Licht: 0,211505,3,6,2,07,07,4,0,0,0,1,0,0,0,0
"POINT (6.812107252000033 51.211105269000029)",Unfall 211523 (2020) Kat:3, Licht: 0,211523,3,5,1,07,14,6,0,0,0,1,0,1,0,0
"POINT (6.742588275000060 51.235406266000041)",Unfall 211553 (2020) Kat:3, Licht: 0,211553,3,4,5,07,18,5,0,0,1,0,1,0,0,0
"POINT (6.873615313000073 51.169520923000050)",Unfall 211563 (2020) Kat:3, Licht: 0,211563,3,3,5,07,19,4,0,0,1,1,0,0,0,0
"POINT (6.779324066000072 51.223948450000080)",Unfall 211580 (2020) Kat:3, Licht: 0,211580,3,6,0,07,17,6,0,0,0,1,0,1,0,0
"POINT (6.847731748000058 51.213871178000034)",Unfall 211587 (2020) Kat:3, Licht: 0,211587,3,2,5,07,07,3,0,0,1,1,0,0,0,0
"POINT (6.829538176000028 51.207661178000080)",Unfall 211592 (2020) Kat:3, Licht: 0,211592,3,7,1,07,16,3,0,0,1,1,0,0,0,0
"POINT (6.801276238000071 51.226007313000082)",Unfall 211598 (2020) Kat:3, Licht: 0,211598,3,2,5,07,17,3,0,0,1,1,0,0,0,0
"POINT (6.823206193000033 51.239004842000043)",Unfall 211600 (2020) Kat:3, Licht: 0,211600,3,5,1,07,15,3,0,0,0,1,0,0,0,0
"POINT (6.818964516000051 51.187179827000080)",Unfall 211609 (2020) Kat:3, Licht: 1,211609,3,7,2,07,20,5,0,1,0,1,0,1,0,0
"POINT (6.778402777000053 51.322626555000056)",Unfall 211614 (2020) Kat:3, Licht: 0,211614,3,1,0,07,17,4,0,0,1,0,0,0,0,0
"POINT (6.777028759000075 51.223052777000078)",Unfall 211631 (2020) Kat:3, Licht: 0,211631,3,1,0,07,17,6,1,0,0,0,0,1,0,0
"POINT (6.788919488000033 51.236900913000056)",Unfall 211658 (2020) Kat:3, Licht: 0,211658,3,1,0,07,17,5,0,0,1,1,0,0,0,0
"POINT (6.762869343000034 51.210674725000047)",Unfall 211708 (2020) Kat:3, Licht: 0,211708,3,1,0,08,17,3,0,0,1,0,0,0,0,0
"POINT (6.829493842000034 51.177917098000080)",Unfall 211715 (2020) Kat:3, Licht: 0,211715,3,6,0,08,13,7,0,0,0,0,0,1,0,1
"POINT (6.836571295000056 51.209593233000078)",Unfall 211720 (2020) Kat:3, Licht: 0,211720,3,1,0,08,11,7,0,0,0,0,0,1,0,0