WKT,Name,OBJECTID,UKATEGORIE,UTYP1,UART,UMONAT,USTUNDE,UWOCHENTAG,STRZUSTAND,ULICHTVERH,ISTRAD,ISTPKW,ISTFUSS,ISTKRAD,ISTGKFZ,ISTSONSTIG
"POINT (6.756863592000059 51.206894163000072)",Unfall 211724 (2020) Kat:3, Licht: 0,211724,3,2,3,08,14,7,0,0,1,1,0,0,0,0
"POINT (6.776891232000025 51.209860547000062)",Unfall 211729 (2020) Kat:3, Licht: 2,211729,3,2,6,08,22,7,0,2,0,1,1,0,0,0
"POINT (6.789573475000054 51.248903148000068)",Unfall 211734 (2020) Kat:2, Licht: 0,211734,2,5,1,08,20,7,0,0,1,1,0,0,0,0
"POINT (6.795594518000030 51.281896066000058)",Unfall 211736 (2020) Kat:3, Licht: 0,211736,3,3,0,08,21,7,0,0,0,1,1,0,0,0
"POINT (6.811990159000061 51.211785575000079)",Unfall 211738 (2020) Kat:3, Licht: 0,211738,3,5,7,08,17,7,0,0,1,1,0,0,0,0
"POINT (6.784686048000026 51.236822376000077)",Unfall 211755 (2020) Kat:3, Licht: 0,211755,3,3,5,08,15,2,0,0,1,1,0,0,0,0
"POINT (6.777931004000038 51.241866900000048)",Unfall 211756 (2020) Kat:3, Licht: 0,211756,3,5,1,08,17,2,0,0,1,1,0,0,0,0
"POINT (6.762374865000027 51.251797315000033)",Unfall 211757 (2020) Kat:3, Licht: 0,211757,3,3,5,08,16,2,0,0,1,1,0,0,0,0
"POINT (6.878448856000034 51.150602204000052)",Unfall 211771 (2020) Kat:3, Licht: 0,211771,3,7,3,08,15,3,0,0,1,1,0,0,0,0
"POINT (6.759456897000064 51.253234088000056)",Unfall 211775 (2020) Kat:3, Licht: 0,211775,3,7,0,08,15,3,0,0,0,0,0,0,0,1
"POINT (6.794669296000052 51.245229032000054)",Unfall 211782 (2020) Kat:3, Licht: 0,211782,3,6,2,08,16,3,0,0,0,1,0,0,0,1
"POINT (6.811668136000037 51.198378397000056)",Unfall 211811 (2020) Kat:3, Licht: 0,211811,3,3,5,08,19,3,0,0,1,1,0,0,0,0
"POINT (6.770562496000025 51.205845745000033)",Unfall 211875 (2020) Kat:3, Licht: 0,211875,3,2,6,08,15,3,0,0,0,1,1,0,0,0
"POINT (6.785898109000073 51.212880186000064)",Unfall 211922 (2020) Kat:3, Licht: 0,211922,3,7,0,08,12,3,0,0,1,1,0,0,0,0
"POINT (6.840138501000070 51.236023683000042)",Unfall 211930 (2020) Kat:2, Licht: 0,211930,2,6,6,08,17,3,0,0,1,0,1,0,0,0
"POINT (6.820189965000054 51.215948986000058)",Unfall 211935 (2020) Kat:3, Licht: 2,211935,3,7,8,08,23,6,0,2,0,1,0,0,0,0
"POINT (6.770037289000072 51.219260403000078)",Unfall 211942 (2020) Kat:3, Licht: 0,211942,3,2,5,08,14,4,0,0,1,0,0,0,0,0
"POINT (6.770659420000072 51.199993178000057)",Unfall 211947 (2020) Kat:3, Licht: 0,211947,3,6,2,08,08,4,0,0,0,1,0,0,0,0
"POINT (6.787416329000052 51.211388482000075)",Unfall 211950 (2020) Kat:3, Licht: 2,211950,3,2,5,08,21,4,0,2,1,1,0,0,0,0
"POINT (6.838410314000043 51.215422870000054)",Unfall 211955 (2020) Kat:3, Licht: 0,211955,3,6,2,08,16,4,0,0,0,1,0,0,0,0
"POINT (6.804234724000025 51.223391197000069)",Unfall 211959 (2020) Kat:3, Licht: 0,211959,3,3,5,08,12,4,0,0,1,1,0,0,0,0
"POINT (6.852193279000062 51.168900811000071)",Unfall 211960 (2020) Kat:3, Licht: 0,211960,3,6,4,08,07,5,0,0,1,0,0,0,0,0
"POINT (6.794725517000074 51.223762385000043)",Unfall 211961 (2020) Kat:3, Licht: 0,211961,3,7,0,08,13,4,0,0,1,1,0,0,0,0
"POINT (6.775278246000028 51.213944138000045)",Unfall 211982 (2020) Kat:3, Licht: 0,211982,3,3,5,08,13,6,0,0,0,1,0,0,0,0
"POINT (6.749287001000027 51.228569705000041)",Unfall 212006 (2020) Kat:3, Licht: 0,212006,3,4,6,08,12,5,0,0,0,1,1,0,0,0
"POINT (6.770302681000032 51.242342634000067)",Unfall 212031 (2020) Kat:3, Licht: 0,212031,3,5,5,08,18,6,0,0,0,1,0,1,0,0
"POINT (6.771195834000025 51.218776688000048)",Unfall 212087 (2020) Kat:3, Licht: 0,212087,3,6,1,08,17,6,0,0,0,1,0,0,0,0
"POINT (6.793644950000044 51.216756140000030)",Unfall 212098 (2020) Kat:3, Licht: 0,212098,3,4,0,08,15,6,0,0,0,1,1,0,0,0
"POINT (6.808646479000061 51.230360434000033)",Unfall 212112 (2020) Kat:3, Licht: 0,212112,3,1,0,08,14,5,0,0,1,0,0,0,0,0
"POINT (6.758502552000039 51.184378738000078)",Unfall 212136 (2020) Kat:3, Licht: 0,212136,3,3,5,08,07,6,0,0,0,1,0,0,0,1
"POINT (6.768405409000025 51.222242988000062)",Unfall 212161 (2020) Kat:3, Licht: 0,212161,3,6,4,08,09,5,0,0,1,0,0,0,0,0
"POINT (6.789134252000054 51.250201031000074)",Unfall 212182 (2020) Kat:3, Licht: 0,212182,3,2,5,08,12,6,0,0,1,1,0,0,0,0
"POINT (6.811966303000077 51.198668204000057)",Unfall 212193 (2020) Kat:3, Licht: 0,212193,3,6,2,08,14,3,0,0,0,1,0,0,0,0
"POINT (6.820208052000055 51.232818663000046)",Unfall 212195 (2020) Kat:3, Licht: 0,212195,3,7,6,08,09,3,0,0,0,1,1,0,0,0
"POINT (6.803379992000032 51.228659162000042)",Unfall 212202 (2020) Kat:3, Licht: 0,212202,3,2,5,08,20,3,0,0,1,1,0,0,0,0
"POINT (6.795720900000049 51.281944413000076)",Unfall 212205 (2020) Kat:3, Licht: 0,212205,3,3,5,08,15,3,0,0,1,1,0,0,0,0
"POINT (6.784836956000049 51.274810612000067)",Unfall 212209 (2020) Kat:3, Licht: 0,212209,3,3,5,08,17,3,0,0,1,1,0,0,0,0
"POINT (6.721443781000062 51.240895606000038)",Unfall 212213 (2020) Kat:3, Licht: 0,212213,3,3,5,08,12,3,0,0,1,1,0,0,0,0
"POINT (6.773056109000038 51.227353857000026)",Unfall 212217 (2020) Kat:3, Licht: 1,212217,3,1,0,08,20,2,0,1,0,0,0,0,0,1
"POINT (6.794727937000062 51.229206684000076)",Unfall 212219 (2020) Kat:3, Licht: 1,212219,3,3,5,08,21,2,0,1,0,1,0,0,0,0
"POINT (6.780573541000024 51.196805391000055)",Unfall 212291 (2020) Kat:3, Licht: 2,212291,3,5,1,08,02,1,0,2,1,0,0,0,0,1
"POINT (6.817797844000040 51.228955808000080)",Unfall 212293 (2020) Kat:3, Licht: 0,212293,3,1,0,08,09,1,0,0,1,0,0,0,0,0
"POINT (6.761750020000022 51.271016624000026)",Unfall 212295 (2020) Kat:3, Licht: 0,212295,3,1,9,08,07,1,0,0,0,1,0,0,0,0
"POINT (6.771699576000060 51.226899956000068)",Unfall 212297 (2020) Kat:3, Licht: 2,212297,3,7,0,08,22,1,0,2,1,0,0,0,0,1
"POINT (6.757428623000067 51.215556283000069)",Unfall 212382 (2020) Kat:3, Licht: 0,212382,3,2,3,08,16,7,0,0,0,1,0,0,0,1
"POINT (6.795311053000035 51.224245867000036)",Unfall 212383 (2020) Kat:2, Licht: 1,212383,2,6,6,08,20,7,0,1,0,1,1,0,0,0
"POINT (6.808288329000050 51.210592314000053)",Unfall 212384 (2020) Kat:3, Licht: 0,212384,3,6,2,08,14,7,0,0,0,1,0,0,0,0
"POINT (6.755943354000067 51.201018345000080)",Unfall 212467 (2020) Kat:3, Licht: 0,212467,3,1,3,08,19,6,0,0,0,1,0,0,0,0
"POINT (6.861765912000067 51.216543958000045)",Unfall 212483 (2020) Kat:3, Licht: 0,212483,3,7,0,08,11,5,0,0,1,1,0,0,0,0
"POINT (6.801560058000064 51.256324173000053)",Unfall 212515 (2020) Kat:2, Licht: 0,212515,2,3,5,08,18,6,0,0,1,1,0,0,0,0
"POINT (6.796766329000036 51.248257157000069)",Unfall 212533 (2020) Kat:3, Licht: 0,212533,3,2,6,08,18,5,1,0,0,1,1,0,0,0
"POINT (6.801461838000023 51.227553365000063)",Unfall 212534 (2020) Kat:3, Licht: 0,212534,3,1,0,08,18,5,1,0,1,0,0,0,0,0
"POINT (6.799672956000052 51.235451933000036)",Unfall 212541 (2020) Kat:3, Licht: 0,212541,3,7,0,08,15,5,0,0,1,0,0,0,0,0
"POINT (6.772570337000047 51.253442468000060)",Unfall 212545 (2020) Kat:3, Licht: 0,212545,3,3,5,08,11,5,0,0,1,1,0,0,0,0
"POINT (6.731490344000065 51.296796990000075)",Unfall 212554 (2020) Kat:2, Licht: 0,212554,2,1,0,08,09,5,1,0,1,0,0,0,0,0
"POINT (6.793127351000067 51.216908308000029)",Unfall 212566 (2020) Kat:3, Licht: 0,212566,3,3,5,08,08,5,0,0,1,1,0,0,0,0
"POINT (6.790607711000064 51.221195635000072)",Unfall 212568 (2020) Kat:3, Licht: 0,212568,3,2,3,08,10,6,0,0,1,1,0,0,0,0
"POINT (6.226199824000048 51.310728190000077)",Unfall 212593 (2020) Kat:3, Licht: 0,212593,3,1,8,08,18,5,1,0,0,1,0,0,0,0
"POINT (6.816691105000075 51.238056873000062)",Unfall 212622 (2020) Kat:3, Licht: 0,212622,3,7,6,08,07,6,0,0,0,1,1,0,0,0
"POINT (6.813233943000057 51.195664720000082)",Unfall 212632 (2020) Kat:3, Licht: 0,212632,3,2,5,08,12,4,0,0,1,1,0,0,0,0
"POINT (6.860282754000025 51.185840578000068)",Unfall 212640 (2020) Kat:3, Licht: 0,212640,3,7,6,08,07,5,0,0,0,1,1,0,0,0
"POINT (6.900303914000062 51.135165586000028)",Unfall 212643 (2020) Kat:3, Licht: 0,212643,3,6,3,08,16,4,0,0,0,1,0,0,0,0
"POINT (6.805444106000039 51.222098738000057)",Unfall 212649 (2020) Kat:3, Licht: 0,212649,3,1,0,08,18,4,0,0,1,0,0,0,0,0
"POINT (6.749153326000055 51.228600411000059)",Unfall 212670 (2020) Kat:3, Licht: 0,212670,3,3,5,08,10,6,0,0,1,1,0,0,0,0
"POINT (6.873386482000058 51.166495244000032)",Unfall 212782 (2020) Kat:3, Licht: 0,212782,3,2,5,08,16,4,0,0,1,1,0,0,0,0
"POINT (6.825082844000065 51.212293275000036)",Unfall 212791 (2020) Kat:3, Licht: 0,212791,3,7,0,08,15,4,0,0,1,1,0,0,0,0
"POINT (6.770630047000054 51.210786346000077)",Unfall 212801 (2020) Kat:3, Licht: 0,212801,3,6,4,08,13,3,0,0,0,1,0,0,0,1
"POINT (6.844285171000024 51.188351194000063)",Unfall 212803 (2020) Kat:3, Licht: 0,212803,3,2,4,08,12,3,0,0,0,1,0,0,1,0
"POINT (6.780423397000050 51.218997889000036)",Unfall 212805 (2020) Kat:3, Licht: 0,212805,3,6,2,08,10,3,0,0,0,0,0,1,0,1
"POINT (6.849661830000059 51.206412221000051)",Unfall 212816 (2020) Kat:3, Licht: 0,212816,3,3,5,08,08,1,0,0,1,1,0,0,0,0
"POINT (6.834756974000072 51.197917391000033)",Unfall 212822 (2020) Kat:3, Licht: 2,212822,3,3,5,08,04,1,0,2,1,1,0,0,0,0
"POINT (6.820130253000059 51.185438047000048)",Unfall 212823 (2020) Kat:3, Licht: 0,212823,3,6,2,08,16,4,0,0,0,1,0,0,0,0
"POINT (6.787011110000037 51.227718183000036)",Unfall 212836 (2020) Kat:3, Licht: 0,212836,3,1,0,08,15,4,0,0,1,0,0,0,0,0
"POINT (6.738816004000057 51.286179879000031)",Unfall 212846 (2020) Kat:3, Licht: 0,212846,3,2,5,08,11,4,0,0,1,1,0,0,0,0
"POINT (6.806948516000034 51.211883267000076)",Unfall 212912 (2020) Kat:3, Licht: 0,212912,3,4,6,08,15,2,0,0,0,1,1,0,0,0
"POINT (6.781708023000022 51.215582436000034)",Unfall 212913 (2020) Kat:3, Licht: 0,212913,3,6,3,08,08,2,1,0,1,1,0,0,0,0
"POINT (6.874272801000075 51.168523296000046)",Unfall 212915 (2020) Kat:3, Licht: 0,212915,3,6,2,08,17,2,1,0,0,1,0,0,0,0
"POINT (6.759673244000055 51.252863134000052)",Unfall 212917 (2020) Kat:3, Licht: 0,212917,3,2,5,08,14,2,0,0,0,1,0,0,0,1
"POINT (6.784457310000050 51.212376930000062)",Unfall 212975 (2020) Kat:3, Licht: 0,212975,3,2,0,08,11,5,0,0,0,0,0,0,0,1
"POINT (6.850897331000056 51.168393889000072)",Unfall 212978 (2020) Kat:3, Licht: 0,212978,3,2,5,08,18,6,0,0,0,1,0,0,0,0
"POINT (6.777135001000033 51.207236283000043)",Unfall 212985 (2020) Kat:3, Licht: 0,212985,3,3,3,08,18,7,0,0,1,1,0,0,0,0
"POINT (6.882946815000025 51.207837337000058)",Unfall 212996 (2020) Kat:3, Licht: 0,212996,3,3,5,08,19,7,0,0,1,1,0,0,0,0
"POINT (6.814100778000068 51.218611955000029)",Unfall 213022 (2020) Kat:3, Licht: 0,213022,3,3,5,08,15,5,0,0,1,1,0,0,0,0
"POINT (6.786136282000030 51.253955906000044)",Unfall 213025 (2020) Kat:3, Licht: 0,213025,3,2,6,08,19,6,1,0,0,1,1,0,0,0
"POINT (6.782874936000042 51.244202820000055)",Unfall 213032 (2020) Kat:3, Licht: 0,213032,3,5,1,08,14,7,0,0,1,0,0,0,0,1
"POINT (6.795301976000076 51.252726979000045)",Unfall 213037 (2020) Kat:3, Licht: 0,213037,3,5,5,08,11,7,0,0,1,1,0,0,0,0
"POINT (6.813054317000024 51.169356284000060)",Unfall 213062 (2020) Kat:3, Licht: 0,213062,3,4,3,08,12,5,0,0,0,0,1,0,0,1
"POINT (6.832630274000053 51.175453874000027)",Unfall 213065 (2020) Kat:3, Licht: 0,213065,3,7,7,08,16,6,0,0,1,0,1,0,0,0
"POINT (6.796319702000062 51.237898331000054)",Unfall 213078 (2020) Kat:3, Licht: 0,213078,3,6,3,08,16,6,0,0,0,1,0,0,0,0
"POINT (6.830906421000066 51.177002873000049)",Unfall 213126 (2020) Kat:3, Licht: 0,213126,3,3,5,08,16,5,0,0,1,1,0,0,0,0
"POINT (6.847524682000028 51.229825165000079)",Unfall 213129 (2020) Kat:3, Licht: 0,213129,3,2,5,08,19,6,0,0,1,0,0,0,0,1
"POINT (6.817417417000058 51.168590607000056)",Unfall 213167 (2020) Kat:3, Licht: 0,213167,3,7,0,08,17,6,0,0,0,0,0,0,0,1
"POINT (6.797238833000051 51.281394386000045)",Unfall 213176 (2020) Kat:3, Licht: 0,213176,3,4,6,08,08,5,0,0,0,1,1,0,0,0
"POINT (6.791952892000040 51.234721794000052)",Unfall 213179 (2020) Kat:3, Licht: 0,213179,3,5,1,08,18,6,1,0,1,1,0,0,0,0
"POINT (6.767297742000039 51.207959854000080)",Unfall 213206 (2020) Kat:3, Licht: 0,213206,3,7,3,08,16,3,0,0,1,0,0,0,0,1
"POINT (6.762133208000023 51.248931288000051)",Unfall 213214 (2020) Kat:3, Licht: 0,213214,3,7,5,08,16,3,0,0,0,1,0,0,0,0
"POINT (6.778739004000045 51.236171445000082)",Unfall 213254 (2020) Kat:3, Licht: 0,213254,3,4,6,08,17,3,0,0,1,0,1,0,0,0
"POINT (6.808618046000049 51.230349604000025)",Unfall 213291 (2020) Kat:2, Licht: 0,213291,2,3,5,08,15,4,0,0,1,1,0,0,0,0
"POINT (6.810175097000069 51.205093019000060)",Unfall 213309 (2020) Kat:3, Licht: 0,213309,3,3,5,08,14,3,0,0,1,1,0,0,0,0
"POINT (6.798550413000044 51.282180189000030)",Unfall 213320 (2020) Kat:3, Licht: 0,213320,3,6,2,08,17,3,0,0,0,1,0,0,0,0
"POINT (6.890986962000056 51.147351508000042)",Unfall 213355 (2020) Kat:3, Licht: 0,213355,3,2,5,08,18,2,0,0,0,1,0,0,0,0
"POINT (6.818335827000055 51.215378584000064)",Unfall 213360 (2020) Kat:3, Licht: 0,213360,3,2,5,08,11,3,0,0,1,0,0,0,1,0
"POINT (6.824137064000070 51.213011119000043)",Unfall 213364 (2020) Kat:3, Licht: 0,213364,3,6,3,08,16,1,0,0,0,1,0,0,0,0
"POINT (6.788733886000046 51.218542396000032)",Unfall 213368 (2020) Kat:3, Licht: 0,213368,3,6,3,08,11,1,0,0,1,1,0,0,0,0
"POINT (6.792383870000037 51.217138836000061)",Unfall 213394 (2020) Kat:3, Licht: 0,213394,3,1,8,08,13,2,0,0,1,0,0,0,0,0
"POINT (6.795086461000039 51.243474683000045)",Unfall 213411 (2020) Kat:3, Licht: 2,213411,3,1,0,08,22,3,1,2,0,0,0,1,0,0
"POINT (6.767470256000024 51.210909384000047)",Unfall 213414 (2020) Kat:2, Licht: 0,213414,2,5,1,08,11,3,0,0,1,1,0,0,0,0
"POINT (6.770044156000040 51.206411105000029)",Unfall 213507 (2020) Kat:3, Licht: 1,213507,3,7,1,08,07,2,0,1,1,1,0,0,0,0
"POINT (6.767474739000022 51.206847524000068)",Unfall 213546 (2020) Kat:3, Licht: 0,213546,3,4,6,08,19,6,0,0,1,0,1,0,0,0
"POINT (6.828712005000057 51.215959840000039)",Unfall 213549 (2020) Kat:3, Licht: 0,213549,3,6,2,08,08,6,0,0,0,0,0,1,0,0
"POINT (6.894854328000065 51.151462342000059)",Unfall 213550 (2020) Kat:3, Licht: 0,213550,3,4,6,08,13,6,0,0,0,1,1,0,0,0
"POINT (6.780294929000036 51.240653582000050)",Unfall 213553 (2020) Kat:3, Licht: 0,213553,3,3,5,08,12,6,0,0,1,1,0,0,0,0
"POINT (6.817138609000040 51.243989556000031)",Unfall 213556 (2020) Kat:3, Licht: 0,213556,3,3,5,08,16,2,0,0,1,1,0,0,0,0
"POINT (6.874237281000035 51.168508345000077)",Unfall 213599 (2020) Kat:2, Licht: 0,213599,2,2,4,08,18,2,0,0,0,1,0,1,0,0
"POINT (6.830649345000040 51.176994139000044)",Unfall 213625 (2020) Kat:3, Licht: 0,213625,3,7,5,08,13,7,0,0,1,1,0,0,0,0
"POINT (6.732910575000062 51.258053894000057)",Unfall 213627 (2020) Kat:3, Licht: 0,213627,3,7,0,08,17,7,0,0,1,0,0,0,0,0
"POINT (6.777139700000021 51.227132142000073)",Unfall 213630 (2020) Kat:3, Licht: 0,213630,3,7,0,08,12,7,0,0,1,0,1,0,0,0
"POINT (6.813025031000052 51.209278610000069)",Unfall 213636 (2020) Kat:3, Licht: 2,213636,3,7,6,08,04,7,0,2,0,0,1,0,0,1
"POINT (6.901873627000043 51.144746793000081)",Unfall 213658 (2020) Kat:3, Licht: 0,213658,3,3,5,08,13,1,0,0,1,1,0,0,0,0
"POINT (6.797781512000029 51.225576018000027)",Unfall 213663 (2020) Kat:3, Licht: 2,213663,3,7,0,08,01,1,0,2,1,0,0,0,0,0
"POINT (6.841265493000037 51.192780004000042)",Unfall 213667 (2020) Kat:3, Licht: 1,213667,3,3,5,08,19,2,0,1,1,1,0,0,0,0
"POINT (6.766738835000069 51.214647664000040)",Unfall 213689 (2020) Kat:3, Licht: 0,213689,3,1,6,08,12,5,0,0,0,1,1,0,0,0
"POINT (6.821982008000020 51.214801870000031)",Unfall 213690 (2020) Kat:3, Licht: 0,213690,3,2,5,08,11,5,0,0,1,0,0,0,0,1
"POINT (6.821729949000030 51.229333591000056)",Unfall 213692 (2020) Kat:3, Licht: 0,213692,3,2,1,08,11,5,0,0,0,1,0,1,0,0
"POINT (6.785668623000049 51.274980197000048)",Unfall 213724 (2020) Kat:2, Licht: 0,213724,2,1,0,09,15,3,0,0,1,0,0,0,0,0
"POINT (6.787467994000053 51.224112132000073)",Unfall 213729 (2020) Kat:2, Licht: 0,213729,2,7,8,09,15,4,0,0,0,1,0,1,0,1
"POINT (6.729329744000040 51.295814082000049)",Unfall 213748 (2020) Kat:3, Licht: 0,213748,3,1,9,09,16,3,0,0,1,0,0,0,0,0
"POINT (6.751447597000038 51.234538303000079)",Unfall 213761 (2020) Kat:3, Licht: 0,213761,3,3,5,09,13,5,1,0,1,1,0,0,0,0
"POINT (6.716682360000050 51.232142632000034)",Unfall 213763 (2020) Kat:3, Licht: 2,213763,3,6,2,09,22,3,0,2,0,1,0,0,0,0
"POINT (6.829880721000052 51.236209469000073)",Unfall 213768 (2020) Kat:3, Licht: 0,213768,3,1,0,09,07,4,0,0,1,0,0,0,0,0
"POINT (6.775474249000069 51.219916083000044)",Unfall 213775 (2020) Kat:2, Licht: 0,213775,2,3,5,09,16,3,0,0,0,1,0,1,0,0
"POINT (6.851323424000043 51.213430643000038)",Unfall 213814 (2020) Kat:2, Licht: 0,213814,2,7,3,09,15,5,1,0,0,1,0,1,0,0
"POINT (6.733991269000057 51.232623031000060)",Unfall 213834 (2020) Kat:3, Licht: 0,213834,3,6,2,09,14,4,0,0,0,1,0,1,0,0
"POINT (6.865392164000070 51.226713674000052)",Unfall 213868 (2020) Kat:3, Licht: 0,213868,3,2,5,09,12,5,1,0,1,1,0,0,0,0
"POINT (6.774431735000064 51.213989110000057)",Unfall 213876 (2020) Kat:3, Licht: 0,213876,3,6,3,09,16,4,0,0,1,1,0,0,0,0
"POINT (6.814224804000048 51.178056711000067)",Unfall 213887 (2020) Kat:3, Licht: 0,213887,3,7,0,09,12,4,0,0,0,1,0,0,0,0
"POINT (6.813392886000031 51.195425884000031)",Unfall 213907 (2020) Kat:3, Licht: 0,213907,3,2,5,09,07,5,0,0,1,1,0,0,0,0
"POINT (6.862805755000068 51.168017895000048)",Unfall 213917 (2020) Kat:3, Licht: 0,213917,3,6,2,09,16,3,0,0,0,1,0,0,0,0
"POINT (6.765854992000072 51.249068293000050)",Unfall 213942 (2020) Kat:3, Licht: 0,213942,3,3,5,09,14,4,0,0,0,1,0,0,0,0
"POINT (6.830133945000057 51.177542704000075)",Unfall 213972 (2020) Kat:3, Licht: 0,213972,3,5,5,09,10,5,1,0,0,1,0,1,0,0
"POINT (6.785777929000062 51.196718651000026)",Unfall 213977 (2020) Kat:3, Licht: 0,213977,3,1,0,09,14,3,0,0,0,1,0,0,0,0
"POINT (6.735680705000050 51.296253356000079)",Unfall 213979 (2020) Kat:3, Licht: 0,213979,3,6,2,09,15,3,0,0,0,1,0,0,0,0
"POINT (6.760864108000021 51.208197250000069)",Unfall 213980 (2020) Kat:3, Licht: 0,213980,3,2,5,09,18,4,0,0,1,1,0,0,0,0
"POINT (6.818957046000037 51.194227600000033)",Unfall 214021 (2020) Kat:3, Licht: 0,214021,3,6,4,09,10,7,1,0,1,1,0,0,0,0
"POINT (6.789791740000055 51.237918970000067)",Unfall 214022 (2020) Kat:3, Licht: 0,214022,3,2,0,09,15,7,0,0,1,1,0,0,0,0
"POINT (6.732853055000021 51.258050711000067)",Unfall 214023 (2020) Kat:3, Licht: 0,214023,3,7,7,09,08,7,1,0,1,0,0,0,0,0
"POINT (6.795401342000048 51.218088301000080)",Unfall 214026 (2020) Kat:3, Licht: 0,214026,3,4,6,09,15,7,0,0,1,0,1,0,0,0
"POINT (6.777039229000025 51.226468946000068)",Unfall 214027 (2020) Kat:3, Licht: 0,214027,3,5,0,09,17,7,0,0,1,1,0,0,0,0
"POINT (6.771142013000031 51.212425016000054)",Unfall 214090 (2020) Kat:3, Licht: 2,214090,3,1,0,09,06,2,0,2,1,0,0,0,0,0
"POINT (6.778544958000055 51.226427849000061)",Unfall 214096 (2020) Kat:3, Licht: 2,214096,3,1,0,09,00,1,0,2,0,0,0,0,0,1
"POINT (6.743170637000048 51.255060666000077)",Unfall 214098 (2020) Kat:2, Licht: 0,214098,2,2,5,09,18,2,0,0,0,1,0,1,0,0
"POINT (6.750637086000040 51.212432894000074)",Unfall 214101 (2020) Kat:3, Licht: 2,214101,3,1,9,09,22,1,0,2,0,1,0,0,0,0
"POINT (6.786941389000049 51.331371969000031)",Unfall 214104 (2020) Kat:3, Licht: 2,214104,3,1,8,09,00,1,0,2,1,1,0,0,0,0
"POINT (6.812682841000026 51.262508725000032)",Unfall 214110 (2020) Kat:3, Licht: 0,214110,3,6,2,09,10,2,0,0,1,1,0,0,0,0
"POINT (6.800224282000045 51.257214565000027)",Unfall 214129 (2020) Kat:3, Licht: 0,214129,3,7,5,09,19,6,0,0,0,1,0,0,0,0
"POINT (6.798099674000071 51.247097883000038)",Unfall 214130 (2020) Kat:3, Licht: 0,214130,3,3,5,09,17,2,0,0,1,1,0,0,0,0
"POINT (6.762767440000062 51.262597964000065)",Unfall 214131 (2020) Kat:3, Licht: 0,214131,3,6,4,09,09,6,1,0,0,1,0,0,0,0
"POINT (6.786658850000038 51.225785647000066)",Unfall 214132 (2020) Kat:3, Licht: 0,214132,3,7,6,09,17,2,0,0,0,0,1,0,0,1
"POINT (6.821629935000033 51.229303728000048)",Unfall 214133 (2020) Kat:3, Licht: 0,214133,3,6,2,09,08,6,1,0,0,1,0,1,0,0
"POINT (6.781732292000072 51.232557875000055)",Unfall 214134 (2020) Kat:3, Licht: 0,214134,3,1,0,09,09,6,1,0,1,0,0,0,0,0
"POINT (6.868833928000072 51.162556790000053)",Unfall 214264 (2020) Kat:3, Licht: 0,214264,3,7,0,09,10,3,0,0,0,0,0,0,0,1
"POINT (6.795879682000020 51.230598782000072)",Unfall 214267 (2020) Kat:3, Licht: 0,214267,3,3,5,09,15,3,0,0,0,1,0,0,0,0
"POINT (6.748889972000029 51.268516593000072)",Unfall 214269 (2020) Kat:3, Licht: 0,214269,3,2,5,09,10,3,0,0,1,1,0,0,0,0
"POINT (6.763760661000049 51.217011603000060)",Unfall 214333 (2020) Kat:3, Licht: 0,214333,3,3,5,09,14,4,0,0,1,1,0,0,0,0
"POINT (6.784174383000050 51.227723902000037)",Unfall 214357 (2020) Kat:3, Licht: 0,214357,3,4,6,09,12,5,0,0,0,1,1,0,0,0
"POINT (6.791879842000071 51.224095103000082)",Unfall 214385 (2020) Kat:3, Licht: 0,214385,3,7,0,09,14,4,0,0,0,1,1,0,0,0
"POINT (6.789139632000058 51.246681748000071)",Unfall 214460 (2020) Kat:3, Licht: 0,214460,3,1,0,09,16,5,0,0,1,0,0,0,0,0
"POINT (6.793344598000033 51.253079648000039)",Unfall 214485 (2020) Kat:3, Licht: 2,214485,3,6,3,09,21,4,1,2,0,1,0,1,0,0
"POINT (6.820862147000071 51.218679265000048)",Unfall 214535 (2020) Kat:3, Licht: 0,214535,3,2,1,09,16,2,0,0,0,1,0,0,0,0
"POINT (6.907062862000032 51.142440029000056)",Unfall 214558 (2020) Kat:3, Licht: 0,214558,3,7,0,09,12,1,0,0,0,0,0,1,0,0
"POINT (6.869790955000042 51.163182974000051)",Unfall 214560 (2020) Kat:3, Licht: 0,214560,3,6,3,09,13,1,0,0,0,1,0,1,0,0
"POINT (6.799865013000044 51.223547161000056)",Unfall 214562 (2020) Kat:3, Licht: 0,214562,3,1,0,09,13,1,0,0,1,0,0,0,0,0
"POINT (6.775350491000040 51.227841887000068)",Unfall 214584 (2020) Kat:3, Licht: 0,214584,3,2,5,09,14,2,0,0,0,1,0,1,0,0
"POINT (6.895119826000041 51.145116595000047)",Unfall 214607 (2020) Kat:2, Licht: 2,214607,2,1,9,09,21,6,0,2,0,0,0,1,0,0
"POINT (6.896882735000077 51.143378651000035)",Unfall 214610 (2020) Kat:3, Licht: 0,214610,3,7,0,09,16,6,0,0,0,0,0,1,0,0
"POINT (6.775225432000070 51.216812265000044)",Unfall 214612 (2020) Kat:3, Licht: 0,214612,3,7,0,09,09,6,0,0,1,0,0,0,0,0