WKT,Name,OBJECTID,UKATEGORIE,UTYP1,UART,UMONAT,USTUNDE,UWOCHENTAG,STRZUSTAND,ULICHTVERH,ISTRAD,ISTPKW,ISTFUSS,ISTKRAD,ISTGKFZ,ISTSONSTIG
"POINT (6.765632562000064 51.246658424000032)",Unfall 214619 (2020) Kat:3, Licht: 0,214619,3,6,2,09,15,6,0,0,1,1,0,0,0,0
"POINT (6.768525579000027 51.279465986000048)",Unfall 214622 (2020) Kat:3, Licht: 0,214622,3,7,0,09,07,6,0,0,0,0,0,0,0,1
"POINT (6.814384843000028 51.230447364000042)",Unfall 214624 (2020) Kat:3, Licht: 0,214624,3,7,0,09,08,2,0,0,0,1,1,0,0,0
"POINT (6.727436177000072 51.248958442000060)",Unfall 214626 (2020) Kat:3, Licht: 0,214626,3,2,5,09,12,6,0,0,1,0,0,0,0,1
"POINT (6.836846419000040 51.182590620000042)",Unfall 214660 (2020) Kat:3, Licht: 2,214660,3,1,0,09,20,7,0,2,1,0,0,0,0,0
"POINT (6.887869596000030 51.204481808000025)",Unfall 214662 (2020) Kat:3, Licht: 0,214662,3,3,5,09,13,7,0,0,1,1,0,0,0,0
"POINT (6.762837913000055 51.210635205000074)",Unfall 214664 (2020) Kat:3, Licht: 0,214664,3,7,0,09,18,7,0,0,1,0,0,0,0,0
"POINT (6.841454273000068 51.185496063000073)",Unfall 214666 (2020) Kat:3, Licht: 0,214666,3,6,4,09,14,7,0,0,1,1,0,0,0,0
"POINT (6.859136449000062 51.179166781000049)",Unfall 214667 (2020) Kat:3, Licht: 0,214667,3,2,5,09,14,7,0,0,0,1,0,0,0,1
"POINT (6.815784830000041 51.212674047000064)",Unfall 214668 (2020) Kat:3, Licht: 0,214668,3,6,3,09,07,7,0,0,1,0,0,0,0,1
"POINT (6.800650549000068 51.233795363000070)",Unfall 214670 (2020) Kat:1, Licht: 2,214670,1,1,0,09,05,7,0,2,0,0,0,1,0,0
"POINT (6.792839835000052 51.211394492000068)",Unfall 214671 (2020) Kat:2, Licht: 0,214671,2,3,0,09,17,7,0,0,1,0,0,0,0,1
"POINT (6.782576226000060 51.223025265000047)",Unfall 214672 (2020) Kat:3, Licht: 0,214672,3,3,5,09,15,7,0,0,0,1,0,0,0,0
"POINT (6.723628809000047 51.230625929000041)",Unfall 214674 (2020) Kat:3, Licht: 0,214674,3,3,5,09,13,7,0,0,1,1,0,0,0,0
"POINT (6.820645335000052 51.218492569000034)",Unfall 214688 (2020) Kat:3, Licht: 0,214688,3,6,3,09,17,2,0,0,1,1,0,0,0,0
"POINT (6.742628281000066 51.298686486000065)",Unfall 214724 (2020) Kat:3, Licht: 2,214724,3,5,1,09,00,2,0,2,1,1,0,0,0,0
"POINT (6.752247375000025 51.242423726000027)",Unfall 214742 (2020) Kat:3, Licht: 0,214742,3,6,4,09,17,3,0,0,1,0,0,0,0,0
"POINT (6.775278832000026 51.213978999000062)",Unfall 214745 (2020) Kat:3, Licht: 0,214745,3,3,5,09,16,5,0,0,0,1,0,1,0,0
"POINT (6.795597147000024 51.281897075000074)",Unfall 214753 (2020) Kat:3, Licht: 0,214753,3,3,5,09,16,4,0,0,1,0,0,0,0,1
"POINT (6.816115367000066 51.213632265000058)",Unfall 214794 (2020) Kat:3, Licht: 2,214794,3,3,5,09,21,5,0,2,1,1,0,0,0,0
"POINT (6.801470558000062 51.235229636000042)",Unfall 214802 (2020) Kat:3, Licht: 0,214802,3,5,1,09,07,4,0,0,0,1,0,1,0,0
"POINT (6.807579771000064 51.221412337000061)",Unfall 214843 (2020) Kat:3, Licht: 0,214843,3,6,3,09,15,5,0,0,0,1,0,0,0,1
"POINT (6.829772306000052 51.169970169000067)",Unfall 214847 (2020) Kat:3, Licht: 0,214847,3,2,5,09,16,5,0,0,0,1,0,1,0,0
"POINT (6.813151349000066 51.195788827000058)",Unfall 214856 (2020) Kat:3, Licht: 0,214856,3,3,5,09,08,4,0,0,1,1,0,0,0,0
"POINT (6.810936680000054 51.210911567000039)",Unfall 214868 (2020) Kat:3, Licht: 0,214868,3,3,5,09,14,4,0,0,1,0,0,0,0,1
"POINT (6.778200142000060 51.206769881000071)",Unfall 214888 (2020) Kat:3, Licht: 0,214888,3,5,1,09,16,3,0,0,1,1,0,0,0,0
"POINT (6.842669342000022 51.206074600000079)",Unfall 214898 (2020) Kat:3, Licht: 0,214898,3,7,0,09,16,3,0,0,0,1,0,1,0,0
"POINT (6.776382772000034 51.207265359000075)",Unfall 214899 (2020) Kat:3, Licht: 0,214899,3,7,0,09,14,5,0,0,1,0,0,0,0,0
"POINT (6.783254606000071 51.245066201000043)",Unfall 214907 (2020) Kat:3, Licht: 2,214907,3,7,3,09,23,4,0,2,1,1,0,0,0,0
"POINT (6.793337308000048 51.253080894000050)",Unfall 214940 (2020) Kat:3, Licht: 0,214940,3,6,4,09,18,3,0,0,1,0,0,0,0,0
"POINT (6.792606250000063 51.243374302000063)",Unfall 214943 (2020) Kat:3, Licht: 0,214943,3,6,1,09,12,3,0,0,0,1,0,0,0,0
"POINT (6.720636241000022 51.237256182000067)",Unfall 214950 (2020) Kat:3, Licht: 0,214950,3,7,1,09,14,3,0,0,0,1,0,0,0,0
"POINT (6.783997363000026 51.235706487000073)",Unfall 214951 (2020) Kat:3, Licht: 0,214951,3,6,2,09,07,5,0,0,1,1,0,0,0,0
"POINT (6.760202100000072 51.224172050000050)",Unfall 214974 (2020) Kat:3, Licht: 2,214974,3,1,9,09,19,4,0,2,0,1,0,0,0,0
"POINT (6.792700523000065 51.222708737000062)",Unfall 214991 (2020) Kat:3, Licht: 0,214991,3,2,4,09,08,3,0,0,1,1,0,0,0,0
"POINT (6.770776760000047 51.201109366000026)",Unfall 215004 (2020) Kat:3, Licht: 0,215004,3,5,1,09,12,6,0,0,1,1,0,0,0,0
"POINT (6.847528128000022 51.165759316000049)",Unfall 215012 (2020) Kat:3, Licht: 0,215012,3,6,6,09,15,6,0,0,1,0,1,0,0,0
"POINT (6.872329753000031 51.190297990000033)",Unfall 215016 (2020) Kat:3, Licht: 0,215016,3,1,0,09,16,7,0,0,0,0,0,1,0,0
"POINT (6.810475375000067 51.225308250000069)",Unfall 215023 (2020) Kat:2, Licht: 0,215023,2,7,6,09,12,6,0,0,0,1,1,0,0,0
"POINT (6.820925341000020 51.218657347000033)",Unfall 215035 (2020) Kat:3, Licht: 0,215035,3,2,5,09,12,6,0,0,1,1,0,0,0,0
"POINT (6.780556136000030 51.202563998000073)",Unfall 215042 (2020) Kat:2, Licht: 0,215042,2,3,5,09,16,6,0,0,1,1,0,0,0,0
"POINT (6.789687365000020 51.242862464000041)",Unfall 215053 (2020) Kat:3, Licht: 0,215053,3,2,2,09,12,6,0,0,0,1,0,0,0,0
"POINT (6.790242420000027 51.236971424000046)",Unfall 215082 (2020) Kat:3, Licht: 0,215082,3,1,0,09,18,7,0,0,1,0,0,0,0,0
"POINT (6.881999751000024 51.154825239000047)",Unfall 215146 (2020) Kat:3, Licht: 0,215146,3,7,8,09,12,6,0,0,0,1,0,0,0,0
"POINT (6.778508530000067 51.225149319000082)",Unfall 215240 (2020) Kat:3, Licht: 2,215240,3,7,0,09,21,7,0,2,0,1,1,0,0,0
"POINT (6.813813695000022 51.230962687000044)",Unfall 215244 (2020) Kat:3, Licht: 2,215244,3,7,0,09,20,1,0,2,0,0,1,0,0,1
"POINT (6.829795326000067 51.208550955000078)",Unfall 215281 (2020) Kat:3, Licht: 0,215281,3,4,6,09,17,4,0,0,0,1,1,0,0,0
"POINT (6.807453515000020 51.227005132000045)",Unfall 215299 (2020) Kat:3, Licht: 0,215299,3,6,1,09,19,2,0,0,1,1,0,0,0,0
"POINT (6.788102800000047 51.263079587000050)",Unfall 215303 (2020) Kat:3, Licht: 1,215303,3,2,5,09,06,2,0,1,1,1,0,0,0,0
"POINT (6.838107533000027 51.200409675000060)",Unfall 215332 (2020) Kat:3, Licht: 0,215332,3,7,6,09,17,4,0,0,0,1,1,0,0,0
"POINT (6.828402415000028 51.209686068000053)",Unfall 215388 (2020) Kat:3, Licht: 0,215388,3,2,5,09,08,4,0,0,0,1,0,0,0,1
"POINT (6.789906351000070 51.234559015000059)",Unfall 215402 (2020) Kat:3, Licht: 0,215402,3,1,1,09,17,4,1,0,1,1,0,0,0,0
"POINT (6.820943332000070 51.184319328000072)",Unfall 215441 (2020) Kat:2, Licht: 0,215441,2,4,6,09,15,4,0,0,0,1,1,0,0,0
"POINT (6.787669986000026 51.218492917000049)",Unfall 215492 (2020) Kat:3, Licht: 0,215492,3,3,5,09,17,4,0,0,1,0,0,0,0,0
"POINT (6.814343907000023 51.193814600000053)",Unfall 215586 (2020) Kat:3, Licht: 0,215586,3,7,6,09,09,7,1,0,0,1,1,0,0,0
"POINT (6.761713294000060 51.316808454000068)",Unfall 215588 (2020) Kat:2, Licht: 0,215588,2,1,4,09,14,7,1,0,0,1,0,0,0,1
"POINT (6.760734947000060 51.253875603000040)",Unfall 215590 (2020) Kat:3, Licht: 2,215590,3,1,8,09,20,7,1,2,1,1,0,0,0,0
"POINT (6.819235414000048 51.216598876000035)",Unfall 215591 (2020) Kat:3, Licht: 2,215591,3,1,0,09,21,7,1,2,0,0,0,1,0,0
"POINT (6.810592212000074 51.225298550000048)",Unfall 215592 (2020) Kat:3, Licht: 0,215592,3,3,5,09,11,7,0,0,0,1,0,0,0,0
"POINT (6.779161401000067 51.219048956000051)",Unfall 215595 (2020) Kat:3, Licht: 0,215595,3,2,3,09,14,7,1,0,1,1,0,0,0,0
"POINT (6.793185636000032 51.217332185000032)",Unfall 215597 (2020) Kat:3, Licht: 0,215597,3,2,5,09,11,7,1,0,1,1,0,0,0,0
"POINT (6.780099770000049 51.253953680000052)",Unfall 215660 (2020) Kat:3, Licht: 0,215660,3,2,5,09,14,2,1,0,0,1,1,0,0,0
"POINT (6.775281987000028 51.214166419000037)",Unfall 215698 (2020) Kat:2, Licht: 2,215698,2,4,6,09,20,5,0,2,0,1,1,0,0,0
"POINT (6.881242108000038 51.164175362000037)",Unfall 215701 (2020) Kat:3, Licht: 0,215701,3,2,5,09,18,6,0,0,1,1,0,0,0,0
"POINT (6.830542834000028 51.208092285000077)",Unfall 215702 (2020) Kat:3, Licht: 0,215702,3,6,2,09,14,6,0,0,0,1,0,0,0,1
"POINT (6.775290575000042 51.215597965000029)",Unfall 215703 (2020) Kat:2, Licht: 2,215703,2,2,5,09,19,6,0,2,0,1,0,0,0,0
"POINT (6.762313793000033 51.200741249000032)",Unfall 215704 (2020) Kat:3, Licht: 0,215704,3,6,2,09,11,5,0,0,0,1,0,0,0,0
"POINT (6.802514864000045 51.238604634000069)",Unfall 215706 (2020) Kat:3, Licht: 0,215706,3,6,2,09,07,6,1,0,0,1,0,0,0,1
"POINT (6.785534615000074 51.214632654000070)",Unfall 215707 (2020) Kat:3, Licht: 0,215707,3,3,5,09,14,5,0,0,1,1,0,0,0,0
"POINT (6.804319820000046 51.223450404000062)",Unfall 215708 (2020) Kat:3, Licht: 0,215708,3,3,5,09,08,6,1,0,1,1,0,0,0,0
"POINT (6.793061995000073 51.239583851000077)",Unfall 215709 (2020) Kat:3, Licht: 1,215709,3,2,5,09,08,6,0,1,1,1,0,0,0,0
"POINT (6.794860250000056 51.230862746000071)",Unfall 215710 (2020) Kat:3, Licht: 0,215710,3,7,0,09,09,6,1,0,0,1,0,0,0,1
"POINT (6.812592088000031 51.262495525000077)",Unfall 215711 (2020) Kat:3, Licht: 0,215711,3,4,0,09,13,6,0,0,0,0,1,0,0,1
"POINT (6.796633964000023 51.227278473000069)",Unfall 215712 (2020) Kat:3, Licht: 0,215712,3,5,1,09,16,5,0,0,1,1,1,0,0,0
"POINT (6.779384973000049 51.224339999000051)",Unfall 215713 (2020) Kat:3, Licht: 0,215713,3,7,0,09,13,6,1,0,1,1,0,0,0,0
"POINT (6.790146560000039 51.217257768000081)",Unfall 215714 (2020) Kat:3, Licht: 0,215714,3,6,0,09,13,6,1,0,1,1,0,0,0,0
"POINT (6.794594480000058 51.277439981000043)",Unfall 215736 (2020) Kat:3, Licht: 0,215736,3,4,0,09,11,1,0,0,0,1,1,0,0,0
"POINT (6.825092098000027 51.225890882000044)",Unfall 215768 (2020) Kat:3, Licht: 0,215768,3,6,0,09,16,2,1,0,0,1,0,1,0,0
"POINT (6.836708162000036 51.212874477000071)",Unfall 215778 (2020) Kat:2, Licht: 2,215778,2,2,5,09,19,1,1,2,0,1,0,1,0,0
"POINT (6.748391566000066 51.259319149000078)",Unfall 215827 (2020) Kat:3, Licht: 0,215827,3,7,5,09,15,3,1,0,1,1,0,0,0,0
"POINT (6.794509777000030 51.217649807000043)",Unfall 215875 (2020) Kat:3, Licht: 0,215875,3,6,0,09,12,3,1,0,1,0,1,0,0,0
"POINT (6.811105431000044 51.187482998000064)",Unfall 215880 (2020) Kat:2, Licht: 0,215880,2,2,6,09,12,3,1,0,0,1,1,0,0,0
"POINT (6.853626867000060 51.204773430000046)",Unfall 215886 (2020) Kat:3, Licht: 0,215886,3,7,0,10,17,5,1,0,0,0,0,1,0,0
"POINT (6.832433891000051 51.175662862000081)",Unfall 215893 (2020) Kat:2, Licht: 0,215893,2,3,5,10,15,5,1,0,0,1,0,0,0,0
"POINT (6.848988826000038 51.220499928000038)",Unfall 215896 (2020) Kat:3, Licht: 0,215896,3,3,1,10,07,5,0,0,1,1,0,0,0,0
"POINT (6.793847121000056 51.247056453000027)",Unfall 215904 (2020) Kat:3, Licht: 0,215904,3,3,5,10,08,5,0,0,0,1,0,0,1,0
"POINT (6.825666288000036 51.195892291000064)",Unfall 215932 (2020) Kat:3, Licht: 0,215932,3,1,3,09,14,3,0,0,1,1,0,0,0,0
"POINT (6.786697040000036 51.192088623000075)",Unfall 215970 (2020) Kat:2, Licht: 2,215970,2,7,0,09,19,3,0,2,1,0,0,0,0,0
"POINT (6.808468463000054 51.230292624000072)",Unfall 215983 (2020) Kat:3, Licht: 0,215983,3,4,6,09,08,3,1,0,0,1,1,0,0,0
"POINT (6.763388818000067 51.208830656000032)",Unfall 215994 (2020) Kat:3, Licht: 0,215994,3,3,5,10,15,5,1,0,1,1,0,0,0,0
"POINT (6.890011682000022 51.146754523000027)",Unfall 216004 (2020) Kat:3, Licht: 2,216004,3,6,0,09,19,4,0,2,1,0,1,0,0,0
"POINT (6.831383222000056 51.209162973000048)",Unfall 216006 (2020) Kat:3, Licht: 0,216006,3,2,5,09,16,4,0,0,1,1,0,0,0,0
"POINT (6.793705216000035 51.247043062000046)",Unfall 216008 (2020) Kat:3, Licht: 0,216008,3,2,5,09,17,4,0,0,0,1,0,0,0,0
"POINT (6.793847121000056 51.247056453000027)",Unfall 216014 (2020) Kat:3, Licht: 0,216014,3,2,4,09,17,4,0,0,0,1,0,0,0,0
"POINT (6.788391147000027 51.232549981000034)",Unfall 216017 (2020) Kat:3, Licht: 0,216017,3,7,0,09,13,4,1,0,0,0,0,0,0,1
"POINT (6.794397245000027 51.214020573000028)",Unfall 216021 (2020) Kat:3, Licht: 2,216021,3,3,5,09,01,4,0,2,0,1,0,1,0,0
"POINT (6.722478194000075 51.241994385000055)",Unfall 216026 (2020) Kat:3, Licht: 0,216026,3,7,0,09,16,4,0,0,0,0,1,0,0,1
"POINT (6.767167536000045 51.193618877000063)",Unfall 216035 (2020) Kat:3, Licht: 0,216035,3,1,0,09,13,3,1,0,1,0,0,0,0,0
"POINT (6.897734100000037 51.203167621000034)",Unfall 216067 (2020) Kat:2, Licht: 0,216067,2,3,5,10,18,2,0,0,1,0,0,0,0,0
"POINT (6.787041789000057 51.196282677000056)",Unfall 216082 (2020) Kat:3, Licht: 0,216082,3,4,6,10,15,6,0,0,0,0,1,0,0,1
"POINT (6.768328347000022 51.210873935000052)",Unfall 216088 (2020) Kat:3, Licht: 2,216088,3,4,6,10,19,6,0,2,0,1,1,0,0,0
"POINT (6.863540879000027 51.199224303000051)",Unfall 216093 (2020) Kat:3, Licht: 2,216093,3,1,8,10,20,6,1,2,0,1,0,0,0,0
"POINT (6.885115973000040 51.205536479000045)",Unfall 216100 (2020) Kat:3, Licht: 0,216100,3,3,0,10,13,6,0,0,0,1,0,0,0,1
"POINT (6.781104889000062 51.218976602000055)",Unfall 216105 (2020) Kat:3, Licht: 0,216105,3,6,1,10,16,6,0,0,0,1,0,0,0,0
"POINT (6.787301422000041 51.227794777000042)",Unfall 216108 (2020) Kat:3, Licht: 0,216108,3,7,6,10,13,6,1,0,0,1,1,0,0,0
"POINT (6.778498516000070 51.224735766000038)",Unfall 216110 (2020) Kat:3, Licht: 2,216110,3,5,1,10,22,6,0,2,1,1,0,0,0,0
"POINT (6.806444585000065 51.218420348000052)",Unfall 216144 (2020) Kat:3, Licht: 0,216144,3,3,5,10,16,3,1,0,1,1,0,0,0,0
"POINT (6.776732916000071 51.210366360000080)",Unfall 216166 (2020) Kat:2, Licht: 2,216166,2,1,0,10,03,7,1,2,0,0,0,0,0,1
"POINT (6.775107012000035 51.219116339000038)",Unfall 216174 (2020) Kat:3, Licht: 2,216174,3,6,2,10,19,2,1,2,0,1,0,0,0,0
"POINT (6.782690229000025 51.235068144000081)",Unfall 216217 (2020) Kat:3, Licht: 0,216217,3,1,1,10,13,1,0,0,1,1,0,0,0,0
"POINT (6.798670572000049 51.215353016000051)",Unfall 216228 (2020) Kat:3, Licht: 0,216228,3,2,5,10,08,2,1,0,1,1,0,0,0,0
"POINT (6.849002427000073 51.220519957000079)",Unfall 216255 (2020) Kat:2, Licht: 0,216255,2,2,0,10,15,3,1,0,0,0,0,1,0,0
"POINT (6.814545953000049 51.192943105000040)",Unfall 216259 (2020) Kat:2, Licht: 0,216259,2,6,2,10,15,3,1,0,0,1,0,1,0,0
"POINT (6.888294136000070 51.148344112000075)",Unfall 216350 (2020) Kat:3, Licht: 0,216350,3,6,2,10,08,6,1,0,0,1,0,0,0,0
"POINT (6.886559736000038 51.165216688000044)",Unfall 216356 (2020) Kat:3, Licht: 0,216356,3,7,0,10,17,6,1,0,1,0,0,1,0,0
"POINT (6.819751164000024 51.208560091000038)",Unfall 216362 (2020) Kat:3, Licht: 0,216362,3,2,5,10,08,6,0,0,1,1,0,0,0,0
"POINT (6.838358148000054 51.171394995000071)",Unfall 216366 (2020) Kat:3, Licht: 1,216366,3,3,5,10,07,5,1,1,1,1,0,0,0,0
"POINT (6.793765947000054 51.216720652000049)",Unfall 216368 (2020) Kat:3, Licht: 0,216368,3,3,5,10,20,6,1,0,1,1,0,0,0,0
"POINT (6.756768613000077 51.268951509000033)",Unfall 216369 (2020) Kat:3, Licht: 0,216369,3,3,5,10,08,5,1,0,1,1,0,0,0,0
"POINT (6.819573323000043 51.217431962000035)",Unfall 216371 (2020) Kat:3, Licht: 2,216371,3,7,0,10,20,5,1,2,0,1,1,0,0,0
"POINT (6.780556615000023 51.244225338000035)",Unfall 216373 (2020) Kat:3, Licht: 0,216373,3,7,1,10,14,5,0,0,0,1,0,0,0,0
"POINT (6.793594191000068 51.221191577000070)",Unfall 216375 (2020) Kat:3, Licht: 0,216375,3,1,7,10,11,5,1,0,0,1,1,0,0,0
"POINT (6.860828338000033 51.169464131000041)",Unfall 216488 (2020) Kat:3, Licht: 0,216488,3,1,0,10,14,4,1,0,1,0,0,0,0,0
"POINT (6.804142112000022 51.247111701000051)",Unfall 216490 (2020) Kat:3, Licht: 1,216490,3,7,0,10,18,4,0,1,0,0,1,0,0,1
"POINT (6.792932592000057 51.211358566000058)",Unfall 216573 (2020) Kat:3, Licht: 0,216573,3,4,6,10,13,1,0,0,0,1,1,0,0,0
"POINT (6.837466684000049 51.205241449000027)",Unfall 216589 (2020) Kat:3, Licht: 0,216589,3,4,6,10,16,2,1,0,0,1,1,0,0,0
"POINT (6.809554517000038 51.220585543000027)",Unfall 216641 (2020) Kat:3, Licht: 0,216641,3,6,2,10,15,2,1,0,0,1,0,0,0,0
"POINT (6.788423222000063 51.263198897000052)",Unfall 216648 (2020) Kat:3, Licht: 2,216648,3,2,6,10,21,5,0,2,0,1,1,0,0,0
"POINT (6.879285376000041 51.210022607000042)",Unfall 216654 (2020) Kat:3, Licht: 0,216654,3,2,5,10,12,3,0,0,0,1,0,0,0,0
"POINT (6.813570716000072 51.229750013000057)",Unfall 216702 (2020) Kat:3, Licht: 0,216702,3,6,3,10,17,5,0,0,1,0,0,0,0,0
"POINT (6.816838876000077 51.220264055000030)",Unfall 216706 (2020) Kat:3, Licht: 0,216706,3,5,1,10,13,4,0,0,1,1,0,0,0,0
"POINT (6.902637662000075 51.127885760000026)",Unfall 216734 (2020) Kat:3, Licht: 0,216734,3,3,5,10,09,7,0,0,1,0,0,1,0,0
"POINT (6.761935497000025 51.265097552000043)",Unfall 216739 (2020) Kat:3, Licht: 2,216739,3,3,5,10,21,7,1,2,1,1,0,0,0,0
"POINT (6.803913050000062 51.228389279000055)",Unfall 216744 (2020) Kat:3, Licht: 0,216744,3,5,0,10,12,7,0,0,0,0,0,0,0,1
"POINT (6.790042141000072 51.245431422000081)",Unfall 216746 (2020) Kat:3, Licht: 0,216746,3,5,1,10,11,2,1,0,0,0,0,0,1,1
"POINT (6.816840976000037 51.214096954000070)",Unfall 216754 (2020) Kat:3, Licht: 0,216754,3,2,4,10,16,5,0,0,0,1,0,0,0,0
"POINT (6.735395080000046 51.215751156000067)",Unfall 216761 (2020) Kat:3, Licht: 0,216761,3,6,2,10,17,3,0,0,0,1,0,0,1,0
"POINT (6.749354939000057 51.232882969000059)",Unfall 216794 (2020) Kat:3, Licht: 0,216794,3,7,5,10,16,2,1,0,1,1,0,0,0,0
"POINT (6.813543900000070 51.222060731000056)",Unfall 216803 (2020) Kat:3, Licht: 2,216803,3,1,0,10,19,5,0,2,1,0,0,0,0,0
"POINT (6.789121954000052 51.266702084000030)",Unfall 216808 (2020) Kat:3, Licht: 2,216808,3,1,8,10,21,3,0,2,0,0,0,1,0,0
"POINT (6.829248906000032 51.179297320000046)",Unfall 216842 (2020) Kat:3, Licht: 0,216842,3,7,5,10,11,2,0,0,0,1,0,0,0,1
"POINT (6.783224133000033 51.218896754000070)",Unfall 216850 (2020) Kat:3, Licht: 2,216850,3,4,0,10,20,4,0,2,0,0,1,0,0,1
"POINT (6.787435594000044 51.236766175000071)",Unfall 216860 (2020) Kat:3, Licht: 1,216860,3,6,3,10,17,3,1,1,0,1,0,1,0,0
"POINT (6.763689392000060 51.215378701000077)",Unfall 216866 (2020) Kat:3, Licht: 2,216866,3,6,0,10,20,7,0,2,0,1,0,0,0,1
"POINT (6.865997230000062 51.245560628000078)",Unfall 216893 (2020) Kat:2, Licht: 0,216893,2,7,8,10,11,2,1,0,1,0,0,0,0,0
"POINT (6.862210999000070 51.162240985000039)",Unfall 216897 (2020) Kat:3, Licht: 1,216897,3,2,3,10,18,3,1,1,1,1,0,0,0,0
"POINT (6.790235063000068 51.219662143000050)",Unfall 216908 (2020) Kat:3, Licht: 0,216908,3,7,4,10,09,3,0,0,1,0,0,0,0,1
"POINT (6.760119601000042 51.266700570000069)",Unfall 216956 (2020) Kat:3, Licht: 2,216956,3,5,1,10,05,4,1,2,0,1,0,0,0,1
"POINT (6.782562967000047 51.241090742000040)",Unfall 216965 (2020) Kat:3, Licht: 0,216965,3,7,1,10,15,3,1,0,1,1,0,0,0,0
"POINT (6.830801847000032 51.206645045000073)",Unfall 216999 (2020) Kat:3, Licht: 0,216999,3,4,6,10,15,2,0,0,0,1,1,0,0,0
"POINT (6.781494968000061 51.243061315000034)",Unfall 217015 (2020) Kat:3, Licht: 0,217015,3,7,3,10,16,3,1,0,0,1,0,0,0,0
"POINT (6.792953830000045 51.224004868000065)",Unfall 217021 (2020) Kat:3, Licht: 0,217021,3,3,5,10,10,4,1,0,1,1,0,0,0,0
"POINT (6.786103399000069 51.224591733000068)",Unfall 217045 (2020) Kat:3, Licht: 0,217045,3,1,2,10,14,6,0,0,0,1,0,0,0,0
"POINT (6.711793073000024 51.241271906000065)",Unfall 217048 (2020) Kat:3, Licht: 0,217048,3,1,0,10,16,6,0,0,1,0,0,0,0,0
"POINT (6.819205921000048 51.216544373000033)",Unfall 217058 (2020) Kat:3, Licht: 2,217058,3,2,5,10,21,4,0,2,0,1,0,0,0,0
"POINT (6.844285171000024 51.188351194000063)",Unfall 217065 (2020) Kat:3, Licht: 2,217065,3,2,4,10,20,3,1,2,0,1,0,1,0,0
"POINT (6.779163340000025 51.219102074000034)",Unfall 217081 (2020) Kat:2, Licht: 2,217081,2,7,0,10,23,6,0,2,1,0,0,0,0,0
"POINT (6.808086067000033 51.211046482000029)",Unfall 217106 (2020) Kat:3, Licht: 0,217106,3,6,2,10,12,6,1,0,0,1,0,1,0,0
"POINT (6.799910762000025 51.209237859000041)",Unfall 217118 (2020) Kat:3, Licht: 0,217118,3,3,5,10,14,6,1,0,1,0,0,1,0,0
"POINT (6.774034975000063 51.223080409000033)",Unfall 217130 (2020) Kat:3, Licht: 0,217130,3,4,6,10,11,6,1,0,0,1,1,0,0,0
"POINT (6.721468499000025 51.228270790000067)",Unfall 217161 (2020) Kat:3, Licht: 0,217161,3,4,6,10,07,2,0,0,1,0,1,0,0,0
"POINT (6.786732255000061 51.192003391000071)",Unfall 217191 (2020) Kat:3, Licht: 0,217191,3,6,0,10,15,7,0,0,1,0,0,0,0,1
"POINT (6.781703016000051 51.199898219000033)",Unfall 217228 (2020) Kat:3, Licht: 0,217228,3,3,5,10,12,1,1,0,1,0,0,0,0,0
"POINT (6.895228545000066 51.144912637000061)",Unfall 217266 (2020) Kat:3, Licht: 0,217266,3,2,3,10,10,2,1,0,1,1,0,0,0,0
"POINT (6.844437627000048 51.237260171000059)",Unfall 217294 (2020) Kat:3, Licht: 1,217294,3,3,0,10,18,5,1,1,0,1,0,1,0,0
"POINT (6.779287480000050 51.223037344000033)",Unfall 217316 (2020) Kat:3, Licht: 0,217316,3,2,0,10,14,2,0,0,0,1,0,0,0,1
"POINT (6.838039300000048 51.203857700000071)",Unfall 217326 (2020) Kat:3, Licht: 2,217326,3,5,0,10,18,6,1,2,0,1,0,1,0,0
"POINT (6.883001277000062 51.155184624000071)",Unfall 217328 (2020) Kat:3, Licht: 2,217328,3,3,0,10,22,6,1,2,0,1,0,0,0,1
"POINT (6.860458920000042 51.166265197000030)",Unfall 217329 (2020) Kat:3, Licht: 2,217329,3,6,2,10,17,1,1,2,0,1,0,0,0,0
"POINT (6.761986232000027 51.201157180000052)",Unfall 217363 (2020) Kat:3, Licht: 0,217363,3,3,5,10,13,6,0,0,1,1,0,0,0,0
"POINT (6.860593346000030 51.181841185000053)",Unfall 217368 (2020) Kat:3, Licht: 1,217368,3,3,5,10,16,5,1,1,0,1,0,0,0,0
"POINT (6.765433124000026 51.211267217000056)",Unfall 217371 (2020) Kat:3, Licht: 0,217371,3,2,5,10,12,5,0,0,0,1,0,1,0,0
"POINT (6.827595948000067 51.172268813000073)",Unfall 217372 (2020) Kat:2, Licht: 0,217372,2,1,0,10,09,5,1,0,1,0,0,0,0,0
"POINT (6.883085868000023 51.150268452000034)",Unfall 217373 (2020) Kat:3, Licht: 0,217373,3,3,5,10,11,5,0,0,0,1,0,1,0,0
"POINT (6.868634953000026 51.162380382000038)",Unfall 217374 (2020) Kat:3, Licht: 2,217374,3,1,0,10,21,5,1,2,0,1,0,0,0,0
"POINT (6.791973777000067 51.220660863000035)",Unfall 217376 (2020) Kat:3, Licht: 0,217376,3,6,6,10,07,6,0,0,0,0,1,0,0,1