WKT,Name,OBJECTID,UKATEGORIE,UTYP1,UART,UMONAT,USTUNDE,UWOCHENTAG,STRZUSTAND,ULICHTVERH,ISTRAD,ISTPKW,ISTFUSS,ISTKRAD,ISTGKFZ,ISTSONSTIG
"POINT (6.787334204000047 51.211169142000074)",Unfall 217377 (2020) Kat:3, Licht: 0,217377,3,7,1,10,11,5,1,0,1,0,0,0,1,0
"POINT (6.816840976000037 51.214096954000070)",Unfall 217378 (2020) Kat:3, Licht: 0,217378,3,2,5,10,16,5,1,0,0,1,0,0,0,0
"POINT (6.720162166000023 51.233629068000027)",Unfall 217379 (2020) Kat:3, Licht: 0,217379,3,3,5,10,08,5,0,0,1,1,0,0,0,0
"POINT (6.781456472000059 51.204733269000030)",Unfall 217387 (2020) Kat:3, Licht: 0,217387,3,7,6,10,09,6,0,0,0,1,1,0,0,0
"POINT (6.880845717000057 51.151354517000073)",Unfall 217498 (2020) Kat:3, Licht: 2,217498,3,1,8,10,20,4,1,2,0,1,0,0,0,0
"POINT (6.787473879000061 51.251623286000040)",Unfall 217500 (2020) Kat:2, Licht: 0,217500,2,7,0,10,12,4,0,0,1,0,0,0,0,0
"POINT (6.778464929000052 51.223504034000030)",Unfall 217502 (2020) Kat:3, Licht: 0,217502,3,5,1,10,16,4,0,0,0,1,0,0,0,0
"POINT (6.817140661000053 51.214024415000040)",Unfall 217570 (2020) Kat:3, Licht: 2,217570,3,2,4,10,06,3,0,2,1,1,0,0,0,0
"POINT (6.765708694000068 51.211191653000071)",Unfall 217573 (2020) Kat:3, Licht: 2,217573,3,7,1,10,20,3,0,2,0,1,0,1,0,0
"POINT (6.816852543000039 51.214109540000038)",Unfall 217574 (2020) Kat:3, Licht: 0,217574,3,3,5,10,11,3,0,0,0,1,0,0,0,0
"POINT (6.774477187000059 51.262790668000036)",Unfall 217575 (2020) Kat:2, Licht: 0,217575,2,3,5,10,07,3,0,0,1,1,0,0,0,0
"POINT (6.772951778000049 51.186744303000069)",Unfall 217603 (2020) Kat:3, Licht: 0,217603,3,7,7,11,16,4,0,0,1,0,0,0,0,0
"POINT (6.759244715000023 51.216248065000059)",Unfall 217620 (2020) Kat:3, Licht: 2,217620,3,2,5,11,05,2,0,2,1,1,0,0,0,0
"POINT (6.763286993000065 51.231667424000079)",Unfall 217635 (2020) Kat:3, Licht: 2,217635,3,3,5,11,18,2,1,2,1,1,0,0,0,0
"POINT (6.822612992000074 51.189878880000037)",Unfall 217652 (2020) Kat:3, Licht: 0,217652,3,2,5,11,12,4,0,0,1,0,0,0,0,1
"POINT (6.790209783000023 51.243014991000052)",Unfall 217672 (2020) Kat:3, Licht: 2,217672,3,2,5,11,17,2,1,2,1,1,0,0,0,0
"POINT (6.852596495000057 51.203282990000048)",Unfall 217674 (2020) Kat:3, Licht: 0,217674,3,6,0,11,16,3,1,0,1,1,0,0,0,0
"POINT (6.759055690000025 51.205265987000075)",Unfall 217728 (2020) Kat:3, Licht: 0,217728,3,7,6,11,09,2,0,0,0,1,1,0,0,0
"POINT (6.801149927000040 51.238513340000054)",Unfall 217741 (2020) Kat:3, Licht: 2,217741,3,5,1,11,18,2,1,2,0,1,0,0,0,1
"POINT (6.839975153000069 51.171247541000071)",Unfall 217743 (2020) Kat:3, Licht: 0,217743,3,3,5,11,16,3,0,0,1,1,0,0,0,0
"POINT (6.778138950000027 51.213966256000049)",Unfall 217759 (2020) Kat:3, Licht: 0,217759,3,2,2,11,16,4,0,0,0,1,0,1,0,0
"POINT (6.763522468000076 51.184609041000044)",Unfall 217773 (2020) Kat:3, Licht: 0,217773,3,6,4,10,13,7,0,0,1,0,0,0,0,0
"POINT (6.834451926000043 51.194494677000080)",Unfall 217778 (2020) Kat:3, Licht: 0,217778,3,3,5,11,09,2,0,0,1,1,0,0,0,0
"POINT (6.769986833000075 51.217749178000076)",Unfall 217799 (2020) Kat:3, Licht: 2,217799,3,1,9,11,17,1,1,2,0,1,0,0,0,0
"POINT (6.794319959000063 51.281440833000033)",Unfall 217828 (2020) Kat:3, Licht: 1,217828,3,3,5,11,08,2,1,1,1,1,0,0,0,0
"POINT (6.818449237000039 51.240283594000061)",Unfall 217844 (2020) Kat:3, Licht: 0,217844,3,5,1,11,08,3,0,0,1,1,0,0,0,0
"POINT (6.762843604000068 51.210642361000055)",Unfall 217861 (2020) Kat:3, Licht: 2,217861,3,2,5,11,18,2,0,2,1,1,0,0,0,0
"POINT (6.813366708000046 51.194920005000029)",Unfall 217866 (2020) Kat:3, Licht: 0,217866,3,6,2,11,12,7,0,0,0,1,0,0,0,0
"POINT (6.870517633000077 51.177749921000043)",Unfall 217868 (2020) Kat:3, Licht: 0,217868,3,7,1,11,09,7,0,0,1,1,0,0,0,0
"POINT (6.742354146000025 51.302090733000057)",Unfall 217869 (2020) Kat:3, Licht: 0,217869,3,3,5,11,15,7,0,0,1,1,0,0,0,0
"POINT (6.761905330000047 51.248781865000069)",Unfall 217871 (2020) Kat:3, Licht: 0,217871,3,7,7,11,16,7,0,0,1,0,1,0,0,0
"POINT (6.789188248000073 51.211177045000056)",Unfall 217965 (2020) Kat:3, Licht: 2,217965,3,1,0,11,01,1,0,2,0,0,0,0,0,1
"POINT (6.809024945000033 51.168351125000072)",Unfall 217966 (2020) Kat:3, Licht: 0,217966,3,5,1,11,13,1,0,0,1,1,0,0,0,0
"POINT (6.822525714000051 51.221644578000053)",Unfall 217968 (2020) Kat:3, Licht: 0,217968,3,2,4,11,15,1,0,0,0,1,0,1,0,0
"POINT (6.880818366000028 51.191679533000070)",Unfall 217970 (2020) Kat:2, Licht: 0,217970,2,6,2,11,15,6,0,0,1,0,0,0,0,0
"POINT (6.747413461000065 51.238922349000063)",Unfall 217973 (2020) Kat:3, Licht: 0,217973,3,6,2,11,16,6,0,0,0,0,0,0,0,1
"POINT (6.754182225000022 51.241059920000055)",Unfall 217974 (2020) Kat:3, Licht: 0,217974,3,7,1,11,16,6,0,0,1,1,0,0,0,0
"POINT (6.785456764000060 51.240386003000026)",Unfall 217975 (2020) Kat:3, Licht: 2,217975,3,7,0,11,21,1,0,2,0,0,0,0,0,1
"POINT (6.771900315000039 51.223270172000070)",Unfall 217978 (2020) Kat:2, Licht: 2,217978,2,1,0,11,00,1,0,2,0,0,0,0,0,1
"POINT (6.791237192000040 51.200071998000055)",Unfall 218067 (2020) Kat:3, Licht: 0,218067,3,2,4,11,15,5,0,0,1,0,0,0,0,0
"POINT (6.844095936000031 51.174048872000071)",Unfall 218069 (2020) Kat:3, Licht: 0,218069,3,1,8,11,10,5,0,0,0,1,0,0,0,0
"POINT (6.793028321000065 51.236525861000075)",Unfall 218072 (2020) Kat:3, Licht: 0,218072,3,7,3,11,16,5,0,0,1,0,1,0,0,0
"POINT (6.805345139000053 51.222649158000081)",Unfall 218074 (2020) Kat:2, Licht: 0,218074,2,2,3,11,07,5,0,0,0,1,0,1,0,0
"POINT (6.776678817000061 51.204290639000078)",Unfall 218108 (2020) Kat:3, Licht: 1,218108,3,2,5,11,07,2,1,1,0,1,0,0,0,0
"POINT (6.861392827000032 51.163677586000063)",Unfall 218129 (2020) Kat:3, Licht: 0,218129,3,5,1,11,14,6,0,0,0,1,0,0,0,0
"POINT (6.777580222000040 51.272616954000057)",Unfall 218140 (2020) Kat:3, Licht: 0,218140,3,3,5,11,15,6,1,0,1,1,0,0,0,0
"POINT (6.820856702000071 51.218681154000080)",Unfall 218149 (2020) Kat:3, Licht: 0,218149,3,3,5,11,10,3,0,0,1,0,0,0,1,0
"POINT (6.860937189000026 51.169682663000060)",Unfall 218186 (2020) Kat:3, Licht: 0,218186,3,1,0,11,13,3,0,0,1,0,0,0,0,0
"POINT (6.738759811000023 51.286183865000055)",Unfall 218192 (2020) Kat:3, Licht: 0,218192,3,2,5,11,10,6,0,0,1,1,0,0,0,0
"POINT (6.809673532000033 51.211771813000041)",Unfall 218196 (2020) Kat:3, Licht: 0,218196,3,2,6,11,15,3,0,0,0,1,1,0,0,0
"POINT (6.784627640000053 51.233599423000044)",Unfall 218214 (2020) Kat:3, Licht: 1,218214,3,1,0,11,08,5,1,1,1,0,0,0,0,0
"POINT (6.864272699000026 51.161412404000032)",Unfall 218239 (2020) Kat:3, Licht: 0,218239,3,2,5,11,10,3,0,0,1,1,0,0,0,0
"POINT (6.836224824000055 51.202824656000075)",Unfall 218241 (2020) Kat:2, Licht: 1,218241,2,3,3,11,16,4,0,1,1,0,0,0,0,1
"POINT (6.777132960000074 51.207222448000039)",Unfall 218244 (2020) Kat:3, Licht: 0,218244,3,6,0,11,10,4,0,0,0,1,0,0,0,0
"POINT (6.789993218000063 51.233794502000080)",Unfall 218248 (2020) Kat:3, Licht: 0,218248,3,2,5,11,13,6,0,0,1,1,0,0,0,0
"POINT (6.798852220000072 51.243886087000078)",Unfall 218250 (2020) Kat:3, Licht: 0,218250,3,7,0,11,16,4,1,0,1,1,0,0,0,0
"POINT (6.796614835000071 51.227116753000075)",Unfall 218254 (2020) Kat:3, Licht: 1,218254,3,2,3,11,07,4,1,1,1,1,0,0,0,0
"POINT (6.727559701000075 51.237574989000052)",Unfall 218255 (2020) Kat:2, Licht: 2,218255,2,2,4,11,19,4,0,2,0,1,0,0,0,0
"POINT (6.843477409000059 51.223113458000057)",Unfall 218268 (2020) Kat:1, Licht: 0,218268,1,7,0,11,10,5,0,0,0,0,0,0,0,1
"POINT (6.875049014000069 51.168879239000034)",Unfall 218288 (2020) Kat:3, Licht: 2,218288,3,2,6,11,17,6,1,2,0,0,1,0,0,1
"POINT (6.812666545000070 51.219241002000047)",Unfall 218306 (2020) Kat:3, Licht: 0,218306,3,2,3,11,12,3,0,0,1,1,0,0,0,0
"POINT (6.898385955000038 51.203892599000028)",Unfall 218322 (2020) Kat:3, Licht: 2,218322,3,2,6,11,18,5,0,2,0,1,1,0,0,0
"POINT (6.812822903000040 51.196282354000061)",Unfall 218344 (2020) Kat:3, Licht: 0,218344,3,2,5,11,13,3,0,0,1,1,0,0,0,0
"POINT (6.820504166000035 51.218317445000082)",Unfall 218352 (2020) Kat:2, Licht: 0,218352,2,6,2,11,08,6,0,0,0,1,0,0,0,0
"POINT (6.781362084000023 51.235982717000070)",Unfall 218371 (2020) Kat:2, Licht: 0,218371,2,1,0,11,08,5,1,0,0,0,0,0,0,1
"POINT (6.784767617000057 51.222996447000071)",Unfall 218412 (2020) Kat:2, Licht: 0,218412,2,3,5,11,16,4,0,0,0,1,0,1,0,0
"POINT (6.832374913000024 51.206568400000037)",Unfall 218434 (2020) Kat:3, Licht: 2,218434,3,5,1,11,18,3,0,2,1,1,0,0,0,0
"POINT (6.753010064000023 51.263777582000046)",Unfall 218503 (2020) Kat:3, Licht: 1,218503,3,3,5,11,16,3,0,1,1,1,0,0,0,0
"POINT (6.826734151000039 51.206755597000040)",Unfall 218504 (2020) Kat:3, Licht: 0,218504,3,1,0,11,13,7,0,0,0,0,0,1,0,0
"POINT (6.735191291000035 51.237928482000029)",Unfall 218506 (2020) Kat:3, Licht: 2,218506,3,6,0,11,17,7,0,2,0,1,0,0,0,1
"POINT (6.769729192000057 51.210889735000080)",Unfall 218513 (2020) Kat:3, Licht: 0,218513,3,2,5,11,11,7,0,0,1,1,0,0,0,0
"POINT (6.796307550000051 51.243637369000055)",Unfall 218522 (2020) Kat:3, Licht: 0,218522,3,2,3,11,15,4,0,0,1,1,0,0,0,0
"POINT (6.873832092000043 51.169015080000065)",Unfall 218597 (2020) Kat:3, Licht: 0,218597,3,2,5,11,10,3,0,0,1,1,0,0,0,0
"POINT (6.773696994000034 51.212414642000056)",Unfall 218613 (2020) Kat:3, Licht: 0,218613,3,4,6,11,11,4,0,0,0,1,1,0,0,0
"POINT (6.769114994000063 51.212698643000067)",Unfall 218638 (2020) Kat:3, Licht: 2,218638,3,6,3,11,20,1,1,2,1,1,0,0,0,0
"POINT (6.752738057000045 51.230936037000049)",Unfall 218659 (2020) Kat:3, Licht: 1,218659,3,2,5,11,17,3,0,1,1,1,0,0,0,0
"POINT (6.817045457000063 51.233394657000076)",Unfall 218683 (2020) Kat:3, Licht: 2,218683,3,7,0,11,16,2,0,2,0,0,0,0,0,1
"POINT (6.750062479000064 51.318242062000081)",Unfall 218709 (2020) Kat:3, Licht: 0,218709,3,3,5,11,11,3,0,0,1,1,0,0,0,0
"POINT (6.793076950000057 51.211314012000059)",Unfall 218759 (2020) Kat:3, Licht: 0,218759,3,3,5,11,09,3,0,0,0,1,0,0,0,0
"POINT (6.872857244000045 51.163733090000051)",Unfall 218810 (2020) Kat:2, Licht: 0,218810,2,7,0,11,13,1,1,0,0,0,1,0,0,1
"POINT (6.859711464000043 51.187479215000053)",Unfall 218811 (2020) Kat:3, Licht: 2,218811,3,2,5,11,18,5,1,2,1,1,0,0,0,0
"POINT (6.778888957000049 51.213961801000039)",Unfall 218814 (2020) Kat:3, Licht: 0,218814,3,6,2,11,15,3,0,0,0,1,0,0,0,1
"POINT (6.797084540000071 51.192523649000066)",Unfall 218815 (2020) Kat:3, Licht: 2,218815,3,2,5,11,18,5,1,2,0,1,0,0,0,1
"POINT (6.742610098000057 51.198453132000054)",Unfall 218818 (2020) Kat:3, Licht: 2,218818,3,7,0,11,18,5,1,2,0,1,1,0,0,0
"POINT (6.779947624000045 51.244983182000055)",Unfall 218823 (2020) Kat:2, Licht: 2,218823,2,4,6,11,16,5,1,2,0,1,1,0,0,0
"POINT (6.842598586000065 51.207309184000053)",Unfall 218831 (2020) Kat:3, Licht: 2,218831,3,2,5,11,17,1,1,2,1,1,0,0,0,0
"POINT (6.734061514000075 51.236328879000041)",Unfall 218836 (2020) Kat:3, Licht: 0,218836,3,3,5,11,09,2,1,0,1,1,0,0,0,0
"POINT (6.799709221000057 51.266818784000066)",Unfall 218861 (2020) Kat:3, Licht: 2,218861,3,3,5,11,16,3,0,2,1,1,0,0,0,0
"POINT (6.814810473000023 51.236068993000060)",Unfall 218887 (2020) Kat:3, Licht: 2,218887,3,3,5,11,18,1,1,2,1,1,0,0,0,0
"POINT (6.720727762000024 51.245409070000051)",Unfall 218901 (2020) Kat:2, Licht: 0,218901,2,1,1,11,15,1,0,0,0,1,0,0,0,0
"POINT (6.790144239000028 51.228171049000082)",Unfall 218902 (2020) Kat:2, Licht: 0,218902,2,5,2,11,09,5,0,0,1,1,0,0,0,1
"POINT (6.767282393000073 51.210917325000082)",Unfall 218928 (2020) Kat:2, Licht: 2,218928,2,1,6,11,18,2,1,2,1,0,1,0,0,0
"POINT (6.860344057000020 51.162246990000028)",Unfall 218930 (2020) Kat:3, Licht: 0,218930,3,2,7,11,08,6,0,0,0,1,1,0,0,0
"POINT (6.803645469000060 51.171387469000081)",Unfall 218940 (2020) Kat:2, Licht: 2,218940,2,1,0,11,22,5,0,2,1,0,0,0,0,0
"POINT (6.757502564000049 51.207008636000069)",Unfall 218951 (2020) Kat:2, Licht: 2,218951,2,2,5,11,17,4,0,2,1,0,0,0,0,1
"POINT (6.795919349000030 51.230352922000066)",Unfall 218954 (2020) Kat:3, Licht: 0,218954,3,6,4,11,08,4,0,0,1,0,0,0,0,0
"POINT (6.847194844000057 51.229993128000046)",Unfall 218955 (2020) Kat:3, Licht: 1,218955,3,1,0,11,16,4,0,1,0,0,0,0,0,1
"POINT (6.821600327000056 51.229294887000037)",Unfall 218977 (2020) Kat:3, Licht: 0,218977,3,4,6,11,12,6,0,0,0,1,1,0,0,0
"POINT (6.739383276000069 51.198274841000057)",Unfall 219002 (2020) Kat:3, Licht: 0,219002,3,1,4,11,14,1,0,0,1,1,0,0,0,0
"POINT (6.797279203000073 51.241750176000039)",Unfall 219003 (2020) Kat:3, Licht: 0,219003,3,3,5,11,10,5,0,0,1,1,0,0,0,0
"POINT (6.770821291000061 51.201702049000062)",Unfall 219031 (2020) Kat:2, Licht: 2,219031,2,2,6,11,17,2,1,2,0,1,1,0,0,0
"POINT (6.816040757000053 51.190928491000079)",Unfall 219079 (2020) Kat:3, Licht: 2,219079,3,2,6,11,19,2,1,2,0,1,1,0,0,0
"POINT (6.863694332000023 51.180941003000044)",Unfall 219081 (2020) Kat:3, Licht: 2,219081,3,3,5,11,22,6,0,2,1,1,0,0,0,0
"POINT (6.900131569000052 51.146258647000082)",Unfall 219104 (2020) Kat:3, Licht: 2,219104,3,4,6,11,18,1,0,2,0,1,1,0,0,0
"POINT (6.850518947000069 51.222575220000067)",Unfall 219105 (2020) Kat:3, Licht: 0,219105,3,1,4,11,09,5,0,0,0,1,0,0,0,0
"POINT (6.835192370000073 51.203692579000062)",Unfall 219177 (2020) Kat:3, Licht: 0,219177,3,7,0,12,11,3,1,0,0,0,0,0,0,1
"POINT (6.771152267000048 51.210710687000073)",Unfall 219178 (2020) Kat:3, Licht: 2,219178,3,3,5,12,19,3,1,2,1,1,0,0,0,0
"POINT (6.779420699000070 51.197848703000034)",Unfall 219180 (2020) Kat:3, Licht: 0,219180,3,6,2,12,14,3,1,0,0,1,0,0,0,0
"POINT (6.789993857000070 51.217383450000057)",Unfall 219186 (2020) Kat:2, Licht: 2,219186,2,2,6,12,17,3,1,2,0,1,1,0,0,0
"POINT (6.780254921000051 51.210663079000028)",Unfall 219216 (2020) Kat:3, Licht: 0,219216,3,6,0,12,11,5,1,0,1,0,0,0,0,0
"POINT (6.821739508000064 51.218374949000065)",Unfall 219219 (2020) Kat:2, Licht: 2,219219,2,4,6,12,17,5,1,2,0,1,1,0,0,0
"POINT (6.784316690000026 51.202521650000051)",Unfall 219220 (2020) Kat:3, Licht: 1,219220,3,2,0,12,08,5,0,1,0,1,1,0,0,0
"POINT (6.807808498000043 51.256737631000078)",Unfall 219221 (2020) Kat:3, Licht: 0,219221,3,6,0,12,15,5,1,0,1,0,0,0,0,0
"POINT (6.764483811000048 51.195173545000046)",Unfall 219280 (2020) Kat:2, Licht: 0,219280,2,2,5,12,09,6,0,0,1,1,0,0,0,0
"POINT (6.773694002000070 51.213985768000043)",Unfall 219315 (2020) Kat:3, Licht: 1,219315,3,6,2,12,07,4,1,1,0,1,0,0,0,0
"POINT (6.776711642000066 51.212281662000066)",Unfall 219317 (2020) Kat:3, Licht: 0,219317,3,6,0,12,09,4,1,0,1,0,0,0,1,0
"POINT (6.848987957000077 51.220489259000033)",Unfall 219407 (2020) Kat:3, Licht: 2,219407,3,2,5,12,06,4,1,2,1,1,0,0,0,0
"POINT (6.859473628000046 51.185844089000057)",Unfall 219430 (2020) Kat:3, Licht: 2,219430,3,4,6,12,20,3,1,2,0,1,1,0,0,0
"POINT (6.764230987000076 51.220523186000037)",Unfall 219458 (2020) Kat:3, Licht: 2,219458,3,6,2,12,17,2,1,2,0,1,0,0,0,0
"POINT (6.816240974000039 51.230727145000060)",Unfall 219460 (2020) Kat:3, Licht: 1,219460,3,5,1,12,07,5,2,1,0,1,0,1,0,0
"POINT (6.762557158000050 51.205634628000041)",Unfall 219480 (2020) Kat:3, Licht: 2,219480,3,3,5,12,17,3,0,2,1,0,0,0,0,0
"POINT (6.757250780000049 51.215404113000034)",Unfall 219494 (2020) Kat:3, Licht: 2,219494,3,3,5,12,17,4,0,2,1,1,0,0,0,0
"POINT (6.737004752000075 51.210569862000057)",Unfall 219495 (2020) Kat:3, Licht: 0,219495,3,1,6,12,16,2,1,0,0,1,1,0,0,0
"POINT (6.772216033000063 51.210726439000041)",Unfall 219499 (2020) Kat:3, Licht: 2,219499,3,3,5,12,07,2,1,2,0,1,0,0,0,0
"POINT (6.859133679000024 51.179179521000037)",Unfall 219507 (2020) Kat:3, Licht: 0,219507,3,3,5,12,14,2,1,0,0,1,0,0,0,0
"POINT (6.804030130000058 51.215550190000044)",Unfall 219510 (2020) Kat:3, Licht: 0,219510,3,2,5,12,12,5,0,0,1,1,0,0,0,0
"POINT (6.859133679000024 51.179179521000037)",Unfall 219540 (2020) Kat:3, Licht: 0,219540,3,6,2,12,17,2,0,0,0,1,0,0,0,0
"POINT (6.787948562000054 51.211137700000052)",Unfall 219551 (2020) Kat:3, Licht: 0,219551,3,3,5,12,11,2,1,0,1,1,0,0,0,0
"POINT (6.813738046000026 51.228324867000026)",Unfall 219561 (2020) Kat:3, Licht: 2,219561,3,5,1,12,21,4,0,2,1,1,0,0,0,0
"POINT (6.859280607000073 51.179218991000027)",Unfall 219562 (2020) Kat:3, Licht: 2,219562,3,2,6,12,07,2,1,2,0,1,1,0,0,0
"POINT (6.837519891000056 51.171810605000076)",Unfall 219564 (2020) Kat:3, Licht: 1,219564,3,3,5,12,07,5,0,1,1,1,0,0,0,0
"POINT (6.776765568000030 51.214035437000064)",Unfall 219584 (2020) Kat:3, Licht: 0,219584,3,4,6,12,10,3,1,0,1,0,1,0,0,0
"POINT (6.742620371000044 51.198306838000065)",Unfall 219601 (2020) Kat:3, Licht: 0,219601,3,2,0,12,15,4,0,0,1,0,0,0,0,0
"POINT (6.788241189000075 51.219416088000060)",Unfall 219602 (2020) Kat:3, Licht: 2,219602,3,1,0,12,18,2,1,2,0,0,0,1,0,0
"POINT (6.809680838000077 51.211784370000032)",Unfall 219614 (2020) Kat:2, Licht: 2,219614,2,2,6,12,17,5,0,2,0,1,1,0,0,0
"POINT (6.860593346000030 51.181841185000053)",Unfall 219620 (2020) Kat:2, Licht: 0,219620,2,2,5,12,13,7,0,0,0,1,0,1,0,0
"POINT (6.870897480000053 51.163455283000076)",Unfall 219623 (2020) Kat:2, Licht: 0,219623,2,3,0,12,14,7,0,0,0,1,0,0,0,1
"POINT (6.794520236000039 51.223784558000034)",Unfall 219625 (2020) Kat:3, Licht: 0,219625,3,3,5,12,15,7,0,0,0,1,0,0,0,0
"POINT (6.782740941000043 51.219749930000035)",Unfall 219648 (2020) Kat:3, Licht: 0,219648,3,6,6,12,14,3,0,0,0,1,1,0,0,0
"POINT (6.857582134000040 51.178576917000044)",Unfall 219681 (2020) Kat:3, Licht: 2,219681,3,6,2,12,18,3,1,2,0,1,0,0,0,0
"POINT (6.770338686000059 51.213995401000034)",Unfall 219684 (2020) Kat:2, Licht: 2,219684,2,2,6,12,07,3,1,2,0,1,1,0,0,0
"POINT (6.830245681000065 51.208063303000074)",Unfall 219685 (2020) Kat:3, Licht: 2,219685,3,2,3,12,18,3,1,2,1,1,0,0,0,0
"POINT (6.803855895000027 51.228827039000066)",Unfall 219686 (2020) Kat:3, Licht: 2,219686,3,5,0,12,18,3,1,2,1,1,0,0,0,0
"POINT (6.752738169000054 51.230926329000056)",Unfall 219687 (2020) Kat:2, Licht: 0,219687,2,4,6,12,11,3,1,0,0,0,1,0,0,1
"POINT (6.760958859000027 51.229471120000028)",Unfall 219726 (2020) Kat:3, Licht: 2,219726,3,2,6,12,19,4,0,2,0,1,1,0,0,0
"POINT (6.863658601000054 51.180918928000040)",Unfall 219750 (2020) Kat:3, Licht: 0,219750,3,2,5,12,08,6,0,0,0,1,0,0,0,1
"POINT (6.758656478000034 51.260944599000027)",Unfall 219754 (2020) Kat:3, Licht: 0,219754,3,7,5,12,14,6,0,0,1,1,0,0,0,0
"POINT (6.754766175000043 51.259723000000065)",Unfall 219762 (2020) Kat:3, Licht: 0,219762,3,5,4,12,10,4,1,0,1,1,0,0,0,0
"POINT (6.823563970000066 51.233369137000068)",Unfall 219763 (2020) Kat:3, Licht: 0,219763,3,3,5,12,11,6,0,0,0,1,0,0,0,1
"POINT (6.800848881000036 51.243528537000032)",Unfall 219772 (2020) Kat:3, Licht: 0,219772,3,2,3,12,10,6,0,0,0,1,0,0,0,0
"POINT (6.754706216000045 51.259919477000039)",Unfall 219774 (2020) Kat:2, Licht: 0,219774,2,7,0,12,13,6,0,0,1,0,0,0,0,0
"POINT (6.822898590000023 51.238707115000068)",Unfall 219777 (2020) Kat:3, Licht: 0,219777,3,3,5,12,12,6,0,0,1,0,0,0,0,0
"POINT (6.776217473000031 51.267608783000071)",Unfall 219783 (2020) Kat:3, Licht: 2,219783,3,2,6,12,17,6,1,2,0,1,1,0,0,0
"POINT (6.772257845000070 51.214012031000038)",Unfall 219784 (2020) Kat:3, Licht: 0,219784,3,6,3,12,14,2,0,0,0,1,0,1,0,0
"POINT (6.779287480000050 51.223037344000033)",Unfall 219785 (2020) Kat:3, Licht: 1,219785,3,2,5,12,08,2,1,1,1,1,0,0,0,0
"POINT (6.823089879000065 51.242223669000055)",Unfall 219816 (2020) Kat:3, Licht: 0,219816,3,3,6,12,14,4,0,0,1,0,1,0,0,0
"POINT (6.780986614000028 51.213933858000075)",Unfall 219831 (2020) Kat:3, Licht: 0,219831,3,1,0,12,13,1,1,0,0,0,0,1,0,0
"POINT (6.782186075000027 51.242250031000026)",Unfall 219832 (2020) Kat:3, Licht: 2,219832,3,3,5,12,00,1,1,2,0,1,0,0,0,1
"POINT (6.813283696000042 51.246143970000048)",Unfall 219835 (2020) Kat:3, Licht: 2,219835,3,7,0,12,20,1,0,2,1,1,0,0,0,0
"POINT (6.759113320000040 51.237684346000037)",Unfall 219836 (2020) Kat:3, Licht: 0,219836,3,1,0,12,15,1,1,0,1,0,0,0,0,0
"POINT (6.837727184000073 51.209775898000032)",Unfall 219868 (2020) Kat:3, Licht: 2,219868,3,2,0,12,22,7,1,2,0,1,0,0,0,0
"POINT (6.780899973000032 51.201845162000041)",Unfall 219869 (2020) Kat:3, Licht: 2,219869,3,1,0,12,18,7,1,2,1,0,0,0,0,0
"POINT (6.780844139000067 51.201962955000056)",Unfall 219870 (2020) Kat:3, Licht: 0,219870,3,5,1,12,10,4,0,0,1,1,0,0,0,0
"POINT (6.754326769000045 51.259762318000071)",Unfall 219920 (2020) Kat:3, Licht: 1,219920,3,7,0,12,07,4,1,1,1,0,0,0,0,0
"POINT (6.829613022000046 51.208699533000072)",Unfall 219926 (2020) Kat:3, Licht: 2,219926,3,5,1,12,18,4,0,2,0,1,0,0,1,0
"POINT (6.890940234000027 51.147226051000075)",Unfall 219930 (2020) Kat:3, Licht: 0,219930,3,2,5,12,11,6,0,0,1,1,0,0,0,0
"POINT (6.815813908000052 51.229517157000032)",Unfall 219932 (2020) Kat:3, Licht: 0,219932,3,3,0,12,09,2,1,0,0,1,0,1,0,0
"POINT (6.801982659000032 51.219350461000033)",Unfall 219939 (2020) Kat:3, Licht: 0,219939,3,1,0,12,12,4,1,0,1,0,0,0,0,0
"POINT (6.796017181000025 51.259649668000066)",Unfall 219957 (2020) Kat:3, Licht: 2,219957,3,3,5,12,17,7,0,2,1,1,0,0,0,0
"POINT (6.833890029000031 51.176573254000061)",Unfall 219964 (2020) Kat:3, Licht: 0,219964,3,2,0,12,14,1,0,0,1,1,0,0,0,0
"POINT (6.871745925000028 51.162976533000062)",Unfall 219966 (2020) Kat:3, Licht: 0,219966,3,1,0,12,14,3,1,0,0,0,0,1,0,0
"POINT (6.808279565000021 51.248958381000079)",Unfall 219967 (2020) Kat:3, Licht: 0,219967,3,4,6,12,09,5,1,0,0,1,1,0,0,0
"POINT (6.789889214000027 51.222806213000069)",Unfall 219974 (2020) Kat:3, Licht: 0,219974,3,7,0,12,13,5,0,0,0,0,0,0,0,1
"POINT (6.796348914000021 51.236274985000080)",Unfall 219977 (2020) Kat:3, Licht: 0,219977,3,4,6,12,10,4,1,0,0,1,1,0,0,0
"POINT (6.761080469000035 51.230774221000047)",Unfall 219981 (2020) Kat:3, Licht: 0,219981,3,5,1,12,14,6,0,0,1,1,0,0,0,0
"POINT (6.777185492000058 51.229644002000043)",Unfall 219983 (2020) Kat:3, Licht: 2,219983,3,6,3,12,17,2,1,2,1,1,0,0,0,0
"POINT (6.809238898000046 51.225484126000026)",Unfall 220028 (2020) Kat:3, Licht: 0,220028,3,3,5,12,11,4,1,0,1,1,0,0,0,0