WKT,Name,OBJECTID,UKATEGORIE,UTYP1,UART,UMONAT,USTUNDE,UWOCHENTAG,STRZUSTAND,ULICHTVERH,ISTRAD,ISTPKW,ISTFUSS,ISTKRAD,ISTGKFZ,ISTSONSTIG
"POINT (6.775381220000043 51.215643049000050)",Unfall 220037 (2020) Kat:3, Licht: 0,220037,3,6,0,12,11,6,0,0,0,1,0,0,0,1
"POINT (6.815258093000068 51.192477041000075)",Unfall 220039 (2020) Kat:3, Licht: 2,220039,3,3,5,12,20,2,1,2,0,1,0,0,0,1
"POINT (6.824865636000027 51.193421099000034)",Unfall 220076 (2020) Kat:3, Licht: 0,220076,3,5,0,12,11,3,1,0,0,1,1,0,0,0
"POINT (6.812934612000049 51.198370470000043)",Unfall 220085 (2020) Kat:3, Licht: 0,220085,3,7,5,12,14,4,1,0,1,1,0,0,0,0
"POINT (6.807410037000068 51.236936742000069)",Unfall 220089 (2020) Kat:1, Licht: 2,220089,1,1,8,12,17,6,0,2,1,1,0,0,0,0
"POINT (6.775879013000065 51.233990427000037)",Unfall 220091 (2020) Kat:3, Licht: 2,220091,3,3,4,12,16,2,1,2,1,1,0,0,0,0
"POINT (6.746630416000073 51.270191891000081)",Unfall 220136 (2020) Kat:2, Licht: 2,220136,2,1,0,12,20,4,1,2,1,0,0,0,0,0
"POINT (6.752840519000074 51.230593791000047)",Unfall 220142 (2020) Kat:3, Licht: 0,220142,3,5,1,12,10,3,1,0,1,1,0,0,0,0
"POINT (6.766604762000043 51.218896247000032)",Unfall 220180 (2020) Kat:3, Licht: 0,220180,3,1,0,12,13,3,1,0,1,0,0,0,0,0
"POINT (6.735109140000077 51.237719830000060)",Unfall 220193 (2020) Kat:3, Licht: 2,220193,3,6,2,12,17,1,1,2,0,1,0,0,0,0
"POINT (6.811929993000035 51.199382940000078)",Unfall 220284 (2020) Kat:3, Licht: 0,220284,3,6,2,12,12,5,1,0,0,1,0,0,0,0
"POINT (6.809673481000061 51.211771726000052)",Unfall 220323 (2020) Kat:3, Licht: 2,220323,3,3,5,12,17,4,0,2,0,1,0,0,1,0
"POINT (6.730176764000021 51.216011813000080)",Unfall 220331 (2020) Kat:3, Licht: 1,220331,3,7,9,12,08,5,1,1,0,0,0,0,0,1
"POINT (6.858482586000037 51.236072065000030)",Unfall 220342 (2020) Kat:3, Licht: 0,220342,3,2,5,12,09,5,1,0,0,1,0,1,0,0
"POINT (6.870881818000044 51.167714155000056)",Unfall 220363 (2020) Kat:3, Licht: 2,220363,3,7,8,12,07,3,2,2,0,1,0,0,0,0
"POINT (6.859473948000073 51.185905028000036)",Unfall 220365 (2020) Kat:3, Licht: 2,220365,3,1,7,12,03,3,0,2,0,1,0,0,0,0
"POINT (6.732439643000021 51.238864671000044)",Unfall 220420 (2020) Kat:3, Licht: 2,220420,3,3,9,12,06,2,1,2,0,1,0,0,0,0
"POINT (6.771868832000052 51.200056466000035)",Unfall 25558 (2021) Kat:3, Licht: 0,25558,3,3,5,11,11,6,0,0,1,1,0,0,0,0
"POINT (6.759416414000043 51.231661021000036)",Unfall 25578 (2021) Kat:3, Licht: 0,25578,3,7,0,10,16,3,1,0,1,0,0,0,0,0
"POINT (6.780258019000030 51.273214429000063)",Unfall 25587 (2021) Kat:3, Licht: 2,25587,3,4,6,12,21,7,1,2,0,0,1,0,0,1
"POINT (6.771498083000040 51.231499448000079)",Unfall 25590 (2021) Kat:3, Licht: 2,25590,3,6,2,12,19,4,1,2,0,1,0,0,1,0
"POINT (6.764559661000021 51.218179037000027)",Unfall 25602 (2021) Kat:3, Licht: 0,25602,3,6,3,5,15,2,0,0,0,1,0,0,1,0
"POINT (6.778943257000037 51.191055869000081)",Unfall 25617 (2021) Kat:3, Licht: 2,25617,3,3,5,11,17,2,1,2,0,1,0,0,1,0
"POINT (6.758409367000070 51.210313432000078)",Unfall 25622 (2021) Kat:2, Licht: 2,25622,2,1,8,10,4,7,0,2,0,1,0,0,0,0
"POINT (6.774390878000077 51.267614872000081)",Unfall 25628 (2021) Kat:3, Licht: 0,25628,3,6,4,2,12,4,0,0,1,0,0,0,0,0
"POINT (6.782490227000039 51.221762429000080)",Unfall 25648 (2021) Kat:2, Licht: 0,25648,2,1,8,7,20,1,1,0,0,0,0,1,0,0
"POINT (6.762052235000056 51.258681922000051)",Unfall 25662 (2021) Kat:3, Licht: 0,25662,3,6,3,5,8,6,0,0,0,1,0,0,0,0
"POINT (6.751801871000055 51.338539744000059)",Unfall 25668 (2021) Kat:3, Licht: 0,25668,3,3,5,6,16,3,0,0,1,1,0,0,0,0
"POINT (6.736773197000048 51.231365523000079)",Unfall 25670 (2021) Kat:3, Licht: 0,25670,3,2,5,10,17,6,0,0,0,0,0,0,0,1
"POINT (6.775992301000031 51.237379073000056)",Unfall 25680 (2021) Kat:3, Licht: 0,25680,3,6,2,3,15,7,0,0,0,1,0,0,0,0
"POINT (6.780170062000025 51.253958249000050)",Unfall 25700 (2021) Kat:3, Licht: 0,25700,3,6,2,6,14,7,0,0,0,1,0,0,0,0
"POINT (6.701078506000044 51.231519814000080)",Unfall 25704 (2021) Kat:3, Licht: 0,25704,3,6,2,6,9,4,1,0,0,1,0,0,0,0
"POINT (6.775409666000030 51.264155282000047)",Unfall 25711 (2021) Kat:3, Licht: 0,25711,3,6,6,7,14,2,0,0,1,0,1,0,0,0
"POINT (6.768692265000027 51.251652229000058)",Unfall 25716 (2021) Kat:2, Licht: 0,25716,2,7,0,10,17,1,0,0,1,0,0,0,0,0
"POINT (6.778386981000040 51.234392591000073)",Unfall 25729 (2021) Kat:3, Licht: 2,25729,3,5,1,10,7,3,0,2,0,1,0,1,0,0
"POINT (6.752700063000020 51.231439331000047)",Unfall 25750 (2021) Kat:3, Licht: 2,25750,3,7,0,10,22,7,0,2,1,0,0,0,0,0
"POINT (6.773195717000021 51.242469157000073)",Unfall 25753 (2021) Kat:3, Licht: 0,25753,3,3,5,6,8,3,1,0,1,1,0,0,0,0
"POINT (6.739964439000062 51.302375065000035)",Unfall 25754 (2021) Kat:2, Licht: 0,25754,2,6,2,5,14,7,0,0,0,0,0,1,0,0
"POINT (6.765736066000045 51.218548991000034)",Unfall 25759 (2021) Kat:3, Licht: 0,25759,3,1,0,6,16,4,0,0,0,0,0,1,0,0
"POINT (6.722685093000052 51.249630957000079)",Unfall 25762 (2021) Kat:3, Licht: 2,25762,3,2,6,2,17,4,1,2,0,1,1,0,0,0
"POINT (6.782765174000076 51.223930803000030)",Unfall 25763 (2021) Kat:3, Licht: 0,25763,3,3,5,4,9,5,0,0,1,0,0,0,0,1
"POINT (6.744540274000030 51.241069721000031)",Unfall 25773 (2021) Kat:3, Licht: 0,25773,3,6,0,6,16,7,0,0,0,1,0,0,0,1
"POINT (6.779081094000048 51.272904784000048)",Unfall 25774 (2021) Kat:2, Licht: 2,25774,2,3,5,9,20,7,0,2,1,1,0,0,0,0
"POINT (6.773021098000072 51.239745526000036)",Unfall 25799 (2021) Kat:3, Licht: 0,25799,3,6,5,2,7,3,0,0,1,0,0,0,0,0
"POINT (6.782599706000042 51.213917647000073)",Unfall 25804 (2021) Kat:3, Licht: 0,25804,3,6,3,6,14,2,0,0,0,1,0,0,0,0
"POINT (6.743359547000068 51.310013937000065)",Unfall 25806 (2021) Kat:2, Licht: 0,25806,2,1,7,6,14,4,1,0,0,1,0,0,0,0
"POINT (6.761632317000021 51.231493792000038)",Unfall 25818 (2021) Kat:3, Licht: 0,25818,3,5,0,6,15,1,0,0,0,0,1,0,0,1
"POINT (6.751560121000068 51.231430636000027)",Unfall 25824 (2021) Kat:3, Licht: 2,25824,3,6,1,12,16,6,0,2,0,1,0,0,0,0
"POINT (6.748715591000064 51.233883175000074)",Unfall 25854 (2021) Kat:3, Licht: 2,25854,3,1,8,10,5,1,1,2,0,1,0,0,0,0
"POINT (6.781082539000067 51.253847222000047)",Unfall 25855 (2021) Kat:3, Licht: 2,25855,3,6,2,11,17,5,0,2,0,1,0,0,0,0
"POINT (6.722087686000066 51.233992240000077)",Unfall 25874 (2021) Kat:3, Licht: 0,25874,3,6,2,1,10,4,0,0,0,1,0,0,0,1
"POINT (6.738931992000062 51.300226790000067)",Unfall 25907 (2021) Kat:3, Licht: 0,25907,3,7,0,12,13,6,1,0,0,0,1,0,0,1
"POINT (6.754170332000058 51.201029495000057)",Unfall 25922 (2021) Kat:3, Licht: 2,25922,3,3,5,9,21,7,0,2,0,1,0,0,0,0
"POINT (6.775885741000025 51.199533667000026)",Unfall 25945 (2021) Kat:3, Licht: 0,25945,3,6,1,9,15,4,0,0,0,1,0,1,0,0
"POINT (6.782132355000044 51.242294680000043)",Unfall 25956 (2021) Kat:3, Licht: 0,25956,3,2,0,6,13,3,0,0,0,1,0,0,0,1
"POINT (6.777963347000025 51.279392025000050)",Unfall 25960 (2021) Kat:3, Licht: 2,25960,3,6,3,11,5,5,0,2,0,1,0,0,1,0
"POINT (6.736066985000036 51.293096028000036)",Unfall 25979 (2021) Kat:3, Licht: 0,25979,3,3,5,3,13,3,1,0,1,1,0,0,0,0
"POINT (6.701764332000039 51.232698168000070)",Unfall 25982 (2021) Kat:3, Licht: 0,25982,3,6,2,6,12,5,0,0,0,1,0,0,1,0
"POINT (6.775536380000062 51.198414960000036)",Unfall 25988 (2021) Kat:2, Licht: 0,25988,2,6,3,9,14,5,0,0,0,1,0,0,1,0
"POINT (6.775369739000041 51.230963637000059)",Unfall 26021 (2021) Kat:2, Licht: 2,26021,2,1,0,12,21,6,0,2,1,0,0,0,0,0
"POINT (6.782747367000070 51.223865640000042)",Unfall 26028 (2021) Kat:2, Licht: 0,26028,2,4,6,11,12,4,0,0,0,1,1,0,0,0
"POINT (6.770080337000024 51.322974979000037)",Unfall 26043 (2021) Kat:3, Licht: 0,26043,3,3,5,11,9,4,0,0,1,1,0,0,0,0
"POINT (6.737434202000031 51.231318244000079)",Unfall 26061 (2021) Kat:2, Licht: 0,26061,2,3,5,4,11,4,0,0,0,1,0,1,0,0
"POINT (6.754072983000071 51.200848608000058)",Unfall 26077 (2021) Kat:3, Licht: 0,26077,3,2,5,7,17,1,1,0,0,1,0,0,0,1
"POINT (6.780623459000026 51.202428756000074)",Unfall 26091 (2021) Kat:3, Licht: 0,26091,3,3,5,11,13,4,0,0,1,1,0,0,0,0
"POINT (6.771580615000062 51.231255664000059)",Unfall 26094 (2021) Kat:3, Licht: 2,26094,3,3,5,6,1,7,0,2,1,1,0,0,0,0
"POINT (6.758524509000040 51.246518142000070)",Unfall 26112 (2021) Kat:3, Licht: 0,26112,3,6,3,9,14,3,0,0,0,1,0,0,1,0
"POINT (6.779159252000056 51.233068791000051)",Unfall 26119 (2021) Kat:3, Licht: 0,26119,3,2,5,1,9,2,1,0,1,0,0,0,0,0
"POINT (6.773842130000048 51.271036643000059)",Unfall 26131 (2021) Kat:3, Licht: 2,26131,3,2,5,12,17,4,0,2,1,0,0,0,0,1
"POINT (6.782469454000022 51.217291128000056)",Unfall 26150 (2021) Kat:3, Licht: 0,26150,3,6,4,3,8,6,0,0,0,0,0,0,0,1
"POINT (6.760349589000043 51.213199306000035)",Unfall 26155 (2021) Kat:3, Licht: 1,26155,3,6,1,1,16,3,1,1,0,1,0,0,0,1
"POINT (6.778668903000039 51.234445604000030)",Unfall 26162 (2021) Kat:3, Licht: 0,26162,3,3,5,5,18,3,1,0,0,1,0,0,0,1
"POINT (6.758868989000064 51.200722547000055)",Unfall 26168 (2021) Kat:3, Licht: 2,26168,3,6,2,1,18,5,1,2,0,1,0,0,0,0
"POINT (6.782106660000068 51.242434067000033)",Unfall 26194 (2021) Kat:3, Licht: 2,26194,3,3,5,11,4,7,1,2,0,1,0,0,0,0
"POINT (6.747043558000030 51.231163487000060)",Unfall 26196 (2021) Kat:3, Licht: 0,26196,3,4,6,10,16,7,0,0,0,1,1,0,0,0
"POINT (6.780149747000053 51.254114366000067)",Unfall 26247 (2021) Kat:3, Licht: 0,26247,3,7,0,4,14,7,0,0,0,0,0,0,0,1
"POINT (6.741642266000042 51.240882897000063)",Unfall 26256 (2021) Kat:3, Licht: 0,26256,3,1,8,2,14,6,0,0,0,1,0,0,0,0
"POINT (6.782646123000063 51.202975274000039)",Unfall 26307 (2021) Kat:3, Licht: 0,26307,3,3,5,10,15,5,0,0,1,1,0,0,0,0
"POINT (6.743291907000071 51.241084685000033)",Unfall 26309 (2021) Kat:3, Licht: 0,26309,3,2,5,3,10,1,0,0,0,1,0,0,0,0
"POINT (6.736490820000029 51.246672028000035)",Unfall 26330 (2021) Kat:2, Licht: 0,26330,2,7,8,6,16,3,1,0,0,0,0,1,0,0
"POINT (6.756657588000053 51.204859467000063)",Unfall 26358 (2021) Kat:3, Licht: 2,26358,3,5,1,2,7,2,1,2,1,0,0,0,0,1
"POINT (6.749999699000057 51.271604317000026)",Unfall 26371 (2021) Kat:3, Licht: 0,26371,3,3,5,9,11,2,0,0,0,1,0,0,0,0
"POINT (6.776166123000053 51.231092809000074)",Unfall 26382 (2021) Kat:2, Licht: 0,26382,2,3,5,9,12,2,0,0,0,1,0,0,0,1
"POINT (6.754170137000074 51.201029486000039)",Unfall 26387 (2021) Kat:2, Licht: 2,26387,2,2,5,12,20,5,0,2,0,1,0,0,0,0
"POINT (6.732280526000068 51.198713477000069)",Unfall 26403 (2021) Kat:3, Licht: 0,26403,3,7,0,5,16,1,0,0,0,1,0,0,0,0
"POINT (6.771684446000052 51.233532909000076)",Unfall 26405 (2021) Kat:3, Licht: 0,26405,3,1,6,6,17,6,0,0,1,0,1,0,0,0
"POINT (6.774695678000057 51.239924529000064)",Unfall 26413 (2021) Kat:3, Licht: 0,26413,3,3,5,10,12,5,1,0,0,1,0,0,0,0
"POINT (6.765690687000074 51.250200106000079)",Unfall 26416 (2021) Kat:3, Licht: 0,26416,3,6,3,11,10,2,0,0,1,1,0,0,0,0
"POINT (6.743978290000030 51.241082171000073)",Unfall 26430 (2021) Kat:3, Licht: 0,26430,3,3,5,4,9,5,0,0,0,1,0,0,0,0
"POINT (6.782596244000047 51.213103989000047)",Unfall 26461 (2021) Kat:3, Licht: 2,26461,3,6,2,10,0,1,1,2,0,1,0,1,0,0
"POINT (6.749932881000063 51.271617599000081)",Unfall 26482 (2021) Kat:3, Licht: 2,26482,3,3,5,12,17,3,0,2,0,1,0,0,0,0
"POINT (6.766760760000068 51.219894412000031)",Unfall 26496 (2021) Kat:2, Licht: 0,26496,2,1,9,2,0,6,0,0,0,1,0,0,0,0
"POINT (6.780795890000036 51.230159569000080)",Unfall 26512 (2021) Kat:2, Licht: 1,26512,2,2,5,11,18,4,0,1,1,1,0,0,0,0
"POINT (6.771626568000045 51.239276102000076)",Unfall 26515 (2021) Kat:3, Licht: 0,26515,3,5,6,2,13,1,0,0,0,1,1,0,0,0
"POINT (6.782506198000021 51.223038977000044)",Unfall 26541 (2021) Kat:3, Licht: 0,26541,3,3,5,2,15,1,0,0,0,1,0,0,0,0
"POINT (6.746017292000033 51.235763111000040)",Unfall 26543 (2021) Kat:3, Licht: 0,26543,3,7,0,5,16,2,0,0,1,1,0,0,0,0
"POINT (6.778436221000049 51.229903654000054)",Unfall 26544 (2021) Kat:3, Licht: 2,26544,3,1,0,10,21,6,1,2,1,0,0,0,0,0
"POINT (6.760185206000074 51.262184285000046)",Unfall 26552 (2021) Kat:2, Licht: 1,26552,2,7,7,7,5,4,1,1,0,1,0,0,0,0
"POINT (6.780137002000060 51.253956100000039)",Unfall 26559 (2021) Kat:3, Licht: 0,26559,3,2,5,7,11,6,0,0,1,1,0,0,0,0
"POINT (6.775510825000026 51.200888145000079)",Unfall 26572 (2021) Kat:2, Licht: 0,26572,2,3,5,1,15,5,0,0,1,1,0,0,0,0
"POINT (6.783054010000058 51.280388438000045)",Unfall 26589 (2021) Kat:2, Licht: 2,26589,2,7,0,3,3,1,1,2,0,1,0,0,0,0
"POINT (6.767588005000050 51.231520595000063)",Unfall 26604 (2021) Kat:3, Licht: 0,26604,3,6,2,6,11,5,0,0,0,1,0,0,0,0
"POINT (6.739239133000069 51.301291892000052)",Unfall 26612 (2021) Kat:3, Licht: 2,26612,3,6,3,12,19,2,0,2,1,0,0,0,0,1
"POINT (6.773477667000066 51.198765080000044)",Unfall 26614 (2021) Kat:2, Licht: 0,26614,2,3,5,11,11,4,0,0,0,1,0,0,0,1
"POINT (6.781784129000073 51.330873079000071)",Unfall 26619 (2021) Kat:3, Licht: 0,26619,3,1,2,12,15,2,0,0,1,1,0,0,0,0
"POINT (6.778317289000029 51.202211540000064)",Unfall 26623 (2021) Kat:3, Licht: 0,26623,3,7,6,9,19,6,0,0,0,0,1,0,0,1
"POINT (6.723806529000058 51.234131006000041)",Unfall 26636 (2021) Kat:2, Licht: 2,26636,2,6,2,6,1,4,1,2,0,1,0,0,0,0
"POINT (6.750460427000064 51.271568571000046)",Unfall 26640 (2021) Kat:2, Licht: 0,26640,2,7,8,12,12,2,0,0,0,1,0,0,0,0
"POINT (6.771714734000057 51.243152700000053)",Unfall 26644 (2021) Kat:3, Licht: 0,26644,3,6,2,1,12,6,0,0,0,1,0,0,0,0
"POINT (6.770996433000050 51.229003773000045)",Unfall 26674 (2021) Kat:3, Licht: 2,26674,3,1,9,10,22,1,0,2,0,1,0,0,0,0
"POINT (6.782452524000064 51.216656059000059)",Unfall 26701 (2021) Kat:3, Licht: 2,26701,3,4,6,11,19,6,1,2,0,1,1,0,0,0
"POINT (6.744129207000071 51.240552023000077)",Unfall 26703 (2021) Kat:2, Licht: 0,26703,2,3,5,3,17,3,0,0,0,1,0,0,0,0
"POINT (6.777603534000036 51.259914282000068)",Unfall 26704 (2021) Kat:3, Licht: 0,26704,3,3,5,9,7,6,1,0,1,1,0,0,0,0
"POINT (6.771992113000067 51.243692421000048)",Unfall 26725 (2021) Kat:3, Licht: 0,26725,3,6,2,12,10,3,1,0,0,1,0,0,0,0
"POINT (6.776022854000075 51.195324815000049)",Unfall 26733 (2021) Kat:3, Licht: 1,26733,3,6,2,10,7,6,0,1,0,1,0,0,0,0
"POINT (6.755217440000024 51.265175939000073)",Unfall 26738 (2021) Kat:2, Licht: 0,26738,2,6,1,12,15,6,0,0,0,1,0,0,0,0
"POINT (6.754661694000049 51.231627468000056)",Unfall 26779 (2021) Kat:3, Licht: 0,26779,3,2,5,9,9,4,0,0,1,1,0,0,0,0
"POINT (6.742084398000031 51.286124918000041)",Unfall 26800 (2021) Kat:3, Licht: 0,26800,3,6,1,3,10,3,1,0,0,1,0,0,0,0
"POINT (6.770406791000028 51.200016853000079)",Unfall 26824 (2021) Kat:2, Licht: 0,26824,2,3,5,5,9,3,1,0,1,1,0,0,0,0
"POINT (6.699053040000024 51.229153769000050)",Unfall 26828 (2021) Kat:3, Licht: 0,26828,3,6,2,10,17,2,0,0,0,1,0,0,0,0
"POINT (6.774959122000041 51.265547023000067)",Unfall 26834 (2021) Kat:3, Licht: 0,26834,3,2,4,2,15,1,0,0,1,1,0,0,0,0
"POINT (6.771684426000036 51.233509967000032)",Unfall 26876 (2021) Kat:3, Licht: 2,26876,3,6,3,5,0,4,1,2,1,1,0,0,0,0
"POINT (6.743120159000057 51.241592675000049)",Unfall 26883 (2021) Kat:3, Licht: 0,26883,3,6,3,9,15,2,0,0,0,1,0,0,0,0
"POINT (6.779971146000037 51.232178311000041)",Unfall 26906 (2021) Kat:3, Licht: 0,26906,3,1,0,10,7,3,1,0,0,0,0,1,0,0
"POINT (6.770833561000074 51.228579472000035)",Unfall 26909 (2021) Kat:3, Licht: 2,26909,3,6,3,6,16,4,0,2,0,1,0,0,0,0
"POINT (6.768924896000044 51.251799890000029)",Unfall 26922 (2021) Kat:3, Licht: 0,26922,3,5,1,6,7,5,0,0,0,1,0,0,1,0
"POINT (6.780623459000026 51.202428756000074)",Unfall 26948 (2021) Kat:3, Licht: 2,26948,3,3,5,12,20,6,0,2,0,1,0,0,0,0
"POINT (6.771500015000072 51.239707651000060)",Unfall 26951 (2021) Kat:2, Licht: 0,26951,2,7,0,4,14,7,0,0,1,0,1,0,0,0
"POINT (6.741810798000074 51.286126515000035)",Unfall 26957 (2021) Kat:2, Licht: 1,26957,2,2,5,9,18,7,0,1,0,1,0,0,0,0
"POINT (6.774499993000063 51.307974469000044)",Unfall 26959 (2021) Kat:3, Licht: 0,26959,3,6,3,12,16,5,1,0,0,1,0,0,0,1
"POINT (6.783157597000070 51.202965356000050)",Unfall 26965 (2021) Kat:2, Licht: 2,26965,2,2,5,11,21,2,1,2,0,1,0,0,0,0
"POINT (6.782119362000060 51.221504930000037)",Unfall 27008 (2021) Kat:2, Licht: 2,27008,2,2,3,12,20,6,1,2,0,1,0,0,0,1
"POINT (6.757315372000051 51.207324340000071)",Unfall 27016 (2021) Kat:3, Licht: 0,27016,3,3,5,6,14,6,0,0,1,1,0,0,0,0
"POINT (6.772523985000021 51.243207207000069)",Unfall 27032 (2021) Kat:3, Licht: 0,27032,3,2,2,5,10,4,1,0,0,1,0,0,0,0
"POINT (6.747603072000061 51.231453438000074)",Unfall 27060 (2021) Kat:3, Licht: 0,27060,3,3,5,5,12,2,0,0,1,1,0,0,0,0
"POINT (6.780793925000069 51.230170688000044)",Unfall 27061 (2021) Kat:3, Licht: 2,27061,3,6,1,9,22,7,0,2,0,1,0,0,0,0
"POINT (6.731898395000030 51.232481730000075)",Unfall 27062 (2021) Kat:3, Licht: 0,27062,3,1,0,9,14,3,0,0,1,0,0,0,0,0
"POINT (6.771106925000026 51.240835079000078)",Unfall 27064 (2021) Kat:3, Licht: 0,27064,3,6,3,11,14,7,0,0,0,1,0,0,0,0
"POINT (6.782831338000051 51.222939855000050)",Unfall 27089 (2021) Kat:3, Licht: 0,27089,3,6,2,2,10,2,2,0,0,1,0,0,0,0
"POINT (6.758524509000040 51.246518142000070)",Unfall 27097 (2021) Kat:3, Licht: 0,27097,3,6,3,12,13,4,0,0,0,1,0,0,1,0
"POINT (6.782098931000064 51.242432628000074)",Unfall 27121 (2021) Kat:3, Licht: 0,27121,3,3,5,9,16,5,0,0,0,1,0,0,0,1
"POINT (6.743962206000049 51.321671986000069)",Unfall 27123 (2021) Kat:2, Licht: 0,27123,2,6,4,6,13,3,0,0,0,1,0,0,0,0
"POINT (6.778324377000047 51.229890600000033)",Unfall 27125 (2021) Kat:3, Licht: 0,27125,3,1,0,10,13,1,0,0,1,0,0,0,0,0
"POINT (6.756989769000029 51.264228326000080)",Unfall 27131 (2021) Kat:3, Licht: 0,27131,3,1,3,3,16,4,0,0,0,1,0,0,0,0
"POINT (6.771783925000022 51.238685364000048)",Unfall 27146 (2021) Kat:3, Licht: 0,27146,3,6,4,6,20,4,0,0,0,1,0,0,0,1
"POINT (6.774071050000032 51.270119585000032)",Unfall 27161 (2021) Kat:3, Licht: 0,27161,3,3,5,6,7,7,0,0,1,1,0,0,0,0
"POINT (6.782599706000042 51.213917647000073)",Unfall 27166 (2021) Kat:3, Licht: 2,27166,3,6,1,11,23,3,0,2,0,1,0,0,0,0
"POINT (6.756925056000057 51.207050043000038)",Unfall 27176 (2021) Kat:3, Licht: 1,27176,3,6,3,10,7,2,0,1,0,1,0,0,0,0
"POINT (6.781530744000065 51.251417931000049)",Unfall 27188 (2021) Kat:2, Licht: 2,27188,2,2,4,3,19,2,0,2,0,1,0,1,0,0
"POINT (6.775904948000061 51.200274935000039)",Unfall 27199 (2021) Kat:3, Licht: 0,27199,3,6,3,5,16,6,0,0,0,1,0,0,0,0
"POINT (6.753670866000050 51.200837495000030)",Unfall 27205 (2021) Kat:3, Licht: 0,27205,3,6,1,6,12,4,0,0,0,1,0,1,0,0
"POINT (6.770950922000054 51.253063954000027)",Unfall 27221 (2021) Kat:3, Licht: 0,27221,3,7,0,10,11,5,0,0,1,0,0,0,0,0
"POINT (6.720139659000040 51.232662409000056)",Unfall 27237 (2021) Kat:3, Licht: 0,27237,3,3,5,9,16,4,1,0,0,1,0,0,0,1
"POINT (6.783234934000063 51.224539676000063)",Unfall 27246 (2021) Kat:3, Licht: 2,27246,3,2,5,6,22,7,0,2,0,1,0,0,0,1
"POINT (6.738883938000072 51.300045952000062)",Unfall 27270 (2021) Kat:3, Licht: 0,27270,3,1,5,12,10,2,1,0,0,1,0,0,0,0
"POINT (6.772912077000058 51.242780375000052)",Unfall 27272 (2021) Kat:3, Licht: 0,27272,3,5,2,4,11,6,0,0,0,1,0,0,0,0
"POINT (6.743694389000041 51.318795514000044)",Unfall 27278 (2021) Kat:3, Licht: 0,27278,3,3,5,11,10,7,0,0,1,1,0,0,0,0
"POINT (6.770659830000056 51.252958714000044)",Unfall 27302 (2021) Kat:3, Licht: 0,27302,3,6,2,1,9,5,1,0,0,1,0,0,0,0
"POINT (6.780793925000069 51.230170688000044)",Unfall 27374 (2021) Kat:3, Licht: 2,27374,3,2,4,12,19,3,1,2,0,1,0,0,0,0
"POINT (6.774568189000036 51.308374066000056)",Unfall 27387 (2021) Kat:3, Licht: 1,27387,3,1,9,5,21,7,0,1,0,1,0,0,0,0
"POINT (6.721291347000033 51.232240929000056)",Unfall 27393 (2021) Kat:3, Licht: 0,27393,3,3,5,6,16,5,0,0,1,1,0,0,0,0
"POINT (6.783295215000066 51.247917722000068)",Unfall 27394 (2021) Kat:3, Licht: 0,27394,3,7,0,9,9,7,0,0,0,1,0,0,0,0
"POINT (6.779653092000046 51.273055055000043)",Unfall 27407 (2021) Kat:3, Licht: 0,27407,3,2,5,10,16,1,1,0,0,1,0,0,0,0
"POINT (6.770242672000052 51.252775008000071)",Unfall 27409 (2021) Kat:3, Licht: 2,27409,3,6,2,11,18,2,0,2,0,1,0,0,0,0
"POINT (6.768014859000061 51.200415234000047)",Unfall 27419 (2021) Kat:3, Licht: 0,27419,3,6,2,2,15,7,1,0,0,1,0,0,0,0
"POINT (6.753103195000051 51.266753860000051)",Unfall 27426 (2021) Kat:3, Licht: 2,27426,3,1,8,7,3,1,1,2,0,1,0,0,0,0
"POINT (6.771738213000049 51.232085695000080)",Unfall 27429 (2021) Kat:3, Licht: 2,27429,3,4,6,10,4,7,0,2,0,1,1,0,0,0
"POINT (6.761974638000027 51.200585638000064)",Unfall 27448 (2021) Kat:3, Licht: 0,27448,3,6,2,5,12,1,0,0,0,1,0,0,0,0
"POINT (6.735417813000026 51.294896191000078)",Unfall 27456 (2021) Kat:3, Licht: 0,27456,3,7,0,3,15,7,0,0,1,0,1,0,0,0
"POINT (6.771580615000062 51.231255664000059)",Unfall 27458 (2021) Kat:3, Licht: 0,27458,3,3,5,10,18,7,0,0,0,1,0,0,0,0
"POINT (6.776576168000076 51.189412358000027)",Unfall 27465 (2021) Kat:3, Licht: 1,27465,3,6,3,11,6,2,0,1,0,1,0,0,1,0
"POINT (6.782698762000052 51.217508552000027)",Unfall 27471 (2021) Kat:3, Licht: 0,27471,3,3,5,5,17,7,0,0,0,1,0,0,0,1
"POINT (6.757502186000067 51.207786396000074)",Unfall 27476 (2021) Kat:3, Licht: 0,27476,3,7,0,3,11,3,0,0,0,1,0,0,0,0
"POINT (6.739033249000045 51.286408618000053)",Unfall 27510 (2021) Kat:3, Licht: 0,27510,3,3,5,12,11,2,0,0,1,1,0,0,0,0
"POINT (6.782075762000034 51.242281993000063)",Unfall 27555 (2021) Kat:3, Licht: 0,27555,3,2,3,9,7,4,0,0,1,1,0,0,0,0
"POINT (6.749955688000057 51.271583952000071)",Unfall 27575 (2021) Kat:3, Licht: 0,27575,3,3,5,7,15,7,0,0,0,1,0,0,0,0
"POINT (6.771930560000044 51.243410238000081)",Unfall 27578 (2021) Kat:2, Licht: 0,27578,2,3,5,9,12,5,0,0,1,0,0,0,1,0
"POINT (6.749592284000073 51.272845871000072)",Unfall 27606 (2021) Kat:3, Licht: 1,27606,3,6,2,2,19,3,0,1,0,1,0,0,0,1
"POINT (6.780209260000049 51.202357947000053)",Unfall 27607 (2021) Kat:3, Licht: 0,27607,3,6,2,10,10,3,0,0,0,1,0,0,0,0