WKT,Name,OBJECTID,UKATEGORIE,UTYP1,UART,UMONAT,USTUNDE,UWOCHENTAG,STRZUSTAND,ULICHTVERH,ISTRAD,ISTPKW,ISTFUSS,ISTKRAD,ISTGKFZ,ISTSONSTIG
"POINT (6.771123788000068 51.253582482000070)",Unfall 27610 (2021) Kat:2, Licht: 0,27610,2,5,1,5,14,6,0,0,0,1,0,1,0,0
"POINT (6.700957709000022 51.231618490000074)",Unfall 27611 (2021) Kat:2, Licht: 0,27611,2,1,0,1,14,6,1,0,1,0,0,0,0,0
"POINT (6.742157058000032 51.230125363000070)",Unfall 27616 (2021) Kat:3, Licht: 0,27616,3,3,5,6,9,4,0,0,1,1,0,0,0,0
"POINT (6.758390255000052 51.246529781000049)",Unfall 27630 (2021) Kat:3, Licht: 0,27630,3,6,3,3,18,4,0,0,0,1,0,0,1,1
"POINT (6.782147675000033 51.219754412000043)",Unfall 27670 (2021) Kat:3, Licht: 0,27670,3,6,2,4,15,6,0,0,0,1,0,0,0,0
"POINT (6.696993370000030 51.228067416000044)",Unfall 27675 (2021) Kat:3, Licht: 0,27675,3,5,8,6,13,7,0,0,0,1,0,0,0,0
"POINT (6.762007497000070 51.258993598000075)",Unfall 27684 (2021) Kat:2, Licht: 2,27684,2,6,2,12,2,7,1,2,0,1,0,0,1,0
"POINT (6.771835713000030 51.253018916000030)",Unfall 27694 (2021) Kat:2, Licht: 0,27694,2,6,5,10,16,1,0,0,0,1,0,1,0,0
"POINT (6.775933408000071 51.199538867000058)",Unfall 27702 (2021) Kat:3, Licht: 0,27702,3,6,2,10,15,7,0,0,0,1,0,0,0,0
"POINT (6.755053947000022 51.265274383000076)",Unfall 27708 (2021) Kat:3, Licht: 0,27708,3,6,2,10,13,6,0,0,0,1,0,0,0,1
"POINT (6.760577020000028 51.213929768000071)",Unfall 27713 (2021) Kat:3, Licht: 0,27713,3,6,2,10,11,6,1,0,0,1,0,0,1,0
"POINT (6.776153909000072 51.237807165000049)",Unfall 27747 (2021) Kat:3, Licht: 0,27747,3,3,5,4,10,5,0,0,1,1,0,0,0,0
"POINT (6.700171403000070 51.230336996000062)",Unfall 27771 (2021) Kat:3, Licht: 0,27771,3,6,2,5,7,5,1,0,0,1,0,0,0,0
"POINT (6.774507217000064 51.308460836000052)",Unfall 27778 (2021) Kat:2, Licht: 0,27778,2,1,3,5,10,3,1,0,0,1,0,0,1,0
"POINT (6.769437586000038 51.254130667000027)",Unfall 27783 (2021) Kat:3, Licht: 0,27783,3,6,2,3,9,2,1,0,0,1,0,0,0,0
"POINT (6.744590438000046 51.237845015000062)",Unfall 27795 (2021) Kat:3, Licht: 0,27795,3,6,2,5,17,1,0,0,0,1,0,1,0,0
"POINT (6.774043996000046 51.269322058000057)",Unfall 27822 (2021) Kat:2, Licht: 0,27822,2,3,5,2,12,4,0,0,0,1,0,1,0,0
"POINT (6.750927706000027 51.200559131000034)",Unfall 27847 (2021) Kat:2, Licht: 2,27847,2,6,3,2,18,6,0,2,0,1,0,0,1,0
"POINT (6.775735797000038 51.196212667000054)",Unfall 27859 (2021) Kat:2, Licht: 0,27859,2,6,1,6,8,4,0,0,0,1,0,0,0,0
"POINT (6.755635344000041 51.201158410000062)",Unfall 27865 (2021) Kat:3, Licht: 0,27865,3,6,3,6,18,6,0,0,0,1,0,0,0,0
"POINT (6.760511624000060 51.213786540000058)",Unfall 27871 (2021) Kat:3, Licht: 0,27871,3,7,0,10,16,3,1,0,0,0,0,1,0,1
"POINT (6.770720586000039 51.200160483000047)",Unfall 27881 (2021) Kat:3, Licht: 0,27881,3,3,5,5,12,2,0,0,1,1,0,0,0,0
"POINT (6.699827054000025 51.230154908000031)",Unfall 27883 (2021) Kat:3, Licht: 2,27883,3,6,2,12,7,4,1,2,0,1,0,0,0,0
"POINT (6.763530642000035 51.319150434000051)",Unfall 27921 (2021) Kat:3, Licht: 0,27921,3,1,8,6,20,3,1,0,0,1,0,0,0,0
"POINT (6.776585709000074 51.253498039000078)",Unfall 27941 (2021) Kat:3, Licht: 0,27941,3,7,0,9,12,5,0,0,1,0,0,0,0,0
"POINT (6.758111074000055 51.209176315000036)",Unfall 27959 (2021) Kat:3, Licht: 0,27959,3,3,5,1,13,2,1,0,1,1,0,0,0,0
"POINT (6.781638793000070 51.251156589000061)",Unfall 27982 (2021) Kat:3, Licht: 0,27982,3,5,6,9,8,5,0,0,0,1,1,0,0,1
"POINT (6.755713146000062 51.202428883000039)",Unfall 27991 (2021) Kat:1, Licht: 2,27991,1,1,9,5,3,1,1,2,0,1,0,0,0,0
"POINT (6.771988279000027 51.243669361000059)",Unfall 28006 (2021) Kat:2, Licht: 0,28006,2,6,5,10,12,6,0,0,0,1,0,1,0,0
"POINT (6.755429404000040 51.231632676000061)",Unfall 28019 (2021) Kat:3, Licht: 0,28019,3,7,1,4,18,3,0,0,1,1,0,0,0,0
"POINT (6.749440035000021 51.231601619000060)",Unfall 28032 (2021) Kat:3, Licht: 2,28032,3,6,2,1,18,2,1,2,0,1,0,0,0,0
"POINT (6.775289727000029 51.200673756000072)",Unfall 28044 (2021) Kat:3, Licht: 0,28044,3,6,2,10,16,3,1,0,0,1,0,0,0,0
"POINT (6.721159050000040 51.233907991000081)",Unfall 28050 (2021) Kat:3, Licht: 0,28050,3,6,2,5,16,7,0,0,0,1,0,0,0,0
"POINT (6.782204510000042 51.242452286000059)",Unfall 28062 (2021) Kat:3, Licht: 0,28062,3,6,1,5,19,5,1,0,0,1,0,0,0,0
"POINT (6.744590438000046 51.237845015000062)",Unfall 28064 (2021) Kat:3, Licht: 0,28064,3,2,3,6,8,2,0,0,1,1,0,0,0,0
"POINT (6.729156311000054 51.269662424000046)",Unfall 28078 (2021) Kat:3, Licht: 0,28078,3,6,7,11,11,2,0,0,0,0,0,0,1,0
"POINT (6.771966747000022 51.237951114000055)",Unfall 28086 (2021) Kat:3, Licht: 0,28086,3,6,2,5,7,3,1,0,0,1,0,0,0,0
"POINT (6.754120955000076 51.201027419000070)",Unfall 28099 (2021) Kat:3, Licht: 2,28099,3,2,5,9,3,1,0,2,0,1,0,0,0,1
"POINT (6.724371496000060 51.232362114000068)",Unfall 28108 (2021) Kat:3, Licht: 0,28108,3,5,1,9,17,6,1,0,1,1,0,0,0,0
"POINT (6.747148829000025 51.231218038000065)",Unfall 28113 (2021) Kat:3, Licht: 1,28113,3,3,5,12,8,6,0,1,1,1,0,0,0,0
"POINT (6.780793925000069 51.230170688000044)",Unfall 28114 (2021) Kat:3, Licht: 2,28114,3,3,5,6,1,1,0,2,0,1,0,0,0,0
"POINT (6.702798753000025 51.233834647000037)",Unfall 28157 (2021) Kat:2, Licht: 1,28157,2,2,5,7,22,4,0,1,1,1,0,0,0,0
"POINT (6.775747895000052 51.199016501000074)",Unfall 28163 (2021) Kat:3, Licht: 0,28163,3,5,1,3,9,5,1,0,0,1,0,0,1,0
"POINT (6.770567190000065 51.200001962000044)",Unfall 28184 (2021) Kat:3, Licht: 0,28184,3,2,5,9,15,4,0,0,0,1,0,0,0,1
"POINT (6.698272446000033 51.226800420000075)",Unfall 28188 (2021) Kat:3, Licht: 0,28188,3,4,6,5,14,3,1,0,0,1,1,0,0,0
"POINT (6.774959122000041 51.265547023000067)",Unfall 28194 (2021) Kat:3, Licht: 0,28194,3,3,5,1,10,5,1,0,0,1,0,0,0,0
"POINT (6.762437926000075 51.248749810000049)",Unfall 28226 (2021) Kat:3, Licht: 0,28226,3,6,2,10,17,7,0,0,0,1,0,0,0,0
"POINT (6.754067679000059 51.201025178000066)",Unfall 28250 (2021) Kat:3, Licht: 0,28250,3,7,5,9,10,2,0,0,0,1,0,0,0,0
"POINT (6.774695678000057 51.239924529000064)",Unfall 28276 (2021) Kat:3, Licht: 2,28276,3,6,1,6,22,7,0,2,0,1,0,0,0,0
"POINT (6.765866553000023 51.218538379000051)",Unfall 28279 (2021) Kat:2, Licht: 2,28279,2,1,9,10,6,2,0,2,0,0,0,1,0,0
"POINT (6.744803682000054 51.326026394000053)",Unfall 28293 (2021) Kat:3, Licht: 0,28293,3,2,0,9,13,7,0,0,1,1,0,0,0,0
"POINT (6.779027019000068 51.229971930000033)",Unfall 28294 (2021) Kat:3, Licht: 2,28294,3,7,0,9,5,7,0,2,0,0,0,0,0,1
"POINT (6.770490546000076 51.200009078000051)",Unfall 28296 (2021) Kat:3, Licht: 2,28296,3,6,1,11,2,1,1,2,0,1,0,0,0,1
"POINT (6.757841561000021 51.293372875000045)",Unfall 28299 (2021) Kat:2, Licht: 1,28299,2,6,3,2,17,3,2,1,0,1,0,0,0,0
"POINT (6.774377060000063 51.307572275000041)",Unfall 28305 (2021) Kat:3, Licht: 0,28305,3,1,8,5,10,4,0,0,0,1,0,0,0,0
"POINT (6.782230123000033 51.249585844000080)",Unfall 28324 (2021) Kat:3, Licht: 0,28324,3,2,2,6,8,5,0,0,1,1,0,0,0,0
"POINT (6.774308270000063 51.240069197000082)",Unfall 28351 (2021) Kat:3, Licht: 2,28351,3,3,5,3,21,7,1,2,1,1,0,0,0,0
"POINT (6.738324369000054 51.231131104000042)",Unfall 28363 (2021) Kat:3, Licht: 0,28363,3,3,5,7,17,4,0,0,1,1,0,0,0,0
"POINT (6.772830966000072 51.199985382000079)",Unfall 28365 (2021) Kat:3, Licht: 0,28365,3,6,1,10,9,6,0,0,0,1,0,1,0,0
"POINT (6.782073978000028 51.218559435000031)",Unfall 28370 (2021) Kat:3, Licht: 0,28370,3,6,3,7,18,7,1,0,1,1,0,0,0,0
"POINT (6.757563419000064 51.231648429000074)",Unfall 28378 (2021) Kat:3, Licht: 0,28378,3,1,0,9,18,4,1,0,0,0,0,1,0,0
"POINT (6.762011125000072 51.258956429000079)",Unfall 28383 (2021) Kat:3, Licht: 0,28383,3,6,2,4,15,6,0,0,0,1,0,0,0,1
"POINT (6.724651204000054 51.234362168000075)",Unfall 28385 (2021) Kat:2, Licht: 0,28385,2,6,2,6,12,6,0,0,0,1,0,0,0,0
"POINT (6.734853431000033 51.231919881000067)",Unfall 28391 (2021) Kat:2, Licht: 2,28391,2,6,1,12,18,4,1,2,0,1,0,0,0,0
"POINT (6.760582629000055 51.231487274000074)",Unfall 28414 (2021) Kat:3, Licht: 0,28414,3,6,3,12,13,5,0,0,0,1,0,1,0,0
"POINT (6.771458825000025 51.239842523000050)",Unfall 28425 (2021) Kat:3, Licht: 0,28425,3,6,2,6,7,4,0,0,0,1,0,0,0,0
"POINT (6.769307314000059 51.231529144000035)",Unfall 28438 (2021) Kat:3, Licht: 2,28438,3,6,2,10,23,6,1,2,0,1,0,0,0,0
"POINT (6.782808734000071 51.248633181000059)",Unfall 28441 (2021) Kat:3, Licht: 0,28441,3,5,1,2,14,2,0,0,1,1,0,0,0,0
"POINT (6.781787938000036 51.218784273000040)",Unfall 28505 (2021) Kat:2, Licht: 0,28505,2,7,0,6,10,4,0,0,1,0,0,0,1,0
"POINT (6.741872571000044 51.286169164000057)",Unfall 28556 (2021) Kat:2, Licht: 0,28556,2,7,2,3,6,4,1,0,0,1,0,0,0,0
"POINT (6.775929536000035 51.262682172000041)",Unfall 28558 (2021) Kat:3, Licht: 0,28558,3,3,5,10,16,2,0,0,1,1,0,0,0,0
"POINT (6.732499523000058 51.198570136000058)",Unfall 28578 (2021) Kat:3, Licht: 1,28578,3,6,2,10,7,2,0,1,0,1,0,0,0,0
"POINT (6.770742475000077 51.241749147000064)",Unfall 28580 (2021) Kat:3, Licht: 0,28580,3,3,5,1,14,4,0,0,0,1,0,0,0,0
"POINT (6.782664338000075 51.222396738000043)",Unfall 28607 (2021) Kat:3, Licht: 2,28607,3,6,3,9,22,7,0,2,0,1,0,1,0,0
"POINT (6.744173895000074 51.240563154000029)",Unfall 28609 (2021) Kat:3, Licht: 0,28609,3,3,5,1,15,3,1,0,0,1,0,0,0,0
"POINT (6.772827831000029 51.199985469000069)",Unfall 28632 (2021) Kat:3, Licht: 0,28632,3,6,2,1,11,3,1,0,0,1,0,0,1,0
"POINT (6.782571785000073 51.210970395000061)",Unfall 28637 (2021) Kat:2, Licht: 0,28637,2,2,4,6,15,4,0,0,1,1,0,0,0,0
"POINT (6.750737462000075 51.242069646000061)",Unfall 28658 (2021) Kat:3, Licht: 0,28658,3,6,2,10,12,5,0,0,0,1,0,0,0,0
"POINT (6.780877489000034 51.230667457000038)",Unfall 28659 (2021) Kat:3, Licht: 2,28659,3,7,6,12,21,6,0,2,0,1,1,0,0,0
"POINT (6.771725865000064 51.236394159000042)",Unfall 28662 (2021) Kat:2, Licht: 2,28662,2,7,8,9,1,4,0,2,0,0,0,0,1,0
"POINT (6.700813448000076 51.231430654000064)",Unfall 28663 (2021) Kat:3, Licht: 0,28663,3,6,2,11,11,2,0,0,0,1,0,0,1,0
"POINT (6.770597202000033 51.200171660000080)",Unfall 28693 (2021) Kat:3, Licht: 2,28693,3,7,5,2,18,5,1,2,0,1,0,0,0,0
"POINT (6.720032592000052 51.232687870000063)",Unfall 28709 (2021) Kat:3, Licht: 0,28709,3,2,5,9,15,5,0,0,1,1,0,0,0,0
"POINT (6.782446755000024 51.217025042000046)",Unfall 28762 (2021) Kat:3, Licht: 0,28762,3,4,6,10,16,1,0,0,0,0,1,1,0,0
"POINT (6.745149849000029 51.241055711000058)",Unfall 28764 (2021) Kat:3, Licht: 0,28764,3,6,3,10,13,5,1,0,0,1,0,1,0,0
"POINT (6.779842483000039 51.202471883000044)",Unfall 28765 (2021) Kat:3, Licht: 0,28765,3,6,2,6,10,2,0,0,1,1,0,0,0,0
"POINT (6.770567190000065 51.200001962000044)",Unfall 28768 (2021) Kat:3, Licht: 0,28768,3,6,2,7,13,3,0,0,0,1,0,0,0,0
"POINT (6.756949609000060 51.207099524000057)",Unfall 28771 (2021) Kat:2, Licht: 2,28771,2,3,0,3,20,4,0,2,1,1,0,0,0,0
"POINT (6.776894099000060 51.229718785000046)",Unfall 28796 (2021) Kat:3, Licht: 0,28796,3,6,2,12,9,3,1,0,0,1,0,0,0,0
"POINT (6.760984393000058 51.200802572000043)",Unfall 28807 (2021) Kat:3, Licht: 0,28807,3,6,2,9,15,4,1,0,0,1,0,0,1,0
"POINT (6.723901957000066 51.234136110000065)",Unfall 28810 (2021) Kat:3, Licht: 0,28810,3,1,2,6,8,6,0,0,0,1,0,0,0,0
"POINT (6.742626304000055 51.284454710000034)",Unfall 28823 (2021) Kat:3, Licht: 0,28823,3,6,1,9,16,2,0,0,0,1,0,0,0,0
"POINT (6.775568866000071 51.196759812000039)",Unfall 28825 (2021) Kat:3, Licht: 0,28825,3,6,2,9,8,6,0,0,0,1,0,0,0,1
"POINT (6.770479409000075 51.323177661000045)",Unfall 28846 (2021) Kat:3, Licht: 0,28846,3,2,5,10,9,6,0,0,1,1,0,0,0,0
"POINT (6.762641310000049 51.231681319000074)",Unfall 28859 (2021) Kat:3, Licht: 0,28859,3,2,5,4,18,5,0,0,1,1,0,0,0,0
"POINT (6.698902497000063 51.228672165000035)",Unfall 28863 (2021) Kat:3, Licht: 2,28863,3,6,3,10,20,4,1,2,0,1,0,0,0,0
"POINT (6.782541919000039 51.210486294000077)",Unfall 28874 (2021) Kat:3, Licht: 0,28874,3,6,3,6,12,2,1,0,1,0,0,1,0,0
"POINT (6.762156967000067 51.258947743000078)",Unfall 28888 (2021) Kat:3, Licht: 0,28888,3,6,0,10,15,6,0,0,0,0,0,1,0,1
"POINT (6.771667690000072 51.235687455000061)",Unfall 28898 (2021) Kat:3, Licht: 0,28898,3,6,2,6,12,7,0,0,0,1,0,0,0,1
"POINT (6.771575022000036 51.239475043000027)",Unfall 28929 (2021) Kat:3, Licht: 0,28929,3,3,5,6,8,4,0,0,1,1,0,0,0,0
"POINT (6.807902373000047 51.233737582000060)",Unfall 28950 (2021) Kat:3, Licht: 0,28950,3,2,3,9,15,4,1,0,0,1,0,0,0,0
"POINT (6.798412269000039 51.230103924000048)",Unfall 28956 (2021) Kat:1, Licht: 2,28956,1,4,6,5,22,1,0,2,0,0,1,0,0,1
"POINT (6.801565499000048 51.210535748000041)",Unfall 28962 (2021) Kat:3, Licht: 1,28962,3,6,1,6,19,6,1,1,0,1,0,0,0,0
"POINT (6.796189302000073 51.248011958000063)",Unfall 28970 (2021) Kat:3, Licht: 0,28970,3,2,3,11,7,3,0,0,1,1,0,0,0,0
"POINT (6.853149396000049 51.230440431000034)",Unfall 28974 (2021) Kat:3, Licht: 2,28974,3,6,2,10,21,7,1,2,0,1,0,0,0,0
"POINT (6.783894437000072 51.192343285000049)",Unfall 28980 (2021) Kat:3, Licht: 0,28980,3,1,9,5,14,5,1,0,0,1,0,0,0,0
"POINT (6.821939424000050 51.237767030000043)",Unfall 28985 (2021) Kat:3, Licht: 2,28985,3,2,5,10,19,5,0,2,0,1,0,0,0,1
"POINT (6.807228136000049 51.274611447000041)",Unfall 28987 (2021) Kat:3, Licht: 0,28987,3,3,5,7,15,5,1,0,0,1,0,1,0,0
"POINT (6.868715267000027 51.220736198000054)",Unfall 28996 (2021) Kat:3, Licht: 0,28996,3,3,5,5,16,6,0,0,1,1,0,0,0,0
"POINT (6.795747260000041 51.211021243000062)",Unfall 29006 (2021) Kat:3, Licht: 0,29006,3,1,0,1,13,2,2,0,1,0,0,0,0,0
"POINT (6.787132229000065 51.214555366000070)",Unfall 29019 (2021) Kat:3, Licht: 0,29019,3,4,6,11,15,5,0,0,0,1,1,0,0,0
"POINT (6.828029179000055 51.241949842000054)",Unfall 29022 (2021) Kat:3, Licht: 0,29022,3,6,3,7,9,4,0,0,1,1,0,0,0,0
"POINT (6.792558258000042 51.276014083000064)",Unfall 29041 (2021) Kat:3, Licht: 0,29041,3,6,2,9,11,4,1,0,0,1,0,0,0,0
"POINT (6.811003890000052 51.245306257000038)",Unfall 29048 (2021) Kat:3, Licht: 0,29048,3,3,5,10,16,7,1,0,0,1,0,0,0,0
"POINT (6.803564131000030 51.216057995000028)",Unfall 29050 (2021) Kat:3, Licht: 0,29050,3,3,5,10,17,1,1,0,0,1,0,0,0,1
"POINT (6.798189799000056 51.212859585000047)",Unfall 29054 (2021) Kat:2, Licht: 0,29054,2,2,5,7,16,2,0,0,1,1,0,0,0,0
"POINT (6.861310417000027 51.189002744000049)",Unfall 29057 (2021) Kat:3, Licht: 2,29057,3,2,5,12,19,6,1,2,0,1,0,0,0,0
"POINT (6.880459770000073 51.160957367000037)",Unfall 29065 (2021) Kat:3, Licht: 0,29065,3,6,2,7,13,2,0,0,0,1,0,0,0,0
"POINT (6.833458538000059 51.194911659000070)",Unfall 29078 (2021) Kat:3, Licht: 2,29078,3,6,2,2,22,6,0,2,0,1,0,0,0,0
"POINT (6.821939287000021 51.237766894000060)",Unfall 29079 (2021) Kat:3, Licht: 2,29079,3,1,9,2,22,6,0,2,0,1,0,0,0,0
"POINT (6.796109108000053 51.211119953000036)",Unfall 29086 (2021) Kat:3, Licht: 2,29086,3,6,2,12,5,6,1,2,1,1,0,0,0,0
"POINT (6.800681898000050 51.210577234000027)",Unfall 29094 (2021) Kat:3, Licht: 2,29094,3,4,0,11,18,3,0,2,0,1,1,0,0,0
"POINT (6.795941977000041 51.197337969000046)",Unfall 29102 (2021) Kat:3, Licht: 2,29102,3,6,3,11,23,5,0,2,1,0,0,0,0,1
"POINT (6.784537903000057 51.216170939000051)",Unfall 29112 (2021) Kat:3, Licht: 0,29112,3,2,5,2,14,7,1,0,0,1,0,0,0,0
"POINT (6.788528377000034 51.225763724000046)",Unfall 29114 (2021) Kat:3, Licht: 0,29114,3,7,2,4,19,5,0,0,0,0,0,1,0,1
"POINT (6.819591562000028 51.230769509000027)",Unfall 29117 (2021) Kat:2, Licht: 0,29117,2,1,9,9,8,5,1,0,0,1,0,0,0,0
"POINT (6.806749899000067 51.235278200000039)",Unfall 29143 (2021) Kat:3, Licht: 0,29143,3,3,5,3,7,3,0,0,1,1,0,0,0,0
"POINT (6.786783810000031 51.223127911000063)",Unfall 29150 (2021) Kat:3, Licht: 0,29150,3,6,2,10,14,5,0,0,1,1,0,0,0,0
"POINT (6.861276797000073 51.189005229000031)",Unfall 29152 (2021) Kat:3, Licht: 0,29152,3,2,5,9,18,3,0,0,0,1,0,0,0,0
"POINT (6.909918243000050 51.260668835000047)",Unfall 29154 (2021) Kat:2, Licht: 0,29154,2,6,2,9,16,2,0,0,0,1,0,0,0,0
"POINT (6.828624670000067 51.205794212000058)",Unfall 29170 (2021) Kat:3, Licht: 2,29170,3,1,8,3,5,7,1,2,0,1,0,0,0,0
"POINT (6.858887139000046 51.247177459000056)",Unfall 29180 (2021) Kat:3, Licht: 0,29180,3,1,0,11,8,6,1,0,1,0,0,0,0,0
"POINT (6.851449903000059 51.238091162000046)",Unfall 29191 (2021) Kat:3, Licht: 1,29191,3,5,1,9,18,6,0,1,1,1,0,0,0,0
"POINT (6.836814928000024 51.197328097000081)",Unfall 29192 (2021) Kat:3, Licht: 0,29192,3,7,0,5,20,2,0,0,0,0,0,0,0,1
"POINT (6.894992042000069 51.149235093000073)",Unfall 29197 (2021) Kat:2, Licht: 0,29197,2,2,5,5,19,1,0,0,1,1,0,0,0,0
"POINT (6.787056706000044 51.230874365000034)",Unfall 29201 (2021) Kat:3, Licht: 0,29201,3,6,4,5,10,2,0,0,0,1,0,0,1,0
"POINT (6.819020146000071 51.235144932000026)",Unfall 29219 (2021) Kat:3, Licht: 1,29219,3,6,0,12,7,2,0,1,0,1,1,0,0,1
"POINT (6.823077386000023 51.184372936000045)",Unfall 29228 (2021) Kat:3, Licht: 0,29228,3,2,2,5,17,3,1,0,0,1,0,1,0,0
"POINT (6.797954157000049 51.212694721000048)",Unfall 29235 (2021) Kat:2, Licht: 2,29235,2,2,5,12,17,2,0,2,1,1,0,0,0,0
"POINT (6.858238824000068 51.190395380000041)",Unfall 29271 (2021) Kat:2, Licht: 0,29271,2,1,0,9,9,3,0,0,0,0,0,1,0,0
"POINT (6.800854807000064 51.250690570000074)",Unfall 29275 (2021) Kat:3, Licht: 2,29275,3,2,0,12,21,2,1,2,1,1,0,0,0,0
"POINT (6.819909280000047 51.230733513000075)",Unfall 29298 (2021) Kat:3, Licht: 0,29298,3,6,3,5,9,2,0,0,0,1,0,1,0,0
"POINT (6.793852368000046 51.226349730000038)",Unfall 29317 (2021) Kat:3, Licht: 2,29317,3,6,0,10,22,5,0,2,0,1,0,1,0,0
"POINT (6.806765193000047 51.258425336000073)",Unfall 29324 (2021) Kat:3, Licht: 1,29324,3,7,0,12,16,3,0,1,0,1,0,0,0,1
"POINT (6.787256941000066 51.276705310000068)",Unfall 29331 (2021) Kat:3, Licht: 0,29331,3,6,2,12,8,4,1,0,0,1,0,1,0,0
"POINT (6.842264384000032 51.227939642000081)",Unfall 29345 (2021) Kat:3, Licht: 2,29345,3,3,5,9,21,1,0,2,0,1,0,0,0,1
"POINT (6.792156690000070 51.228058313000076)",Unfall 29352 (2021) Kat:3, Licht: 2,29352,3,2,5,10,6,4,0,2,0,1,0,0,0,0
"POINT (6.834437850000029 51.240043606000029)",Unfall 29355 (2021) Kat:2, Licht: 2,29355,2,6,4,12,18,3,0,2,0,1,0,0,0,0
"POINT (6.824629179000056 51.185212136000075)",Unfall 29356 (2021) Kat:3, Licht: 2,29356,3,2,4,1,17,2,1,2,1,1,0,0,0,0
"POINT (6.811506751000024 51.225156219000041)",Unfall 29357 (2021) Kat:3, Licht: 2,29357,3,1,0,11,2,7,0,2,0,0,0,0,0,1
"POINT (6.803835506000041 51.264543116000027)",Unfall 29359 (2021) Kat:3, Licht: 0,29359,3,5,0,5,18,7,0,0,1,0,0,0,0,1
"POINT (6.801423161000059 51.250439757000038)",Unfall 29369 (2021) Kat:3, Licht: 2,29369,3,2,0,10,19,1,0,2,0,0,0,0,0,1
"POINT (6.786196146000066 51.204835838000065)",Unfall 29386 (2021) Kat:3, Licht: 2,29386,3,6,2,10,2,1,1,2,0,1,0,0,0,0
"POINT (6.790786766000053 51.207555555000056)",Unfall 29388 (2021) Kat:2, Licht: 0,29388,2,1,0,10,16,1,0,0,1,0,0,0,0,0
"POINT (6.822230749000028 51.169128393000051)",Unfall 29390 (2021) Kat:2, Licht: 1,29390,2,2,3,11,17,4,1,1,0,1,0,0,0,0
"POINT (6.810374213000046 51.262286978000077)",Unfall 29391 (2021) Kat:2, Licht: 0,29391,2,4,0,7,13,6,0,0,0,0,1,0,0,1
"POINT (6.793540928000027 51.226668896000035)",Unfall 29401 (2021) Kat:3, Licht: 0,29401,3,2,0,4,13,4,0,0,0,1,0,0,0,1
"POINT (6.833828890000063 51.202680778000058)",Unfall 29405 (2021) Kat:3, Licht: 0,29405,3,1,0,9,9,1,0,0,0,0,0,1,0,0
"POINT (6.811617388000059 51.227123067000036)",Unfall 29407 (2021) Kat:3, Licht: 0,29407,3,6,0,3,15,2,0,0,1,1,0,0,0,0
"POINT (6.807913218000067 51.208852481000065)",Unfall 29408 (2021) Kat:2, Licht: 2,29408,2,1,7,12,5,3,1,2,0,0,0,0,0,1
"POINT (6.916190160000042 51.258996939000042)",Unfall 29411 (2021) Kat:3, Licht: 0,29411,3,3,5,10,17,7,0,0,0,1,0,0,0,0
"POINT (6.860198287000060 51.231856581000045)",Unfall 29416 (2021) Kat:2, Licht: 0,29416,2,1,0,1,13,6,0,0,1,0,0,0,0,0
"POINT (6.822321812000041 51.250980944000048)",Unfall 29439 (2021) Kat:3, Licht: 0,29439,3,2,5,3,14,2,0,0,0,1,0,0,0,0
"POINT (6.802937476000068 51.210163084000044)",Unfall 29443 (2021) Kat:3, Licht: 0,29443,3,3,3,6,12,4,0,0,0,1,0,0,0,1
"POINT (6.857810098000073 51.207185504000051)",Unfall 29451 (2021) Kat:2, Licht: 0,29451,2,7,5,4,11,5,0,0,0,1,0,1,0,0
"POINT (6.800699549000058 51.195757174000050)",Unfall 29455 (2021) Kat:3, Licht: 0,29455,3,6,2,6,18,4,0,0,0,1,0,0,0,0
"POINT (6.800170385000058 51.289693462000059)",Unfall 29470 (2021) Kat:1, Licht: 0,29470,1,1,8,4,6,4,1,0,0,1,0,0,1,0
"POINT (6.864861606000034 51.223079075000044)",Unfall 29501 (2021) Kat:3, Licht: 0,29501,3,6,2,9,17,4,1,0,0,1,0,0,0,0
"POINT (6.805242176000036 51.217523532000030)",Unfall 29505 (2021) Kat:3, Licht: 2,29505,3,6,5,4,20,6,0,2,0,1,0,0,0,0
"POINT (6.787872703000062 51.226849397000080)",Unfall 29511 (2021) Kat:3, Licht: 2,29511,3,4,6,11,19,3,1,2,0,1,1,0,0,0
"POINT (6.860842405000028 51.239956216000053)",Unfall 29513 (2021) Kat:3, Licht: 2,29513,3,5,1,1,19,3,1,2,0,1,0,0,0,0
"POINT (6.792627319000076 51.230822309000075)",Unfall 29533 (2021) Kat:3, Licht: 0,29533,3,7,4,2,12,4,1,0,1,1,0,0,0,0
"POINT (6.824921129000074 51.206560381000031)",Unfall 29537 (2021) Kat:2, Licht: 1,29537,2,3,5,3,6,5,1,1,1,1,0,0,0,0
"POINT (6.804682107000076 51.264228171000070)",Unfall 29541 (2021) Kat:2, Licht: 0,29541,2,6,3,6,20,5,0,0,1,1,0,0,0,0
"POINT (6.897010002000059 51.191024596000034)",Unfall 29553 (2021) Kat:2, Licht: 1,29553,2,1,0,2,17,4,1,1,0,0,0,1,0,0
"POINT (6.791669829000057 51.275639129000069)",Unfall 29570 (2021) Kat:3, Licht: 2,29570,3,1,0,10,20,3,0,2,0,0,0,1,0,0
"POINT (6.832445200000052 51.203810724000050)",Unfall 29571 (2021) Kat:3, Licht: 2,29571,3,6,2,4,21,2,0,2,0,1,0,0,0,0
"POINT (6.802469554000027 51.210307498000077)",Unfall 29576 (2021) Kat:3, Licht: 0,29576,3,3,5,11,13,7,0,0,1,1,0,0,0,0
"POINT (6.888897579000059 51.190506434000042)",Unfall 29578 (2021) Kat:2, Licht: 0,29578,2,6,2,9,15,2,0,0,0,1,0,0,0,0
"POINT (6.793877149000025 51.247068280000065)",Unfall 29593 (2021) Kat:3, Licht: 2,29593,3,2,6,11,18,3,1,2,0,1,1,0,0,0
"POINT (6.784126694000065 51.216429457000061)",Unfall 29604 (2021) Kat:3, Licht: 0,29604,3,1,0,6,19,2,0,0,1,0,0,0,0,0