WKT,Name,OBJECTID,UKATEGORIE,UTYP1,UART,UMONAT,USTUNDE,UWOCHENTAG,STRZUSTAND,ULICHTVERH,ISTRAD,ISTPKW,ISTFUSS,ISTKRAD,ISTGKFZ,ISTSONSTIG
"POINT (6.821216066000034 51.183823231000076)",Unfall 29609 (2021) Kat:3, Licht: 0,29609,3,6,6,3,14,2,0,0,0,1,1,0,0,0
"POINT (6.857956561000037 51.162273611000046)",Unfall 29635 (2021) Kat:3, Licht: 0,29635,3,6,1,11,11,2,1,0,0,1,0,0,0,0
"POINT (6.783783019000055 51.218985153000062)",Unfall 29656 (2021) Kat:2, Licht: 2,29656,2,4,6,11,2,6,1,2,0,1,1,0,0,0
"POINT (6.855916193000041 51.193890544000055)",Unfall 29672 (2021) Kat:2, Licht: 2,29672,2,3,5,11,5,2,1,2,0,1,0,1,0,0
"POINT (6.835814056000061 51.196709438000028)",Unfall 29685 (2021) Kat:3, Licht: 0,29685,3,3,0,2,14,7,0,0,1,0,0,0,0,1
"POINT (6.787532046000024 51.224042670000074)",Unfall 29694 (2021) Kat:3, Licht: 0,29694,3,1,0,5,13,3,1,0,0,0,0,1,0,0
"POINT (6.784963020000021 51.246145509000030)",Unfall 29713 (2021) Kat:3, Licht: 2,29713,3,3,5,10,22,6,1,2,0,1,0,0,0,0
"POINT (6.791216219000034 51.231226633000063)",Unfall 29715 (2021) Kat:3, Licht: 0,29715,3,5,0,6,10,4,0,0,1,0,0,0,0,1
"POINT (6.811257733000048 51.224159093000026)",Unfall 29719 (2021) Kat:3, Licht: 0,29719,3,4,6,10,15,2,0,0,1,0,1,0,0,0
"POINT (6.807664220000049 51.177438293000080)",Unfall 29720 (2021) Kat:3, Licht: 2,29720,3,6,2,12,18,5,1,2,0,1,0,0,0,0
"POINT (6.913192210000034 51.259965200000067)",Unfall 29721 (2021) Kat:2, Licht: 0,29721,2,6,2,3,14,7,0,0,0,1,0,0,0,0
"POINT (6.802439304000075 51.238628361000053)",Unfall 29722 (2021) Kat:3, Licht: 0,29722,3,2,5,10,17,4,1,0,0,1,0,0,0,0
"POINT (6.871646765000037 51.182797509000068)",Unfall 29728 (2021) Kat:3, Licht: 0,29728,3,3,5,2,15,7,0,0,0,1,0,1,0,0
"POINT (6.801449249000029 51.210547177000080)",Unfall 29732 (2021) Kat:3, Licht: 2,29732,3,3,5,11,22,3,1,2,1,1,0,0,0,0
"POINT (6.853535455000042 51.237503961000073)",Unfall 29744 (2021) Kat:3, Licht: 0,29744,3,1,0,3,12,7,0,0,1,0,0,0,0,0
"POINT (6.788437458000033 51.276852931000064)",Unfall 29752 (2021) Kat:3, Licht: 1,29752,3,6,3,10,20,7,0,1,0,1,0,0,0,0
"POINT (6.809896600000059 51.261611110000047)",Unfall 29756 (2021) Kat:3, Licht: 1,29756,3,1,6,9,19,6,0,1,0,0,1,1,0,0
"POINT (6.807058113000039 51.258695953000029)",Unfall 29757 (2021) Kat:3, Licht: 0,29757,3,6,6,11,8,3,0,0,0,1,1,0,0,0
"POINT (6.914697629000045 51.259570530000076)",Unfall 29760 (2021) Kat:3, Licht: 2,29760,3,1,9,2,2,1,2,2,0,1,0,0,0,0
"POINT (6.866697537000050 51.220696942000075)",Unfall 29766 (2021) Kat:3, Licht: 0,29766,3,5,1,6,7,3,0,0,1,0,0,1,0,0
"POINT (6.858385641000041 51.237227711000060)",Unfall 29767 (2021) Kat:3, Licht: 0,29767,3,7,3,9,11,6,0,0,1,1,0,0,0,1
"POINT (6.799423050000030 51.253451614000028)",Unfall 29787 (2021) Kat:3, Licht: 0,29787,3,6,3,3,15,2,0,0,0,1,0,0,0,1
"POINT (6.861256332000039 51.189006741000071)",Unfall 29791 (2021) Kat:2, Licht: 0,29791,2,2,4,10,14,5,0,0,0,1,0,1,0,0
"POINT (6.835664415000053 51.200960779000070)",Unfall 29815 (2021) Kat:3, Licht: 0,29815,3,6,2,9,18,6,1,0,0,1,0,0,0,0
"POINT (6.810763869000027 51.222717567000075)",Unfall 29818 (2021) Kat:3, Licht: 2,29818,3,6,1,10,22,3,0,2,0,1,0,0,0,0
"POINT (6.807872852000060 51.263056889000040)",Unfall 29819 (2021) Kat:3, Licht: 0,29819,3,4,6,11,16,3,1,0,0,1,1,0,0,0
"POINT (6.803465460000041 51.216234776000078)",Unfall 29821 (2021) Kat:3, Licht: 0,29821,3,3,5,5,11,4,0,0,1,1,0,0,0,0
"POINT (6.798121162000029 51.254918606000047)",Unfall 29825 (2021) Kat:3, Licht: 2,29825,3,6,3,10,19,6,0,2,0,1,0,0,1,0
"POINT (6.784978613000021 51.220749594000040)",Unfall 29845 (2021) Kat:2, Licht: 0,29845,2,3,5,10,9,6,0,0,1,1,0,0,0,0
"POINT (6.810775794000051 51.222737870000060)",Unfall 29851 (2021) Kat:3, Licht: 0,29851,3,2,5,10,9,7,1,0,0,1,0,0,0,1
"POINT (6.802964432000067 51.254382854000028)",Unfall 29855 (2021) Kat:3, Licht: 2,29855,3,7,3,1,19,6,0,2,0,1,0,0,0,1
"POINT (6.858387168000036 51.243081917000040)",Unfall 29862 (2021) Kat:3, Licht: 0,29862,3,3,5,11,11,3,1,0,0,1,0,0,0,0
"POINT (6.811233649000030 51.261946488000035)",Unfall 29871 (2021) Kat:3, Licht: 2,29871,3,4,6,11,17,1,1,2,0,1,1,0,0,0
"POINT (6.803505682000036 51.216258050000079)",Unfall 29872 (2021) Kat:3, Licht: 0,29872,3,4,6,12,13,5,0,0,0,1,1,0,0,0
"POINT (6.787147772000026 51.223612015000072)",Unfall 29878 (2021) Kat:3, Licht: 0,29878,3,6,3,7,9,2,0,0,0,1,0,1,0,0
"POINT (6.909678969000026 51.195253654000055)",Unfall 29882 (2021) Kat:3, Licht: 0,29882,3,6,2,1,13,2,1,0,0,1,0,0,0,0
"POINT (6.816397307000045 51.231164506000027)",Unfall 29895 (2021) Kat:2, Licht: 1,29895,2,1,0,4,6,6,1,1,0,0,0,1,0,0
"POINT (6.785929727000052 51.202744703000064)",Unfall 29897 (2021) Kat:2, Licht: 2,29897,2,7,8,11,5,1,1,2,0,1,0,0,0,0
"POINT (6.822901111000022 51.169924727000080)",Unfall 29902 (2021) Kat:3, Licht: 0,29902,3,3,5,9,12,2,0,0,1,1,0,0,0,0
"POINT (6.809223480000071 51.232009404000053)",Unfall 29903 (2021) Kat:3, Licht: 0,29903,3,6,2,6,15,6,0,0,0,1,0,0,0,0
"POINT (6.796626745000026 51.210901452000030)",Unfall 29924 (2021) Kat:3, Licht: 0,29924,3,7,0,5,18,5,0,0,1,1,0,0,0,1
"POINT (6.784199066000042 51.192151926000065)",Unfall 29934 (2021) Kat:3, Licht: 0,29934,3,1,0,6,16,4,0,0,0,0,0,0,1,0
"POINT (6.828485000000057 51.241734733000044)",Unfall 29940 (2021) Kat:3, Licht: 0,29940,3,6,0,7,18,5,1,0,0,1,0,1,0,0
"POINT (6.793877149000025 51.247068280000065)",Unfall 29958 (2021) Kat:3, Licht: 2,29958,3,3,5,9,6,4,0,2,0,1,1,0,0,1
"POINT (6.805968297000049 51.231302687000039)",Unfall 29965 (2021) Kat:3, Licht: 0,29965,3,5,1,2,7,5,0,0,1,1,0,0,0,0
"POINT (6.894794739000076 51.190881996000030)",Unfall 29967 (2021) Kat:3, Licht: 2,29967,3,6,2,1,21,3,1,2,0,1,0,0,0,0
"POINT (6.786966084000028 51.214652364000074)",Unfall 29971 (2021) Kat:3, Licht: 0,29971,3,4,6,10,16,6,0,0,0,1,1,0,0,0
"POINT (6.913859004000074 51.193308599000034)",Unfall 29978 (2021) Kat:2, Licht: 0,29978,2,3,5,7,11,6,0,0,0,0,0,1,0,1
"POINT (6.792194822000056 51.228025317000061)",Unfall 29993 (2021) Kat:3, Licht: 0,29993,3,6,3,4,13,4,0,0,1,1,0,0,0,0
"POINT (6.808203990000038 51.259753507000028)",Unfall 30000 (2021) Kat:3, Licht: 0,30000,3,2,5,11,14,4,1,0,0,1,0,1,0,0
"POINT (6.797770176000029 51.255445267000027)",Unfall 30006 (2021) Kat:3, Licht: 0,30006,3,6,3,4,13,3,0,0,0,1,0,0,1,0
"POINT (6.809384312000020 51.230641482000067)",Unfall 30032 (2021) Kat:3, Licht: 0,30032,3,2,5,5,12,7,0,0,1,1,0,0,0,0
"POINT (6.863128581000069 51.247164585000064)",Unfall 30045 (2021) Kat:3, Licht: 0,30045,3,6,0,6,19,5,0,0,0,1,0,1,0,0
"POINT (6.800782472000037 51.250724042000058)",Unfall 30046 (2021) Kat:3, Licht: 2,30046,3,7,0,11,19,7,0,2,1,0,0,0,0,0
"POINT (6.795911968000041 51.211147750000066)",Unfall 30053 (2021) Kat:3, Licht: 0,30053,3,6,2,6,14,2,0,0,0,1,0,0,0,0
"POINT (6.850760063000052 51.231886061000068)",Unfall 30056 (2021) Kat:2, Licht: 2,30056,2,2,6,11,6,4,0,2,0,1,1,0,0,0
"POINT (6.800697543000069 51.214813517000039)",Unfall 30061 (2021) Kat:3, Licht: 0,30061,3,3,5,1,9,7,0,0,0,1,0,0,0,1
"POINT (6.784253590000048 51.203783355000041)",Unfall 30064 (2021) Kat:3, Licht: 2,30064,3,6,2,11,7,3,1,2,0,1,0,0,1,0
"POINT (6.788120554000045 51.224676159000069)",Unfall 30066 (2021) Kat:3, Licht: 0,30066,3,1,4,5,12,2,1,0,0,1,0,1,0,0
"POINT (6.837862047000044 51.197650976000034)",Unfall 30092 (2021) Kat:2, Licht: 0,30092,2,1,0,10,15,7,1,0,0,0,0,1,0,0
"POINT (6.805951566000033 51.257664891000047)",Unfall 30095 (2021) Kat:3, Licht: 0,30095,3,1,0,6,17,1,1,0,1,0,0,0,0,0
"POINT (6.796958039000060 51.257738953000057)",Unfall 30105 (2021) Kat:3, Licht: 0,30105,3,6,3,3,11,4,0,0,0,1,0,0,1,0
"POINT (6.853284536000047 51.237576817000047)",Unfall 30108 (2021) Kat:3, Licht: 0,30108,3,7,0,6,17,2,0,0,1,0,0,0,0,0
"POINT (6.800956721000034 51.250991095000074)",Unfall 30113 (2021) Kat:2, Licht: 0,30113,2,2,5,6,10,4,0,0,1,0,0,0,1,0
"POINT (6.784253590000048 51.203783355000041)",Unfall 30116 (2021) Kat:3, Licht: 0,30116,3,6,3,10,13,4,0,0,0,1,0,0,0,0
"POINT (6.865889438000067 51.218764918000034)",Unfall 30134 (2021) Kat:2, Licht: 2,30134,2,6,4,2,19,4,2,2,0,1,0,0,0,0
"POINT (6.850747841000043 51.231895757000075)",Unfall 30146 (2021) Kat:3, Licht: 0,30146,3,2,5,6,10,6,0,0,1,0,0,0,0,1
"POINT (6.805414498000061 51.209377652000057)",Unfall 30150 (2021) Kat:3, Licht: 2,30150,3,2,3,12,19,1,1,2,0,1,0,0,0,0
"POINT (6.800049124000054 51.275067315000058)",Unfall 30154 (2021) Kat:3, Licht: 2,30154,3,3,5,11,23,1,0,2,0,1,0,0,0,0
"POINT (6.787063599000021 51.214591514000062)",Unfall 30156 (2021) Kat:3, Licht: 0,30156,3,3,5,1,12,2,1,0,0,1,0,0,0,0
"POINT (6.909509825000043 51.133383372000026)",Unfall 30160 (2021) Kat:3, Licht: 0,30160,3,2,5,2,16,1,0,0,1,0,0,0,0,0
"POINT (6.842329650000067 51.196670486000073)",Unfall 30171 (2021) Kat:3, Licht: 0,30171,3,6,2,10,15,4,0,0,0,1,0,0,0,0
"POINT (6.825150025000028 51.229128509000077)",Unfall 30183 (2021) Kat:3, Licht: 2,30183,3,1,9,10,2,1,0,2,0,1,0,0,0,0
"POINT (6.803539127000022 51.216045263000069)",Unfall 30187 (2021) Kat:3, Licht: 0,30187,3,2,5,5,18,2,0,0,0,1,0,0,0,1
"POINT (6.797578030000068 51.212413508000054)",Unfall 30190 (2021) Kat:1, Licht: 2,30190,1,7,8,10,21,1,1,2,1,0,0,0,0,1
"POINT (6.859824395000032 51.230557260000069)",Unfall 30193 (2021) Kat:3, Licht: 2,30193,3,6,2,12,20,1,1,2,0,1,0,0,0,0
"POINT (6.899397086000022 51.129534939000052)",Unfall 30197 (2021) Kat:2, Licht: 0,30197,2,3,5,9,15,4,0,0,1,0,0,1,0,0
"POINT (6.880522045000021 51.206163221000054)",Unfall 30203 (2021) Kat:3, Licht: 0,30203,3,6,2,4,14,3,1,0,0,1,0,0,0,0
"POINT (6.791299430000038 51.253435628000034)",Unfall 30214 (2021) Kat:3, Licht: 0,30214,3,2,2,4,8,4,2,0,0,1,0,0,0,0
"POINT (6.821834189000072 51.237663307000048)",Unfall 30216 (2021) Kat:3, Licht: 0,30216,3,6,2,10,11,5,0,0,0,1,0,0,0,0
"POINT (6.810454484000047 51.222778665000078)",Unfall 30217 (2021) Kat:2, Licht: 0,30217,2,2,4,10,9,2,0,0,0,1,0,1,0,0
"POINT (6.857618612000067 51.162288728000078)",Unfall 30228 (2021) Kat:3, Licht: 0,30228,3,7,1,6,17,2,0,0,0,1,0,0,0,0
"POINT (6.801166016000025 51.218583449000050)",Unfall 30232 (2021) Kat:3, Licht: 0,30232,3,4,6,7,18,5,1,0,0,1,1,1,0,0
"POINT (6.796512176000022 51.259414873000026)",Unfall 30239 (2021) Kat:2, Licht: 2,30239,2,6,1,11,21,2,0,2,0,1,0,0,0,1
"POINT (6.815863382000032 51.259515086000079)",Unfall 30246 (2021) Kat:2, Licht: 2,30246,2,3,5,1,18,4,0,2,1,1,0,0,0,0
"POINT (6.875975691000065 51.179397004000066)",Unfall 30253 (2021) Kat:3, Licht: 2,30253,3,5,1,2,6,2,2,2,0,0,0,0,0,1
"POINT (6.867224536000037 51.214808646000051)",Unfall 30264 (2021) Kat:3, Licht: 0,30264,3,6,3,4,11,5,0,0,1,1,0,0,0,0
"POINT (6.808747102000041 51.220923594000055)",Unfall 30267 (2021) Kat:3, Licht: 0,30267,3,3,5,6,16,3,0,0,1,1,0,0,0,0
"POINT (6.818602599000030 51.234846896000079)",Unfall 30270 (2021) Kat:3, Licht: 0,30270,3,3,5,5,18,3,0,0,0,1,0,0,0,0
"POINT (6.795671214000038 51.247791800000073)",Unfall 30274 (2021) Kat:3, Licht: 0,30274,3,1,0,6,8,5,0,0,1,0,0,0,0,0
"POINT (6.799915585000065 51.251377234000074)",Unfall 30286 (2021) Kat:3, Licht: 1,30286,3,6,2,1,8,3,1,1,0,1,0,0,0,0
"POINT (6.861089514000071 51.150106254000036)",Unfall 30290 (2021) Kat:3, Licht: 0,30290,3,7,5,7,15,1,1,0,1,1,0,0,0,0
"POINT (6.909643698000025 51.195437322000032)",Unfall 30292 (2021) Kat:3, Licht: 0,30292,3,6,2,4,14,3,0,0,0,1,0,0,0,0
"POINT (6.847485958000050 51.229851118000056)",Unfall 30303 (2021) Kat:3, Licht: 0,30303,3,2,5,6,16,2,0,0,1,1,0,0,0,0
"POINT (6.793013870000038 51.253000857000075)",Unfall 30308 (2021) Kat:3, Licht: 0,30308,3,6,2,9,17,6,0,0,0,1,0,1,0,0
"POINT (6.864229178000073 51.223837439000079)",Unfall 30309 (2021) Kat:2, Licht: 2,30309,2,1,0,12,17,6,1,2,0,0,0,1,0,0
"POINT (6.835681840000063 51.200943483000060)",Unfall 30310 (2021) Kat:3, Licht: 0,30310,3,3,5,9,16,6,0,0,1,1,0,0,0,0
"POINT (6.811872729000072 51.177902905000053)",Unfall 30312 (2021) Kat:3, Licht: 2,30312,3,2,5,9,21,2,0,2,1,1,0,0,0,0
"POINT (6.801689660000022 51.242697865000082)",Unfall 30324 (2021) Kat:3, Licht: 2,30324,3,1,0,11,17,4,1,2,0,0,0,1,0,0
"POINT (6.795810860000074 51.211069888000054)",Unfall 30332 (2021) Kat:3, Licht: 0,30332,3,2,3,10,13,2,0,0,0,1,0,0,0,0
"POINT (6.873117445000048 51.181726355000080)",Unfall 30337 (2021) Kat:2, Licht: 2,30337,2,1,0,9,20,5,0,2,0,0,0,0,0,1
"POINT (6.909800072000053 51.195206312000039)",Unfall 30340 (2021) Kat:3, Licht: 0,30340,3,6,2,9,18,6,1,0,0,1,0,0,0,0
"POINT (6.822896998000033 51.169925784000043)",Unfall 30362 (2021) Kat:3, Licht: 0,30362,3,3,5,5,17,2,0,0,1,1,0,0,0,0
"POINT (6.811278697000034 51.224230489000036)",Unfall 30363 (2021) Kat:3, Licht: 0,30363,3,4,0,9,19,7,0,0,0,0,1,0,0,1
"POINT (6.797868671000060 51.193810598000027)",Unfall 30369 (2021) Kat:3, Licht: 0,30369,3,6,2,11,13,3,0,0,0,1,0,0,1,0
"POINT (6.872256554000046 51.182410075000064)",Unfall 30371 (2021) Kat:2, Licht: 2,30371,2,7,0,12,17,3,0,2,0,1,0,1,0,0
"POINT (6.801878267000063 51.244898785000032)",Unfall 30375 (2021) Kat:3, Licht: 0,30375,3,6,3,9,8,2,0,0,0,1,0,0,1,0
"POINT (6.898489218000066 51.145498788000054)",Unfall 30377 (2021) Kat:3, Licht: 2,30377,3,2,3,11,6,3,1,2,1,1,0,0,0,0
"POINT (6.810453587000040 51.222777257000075)",Unfall 30397 (2021) Kat:3, Licht: 1,30397,3,1,2,1,8,3,0,1,1,0,0,0,0,0
"POINT (6.862737025000058 51.253301802000067)",Unfall 30412 (2021) Kat:3, Licht: 0,30412,3,6,2,12,8,3,1,0,0,1,0,0,0,0
"POINT (6.787945229000059 51.232853523000074)",Unfall 30432 (2021) Kat:3, Licht: 0,30432,3,7,3,6,19,4,0,0,0,1,0,0,0,1
"POINT (6.884298030000025 51.155999690000044)",Unfall 30442 (2021) Kat:3, Licht: 0,30442,3,6,6,2,10,5,0,0,1,0,1,0,0,0
"POINT (6.825749150000036 51.206328972000051)",Unfall 30459 (2021) Kat:2, Licht: 0,30459,2,4,6,7,16,3,0,0,0,1,1,0,0,0
"POINT (6.799516963000031 51.251517484000033)",Unfall 30466 (2021) Kat:3, Licht: 0,30466,3,6,2,9,14,1,0,0,0,1,0,0,0,0
"POINT (6.787584388000028 51.242738222000071)",Unfall 30468 (2021) Kat:3, Licht: 0,30468,3,2,5,10,8,5,0,0,1,1,0,0,0,0
"POINT (6.897687651000069 51.144760100000042)",Unfall 30473 (2021) Kat:3, Licht: 2,30473,3,1,2,3,20,7,0,2,0,1,0,0,0,0
"POINT (6.855561891000036 51.194273879000036)",Unfall 30480 (2021) Kat:3, Licht: 0,30480,3,5,2,9,13,6,0,0,0,1,0,0,0,1
"POINT (6.841355912000040 51.189886029000036)",Unfall 30481 (2021) Kat:3, Licht: 0,30481,3,6,3,5,13,3,0,0,0,0,0,0,1,1
"POINT (6.817680208000070 51.192487300000039)",Unfall 30484 (2021) Kat:2, Licht: 2,30484,2,6,3,10,14,7,0,2,0,1,0,0,1,0
"POINT (6.784439914000075 51.242599968000036)",Unfall 30486 (2021) Kat:3, Licht: 1,30486,3,7,0,9,19,1,0,1,0,0,0,1,0,0
"POINT (6.810042085000021 51.229501845000073)",Unfall 30492 (2021) Kat:3, Licht: 0,30492,3,2,1,10,12,5,1,0,0,1,0,1,0,0
"POINT (6.801331749000042 51.195758668000053)",Unfall 30505 (2021) Kat:3, Licht: 2,30505,3,6,2,12,18,5,1,2,0,1,0,0,0,0
"POINT (6.795036660000051 51.247526886000060)",Unfall 30547 (2021) Kat:2, Licht: 2,30547,2,4,6,10,20,5,0,2,0,1,1,0,0,0
"POINT (6.836603067000055 51.200110551000080)",Unfall 30551 (2021) Kat:3, Licht: 0,30551,3,1,0,10,15,4,1,0,1,0,0,0,0,0
"POINT (6.806589125000073 51.258262637000030)",Unfall 30554 (2021) Kat:3, Licht: 0,30554,3,6,0,5,13,4,0,0,1,0,0,0,0,1
"POINT (6.833631328000024 51.240446750000046)",Unfall 30577 (2021) Kat:3, Licht: 0,30577,3,1,0,6,18,2,1,0,1,0,0,0,0,0
"POINT (6.858242937000057 51.226217262000034)",Unfall 30589 (2021) Kat:2, Licht: 2,30589,2,3,5,12,18,1,1,2,0,1,0,0,0,0
"POINT (6.793877149000025 51.247068280000065)",Unfall 30598 (2021) Kat:2, Licht: 2,30598,2,2,0,10,6,5,0,2,0,1,0,1,0,0
"POINT (6.806563150000045 51.276852606000034)",Unfall 30605 (2021) Kat:2, Licht: 0,30605,2,2,5,5,15,2,0,0,1,1,0,0,0,0
"POINT (6.787248423000051 51.253763838000054)",Unfall 30611 (2021) Kat:3, Licht: 0,30611,3,6,3,11,11,3,1,0,0,1,0,0,1,0
"POINT (6.865707729000064 51.220037220000052)",Unfall 30637 (2021) Kat:3, Licht: 0,30637,3,3,5,4,7,5,0,0,1,1,0,0,0,0
"POINT (6.834372110000061 51.274072224000065)",Unfall 30638 (2021) Kat:3, Licht: 0,30638,3,1,0,10,11,6,1,0,0,0,0,1,0,0
"POINT (6.811003890000052 51.245306257000038)",Unfall 30641 (2021) Kat:3, Licht: 0,30641,3,2,5,12,8,2,0,0,1,1,0,0,0,0
"POINT (6.797716697000055 51.212517250000076)",Unfall 30646 (2021) Kat:3, Licht: 0,30646,3,3,6,1,15,3,1,0,0,0,1,0,1,0
"POINT (6.886218063000058 51.176335188000053)",Unfall 30659 (2021) Kat:2, Licht: 0,30659,2,3,5,4,18,5,0,0,0,1,0,0,0,0
"POINT (6.854270917000065 51.204595249000079)",Unfall 30661 (2021) Kat:3, Licht: 0,30661,3,6,2,9,16,4,0,0,0,1,0,0,0,0
"POINT (6.785374769000043 51.204168494000044)",Unfall 30667 (2021) Kat:3, Licht: 0,30667,3,6,3,4,14,1,0,0,0,0,0,1,0,1
"POINT (6.791927830000020 51.253186338000035)",Unfall 30669 (2021) Kat:3, Licht: 0,30669,3,2,5,3,13,5,0,0,0,1,0,0,0,1
"POINT (6.832781013000044 51.190227803000028)",Unfall 30671 (2021) Kat:3, Licht: 0,30671,3,6,9,6,12,4,0,0,0,1,0,0,1,0
"POINT (6.822658786000034 51.238475014000073)",Unfall 30672 (2021) Kat:3, Licht: 0,30672,3,7,3,11,16,3,1,0,0,1,0,0,0,1
"POINT (6.913300784000057 51.259922694000068)",Unfall 30674 (2021) Kat:2, Licht: 0,30674,2,3,5,11,7,4,1,0,0,1,0,0,1,0
"POINT (6.795833206000054 51.211087096000028)",Unfall 30695 (2021) Kat:3, Licht: 1,30695,3,6,2,9,7,3,0,1,0,1,0,0,0,0
"POINT (6.783653819000051 51.218764549000070)",Unfall 30705 (2021) Kat:3, Licht: 0,30705,3,6,2,12,11,5,0,0,0,1,0,1,0,0
"POINT (6.788523131000034 51.225748489000068)",Unfall 30707 (2021) Kat:3, Licht: 0,30707,3,1,0,12,10,5,1,0,1,0,0,0,0,0
"POINT (6.806946522000032 51.209043029000043)",Unfall 30712 (2021) Kat:3, Licht: 0,30712,3,2,5,12,14,6,0,0,0,1,0,1,0,0
"POINT (6.883561591000046 51.175372533000029)",Unfall 30719 (2021) Kat:3, Licht: 0,30719,3,6,2,2,12,3,1,0,0,1,0,0,1,0
"POINT (6.795035905000020 51.263969942000074)",Unfall 30730 (2021) Kat:3, Licht: 0,30730,3,6,8,9,14,2,0,0,0,1,0,0,0,0
"POINT (6.786969429000067 51.231217257000026)",Unfall 30743 (2021) Kat:2, Licht: 0,30743,2,3,5,10,14,3,0,0,0,1,0,0,0,0
"POINT (6.792257156000062 51.253129651000052)",Unfall 30764 (2021) Kat:3, Licht: 0,30764,3,1,0,7,8,3,1,0,0,0,0,1,0,0
"POINT (6.864361372000076 51.223676325000042)",Unfall 30767 (2021) Kat:3, Licht: 2,30767,3,2,5,3,19,7,1,2,0,1,0,1,0,0
"POINT (6.859665744000040 51.224064114000043)",Unfall 30779 (2021) Kat:3, Licht: 2,30779,3,2,6,11,6,6,1,2,0,1,1,0,0,0
"POINT (6.854199351000034 51.190243997000039)",Unfall 30792 (2021) Kat:3, Licht: 0,30792,3,1,9,6,10,7,0,0,0,1,0,0,0,0
"POINT (6.850053524000032 51.231472121000081)",Unfall 30811 (2021) Kat:3, Licht: 0,30811,3,7,5,6,8,3,0,0,0,0,0,1,0,1
"POINT (6.810924328000056 51.228418683000029)",Unfall 30823 (2021) Kat:3, Licht: 1,30823,3,6,2,2,17,1,0,1,1,0,0,0,0,0
"POINT (6.804169851000040 51.193467101000067)",Unfall 30826 (2021) Kat:3, Licht: 2,30826,3,1,2,1,22,3,1,2,0,1,0,0,0,0
"POINT (6.870143309000071 51.184148956000058)",Unfall 30832 (2021) Kat:3, Licht: 0,30832,3,6,2,6,12,4,0,0,0,1,0,0,0,0
"POINT (6.816943448000075 51.258778668000048)",Unfall 30848 (2021) Kat:3, Licht: 0,30848,3,5,1,9,13,1,0,0,0,1,0,0,0,1
"POINT (6.844222443000035 51.189816644000075)",Unfall 30883 (2021) Kat:2, Licht: 0,30883,2,6,2,12,14,3,0,0,0,1,0,0,1,0
"POINT (6.800277758000050 51.219510927000044)",Unfall 30885 (2021) Kat:3, Licht: 2,30885,3,7,6,1,19,3,0,2,1,0,1,0,0,0
"POINT (6.789639159000046 51.200054739000052)",Unfall 30890 (2021) Kat:3, Licht: 1,30890,3,6,2,1,16,5,1,1,0,1,0,0,0,0
"POINT (6.857050296000068 51.190342871000041)",Unfall 30905 (2021) Kat:3, Licht: 0,30905,3,6,8,1,10,5,1,0,0,0,0,0,1,1
"POINT (6.793910569000047 51.247081441000034)",Unfall 30913 (2021) Kat:3, Licht: 0,30913,3,2,5,6,16,5,0,0,1,0,0,0,0,0
"POINT (6.787261598000043 51.229664988000081)",Unfall 30927 (2021) Kat:3, Licht: 0,30927,3,6,3,7,19,7,0,0,0,1,0,0,0,1
"POINT (6.861097901000051 51.223233877000041)",Unfall 30929 (2021) Kat:3, Licht: 2,30929,3,1,9,9,5,6,1,2,0,1,0,0,0,0
"POINT (6.811259275000054 51.225221137000062)",Unfall 30954 (2021) Kat:3, Licht: 0,30954,3,2,5,4,16,6,0,0,1,0,0,0,1,0
"POINT (6.912500060000070 51.260204977000058)",Unfall 30956 (2021) Kat:2, Licht: 2,30956,2,3,5,11,17,2,0,2,0,1,0,1,0,0
"POINT (6.803498891000061 51.194933616000071)",Unfall 30957 (2021) Kat:2, Licht: 2,30957,2,6,2,2,21,6,0,2,0,1,0,1,0,0
"POINT (6.801835310000058 51.252267509000035)",Unfall 30967 (2021) Kat:3, Licht: 0,30967,3,6,2,3,17,5,0,0,0,1,0,0,0,0
"POINT (6.790950469000052 51.192803135000077)",Unfall 30986 (2021) Kat:3, Licht: 0,30986,3,6,0,9,10,2,0,0,0,1,0,0,1,0
"POINT (6.821561201000065 51.239137938000056)",Unfall 30988 (2021) Kat:3, Licht: 0,30988,3,6,3,5,8,2,0,0,1,1,0,0,0,0
"POINT (6.807464344000039 51.254032632000076)",Unfall 30990 (2021) Kat:3, Licht: 2,30990,3,6,2,12,17,3,0,2,0,1,0,1,0,0
"POINT (6.802557545000070 51.253587626000069)",Unfall 30993 (2021) Kat:3, Licht: 0,30993,3,6,2,4,15,2,1,0,0,1,0,0,0,0
"POINT (6.914943642000026 51.261079738000035)",Unfall 30994 (2021) Kat:3, Licht: 0,30994,3,6,2,1,7,5,1,0,0,1,0,0,0,0
"POINT (6.839405762000069 51.275222135000035)",Unfall 31014 (2021) Kat:3, Licht: 0,31014,3,7,2,12,10,2,1,0,0,1,0,0,1,0
"POINT (6.789423459000034 51.213338106000037)",Unfall 31024 (2021) Kat:3, Licht: 0,31024,3,4,6,5,9,7,0,0,0,1,1,0,0,0
"POINT (6.821271669000055 51.183837076000032)",Unfall 31026 (2021) Kat:3, Licht: 2,31026,3,3,5,4,21,5,0,2,0,1,0,0,0,0
"POINT (6.785325138000076 51.221204115000035)",Unfall 31035 (2021) Kat:3, Licht: 0,31035,3,5,1,5,9,4,0,0,1,0,0,0,0,1
"POINT (6.790632781000056 51.212711597000066)",Unfall 31037 (2021) Kat:3, Licht: 0,31037,3,3,5,2,15,7,2,0,1,1,0,0,0,0
"POINT (6.822139642000025 51.184086247000039)",Unfall 31039 (2021) Kat:3, Licht: 0,31039,3,3,5,10,16,2,0,0,0,1,0,0,0,1
"POINT (6.890986904000044 51.161042125000051)",Unfall 31045 (2021) Kat:3, Licht: 1,31045,3,7,0,10,7,5,1,1,1,0,0,0,0,0