WKT,Name,OBJECTID,UKATEGORIE,UTYP1,UART,UMONAT,USTUNDE,UWOCHENTAG,STRZUSTAND,ULICHTVERH,ISTRAD,ISTPKW,ISTFUSS,ISTKRAD,ISTGKFZ,ISTSONSTIG
"POINT (6.800582863000045 51.250816423000060)",Unfall 31054 (2021) Kat:3, Licht: 0,31054,3,2,0,10,12,3,1,0,0,1,0,1,0,0
"POINT (6.897075715000028 51.191157183000030)",Unfall 31056 (2021) Kat:3, Licht: 2,31056,3,6,0,1,20,7,0,2,0,1,0,0,0,1
"POINT (6.795890461000056 51.211057807000032)",Unfall 31061 (2021) Kat:3, Licht: 0,31061,3,2,5,5,17,6,0,0,0,0,0,0,0,1
"POINT (6.814972136000051 51.259200852000049)",Unfall 31068 (2021) Kat:3, Licht: 0,31068,3,6,4,9,15,6,0,0,1,0,0,0,0,1
"POINT (6.913752302000034 51.257887907000054)",Unfall 31082 (2021) Kat:3, Licht: 0,31082,3,1,0,9,18,4,0,0,0,1,0,0,0,0
"POINT (6.837576420000062 51.237538292000067)",Unfall 31101 (2021) Kat:3, Licht: 0,31101,3,5,1,1,11,3,1,0,0,1,0,0,0,1
"POINT (6.806411287000060 51.209148526000035)",Unfall 31104 (2021) Kat:3, Licht: 0,31104,3,6,3,10,12,7,1,0,0,1,0,0,0,0
"POINT (6.787842561000048 51.192265390000045)",Unfall 31110 (2021) Kat:2, Licht: 2,31110,2,6,3,2,8,6,0,2,0,1,0,0,0,0
"POINT (6.861171309000042 51.227930895000043)",Unfall 31112 (2021) Kat:3, Licht: 2,31112,3,3,5,11,19,4,0,2,0,1,0,1,0,0
"POINT (6.855664293000075 51.190238531000034)",Unfall 31122 (2021) Kat:2, Licht: 0,31122,2,6,2,5,16,3,1,0,0,1,0,0,0,0
"POINT (6.792525840000053 51.208581525000056)",Unfall 31131 (2021) Kat:3, Licht: 0,31131,3,6,2,11,15,2,0,0,0,1,0,0,0,0
"POINT (6.878026058000046 51.258308188000058)",Unfall 31156 (2021) Kat:3, Licht: 0,31156,3,3,4,9,8,4,0,0,0,1,0,0,0,0
"POINT (6.790895170000056 51.192793381000058)",Unfall 31167 (2021) Kat:2, Licht: 0,31167,2,6,2,10,16,3,0,0,0,1,0,0,0,0
"POINT (6.838659134000068 51.239720814000066)",Unfall 31193 (2021) Kat:3, Licht: 0,31193,3,4,6,3,15,4,0,0,0,0,1,0,0,1
"POINT (6.784403164000025 51.230527482000070)",Unfall 31201 (2021) Kat:3, Licht: 0,31201,3,6,2,3,16,4,0,0,0,1,0,0,0,0
"POINT (6.788693154000043 51.253651244000082)",Unfall 31203 (2021) Kat:3, Licht: 0,31203,3,6,3,4,18,7,0,0,0,1,0,0,0,0
"POINT (6.865867120000075 51.218884163000041)",Unfall 31218 (2021) Kat:3, Licht: 0,31218,3,6,2,5,14,7,0,0,0,1,0,0,0,0
"POINT (6.803408268000055 51.216201683000065)",Unfall 31236 (2021) Kat:3, Licht: 1,31236,3,2,5,10,18,3,1,1,1,1,0,0,0,0
"POINT (6.854257158000053 51.237380494000035)",Unfall 31255 (2021) Kat:3, Licht: 0,31255,3,7,0,4,18,3,0,0,1,0,0,0,0,0
"POINT (6.791723306000051 51.228438898000036)",Unfall 31263 (2021) Kat:3, Licht: 2,31263,3,3,5,12,17,3,0,2,0,1,0,0,0,1
"POINT (6.793877149000025 51.247068280000065)",Unfall 31276 (2021) Kat:3, Licht: 0,31276,3,3,5,11,9,7,0,0,0,1,0,0,0,0
"POINT (6.804654544000073 51.216980437000075)",Unfall 31283 (2021) Kat:3, Licht: 0,31283,3,7,6,9,16,2,0,0,1,0,1,0,0,0
"POINT (6.892596764000075 51.151621112000043)",Unfall 31285 (2021) Kat:3, Licht: 2,31285,3,6,1,11,18,7,1,2,0,1,0,0,0,1
"POINT (6.799193956000067 51.213588753000067)",Unfall 31287 (2021) Kat:3, Licht: 0,31287,3,5,2,2,14,7,1,0,0,1,0,0,0,0
"POINT (6.787724660000038 51.224248600000067)",Unfall 31289 (2021) Kat:3, Licht: 0,31289,3,1,0,5,20,2,0,0,1,0,0,0,0,0
"POINT (6.873310267000022 51.211169999000049)",Unfall 31290 (2021) Kat:2, Licht: 0,31290,2,6,3,10,18,1,0,0,1,0,0,0,0,0
"POINT (6.855354907000049 51.229386522000027)",Unfall 31300 (2021) Kat:3, Licht: 0,31300,3,6,0,11,15,5,0,0,0,1,0,0,0,1
"POINT (6.816289512000026 51.250499255000079)",Unfall 31304 (2021) Kat:3, Licht: 0,31304,3,7,6,2,12,4,0,0,1,0,1,0,0,0
"POINT (6.784833204000051 51.215985696000075)",Unfall 31307 (2021) Kat:3, Licht: 0,31307,3,2,5,5,15,2,0,0,0,1,0,0,0,0
"POINT (6.811003890000052 51.245306257000038)",Unfall 31313 (2021) Kat:2, Licht: 0,31313,2,3,5,4,17,5,0,0,0,1,0,0,0,0
"POINT (6.796121698000036 51.247983230000045)",Unfall 31333 (2021) Kat:3, Licht: 1,31333,3,6,1,1,7,4,1,1,0,1,0,0,0,0
"POINT (6.784346961000040 51.203720703000045)",Unfall 31343 (2021) Kat:3, Licht: 0,31343,3,6,2,11,10,3,1,0,0,1,0,0,0,0
"POINT (6.821940887000039 51.242236410000032)",Unfall 31348 (2021) Kat:3, Licht: 2,31348,3,2,5,3,18,4,0,2,0,1,0,0,0,0
"POINT (6.809416849000058 51.230585111000039)",Unfall 31349 (2021) Kat:3, Licht: 0,31349,3,6,2,6,13,3,0,0,0,0,0,1,0,0
"POINT (6.858878873000037 51.162242699000046)",Unfall 31359 (2021) Kat:3, Licht: 2,31359,3,1,0,11,18,3,1,2,0,0,0,1,0,0
"POINT (6.863211876000037 51.212606886000060)",Unfall 31362 (2021) Kat:3, Licht: 0,31362,3,3,5,7,20,6,1,0,0,1,0,1,0,0
"POINT (6.794047457000033 51.272400828000059)",Unfall 31368 (2021) Kat:2, Licht: 0,31368,2,7,2,3,13,3,0,0,0,1,0,0,0,0
"POINT (6.805643039000074 51.167761074000055)",Unfall 31375 (2021) Kat:2, Licht: 0,31375,2,6,6,4,15,5,0,0,1,0,1,0,0,0
"POINT (6.799588725000035 51.251980017000051)",Unfall 31379 (2021) Kat:3, Licht: 1,31379,3,6,1,11,17,6,0,1,0,1,0,0,0,0
"POINT (6.808883265000077 51.231903918000057)",Unfall 31397 (2021) Kat:3, Licht: 0,31397,3,2,2,1,12,3,1,0,0,1,0,0,0,0
"POINT (6.835654604000069 51.200970517000030)",Unfall 31409 (2021) Kat:3, Licht: 0,31409,3,2,5,11,7,3,0,0,1,1,0,0,0,0
"POINT (6.810705783000060 51.262152729000036)",Unfall 31412 (2021) Kat:3, Licht: 0,31412,3,3,5,7,20,4,0,0,0,1,0,0,0,1
"POINT (6.804273931000068 51.237346564000063)",Unfall 31414 (2021) Kat:3, Licht: 0,31414,3,6,2,1,11,4,1,0,0,1,0,0,0,0
"POINT (6.871646765000037 51.182797509000068)",Unfall 31420 (2021) Kat:2, Licht: 0,31420,2,3,5,9,10,3,0,0,0,1,0,1,0,0
"POINT (6.879532531000052 51.258613799000045)",Unfall 31429 (2021) Kat:3, Licht: 1,31429,3,6,2,11,7,5,1,1,0,1,0,0,0,0
"POINT (6.817338482000025 51.233965888000057)",Unfall 31436 (2021) Kat:3, Licht: 0,31436,3,6,3,12,13,2,0,0,0,1,0,0,0,1
"POINT (6.791571785000031 51.276354396000045)",Unfall 31440 (2021) Kat:3, Licht: 0,31440,3,2,5,10,12,1,0,0,0,1,0,0,0,0
"POINT (6.822640397000043 51.238497141000039)",Unfall 31443 (2021) Kat:3, Licht: 1,31443,3,2,3,6,20,7,0,1,0,1,0,0,0,1
"POINT (6.809721706000062 51.176038637000033)",Unfall 31444 (2021) Kat:3, Licht: 0,31444,3,6,1,5,14,6,0,0,0,1,0,0,0,0
"POINT (6.903267436000021 51.140671292000036)",Unfall 31446 (2021) Kat:3, Licht: 0,31446,3,1,2,9,8,2,0,0,0,1,0,0,0,0
"POINT (6.801967837000063 51.215297579000037)",Unfall 31447 (2021) Kat:3, Licht: 0,31447,3,6,2,9,11,5,0,0,0,1,0,0,0,0
"POINT (6.890913956000077 51.160750493000080)",Unfall 31449 (2021) Kat:2, Licht: 2,31449,2,1,9,10,19,5,0,2,0,1,0,0,0,0
"POINT (6.858131420000063 51.190309272000036)",Unfall 31454 (2021) Kat:3, Licht: 2,31454,3,6,2,2,19,1,2,2,0,1,0,0,0,0
"POINT (6.839758963000065 51.227618047000078)",Unfall 31469 (2021) Kat:3, Licht: 0,31469,3,3,5,6,15,4,0,0,1,1,0,0,0,0
"POINT (6.788551700000028 51.231982016000075)",Unfall 31477 (2021) Kat:3, Licht: 0,31477,3,3,5,11,11,3,1,0,1,1,0,0,0,0
"POINT (6.820777646000067 51.236626912000077)",Unfall 31480 (2021) Kat:3, Licht: 0,31480,3,6,2,5,14,5,0,0,0,1,0,1,0,0
"POINT (6.827820434000046 51.187276275000045)",Unfall 31481 (2021) Kat:3, Licht: 0,31481,3,5,1,9,14,6,0,0,1,1,0,0,0,0
"POINT (6.808905937000077 51.231935582000062)",Unfall 31487 (2021) Kat:3, Licht: 2,31487,3,2,5,10,19,4,0,2,1,1,0,0,0,0
"POINT (6.822328564000031 51.253640769000071)",Unfall 31499 (2021) Kat:3, Licht: 0,31499,3,4,6,4,9,4,1,0,0,1,1,0,0,0
"POINT (6.809004782000045 51.220848035000074)",Unfall 31500 (2021) Kat:3, Licht: 0,31500,3,6,1,4,7,2,0,0,0,1,0,1,0,0
"POINT (6.796227979000037 51.334050501000036)",Unfall 31521 (2021) Kat:3, Licht: 0,31521,3,6,3,3,16,3,0,0,1,0,0,0,0,0
"POINT (6.882737202000044 51.161027184000034)",Unfall 31544 (2021) Kat:2, Licht: 0,31544,2,1,0,4,15,7,0,0,1,0,0,0,0,0
"POINT (6.867275412000026 51.214745907000065)",Unfall 31546 (2021) Kat:3, Licht: 2,31546,3,6,2,12,20,2,1,2,0,1,0,0,0,0
"POINT (6.836709827000050 51.200191680000046)",Unfall 31560 (2021) Kat:3, Licht: 0,31560,3,6,2,5,11,5,1,0,0,0,0,1,0,1
"POINT (6.798823151000022 51.221037178000074)",Unfall 31567 (2021) Kat:3, Licht: 2,31567,3,2,5,1,6,2,1,2,1,1,0,0,0,0
"POINT (6.824083397000038 51.270409156000028)",Unfall 31597 (2021) Kat:2, Licht: 0,31597,2,2,5,6,14,6,0,0,0,1,0,1,0,0
"POINT (6.797754081000051 51.255471861000046)",Unfall 31604 (2021) Kat:3, Licht: 0,31604,3,6,9,12,9,2,0,0,0,1,0,0,1,0
"POINT (6.847762082000031 51.233946765000042)",Unfall 31622 (2021) Kat:3, Licht: 2,31622,3,7,5,1,16,5,1,2,0,1,0,1,0,0
"POINT (6.803491152000049 51.216249642000037)",Unfall 31634 (2021) Kat:3, Licht: 0,31634,3,4,6,5,17,4,1,0,1,1,1,0,0,0
"POINT (6.857936448000032 51.190215798000054)",Unfall 31641 (2021) Kat:3, Licht: 0,31641,3,6,2,2,11,4,0,0,0,1,0,0,1,0
"POINT (6.800927245000025 51.250962109000056)",Unfall 31645 (2021) Kat:3, Licht: 2,31645,3,3,5,9,21,2,0,2,0,1,0,0,0,1
"POINT (6.907250331000057 51.132242993000034)",Unfall 31646 (2021) Kat:2, Licht: 0,31646,2,2,5,11,12,6,0,0,1,1,0,0,0,0
"POINT (6.839420203000032 51.170789578000040)",Unfall 31656 (2021) Kat:3, Licht: 0,31656,3,2,4,3,17,4,0,0,0,1,0,0,0,1
"POINT (6.788279313000032 51.205754634000073)",Unfall 31664 (2021) Kat:3, Licht: 0,31664,3,5,2,5,21,2,0,0,0,1,0,0,0,0
"POINT (6.808905937000077 51.231935582000062)",Unfall 31674 (2021) Kat:3, Licht: 0,31674,3,3,5,9,16,5,0,0,0,1,0,0,0,1
"POINT (6.857006685000044 51.190343733000077)",Unfall 31680 (2021) Kat:3, Licht: 2,31680,3,6,3,10,6,3,1,2,0,1,0,0,1,0
"POINT (6.809047099000054 51.231968399000039)",Unfall 31685 (2021) Kat:3, Licht: 2,31685,3,1,0,10,19,2,0,2,1,0,0,0,0,0
"POINT (6.861513265000042 51.237496073000045)",Unfall 31703 (2021) Kat:3, Licht: 0,31703,3,2,4,9,16,2,0,0,1,1,0,0,0,0
"POINT (6.801868389000049 51.252320220000058)",Unfall 31708 (2021) Kat:3, Licht: 0,31708,3,6,2,11,14,5,0,0,0,1,0,0,0,0
"POINT (6.792263229000071 51.193036923000079)",Unfall 31724 (2021) Kat:2, Licht: 2,31724,2,6,2,2,14,3,0,2,0,1,0,0,1,0
"POINT (6.805010373000073 51.252391275000036)",Unfall 31732 (2021) Kat:3, Licht: 0,31732,3,2,2,2,9,3,1,0,0,1,0,0,1,0
"POINT (6.850747841000043 51.231895757000075)",Unfall 31743 (2021) Kat:3, Licht: 2,31743,3,2,5,12,18,1,0,2,0,1,0,0,0,0
"POINT (6.799256865000075 51.213635271000044)",Unfall 31751 (2021) Kat:3, Licht: 2,31751,3,7,0,10,1,7,0,2,1,0,0,0,0,0
"POINT (6.886169377000044 51.161095704000047)",Unfall 31764 (2021) Kat:3, Licht: 0,31764,3,5,3,1,16,4,0,0,0,1,0,1,0,0
"POINT (6.793785336000042 51.247032112000056)",Unfall 31775 (2021) Kat:3, Licht: 2,31775,3,6,2,4,22,4,1,2,0,1,0,0,0,0
"POINT (6.824637025000072 51.185217689000069)",Unfall 31780 (2021) Kat:3, Licht: 0,31780,3,1,0,9,10,5,0,0,0,0,0,0,0,1
"POINT (6.811415922000037 51.174546954000050)",Unfall 31781 (2021) Kat:2, Licht: 2,31781,2,1,8,10,3,1,1,2,0,1,0,0,0,0
"POINT (6.786498855000048 51.222754150000071)",Unfall 31808 (2021) Kat:3, Licht: 1,31808,3,2,5,11,8,3,1,1,0,1,0,1,0,0
"POINT (6.821682067000040 51.242256437000037)",Unfall 31812 (2021) Kat:3, Licht: 1,31812,3,3,5,12,16,5,0,1,0,1,0,0,0,0
"POINT (6.810460113000033 51.222787502000074)",Unfall 31813 (2021) Kat:2, Licht: 0,31813,2,2,5,3,15,6,1,0,0,1,0,1,0,0
"POINT (6.807664072000023 51.177438426000037)",Unfall 31814 (2021) Kat:3, Licht: 1,31814,3,6,2,1,7,2,0,1,0,1,0,0,0,0
"POINT (6.891187139000067 51.152636110000060)",Unfall 31818 (2021) Kat:2, Licht: 0,31818,2,6,9,9,19,1,0,0,0,1,0,0,0,0
"POINT (6.870154655000022 51.184134357000062)",Unfall 31823 (2021) Kat:3, Licht: 0,31823,3,2,5,10,10,2,0,0,0,1,0,0,0,1
"POINT (6.788098625000032 51.226488812000071)",Unfall 31847 (2021) Kat:3, Licht: 2,31847,3,3,5,10,19,2,1,2,0,1,0,0,0,0
"POINT (6.877301618000047 51.160910872000045)",Unfall 31848 (2021) Kat:3, Licht: 0,31848,3,7,7,9,7,3,0,0,0,1,0,0,0,0
"POINT (6.865864720000047 51.218896986000061)",Unfall 31860 (2021) Kat:3, Licht: 0,31860,3,7,5,4,14,7,0,0,1,1,0,0,0,0
"POINT (6.808917760000043 51.231904024000073)",Unfall 31867 (2021) Kat:3, Licht: 0,31867,3,6,2,12,15,4,0,0,0,1,0,0,0,0
"POINT (6.793877149000025 51.247068280000065)",Unfall 31870 (2021) Kat:3, Licht: 2,31870,3,2,6,12,19,6,1,2,0,1,1,0,0,0
"POINT (6.806190994000076 51.209191946000033)",Unfall 31877 (2021) Kat:3, Licht: 0,31877,3,6,0,9,17,4,0,0,0,1,0,0,0,0
"POINT (6.799327891000075 51.213687790000051)",Unfall 31881 (2021) Kat:3, Licht: 0,31881,3,6,2,2,15,3,0,0,0,1,0,0,0,1
"POINT (6.787848179000036 51.224381082000036)",Unfall 31883 (2021) Kat:3, Licht: 0,31883,3,7,0,3,16,1,0,0,1,0,0,0,0,0
"POINT (6.861341734000064 51.190107351000051)",Unfall 31885 (2021) Kat:3, Licht: 2,31885,3,3,3,12,20,3,1,2,0,1,0,0,1,0
"POINT (6.848913518000074 51.230776524000078)",Unfall 31899 (2021) Kat:2, Licht: 2,31899,2,5,5,2,20,4,0,2,0,1,0,1,0,0
"POINT (6.924856860000034 51.255827169000042)",Unfall 31902 (2021) Kat:3, Licht: 0,31902,3,1,2,6,17,7,0,0,0,1,0,0,0,0
"POINT (6.803349527000023 51.210032711000053)",Unfall 31911 (2021) Kat:3, Licht: 2,31911,3,7,0,5,2,2,0,2,1,0,0,0,0,0
"POINT (6.892347826000048 51.260747169000069)",Unfall 31913 (2021) Kat:3, Licht: 2,31913,3,1,9,1,5,1,2,2,0,1,0,0,0,0
"POINT (6.801893049000057 51.250108861000058)",Unfall 31921 (2021) Kat:3, Licht: 0,31921,3,7,0,1,13,1,1,0,0,1,0,0,0,0
"POINT (6.918970382000055 51.192735793000054)",Unfall 31928 (2021) Kat:1, Licht: 1,31928,1,1,9,5,21,6,0,1,0,0,0,1,0,0
"POINT (6.795840183000053 51.211092468000061)",Unfall 31929 (2021) Kat:2, Licht: 2,31929,2,2,4,1,22,7,1,2,0,1,0,0,0,1
"POINT (6.838356950000048 51.197730158000070)",Unfall 31934 (2021) Kat:3, Licht: 0,31934,3,7,0,6,11,2,0,0,0,0,0,0,0,1
"POINT (6.822479680000072 51.254328301000044)",Unfall 31944 (2021) Kat:2, Licht: 1,31944,2,7,0,12,10,1,1,1,0,0,0,1,0,1
"POINT (6.809143214000073 51.208617698000069)",Unfall 31945 (2021) Kat:3, Licht: 0,31945,3,6,1,9,16,3,0,0,1,1,0,0,0,0
"POINT (6.801413094000054 51.195733066000059)",Unfall 31971 (2021) Kat:3, Licht: 0,31971,3,6,2,12,10,4,1,0,0,1,0,1,0,0
"POINT (6.821924803000059 51.240749100000073)",Unfall 31992 (2021) Kat:3, Licht: 0,31992,3,3,5,10,18,4,1,0,1,1,0,0,0,0
"POINT (6.809645009000064 51.261252880000029)",Unfall 31993 (2021) Kat:3, Licht: 0,31993,3,7,0,10,10,4,0,0,0,1,0,0,0,0
"POINT (6.894851028000062 51.149172485000065)",Unfall 32023 (2021) Kat:3, Licht: 0,32023,3,3,5,9,14,1,0,0,0,1,0,0,0,0
"POINT (6.808842642000059 51.231837140000039)",Unfall 32042 (2021) Kat:3, Licht: 0,32042,3,3,5,5,6,2,0,0,0,0,0,1,0,1
"POINT (6.842413771000054 51.240870676000043)",Unfall 32043 (2021) Kat:3, Licht: 0,32043,3,1,0,4,14,4,1,0,0,0,0,1,0,0
"POINT (6.792257156000062 51.253129651000052)",Unfall 32050 (2021) Kat:3, Licht: 0,32050,3,3,5,7,10,1,0,0,1,1,0,0,0,0
"POINT (6.812938799000051 51.257642873000066)",Unfall 32056 (2021) Kat:3, Licht: 2,32056,3,6,2,11,20,3,1,2,0,1,0,0,0,0
"POINT (6.787386960000049 51.223891853000055)",Unfall 32063 (2021) Kat:3, Licht: 0,32063,3,7,7,6,17,4,0,0,1,0,0,0,0,0
"POINT (6.846699038000054 51.229352239000036)",Unfall 32078 (2021) Kat:3, Licht: 0,32078,3,7,6,4,14,6,0,0,0,0,1,0,0,1
"POINT (6.811373199000059 51.227214092000054)",Unfall 32087 (2021) Kat:3, Licht: 0,32087,3,2,5,1,11,5,1,0,1,1,0,0,0,0
"POINT (6.796085963000053 51.229551211000057)",Unfall 32107 (2021) Kat:3, Licht: 0,32107,3,2,5,4,12,7,0,0,0,1,0,0,0,0
"POINT (6.825977191000050 51.186169135000057)",Unfall 32123 (2021) Kat:3, Licht: 2,32123,3,2,6,12,7,4,1,2,0,1,1,0,0,0
"POINT (6.863032770000075 51.225215266000077)",Unfall 32136 (2021) Kat:3, Licht: 2,32136,3,1,0,10,7,3,1,2,1,0,0,0,0,0
"POINT (6.795705694000048 51.224407091000046)",Unfall 32142 (2021) Kat:3, Licht: 2,32142,3,6,5,9,20,1,0,2,0,1,0,0,0,1
"POINT (6.836443796000026 51.238099424000040)",Unfall 32146 (2021) Kat:2, Licht: 2,32146,2,2,5,9,21,4,0,2,0,1,0,0,0,0
"POINT (6.805752202000065 51.257475665000072)",Unfall 32149 (2021) Kat:3, Licht: 0,32149,3,6,2,6,9,3,0,0,0,1,0,0,0,0
"POINT (6.905586852000056 51.137710853000044)",Unfall 32150 (2021) Kat:3, Licht: 0,32150,3,3,5,6,17,3,0,0,1,1,0,0,0,0
"POINT (6.792336931000023 51.337915373000044)",Unfall 32178 (2021) Kat:3, Licht: 0,32178,3,3,0,1,13,1,0,0,1,1,0,0,0,0
"POINT (6.798143666000044 51.212827460000028)",Unfall 32191 (2021) Kat:3, Licht: 2,32191,3,6,2,11,7,4,0,2,0,1,0,0,0,0
"POINT (6.788344577000032 51.225223055000072)",Unfall 32208 (2021) Kat:3, Licht: 0,32208,3,6,2,11,8,4,0,0,0,1,0,0,0,0
"POINT (6.911119015000054 51.270904679000068)",Unfall 32213 (2021) Kat:2, Licht: 1,32213,2,1,8,10,8,1,0,1,0,1,0,0,0,0
"POINT (6.811339670000052 51.226045800000065)",Unfall 32238 (2021) Kat:3, Licht: 0,32238,3,6,4,9,11,1,0,0,1,0,0,0,0,0
"POINT (6.798220886000024 51.196406253000077)",Unfall 32243 (2021) Kat:3, Licht: 2,32243,3,7,8,10,3,7,0,2,0,1,0,0,0,1
"POINT (6.860889611000061 51.189035906000072)",Unfall 32246 (2021) Kat:3, Licht: 0,32246,3,6,2,12,9,5,1,0,0,1,0,0,0,0
"POINT (6.882555712000055 51.158311445000038)",Unfall 32254 (2021) Kat:3, Licht: 0,32254,3,1,8,3,14,1,1,0,0,1,0,0,0,0
"POINT (6.785353485000030 51.204157047000081)",Unfall 32264 (2021) Kat:3, Licht: 0,32264,3,6,2,9,14,1,0,0,0,1,0,0,0,0
"POINT (6.802556522000032 51.253585725000050)",Unfall 32273 (2021) Kat:3, Licht: 2,32273,3,2,5,11,19,6,0,2,1,1,0,0,0,0
"POINT (6.795833206000054 51.211087096000028)",Unfall 32277 (2021) Kat:3, Licht: 0,32277,3,6,3,9,7,3,0,0,0,1,0,0,0,1
"POINT (6.859715100000074 51.224001813000029)",Unfall 32280 (2021) Kat:3, Licht: 2,32280,3,2,5,3,19,5,1,2,1,1,0,0,0,0
"POINT (6.788573964000022 51.276859424000065)",Unfall 32304 (2021) Kat:2, Licht: 0,32304,2,7,5,11,10,6,0,0,0,1,0,0,0,1
"POINT (6.820717175000027 51.236566041000060)",Unfall 32307 (2021) Kat:3, Licht: 2,32307,3,4,6,12,17,2,0,2,0,1,1,0,0,0
"POINT (6.808488741000076 51.232854226000029)",Unfall 32321 (2021) Kat:3, Licht: 0,32321,3,7,8,11,10,5,0,0,1,0,0,0,0,0
"POINT (6.862166261000027 51.246759622000070)",Unfall 32323 (2021) Kat:3, Licht: 1,32323,3,5,2,10,17,4,1,1,0,1,0,0,0,0
"POINT (6.830389091000029 51.227188273000081)",Unfall 32324 (2021) Kat:3, Licht: 1,32324,3,3,5,11,16,6,1,1,1,1,0,0,0,0
"POINT (6.794076348000033 51.286767875000066)",Unfall 32329 (2021) Kat:3, Licht: 2,32329,3,1,9,12,21,6,1,2,0,1,0,0,0,0
"POINT (6.812876327000026 51.178421295000078)",Unfall 32334 (2021) Kat:3, Licht: 0,32334,3,3,5,1,14,4,0,0,1,1,0,0,0,0
"POINT (6.798999588000072 51.230204116000039)",Unfall 32339 (2021) Kat:3, Licht: 0,32339,3,4,6,11,13,6,0,0,0,1,1,0,0,0
"POINT (6.786909603000026 51.214687607000030)",Unfall 32341 (2021) Kat:2, Licht: 0,32341,2,3,5,9,8,3,0,0,0,1,0,0,0,1
"POINT (6.885603690000039 51.169319868000059)",Unfall 32352 (2021) Kat:3, Licht: 0,32352,3,1,9,2,10,3,0,0,0,1,0,0,0,0
"POINT (6.811217809000027 51.232475581000074)",Unfall 32368 (2021) Kat:3, Licht: 0,32368,3,2,3,4,14,5,0,0,1,1,0,0,0,0
"POINT (6.797157031000040 51.256996304000040)",Unfall 32374 (2021) Kat:3, Licht: 0,32374,3,6,3,4,14,4,0,0,0,1,0,0,1,0
"POINT (6.822321812000041 51.250980944000048)",Unfall 32399 (2021) Kat:3, Licht: 0,32399,3,3,5,12,8,7,1,0,0,1,0,0,0,0
"POINT (6.809113836000051 51.176223188000051)",Unfall 32400 (2021) Kat:3, Licht: 0,32400,3,6,2,6,19,3,1,0,0,1,0,0,1,1
"POINT (6.800603751000040 51.195786213000076)",Unfall 32413 (2021) Kat:3, Licht: 2,32413,3,6,8,5,22,6,0,2,0,1,0,0,0,0
"POINT (6.796323556000061 51.223728157000039)",Unfall 32420 (2021) Kat:2, Licht: 2,32420,2,4,0,11,18,7,0,2,0,1,1,0,0,0
"POINT (6.814243759000021 51.233196078000049)",Unfall 32427 (2021) Kat:3, Licht: 0,32427,3,6,0,9,12,3,0,0,1,0,0,0,0,0
"POINT (6.800573201000020 51.210580677000053)",Unfall 32428 (2021) Kat:3, Licht: 0,32428,3,3,5,9,13,4,0,0,0,1,0,0,0,1
"POINT (6.909546603000024 51.195305400000052)",Unfall 32430 (2021) Kat:3, Licht: 0,32430,3,7,8,9,17,7,0,0,1,0,0,0,0,0
"POINT (6.898873702000060 51.289948472000049)",Unfall 32431 (2021) Kat:3, Licht: 2,32431,3,6,2,12,6,3,1,2,0,1,0,0,0,1
"POINT (6.840363334000074 51.197609184000044)",Unfall 32440 (2021) Kat:3, Licht: 2,32440,3,6,2,1,7,2,1,2,0,1,0,0,0,1
"POINT (6.785888140000054 51.245212026000047)",Unfall 32445 (2021) Kat:3, Licht: 0,32445,3,3,0,7,12,2,0,0,1,0,0,0,1,0
"POINT (6.822764016000065 51.169959403000064)",Unfall 32450 (2021) Kat:2, Licht: 0,32450,2,6,2,4,7,3,0,0,0,1,0,0,1,0
"POINT (6.810290570000063 51.229500815000051)",Unfall 32451 (2021) Kat:2, Licht: 0,32451,2,3,0,5,17,3,1,0,0,1,0,0,0,0
"POINT (6.807618833000049 51.263146313000050)",Unfall 32452 (2021) Kat:3, Licht: 0,32452,3,3,5,10,13,4,1,0,0,1,0,0,0,0
"POINT (6.908375757000044 51.191875413000048)",Unfall 32466 (2021) Kat:3, Licht: 0,32466,3,7,9,7,7,4,1,0,0,1,0,0,0,0
"POINT (6.795877581000070 51.259786457000075)",Unfall 32472 (2021) Kat:3, Licht: 0,32472,3,3,5,9,17,3,0,0,0,1,0,0,0,0
"POINT (6.839810779000061 51.197845164000057)",Unfall 32476 (2021) Kat:3, Licht: 2,32476,3,2,4,11,20,6,0,2,1,1,0,0,0,0
"POINT (6.825977191000050 51.186169135000057)",Unfall 32489 (2021) Kat:2, Licht: 0,32489,2,3,4,11,12,4,0,0,0,1,0,1,0,0
"POINT (6.855904512000052 51.205648481000026)",Unfall 32501 (2021) Kat:3, Licht: 0,32501,3,4,2,9,8,6,0,0,0,1,1,0,0,0
"POINT (6.829752740000060 51.241567646000078)",Unfall 32504 (2021) Kat:3, Licht: 0,32504,3,6,2,12,13,5,0,0,0,1,0,0,0,0
"POINT (6.801909991000059 51.252386513000033)",Unfall 32506 (2021) Kat:3, Licht: 0,32506,3,2,5,10,14,2,0,0,1,1,0,0,0,0
"POINT (6.793785336000042 51.247032112000056)",Unfall 32510 (2021) Kat:3, Licht: 0,32510,3,3,5,5,7,4,0,0,0,1,0,0,0,0
"POINT (6.787577907000070 51.224091920000035)",Unfall 32523 (2021) Kat:3, Licht: 0,32523,3,6,0,2,12,2,0,0,1,0,0,0,0,1
"POINT (6.861503198000037 51.210676553000042)",Unfall 32525 (2021) Kat:3, Licht: 0,32525,3,3,0,9,7,3,0,0,1,1,0,0,0,0
"POINT (6.886187998000025 51.176343415000076)",Unfall 32534 (2021) Kat:2, Licht: 0,32534,2,2,5,10,10,7,0,0,1,1,0,0,0,0
"POINT (6.793388801000049 51.270954293000045)",Unfall 32544 (2021) Kat:3, Licht: 0,32544,3,1,9,2,10,1,2,0,0,1,0,0,0,0
"POINT (6.865489099000058 51.255147957000077)",Unfall 32547 (2021) Kat:3, Licht: 0,32547,3,6,2,11,8,5,1,0,0,1,0,0,0,0
"POINT (6.811299425000072 51.225616428000080)",Unfall 32550 (2021) Kat:3, Licht: 0,32550,3,6,2,9,13,2,0,0,0,0,0,1,1,0