WKT,Name,OBJECTID,UKATEGORIE,UTYP1,UART,UMONAT,USTUNDE,UWOCHENTAG,STRZUSTAND,ULICHTVERH,ISTRAD,ISTPKW,ISTFUSS,ISTKRAD,ISTGKFZ,ISTSONSTIG
"POINT (6.786359761000028 51.244546248000063)",Unfall 32579 (2021) Kat:3, Licht: 2,32579,3,1,0,9,1,1,0,2,0,0,0,0,0,1
"POINT (6.791199655000071 51.229102544000057)",Unfall 32581 (2021) Kat:3, Licht: 0,32581,3,3,5,9,13,5,0,0,1,0,0,0,0,1
"POINT (6.822213566000073 51.249232478000067)",Unfall 32583 (2021) Kat:3, Licht: 0,32583,3,7,2,10,16,4,0,0,0,1,0,0,0,0
"POINT (6.800088984000070 51.214116201000081)",Unfall 32599 (2021) Kat:2, Licht: 0,32599,2,6,2,5,16,1,0,0,0,1,0,1,0,0
"POINT (6.800702015000070 51.214818157000082)",Unfall 32615 (2021) Kat:3, Licht: 0,32615,3,3,5,2,13,5,0,0,1,1,0,0,0,0
"POINT (6.789492003000021 51.231710499000030)",Unfall 32620 (2021) Kat:3, Licht: 2,32620,3,3,4,11,4,6,0,2,0,1,0,0,0,0
"POINT (6.821465857000021 51.183887002000063)",Unfall 32622 (2021) Kat:3, Licht: 1,32622,3,2,5,10,19,5,0,1,1,1,0,0,0,0
"POINT (6.806874486000027 51.218941269000027)",Unfall 32624 (2021) Kat:3, Licht: 0,32624,3,3,5,3,7,6,0,0,0,1,0,0,0,0
"POINT (6.806589125000073 51.258262637000030)",Unfall 32649 (2021) Kat:3, Licht: 0,32649,3,3,5,6,18,7,0,0,1,1,0,0,0,0
"POINT (6.803784150000070 51.209894843000029)",Unfall 32650 (2021) Kat:3, Licht: 0,32650,3,7,2,10,8,5,1,0,0,1,0,0,0,0
"POINT (6.799369583000043 51.213718619000076)",Unfall 32654 (2021) Kat:3, Licht: 0,32654,3,6,2,5,17,2,0,0,0,1,0,0,0,0
"POINT (6.861239009000030 51.189008022000053)",Unfall 32658 (2021) Kat:3, Licht: 0,32658,3,2,5,4,6,5,1,0,0,1,0,0,0,0
"POINT (6.789492003000021 51.231710499000030)",Unfall 32667 (2021) Kat:3, Licht: 0,32667,3,2,5,9,17,6,0,0,0,1,0,0,0,1
"POINT (6.801937546000033 51.245670798000049)",Unfall 32675 (2021) Kat:3, Licht: 2,32675,3,7,0,4,1,2,0,2,0,0,0,0,0,1
"POINT (6.829651053000021 51.205612979000080)",Unfall 32686 (2021) Kat:3, Licht: 0,32686,3,6,3,9,12,7,0,0,0,1,0,1,0,0
"POINT (6.793877149000025 51.247068280000065)",Unfall 32690 (2021) Kat:3, Licht: 0,32690,3,3,5,5,16,4,0,0,0,1,0,0,0,1
"POINT (6.806711991000043 51.218687183000043)",Unfall 32697 (2021) Kat:2, Licht: 0,32697,2,5,6,7,13,4,0,0,1,0,1,0,0,0
"POINT (6.787873525000066 51.234941196000079)",Unfall 32704 (2021) Kat:3, Licht: 0,32704,3,3,5,10,14,4,0,0,1,0,0,0,0,0
"POINT (6.872897819000059 51.211385592000056)",Unfall 32705 (2021) Kat:2, Licht: 0,32705,2,6,2,5,13,6,0,0,0,1,0,0,0,0
"POINT (6.810796441000036 51.222777933000032)",Unfall 32731 (2021) Kat:3, Licht: 0,32731,3,2,3,2,14,1,0,0,0,1,0,0,0,1
"POINT (6.805020775000060 51.217305454000041)",Unfall 32733 (2021) Kat:2, Licht: 0,32733,2,3,5,6,16,4,1,0,1,1,0,0,0,0
"POINT (6.786135181000020 51.253955970000050)",Unfall 32761 (2021) Kat:3, Licht: 2,32761,3,2,3,10,0,1,0,2,0,1,0,0,0,0
"POINT (6.790609043000075 51.199618009000062)",Unfall 32763 (2021) Kat:3, Licht: 0,32763,3,3,5,3,17,3,0,0,1,0,0,0,0,1
"POINT (6.802877606000038 51.210181868000063)",Unfall 32769 (2021) Kat:3, Licht: 1,32769,3,6,2,2,18,7,0,1,0,1,0,0,0,0
"POINT (6.889101860000039 51.260873516000061)",Unfall 32771 (2021) Kat:3, Licht: 0,32771,3,6,2,10,16,6,0,0,0,1,0,0,0,1
"POINT (6.845107589000065 51.241403471000069)",Unfall 32792 (2021) Kat:3, Licht: 0,32792,3,3,3,11,8,3,1,0,0,1,0,0,0,1
"POINT (6.789206600000057 51.213449872000069)",Unfall 32800 (2021) Kat:3, Licht: 2,32800,3,2,2,1,6,5,1,2,1,1,0,0,0,0
"POINT (6.873621994000075 51.224349169000050)",Unfall 32801 (2021) Kat:3, Licht: 2,32801,3,1,8,12,7,5,1,2,0,1,0,0,0,0
"POINT (6.818385736000039 51.234692108000047)",Unfall 32819 (2021) Kat:3, Licht: 0,32819,3,3,0,6,17,4,0,0,0,1,0,1,0,0
"POINT (6.792920168000023 51.253016629000058)",Unfall 32823 (2021) Kat:3, Licht: 0,32823,3,6,2,2,13,6,0,0,0,1,0,0,0,0
"POINT (6.811055166000074 51.177512623000041)",Unfall 32830 (2021) Kat:3, Licht: 0,32830,3,1,8,6,16,1,0,0,1,0,0,0,0,0
"POINT (6.799002641000072 51.249221680000062)",Unfall 32835 (2021) Kat:3, Licht: 0,32835,3,7,6,7,18,4,0,0,1,0,1,0,0,0
"POINT (6.870587676000071 51.183579945000076)",Unfall 32838 (2021) Kat:3, Licht: 2,32838,3,5,1,3,19,1,0,2,0,1,0,0,0,0
"POINT (6.860685077000028 51.232889898000053)",Unfall 32839 (2021) Kat:3, Licht: 0,32839,3,6,8,11,11,5,1,0,1,1,0,0,0,0
"POINT (6.913718013000050 51.193384650000041)",Unfall 32863 (2021) Kat:3, Licht: 0,32863,3,6,3,9,14,5,0,0,0,1,0,1,0,0
"POINT (6.800237195000022 51.195897186000082)",Unfall 32874 (2021) Kat:3, Licht: 0,32874,3,1,2,9,16,3,0,0,0,1,0,0,0,0
"POINT (6.796782542000074 51.248264564000067)",Unfall 32882 (2021) Kat:3, Licht: 0,32882,3,2,4,9,16,7,0,0,1,1,0,0,0,0
"POINT (6.853047165000021 51.237650951000035)",Unfall 32886 (2021) Kat:3, Licht: 0,32886,3,2,5,7,14,6,0,0,1,1,0,0,0,0
"POINT (6.814576456000054 51.192757063000045)",Unfall 32890 (2021) Kat:3, Licht: 0,32890,3,6,2,2,12,3,1,0,0,1,0,0,0,0
"POINT (6.817936284000041 51.258152510000059)",Unfall 49735 (2021) Kat:2, Licht: 2,49735,2,5,1,4,20,5,0,2,0,1,1,0,0,1
"POINT (6.861244985000042 51.234496276000073)",Unfall 49736 (2021) Kat:3, Licht: 0,49736,3,2,4,9,7,6,0,0,0,1,0,0,0,1
"POINT (6.767587736000053 51.231520593000027)",Unfall 49739 (2021) Kat:3, Licht: 0,49739,3,1,8,8,13,3,0,0,1,0,0,0,0,0
"POINT (6.886243923000052 51.176328111000032)",Unfall 49744 (2021) Kat:3, Licht: 0,49744,3,3,5,3,16,2,0,0,0,1,0,0,0,0
"POINT (6.802076252000063 51.247993018000045)",Unfall 49760 (2021) Kat:3, Licht: 0,49760,3,6,3,7,16,3,0,0,1,1,0,0,0,0
"POINT (6.849479668000072 51.201698850000071)",Unfall 49811 (2021) Kat:2, Licht: 0,49811,2,5,0,8,17,2,0,0,0,1,0,0,0,0
"POINT (6.860536255000056 51.223484607000046)",Unfall 49813 (2021) Kat:3, Licht: 0,49813,3,6,2,5,13,3,0,0,0,1,0,0,0,0
"POINT (6.766957504000061 51.200493973000050)",Unfall 49830 (2021) Kat:3, Licht: 0,49830,3,7,0,8,15,5,0,0,1,0,0,0,0,0
"POINT (6.857055595000077 51.162312631000077)",Unfall 49840 (2021) Kat:3, Licht: 0,49840,3,6,2,8,13,4,0,0,0,1,0,0,1,0
"POINT (6.776864883000030 51.229715057000078)",Unfall 49874 (2021) Kat:3, Licht: 0,49874,3,3,6,7,16,2,0,0,1,0,1,0,0,0
"POINT (6.785717372000022 51.221728319000078)",Unfall 49888 (2021) Kat:2, Licht: 0,49888,2,5,1,8,11,6,1,0,1,1,0,0,0,0
"POINT (6.817613272000074 51.192343053000059)",Unfall 49902 (2021) Kat:3, Licht: 2,49902,3,1,2,8,19,2,0,2,0,1,0,0,0,0
"POINT (6.699763876000077 51.230073195000045)",Unfall 49911 (2021) Kat:3, Licht: 0,49911,3,6,2,6,15,4,0,0,0,1,0,0,1,0
"POINT (6.808905937000077 51.231935582000062)",Unfall 49923 (2021) Kat:3, Licht: 0,49923,3,2,5,7,9,1,0,0,1,1,0,0,0,0
"POINT (6.866882344000032 51.215230621000046)",Unfall 49934 (2021) Kat:3, Licht: 1,49934,3,3,5,8,20,2,1,1,0,1,0,0,0,0
"POINT (6.724347582000064 51.232356011000036)",Unfall 49945 (2021) Kat:3, Licht: 0,49945,3,7,5,8,15,2,1,0,0,1,0,0,0,1
"POINT (6.834351528000070 51.226902059000054)",Unfall 49949 (2021) Kat:3, Licht: 0,49949,3,1,0,8,11,3,0,0,0,0,0,1,0,0
"POINT (6.787835137000059 51.224367093000069)",Unfall 49954 (2021) Kat:3, Licht: 0,49954,3,6,0,5,18,2,0,0,1,1,0,0,0,0
"POINT (6.770323935000022 51.200197317000061)",Unfall 49965 (2021) Kat:3, Licht: 0,49965,3,2,5,6,13,7,0,0,1,1,0,0,0,0
"POINT (6.781802379000055 51.219022375000065)",Unfall 49967 (2021) Kat:1, Licht: 0,49967,1,6,2,8,13,6,0,0,0,1,0,0,0,1
"POINT (6.774383511000053 51.239924797000072)",Unfall 49987 (2021) Kat:3, Licht: 0,49987,3,2,4,1,14,5,0,0,0,1,0,0,0,0
"POINT (6.737464359000057 51.231311876000063)",Unfall 49990 (2021) Kat:3, Licht: 0,49990,3,2,5,8,17,3,0,0,0,1,0,0,0,1
"POINT (6.787063599000021 51.214591514000062)",Unfall 49991 (2021) Kat:3, Licht: 0,49991,3,3,5,8,14,3,1,0,0,1,0,0,0,1
"POINT (6.861065981000024 51.150770130000069)",Unfall 49992 (2021) Kat:3, Licht: 2,49992,3,3,5,7,23,6,0,2,1,1,0,0,0,0
"POINT (6.802140185000042 51.249102999000058)",Unfall 50011 (2021) Kat:3, Licht: 0,50011,3,6,3,7,17,6,0,0,0,1,0,1,0,0
"POINT (6.860178457000075 51.162247521000040)",Unfall 50016 (2021) Kat:3, Licht: 0,50016,3,2,6,8,19,7,0,0,0,1,1,0,0,0
"POINT (6.741498463000028 51.198543752000035)",Unfall 50020 (2021) Kat:3, Licht: 0,50020,3,6,2,6,15,4,0,0,0,1,0,0,0,0
"POINT (6.782804448000036 51.207227820000071)",Unfall 50028 (2021) Kat:3, Licht: 0,50028,3,7,0,8,8,3,1,0,0,1,0,0,0,0
"POINT (6.768632453000066 51.254504752000059)",Unfall 50039 (2021) Kat:3, Licht: 0,50039,3,3,5,7,19,2,0,0,0,1,0,0,0,0
"POINT (6.894964806000075 51.198574826000026)",Unfall 50044 (2021) Kat:3, Licht: 2,50044,3,2,5,8,21,4,0,2,0,1,0,0,0,0
"POINT (6.829668775000073 51.241580546000080)",Unfall 50050 (2021) Kat:3, Licht: 1,50050,3,6,1,8,6,5,1,1,0,1,0,0,0,0
"POINT (6.761504845000047 51.261232800000073)",Unfall 50065 (2021) Kat:2, Licht: 0,50065,2,7,8,8,11,6,0,0,0,0,0,1,0,0
"POINT (6.819201496000062 51.257223074000080)",Unfall 50066 (2021) Kat:3, Licht: 0,50066,3,7,6,7,11,1,0,0,0,1,1,0,0,0
"POINT (6.800911459000076 51.214708787000063)",Unfall 50071 (2021) Kat:3, Licht: 0,50071,3,2,3,7,19,3,0,0,1,1,0,0,0,0
"POINT (6.803325884000060 51.216286740000044)",Unfall 50088 (2021) Kat:3, Licht: 0,50088,3,2,5,8,15,3,0,0,1,1,0,0,0,0
"POINT (6.774318689000040 51.272107648000031)",Unfall 50126 (2021) Kat:3, Licht: 0,50126,3,5,0,8,7,2,0,0,0,1,0,0,0,1
"POINT (6.793785336000042 51.247032112000056)",Unfall 50127 (2021) Kat:3, Licht: 1,50127,3,2,5,8,6,2,1,1,0,1,0,0,0,0
"POINT (6.798112307000054 51.210647717000029)",Unfall 50130 (2021) Kat:3, Licht: 0,50130,3,5,1,8,17,1,1,0,1,1,0,0,0,0
"POINT (6.779833815000075 51.191175505000047)",Unfall 50136 (2021) Kat:3, Licht: 0,50136,3,1,8,8,12,5,0,0,0,1,0,0,0,0
"POINT (6.806678803000068 51.218645410000079)",Unfall 50164 (2021) Kat:3, Licht: 0,50164,3,7,6,7,8,4,0,0,0,0,1,0,0,1
"POINT (6.806106863000025 51.247652029000051)",Unfall 50168 (2021) Kat:3, Licht: 0,50168,3,2,5,6,12,4,0,0,1,0,0,0,0,1
"POINT (6.766304453000032 51.317884560000039)",Unfall 50174 (2021) Kat:3, Licht: 0,50174,3,1,9,8,13,6,1,0,0,0,0,1,0,0
"POINT (6.879513932000066 51.258610026000042)",Unfall 50182 (2021) Kat:3, Licht: 0,50182,3,6,2,6,15,3,0,0,0,1,0,0,0,0
"POINT (6.782573166000020 51.210992788000055)",Unfall 50186 (2021) Kat:3, Licht: 0,50186,3,2,3,8,13,3,0,0,1,1,0,0,0,0
"POINT (6.787459206000051 51.232187889000045)",Unfall 50197 (2021) Kat:2, Licht: 0,50197,2,3,5,8,19,4,0,0,1,1,0,0,0,0
"POINT (6.848287878000065 51.196908271000041)",Unfall 50217 (2021) Kat:3, Licht: 0,50217,3,6,2,7,19,3,1,0,0,1,0,0,0,0
"POINT (6.798635182000055 51.221234541000058)",Unfall 50219 (2021) Kat:3, Licht: 1,50219,3,3,5,8,20,4,0,1,1,1,0,0,0,0
"POINT (6.810021654000025 51.250776441000028)",Unfall 50223 (2021) Kat:3, Licht: 0,50223,3,2,5,7,18,1,0,0,0,1,0,1,0,0
"POINT (6.779027118000045 51.229971941000031)",Unfall 50224 (2021) Kat:3, Licht: 2,50224,3,6,2,1,21,5,1,2,0,1,0,1,0,0
"POINT (6.909500206000075 51.133391624000069)",Unfall 50226 (2021) Kat:3, Licht: 0,50226,3,6,2,8,11,6,1,0,0,1,0,0,1,0
"POINT (6.803613140000039 51.255357278000076)",Unfall 50237 (2021) Kat:3, Licht: 0,50237,3,3,5,7,10,5,0,0,1,1,0,0,0,0
"POINT (6.808905937000077 51.231935582000062)",Unfall 50238 (2021) Kat:3, Licht: 0,50238,3,2,6,6,16,2,0,0,0,0,1,0,0,1
"POINT (6.768564771000058 51.200187850000077)",Unfall 50243 (2021) Kat:3, Licht: 1,50243,3,6,2,7,20,3,1,1,0,1,0,0,0,0
"POINT (6.797979444000021 51.301899909000042)",Unfall 50255 (2021) Kat:2, Licht: 0,50255,2,3,5,8,14,5,0,0,0,1,0,0,0,0
"POINT (6.909546603000024 51.195305400000052)",Unfall 50257 (2021) Kat:3, Licht: 0,50257,3,6,2,1,15,6,0,0,0,1,0,0,0,0
"POINT (6.795691274000035 51.261721419000025)",Unfall 50262 (2021) Kat:3, Licht: 0,50262,3,2,5,5,9,1,0,0,0,1,0,0,0,0
"POINT (6.877610997000033 51.258216249000043)",Unfall 50263 (2021) Kat:2, Licht: 0,50263,2,6,2,3,7,6,0,0,0,1,0,0,0,0
"POINT (6.707391519000055 51.233954787000073)",Unfall 50278 (2021) Kat:2, Licht: 0,50278,2,6,3,7,9,2,0,0,0,1,0,0,0,0
"POINT (6.792194070000050 51.333061832000055)",Unfall 50281 (2021) Kat:3, Licht: 0,50281,3,7,2,8,15,2,1,0,0,1,0,0,0,0
"POINT (6.811383703000047 51.227185815000041)",Unfall 50287 (2021) Kat:3, Licht: 0,50287,3,2,5,7,16,2,0,0,0,1,0,0,0,0
"POINT (6.770567190000065 51.200001962000044)",Unfall 50298 (2021) Kat:3, Licht: 0,50298,3,6,3,3,7,6,0,0,0,1,0,0,1,0
"POINT (6.748723838000046 51.271068368000044)",Unfall 50303 (2021) Kat:3, Licht: 0,50303,3,6,3,7,19,3,0,0,0,1,0,0,0,0
"POINT (6.779886464000072 51.253785912000069)",Unfall 50304 (2021) Kat:3, Licht: 0,50304,3,6,3,7,7,3,1,0,0,1,0,0,1,0
"POINT (6.743296102000045 51.309203892000028)",Unfall 50312 (2021) Kat:2, Licht: 0,50312,2,5,1,8,16,6,1,0,0,1,0,0,0,1
"POINT (6.866882344000032 51.215230621000046)",Unfall 50325 (2021) Kat:3, Licht: 0,50325,3,3,5,7,14,6,0,0,0,1,0,0,0,0
"POINT (6.812113872000054 51.192956750000064)",Unfall 50336 (2021) Kat:2, Licht: 0,50336,2,7,0,8,10,3,0,0,0,0,0,0,0,1
"POINT (6.859840087000066 51.230627451000032)",Unfall 50345 (2021) Kat:3, Licht: 0,50345,3,6,0,8,13,7,1,0,0,1,0,0,0,0
"POINT (6.795956640000043 51.211018661000026)",Unfall 50346 (2021) Kat:3, Licht: 2,50346,3,3,5,8,23,2,0,2,0,1,0,0,0,1
"POINT (6.723456853000073 51.232131337000055)",Unfall 50357 (2021) Kat:3, Licht: 0,50357,3,3,5,7,14,3,0,0,1,1,0,0,0,0
"POINT (6.822759478000023 51.206913576000034)",Unfall 50362 (2021) Kat:3, Licht: 0,50362,3,2,5,8,17,3,1,0,0,1,0,0,0,1
"POINT (6.798927167000045 51.249175111000056)",Unfall 50367 (2021) Kat:3, Licht: 0,50367,3,6,1,7,18,7,0,0,1,0,0,0,0,1
"POINT (6.805086154000037 51.217369852000047)",Unfall 50379 (2021) Kat:3, Licht: 0,50379,3,7,0,3,10,3,0,0,0,1,0,1,0,1
"POINT (6.782786286000032 51.214632720000054)",Unfall 50386 (2021) Kat:3, Licht: 0,50386,3,6,2,3,16,3,0,0,0,1,0,0,0,0
"POINT (6.794855847000065 51.230123029000026)",Unfall 50403 (2021) Kat:3, Licht: 0,50403,3,6,2,8,11,4,0,0,0,1,0,0,0,0
"POINT (6.741904244000068 51.288211796000041)",Unfall 50407 (2021) Kat:2, Licht: 0,50407,2,6,1,7,8,3,0,0,0,1,0,0,1,0
"POINT (6.772508259000062 51.253126807000058)",Unfall 50424 (2021) Kat:3, Licht: 0,50424,3,2,5,8,7,5,1,0,0,1,0,0,0,0
"POINT (6.822017131000052 51.243137220000051)",Unfall 50460 (2021) Kat:3, Licht: 0,50460,3,3,5,8,13,6,0,0,0,1,0,0,0,1
"POINT (6.787063599000021 51.214591514000062)",Unfall 50463 (2021) Kat:3, Licht: 0,50463,3,4,6,8,10,7,0,0,0,1,1,0,0,0
"POINT (6.811324898000066 51.225888196000028)",Unfall 50480 (2021) Kat:3, Licht: 0,50480,3,6,2,7,14,4,0,0,0,1,0,1,0,0
"POINT (6.803388507000022 51.255030803000068)",Unfall 50492 (2021) Kat:3, Licht: 0,50492,3,6,4,5,14,3,0,0,1,0,0,0,0,1
"POINT (6.864552664000030 51.223245305000034)",Unfall 50498 (2021) Kat:3, Licht: 0,50498,3,4,6,5,15,6,0,0,0,1,1,0,0,0
"POINT (6.774618689000022 51.239905346000057)",Unfall 50517 (2021) Kat:3, Licht: 0,50517,3,2,5,8,13,1,0,0,0,1,0,0,0,0
"POINT (6.763082751000070 51.256931812000062)",Unfall 50534 (2021) Kat:3, Licht: 0,50534,3,6,2,8,10,3,1,0,0,1,0,0,0,1
"POINT (6.782599750000031 51.213977496000041)",Unfall 50538 (2021) Kat:3, Licht: 0,50538,3,2,5,7,14,6,0,0,0,1,0,0,0,1
"POINT (6.699405897000076 51.229149625000048)",Unfall 50553 (2021) Kat:3, Licht: 0,50553,3,2,2,7,13,6,0,0,0,1,0,0,0,1
"POINT (6.782766621000064 51.207729523000069)",Unfall 50554 (2021) Kat:3, Licht: 0,50554,3,6,0,8,14,3,0,0,0,0,0,0,0,1
"POINT (6.788106789000039 51.226475780000044)",Unfall 50558 (2021) Kat:3, Licht: 0,50558,3,2,3,7,18,7,0,0,1,1,0,0,0,0
"POINT (6.800733417000060 51.195747174000076)",Unfall 50570 (2021) Kat:3, Licht: 0,50570,3,2,2,8,10,4,1,0,0,1,0,0,0,0
"POINT (6.782592723000050 51.215512511000043)",Unfall 50572 (2021) Kat:3, Licht: 0,50572,3,3,5,4,16,4,1,0,0,1,0,0,0,0
"POINT (6.799901654000053 51.249892311000053)",Unfall 50577 (2021) Kat:3, Licht: 0,50577,3,6,9,4,20,3,0,0,1,1,0,0,0,0
"POINT (6.915429335000056 51.193166830000052)",Unfall 50586 (2021) Kat:3, Licht: 2,50586,3,1,0,8,0,6,0,2,0,0,0,1,0,0
"POINT (6.829752740000060 51.241567646000078)",Unfall 50593 (2021) Kat:3, Licht: 0,50593,3,6,2,8,17,1,1,0,0,1,0,0,0,0
"POINT (6.821433788000036 51.183877522000046)",Unfall 50601 (2021) Kat:3, Licht: 0,50601,3,3,5,7,19,7,0,0,1,1,0,0,0,0
"POINT (6.799915585000065 51.251377234000074)",Unfall 50618 (2021) Kat:2, Licht: 0,50618,2,3,5,3,15,1,0,0,0,1,0,0,0,0
"POINT (6.808526400000062 51.232796065000059)",Unfall 50632 (2021) Kat:3, Licht: 0,50632,3,6,2,8,16,6,1,0,0,1,0,0,0,0
"POINT (6.811383441000032 51.226512080000077)",Unfall 50636 (2021) Kat:3, Licht: 0,50636,3,7,6,8,18,4,0,0,1,0,1,0,0,0
"POINT (6.783644545000072 51.204908350000039)",Unfall 50637 (2021) Kat:3, Licht: 0,50637,3,4,6,8,11,3,0,0,0,0,1,1,0,0
"POINT (6.756154573000060 51.201005731000066)",Unfall 50653 (2021) Kat:3, Licht: 2,50653,3,3,5,8,20,1,0,2,0,1,0,0,0,0
"POINT (6.798927167000045 51.249175111000056)",Unfall 50659 (2021) Kat:3, Licht: 0,50659,3,2,5,8,16,6,0,0,1,1,0,0,0,0
"POINT (6.802794327000072 51.238622213000042)",Unfall 50674 (2021) Kat:3, Licht: 0,50674,3,3,5,6,17,2,0,0,0,1,0,0,0,0
"POINT (6.867275412000026 51.214745907000065)",Unfall 50678 (2021) Kat:3, Licht: 0,50678,3,3,5,8,19,6,0,0,0,1,0,0,0,0
"POINT (6.825503809000054 51.206260944000064)",Unfall 50693 (2021) Kat:3, Licht: 0,50693,3,5,1,8,14,3,0,0,1,1,0,0,0,0
"POINT (6.836441694000030 51.197160035000081)",Unfall 50709 (2021) Kat:3, Licht: 0,50709,3,2,5,6,16,3,0,0,1,1,0,0,0,0
"POINT (6.784638190000067 51.216108029000054)",Unfall 50711 (2021) Kat:3, Licht: 0,50711,3,1,2,8,18,7,0,0,0,1,0,0,0,0
"POINT (6.759638640000048 51.247157913000080)",Unfall 50715 (2021) Kat:3, Licht: 0,50715,3,5,0,8,7,3,0,0,0,1,0,1,0,0
"POINT (6.739514474000032 51.198416086000066)",Unfall 50733 (2021) Kat:3, Licht: 0,50733,3,3,5,7,13,6,0,0,1,1,0,0,0,0
"POINT (6.771703888000047 51.236316823000038)",Unfall 50755 (2021) Kat:3, Licht: 0,50755,3,6,4,7,13,2,0,0,1,0,0,0,0,0
"POINT (6.742781371000035 51.230088761000047)",Unfall 50758 (2021) Kat:2, Licht: 2,50758,2,6,1,8,21,1,1,2,0,1,0,0,0,0
"POINT (6.803078594000056 51.210118653000052)",Unfall 50759 (2021) Kat:3, Licht: 0,50759,3,7,2,7,21,4,0,0,0,1,0,0,0,0
"POINT (6.802556655000046 51.253585973000042)",Unfall 50778 (2021) Kat:3, Licht: 2,50778,3,1,0,8,21,3,1,2,0,0,0,1,0,0
"POINT (6.771818063000069 51.246949990000076)",Unfall 50794 (2021) Kat:3, Licht: 1,50794,3,6,3,1,16,2,1,1,0,1,0,0,1,0
"POINT (6.898534508000068 51.145636830000058)",Unfall 50798 (2021) Kat:3, Licht: 0,50798,3,3,5,3,14,6,0,0,0,1,0,0,0,0
"POINT (6.723806529000058 51.234131006000041)",Unfall 50808 (2021) Kat:3, Licht: 0,50808,3,6,8,8,10,1,0,0,0,0,0,1,0,0
"POINT (6.754269507000060 51.265632500000038)",Unfall 50828 (2021) Kat:3, Licht: 0,50828,3,6,2,8,15,2,0,0,0,1,0,0,0,0
"POINT (6.787808121000069 51.224338117000059)",Unfall 50833 (2021) Kat:3, Licht: 0,50833,3,6,0,6,16,5,0,0,1,1,0,0,0,0
"POINT (6.735705433000021 51.296226327000056)",Unfall 50837 (2021) Kat:3, Licht: 0,50837,3,7,0,7,14,5,0,0,1,0,0,0,0,0
"POINT (6.760585456000058 51.231671512000048)",Unfall 50848 (2021) Kat:3, Licht: 0,50848,3,5,0,8,15,1,0,0,1,0,1,0,0,0
"POINT (6.781797752000045 51.218954954000026)",Unfall 50851 (2021) Kat:3, Licht: 0,50851,3,3,5,8,17,4,0,0,0,1,0,0,0,0
"POINT (6.798535308000055 51.249218066000026)",Unfall 50855 (2021) Kat:3, Licht: 0,50855,3,2,5,5,12,4,0,0,1,1,0,0,0,0
"POINT (6.815594419000035 51.259650972000031)",Unfall 50861 (2021) Kat:3, Licht: 0,50861,3,3,5,7,13,6,0,0,0,1,0,1,0,0
"POINT (6.791871821000029 51.273677318000068)",Unfall 50869 (2021) Kat:3, Licht: 0,50869,3,3,5,7,16,2,0,0,0,1,0,0,0,1
"POINT (6.787063599000021 51.214591514000062)",Unfall 50873 (2021) Kat:3, Licht: 0,50873,3,3,5,2,11,6,1,0,0,0,0,0,0,1
"POINT (6.749748331000035 51.233279977000052)",Unfall 50884 (2021) Kat:3, Licht: 0,50884,3,5,1,8,18,5,0,0,1,1,0,0,0,0
"POINT (6.892149072000052 51.260768096000049)",Unfall 50905 (2021) Kat:3, Licht: 0,50905,3,3,5,5,16,5,0,0,1,1,0,0,0,0
"POINT (6.738598998000043 51.198403983000048)",Unfall 50906 (2021) Kat:3, Licht: 0,50906,3,6,3,6,17,4,0,0,0,1,0,0,1,0
"POINT (6.850747841000043 51.231895757000075)",Unfall 50916 (2021) Kat:3, Licht: 0,50916,3,7,0,8,18,1,0,0,0,0,0,0,0,1
"POINT (6.774914229000046 51.265689338000072)",Unfall 50927 (2021) Kat:3, Licht: 0,50927,3,2,3,8,15,3,0,0,0,1,0,0,0,0
"POINT (6.804432352000049 51.237223940000035)",Unfall 50929 (2021) Kat:3, Licht: 0,50929,3,6,3,7,11,6,0,0,1,1,0,0,0,0
"POINT (6.848757930000033 51.201186376000067)",Unfall 50930 (2021) Kat:3, Licht: 0,50930,3,7,0,6,9,6,0,0,0,1,0,0,0,1
"POINT (6.782502339000075 51.223025760000041)",Unfall 50932 (2021) Kat:2, Licht: 1,50932,2,3,5,7,6,7,0,1,0,1,0,0,0,0
"POINT (6.759624147000068 51.262579474000063)",Unfall 50949 (2021) Kat:3, Licht: 0,50949,3,1,8,8,17,6,1,0,0,1,0,0,0,0
"POINT (6.866882344000032 51.215230621000046)",Unfall 50953 (2021) Kat:3, Licht: 0,50953,3,2,4,8,12,7,0,0,0,1,0,0,0,0
"POINT (6.699349973000039 51.229265833000056)",Unfall 50974 (2021) Kat:3, Licht: 0,50974,3,3,5,8,16,3,0,0,1,1,0,0,0,0
"POINT (6.886654233000058 51.200683106000042)",Unfall 50986 (2021) Kat:3, Licht: 0,50986,3,3,8,7,13,7,0,0,0,1,0,0,0,0
"POINT (6.808579240000029 51.220544932000053)",Unfall 50988 (2021) Kat:3, Licht: 1,50988,3,6,2,7,21,7,1,1,0,1,0,0,0,0
"POINT (6.856586163000031 51.245750254000029)",Unfall 51008 (2021) Kat:3, Licht: 0,51008,3,6,4,2,11,5,0,0,0,1,0,0,0,0
"POINT (6.775921466000057 51.231582805000073)",Unfall 51011 (2021) Kat:3, Licht: 0,51011,3,3,5,6,15,7,0,0,0,1,0,1,0,1
"POINT (6.788271790000067 51.332572363000054)",Unfall 51025 (2021) Kat:3, Licht: 0,51025,3,4,6,4,13,5,0,0,0,1,1,0,0,0
"POINT (6.832965148000028 51.203500424000026)",Unfall 51026 (2021) Kat:3, Licht: 0,51026,3,3,5,4,18,4,0,0,0,1,0,1,0,0
"POINT (6.781050706000030 51.230200435000029)",Unfall 51032 (2021) Kat:3, Licht: 0,51032,3,3,1,8,15,4,0,0,1,1,0,0,0,0
"POINT (6.862125749000029 51.211368230000062)",Unfall 51033 (2021) Kat:3, Licht: 0,51033,3,6,2,7,14,2,0,0,0,1,0,0,0,1
"POINT (6.890356432000033 51.239583410000080)",Unfall 51070 (2021) Kat:1, Licht: 0,51070,1,1,9,8,15,5,0,0,0,1,0,0,0,0