WKT,Name,OBJECTID,UKATEGORIE,UTYP1,UART,UMONAT,USTUNDE,UWOCHENTAG,STRZUSTAND,ULICHTVERH,ISTRAD,ISTPKW,ISTFUSS,ISTKRAD,ISTGKFZ,ISTSONSTIG
"POINT (6.776152987000046 51.231100729000048)",Unfall 51091 (2021) Kat:3, Licht: 0,51091,3,6,2,8,9,3,0,0,0,1,0,0,0,0
"POINT (6.796315010000058 51.223737543000027)",Unfall 51108 (2021) Kat:3, Licht: 0,51108,3,7,6,7,20,6,0,0,0,1,1,0,0,0
"POINT (6.775056930000062 51.277137206000077)",Unfall 51124 (2021) Kat:3, Licht: 0,51124,3,6,2,6,8,4,0,0,0,1,0,0,0,0
"POINT (6.796359966000068 51.248084480000045)",Unfall 51129 (2021) Kat:2, Licht: 0,51129,2,6,4,6,19,1,0,0,1,0,0,0,0,0
"POINT (6.839482771000064 51.198233080000080)",Unfall 51138 (2021) Kat:3, Licht: 0,51138,3,2,5,7,17,1,0,0,0,1,0,0,0,1
"POINT (6.810905623000053 51.224006705000079)",Unfall 51140 (2021) Kat:3, Licht: 0,51140,3,6,5,11,9,3,1,0,0,1,0,0,0,0
"POINT (6.797747975000050 51.212333144000070)",Unfall 51147 (2021) Kat:3, Licht: 2,51147,3,6,1,8,21,3,1,2,0,1,0,0,0,0
"POINT (6.748558015000071 51.339402321000080)",Unfall 51152 (2021) Kat:3, Licht: 0,51152,3,5,1,7,14,6,0,0,1,1,0,0,0,0
"POINT (6.808905937000077 51.231935582000062)",Unfall 51160 (2021) Kat:3, Licht: 2,51160,3,2,4,8,21,1,1,2,0,1,0,0,0,0
"POINT (6.907174861000044 51.132238530000052)",Unfall 51166 (2021) Kat:3, Licht: 0,51166,3,2,6,7,8,4,0,0,0,1,1,0,0,0
"POINT (6.909571994000032 51.260711024000045)",Unfall 51176 (2021) Kat:3, Licht: 0,51176,3,7,5,6,18,6,0,0,0,1,0,0,0,0
"POINT (6.794044600000063 51.252824282000063)",Unfall 51187 (2021) Kat:3, Licht: 0,51187,3,6,3,6,14,2,0,0,0,1,0,0,0,1
"POINT (6.909546603000024 51.195305400000052)",Unfall 51195 (2021) Kat:2, Licht: 0,51195,2,2,2,4,8,6,0,0,0,1,0,0,0,1
"POINT (6.798655147000034 51.210623387000055)",Unfall 51205 (2021) Kat:3, Licht: 0,51205,3,7,0,11,10,2,0,0,0,0,0,0,1,0
"POINT (6.811517392000042 51.225264872000082)",Unfall 51225 (2021) Kat:3, Licht: 0,51225,3,6,2,8,13,1,1,0,0,1,0,0,0,0
"POINT (6.758125323000058 51.209792721000042)",Unfall 51226 (2021) Kat:3, Licht: 0,51226,3,6,2,3,8,4,0,0,0,1,0,0,0,0
"POINT (6.724431338000045 51.232377318000033)",Unfall 51238 (2021) Kat:3, Licht: 0,51238,3,2,3,6,17,6,0,0,1,0,0,0,0,1
"POINT (6.795802795000043 51.224300100000050)",Unfall 51246 (2021) Kat:2, Licht: 0,51246,2,7,0,8,11,2,0,0,1,0,0,0,0,1
"POINT (6.808905937000077 51.231935582000062)",Unfall 51254 (2021) Kat:3, Licht: 2,51254,3,3,5,1,17,3,0,2,1,1,0,0,0,0
"POINT (6.748359505000053 51.231600731000071)",Unfall 51259 (2021) Kat:3, Licht: 0,51259,3,3,5,8,18,7,0,0,1,1,0,0,0,0
"POINT (6.805516183000066 51.236389858000052)",Unfall 51280 (2021) Kat:3, Licht: 0,51280,3,6,0,8,18,3,1,0,0,1,0,1,0,0
"POINT (6.800911459000076 51.214708787000063)",Unfall 51284 (2021) Kat:3, Licht: 0,51284,3,3,5,8,17,2,1,0,1,1,0,0,0,0
"POINT (6.904209260000073 51.139564164000035)",Unfall 51285 (2021) Kat:3, Licht: 0,51285,3,6,3,7,8,6,0,0,0,1,0,0,0,0
"POINT (6.714580800000022 51.231965722000041)",Unfall 51295 (2021) Kat:3, Licht: 0,51295,3,3,5,8,19,5,0,0,0,1,0,0,0,0
"POINT (6.780183612000030 51.231824285000073)",Unfall 51300 (2021) Kat:3, Licht: 0,51300,3,6,2,8,13,1,0,0,0,1,0,0,0,0
"POINT (6.830419497000037 51.227180730000043)",Unfall 51306 (2021) Kat:3, Licht: 0,51306,3,2,4,8,10,3,0,0,1,0,0,0,0,0
"POINT (6.894964806000075 51.198574826000026)",Unfall 51317 (2021) Kat:3, Licht: 0,51317,3,3,5,5,13,6,0,0,1,1,0,0,0,0
"POINT (6.867566212000042 51.220167580000066)",Unfall 51319 (2021) Kat:3, Licht: 2,51319,3,1,8,8,21,5,1,2,0,1,0,0,0,0
"POINT (6.802704667000057 51.238753444000054)",Unfall 51324 (2021) Kat:3, Licht: 0,51324,3,3,5,8,8,3,0,0,1,1,0,0,0,0
"POINT (6.808905937000077 51.231935582000062)",Unfall 51337 (2021) Kat:3, Licht: 0,51337,3,2,5,7,8,5,0,0,1,1,0,0,0,0
"POINT (6.809014909000041 51.221123298000066)",Unfall 51343 (2021) Kat:3, Licht: 0,51343,3,6,2,8,10,6,1,0,0,1,0,0,1,0
"POINT (6.785368189000053 51.275827936000042)",Unfall 51346 (2021) Kat:2, Licht: 0,51346,2,4,6,7,15,3,0,0,0,1,1,0,0,0
"POINT (6.802936615000021 51.254326518000028)",Unfall 51347 (2021) Kat:3, Licht: 0,51347,3,6,5,7,10,3,0,0,0,1,0,0,0,1
"POINT (6.802003018000050 51.250473530000079)",Unfall 51348 (2021) Kat:3, Licht: 0,51348,3,6,5,7,12,7,0,0,0,1,0,0,0,0
"POINT (6.781179525000027 51.230215304000069)",Unfall 51366 (2021) Kat:3, Licht: 0,51366,3,6,2,5,17,4,0,0,0,1,0,0,0,0
"POINT (6.850747841000043 51.231895757000075)",Unfall 51367 (2021) Kat:1, Licht: 0,51367,1,3,5,7,11,5,0,0,1,1,0,0,0,0
"POINT (6.784330862000047 51.219873371000062)",Unfall 51401 (2021) Kat:3, Licht: 0,51401,3,4,6,8,12,2,0,0,0,1,1,0,0,0
"POINT (6.744127827000057 51.240694908000080)",Unfall 51405 (2021) Kat:3, Licht: 0,51405,3,3,5,7,18,6,0,0,0,1,0,0,0,0
"POINT (6.799636588000055 51.210594617000027)",Unfall 51408 (2021) Kat:3, Licht: 0,51408,3,3,5,8,8,4,0,0,0,1,0,1,0,0
"POINT (6.905129162000037 51.138314476000062)",Unfall 51409 (2021) Kat:3, Licht: 0,51409,3,6,2,8,16,3,1,0,0,1,0,0,0,0
"POINT (6.751799149000021 51.338564766000047)",Unfall 51423 (2021) Kat:3, Licht: 0,51423,3,3,5,7,16,5,0,0,1,1,0,0,0,0
"POINT (6.825745285000039 51.206204486000047)",Unfall 51425 (2021) Kat:3, Licht: 0,51425,3,6,3,8,15,2,0,0,0,1,0,0,0,0
"POINT (6.860482287000025 51.209804589000044)",Unfall 51599 (2021) Kat:3, Licht: 0,51599,3,3,5,8,15,6,1,0,1,1,0,0,0,0
"POINT (6.801990211000032 51.241399128000069)",Unfall 51829 (2021) Kat:3, Licht: 0,51829,3,6,2,8,11,4,0,0,0,1,0,0,0,1
"POINT (6.858565346000034 51.162246762000052)",Unfall 51850 (2021) Kat:3, Licht: 0,51850,3,1,0,7,14,1,0,0,1,0,0,0,0,0
"POINT (6.808747102000041 51.220923594000055)",Unfall 51898 (2021) Kat:3, Licht: 2,51898,3,3,5,8,22,4,0,2,0,1,0,0,0,0
"POINT (6.808747102000041 51.220923594000055)",Unfall 52065 (2021) Kat:3, Licht: 0,52065,3,6,2,1,8,6,1,0,0,1,0,0,0,0
"POINT (6.755322905000071 51.200838767000050)",Unfall 52176 (2021) Kat:3, Licht: 0,52176,3,6,3,7,13,2,0,0,0,1,0,0,1,0
"POINT (6.794167882000067 51.252938728000061)",Unfall 52729 (2021) Kat:3, Licht: 0,52729,3,6,2,8,18,6,1,0,0,1,0,0,0,0
"POINT (6.837144804000047 51.199878627000032)",Unfall 52748 (2021) Kat:2, Licht: 0,52748,2,6,2,4,14,2,0,0,0,1,0,0,0,0
"POINT (6.771370143000070 51.242719546000046)",Unfall 52795 (2021) Kat:3, Licht: 2,52795,3,1,0,7,23,6,0,2,1,0,0,0,0,0
"POINT (6.782776407000028 51.215559624000036)",Unfall 52867 (2021) Kat:3, Licht: 0,52867,3,5,1,8,12,7,0,0,0,1,0,0,0,0
"POINT (6.736532598000053 51.198468307000041)",Unfall 52886 (2021) Kat:3, Licht: 0,52886,3,3,5,5,10,7,0,0,1,1,0,0,0,0
"POINT (6.833079110000028 51.203392643000029)",Unfall 53043 (2021) Kat:2, Licht: 0,53043,2,7,0,7,9,5,0,0,0,0,0,0,0,1
"POINT (6.859025811000038 51.208675605000053)",Unfall 53164 (2021) Kat:3, Licht: 0,53164,3,6,2,4,15,5,0,0,0,1,0,0,0,1
"POINT (6.870692320000046 51.223800137000069)",Unfall 53350 (2021) Kat:3, Licht: 0,53350,3,2,5,8,17,3,0,0,0,1,0,1,0,0
"POINT (6.801742066000031 51.215315315000055)",Unfall 53499 (2021) Kat:3, Licht: 2,53499,3,1,8,8,4,1,0,2,0,0,0,0,0,1
"POINT (6.786799532000032 51.243968252000059)",Unfall 53514 (2021) Kat:3, Licht: 0,53514,3,6,2,8,13,4,0,0,0,1,0,1,0,0
"POINT (6.791600835000054 51.228560541000036)",Unfall 53557 (2021) Kat:3, Licht: 0,53557,3,2,5,8,20,5,0,0,1,0,0,0,0,1
"POINT (6.851045350000049 51.190151897000078)",Unfall 53660 (2021) Kat:3, Licht: 0,53660,3,6,2,8,17,5,0,0,0,1,0,0,0,1
"POINT (6.786135579000074 51.253955947000065)",Unfall 53688 (2021) Kat:3, Licht: 0,53688,3,6,2,6,17,4,0,0,0,1,0,0,0,0
"POINT (6.804698615000063 51.231084034000048)",Unfall 53802 (2021) Kat:3, Licht: 0,53802,3,3,5,7,11,2,0,0,1,1,0,0,0,0
"POINT (6.780733961000067 51.230903971000032)",Unfall 53818 (2021) Kat:3, Licht: 0,53818,3,2,4,7,9,5,0,0,0,1,0,0,0,1
"POINT (6.776921014000038 51.189457049000055)",Unfall 53830 (2021) Kat:3, Licht: 0,53830,3,3,3,7,12,4,0,0,0,1,0,0,1,0
"POINT (6.743822904000069 51.320699019000074)",Unfall 53835 (2021) Kat:3, Licht: 0,53835,3,5,8,8,10,5,0,0,0,1,0,0,0,0
"POINT (6.801959191000037 51.210458197000037)",Unfall 54008 (2021) Kat:3, Licht: 0,54008,3,1,1,8,19,1,1,0,0,1,0,0,0,0
"POINT (6.790608680000048 51.199618172000044)",Unfall 54069 (2021) Kat:3, Licht: 0,54069,3,2,5,7,16,4,0,0,1,1,0,0,0,0
"POINT (6.771684430000050 51.233514587000059)",Unfall 54184 (2021) Kat:3, Licht: 0,54184,3,6,3,7,18,6,0,0,1,0,0,0,0,0
"POINT (6.813247083000022 51.272610839000038)",Unfall 54371 (2021) Kat:3, Licht: 0,54371,3,6,2,8,16,3,1,0,0,1,0,0,0,0
"POINT (6.775929536000035 51.262682172000041)",Unfall 54404 (2021) Kat:3, Licht: 0,54404,3,1,0,8,6,3,1,0,1,0,0,0,0,0
"POINT (6.859543544000076 51.247251195000047)",Unfall 54519 (2021) Kat:2, Licht: 0,54519,2,6,4,7,7,5,0,0,0,1,0,0,0,0
"POINT (6.771985376000032 51.237869404000037)",Unfall 54621 (2021) Kat:3, Licht: 2,54621,3,6,0,8,22,5,0,2,0,1,0,1,0,0
"POINT (6.734324770000057 51.210726886000032)",Unfall 155209 (2021) Kat:2, Licht: 1,155209,2,5,7,5,20,1,0,1,0,1,0,0,0,0
"POINT (6.763833129000034 51.221043761000033)",Unfall 155210 (2021) Kat:3, Licht: 1,155210,3,1,0,3,20,4,0,1,1,0,0,0,0,0
"POINT (6.743501109000022 51.254908262000072)",Unfall 155211 (2021) Kat:3, Licht: 1,155211,3,2,4,9,20,4,0,1,1,1,0,0,0,0
"POINT (6.772123818000068 51.226600944000040)",Unfall 155218 (2021) Kat:3, Licht: 0,155218,3,7,6,12,16,4,1,0,1,0,1,0,0,0
"POINT (6.776960579000047 51.218201186000044)",Unfall 155219 (2021) Kat:3, Licht: 0,155219,3,3,5,3,12,3,0,0,0,1,0,1,0,0
"POINT (6.768649372000027 51.217362855000033)",Unfall 155228 (2021) Kat:3, Licht: 2,155228,3,6,2,12,17,7,1,2,0,1,0,0,0,0
"POINT (6.775309655000058 51.215642623000065)",Unfall 155229 (2021) Kat:3, Licht: 2,155229,3,3,5,6,1,1,1,2,0,1,0,0,0,0
"POINT (6.779302643000051 51.226312331000031)",Unfall 155235 (2021) Kat:3, Licht: 0,155235,3,6,3,9,17,7,0,0,1,1,0,0,0,0
"POINT (6.765719464000028 51.217184353000050)",Unfall 155238 (2021) Kat:3, Licht: 1,155238,3,3,5,3,19,2,0,1,1,0,0,0,0,1
"POINT (6.755843695000067 51.256312004000051)",Unfall 155240 (2021) Kat:3, Licht: 0,155240,3,3,5,7,15,4,0,0,1,1,0,0,0,0
"POINT (6.767572755000060 51.198492844000043)",Unfall 155254 (2021) Kat:3, Licht: 0,155254,3,3,5,11,12,1,1,0,1,0,0,0,0,1
"POINT (6.775180888000023 51.212403955000070)",Unfall 155255 (2021) Kat:3, Licht: 2,155255,3,2,5,12,17,3,1,2,1,1,0,0,0,0
"POINT (6.760683926000070 51.216721523000047)",Unfall 155259 (2021) Kat:3, Licht: 0,155259,3,7,0,6,14,4,0,0,1,0,0,0,0,0
"POINT (6.765294656000037 51.206555477000052)",Unfall 155263 (2021) Kat:3, Licht: 0,155263,3,7,1,2,11,5,0,0,1,1,0,0,0,0
"POINT (6.757295257000067 51.250932861000081)",Unfall 155265 (2021) Kat:3, Licht: 2,155265,3,7,8,6,1,5,0,2,0,1,0,0,0,0
"POINT (6.710949863000053 51.231464888000062)",Unfall 155267 (2021) Kat:2, Licht: 0,155267,2,2,5,11,8,7,0,0,0,0,0,0,1,1
"POINT (6.733443921000060 51.222500921000062)",Unfall 155273 (2021) Kat:3, Licht: 0,155273,3,7,0,7,18,2,0,0,1,0,0,0,0,0
"POINT (6.768059548000053 51.221713091000026)",Unfall 155277 (2021) Kat:3, Licht: 2,155277,3,1,0,4,0,2,0,2,0,0,0,0,0,1
"POINT (6.780089887000031 51.236808358000076)",Unfall 155284 (2021) Kat:3, Licht: 0,155284,3,6,3,3,13,2,0,0,0,1,0,0,0,1
"POINT (6.748177750000025 51.188527860000079)",Unfall 155288 (2021) Kat:3, Licht: 0,155288,3,6,6,4,13,1,1,0,0,1,1,0,0,0
"POINT (6.777443511000058 51.264312945000029)",Unfall 155293 (2021) Kat:3, Licht: 0,155293,3,1,8,5,11,7,0,0,1,1,0,0,0,0
"POINT (6.728018911000049 51.231611989000044)",Unfall 155296 (2021) Kat:3, Licht: 0,155296,3,7,0,12,10,5,0,0,0,0,0,0,0,1
"POINT (6.753799225000023 51.212499938000065)",Unfall 155300 (2021) Kat:3, Licht: 0,155300,3,7,0,2,9,4,0,0,0,1,1,0,0,0
"POINT (6.774640497000064 51.250200928000027)",Unfall 155306 (2021) Kat:3, Licht: 0,155306,3,5,1,4,8,2,0,0,0,1,0,0,0,0
"POINT (6.762329743000066 51.248534328000062)",Unfall 155311 (2021) Kat:3, Licht: 0,155311,3,2,4,9,16,4,0,0,1,1,0,0,0,0
"POINT (6.751482877000058 51.242010372000038)",Unfall 155312 (2021) Kat:3, Licht: 2,155312,3,3,5,1,17,3,1,2,1,1,0,0,0,0
"POINT (6.738997361000031 51.286381940000069)",Unfall 155314 (2021) Kat:3, Licht: 0,155314,3,2,5,5,10,6,0,0,1,1,0,0,0,0
"POINT (6.779874021000069 51.247979104000080)",Unfall 155323 (2021) Kat:3, Licht: 0,155323,3,3,5,3,9,7,0,0,1,1,0,0,0,0
"POINT (6.763402044000031 51.251063814000076)",Unfall 155326 (2021) Kat:3, Licht: 0,155326,3,2,3,4,7,5,0,0,0,1,0,0,0,1
"POINT (6.743660008000063 51.273142051000036)",Unfall 155327 (2021) Kat:3, Licht: 0,155327,3,7,0,6,16,3,1,0,0,0,0,0,0,1
"POINT (6.776691304000053 51.219099360000030)",Unfall 155331 (2021) Kat:3, Licht: 0,155331,3,6,2,12,15,5,1,0,0,1,0,0,0,0
"POINT (6.776798228000075 51.215648026000054)",Unfall 155335 (2021) Kat:3, Licht: 0,155335,3,6,2,9,12,5,0,0,0,1,0,0,0,1
"POINT (6.729460349000021 51.240535548000082)",Unfall 155336 (2021) Kat:3, Licht: 0,155336,3,7,6,11,20,2,0,0,0,0,1,0,0,1
"POINT (6.760830500000054 51.211874399000067)",Unfall 155338 (2021) Kat:3, Licht: 0,155338,3,5,6,4,14,7,0,0,0,1,1,0,0,0
"POINT (6.740962715000023 51.322396448000063)",Unfall 155339 (2021) Kat:3, Licht: 1,155339,3,7,0,1,8,4,2,1,1,0,0,0,0,0
"POINT (6.750641853000047 51.210810994000042)",Unfall 155340 (2021) Kat:2, Licht: 0,155340,2,1,8,3,18,6,0,0,0,1,0,0,0,0
"POINT (6.777257501000065 51.208724203000031)",Unfall 155349 (2021) Kat:3, Licht: 0,155349,3,6,2,4,18,7,0,0,0,1,0,0,0,0
"POINT (6.750129527000070 51.240900580000073)",Unfall 155357 (2021) Kat:3, Licht: 0,155357,3,6,6,2,11,7,0,0,0,1,1,0,0,0
"POINT (6.759463195000023 51.249993928000038)",Unfall 155368 (2021) Kat:3, Licht: 0,155368,3,1,6,5,16,7,0,0,1,0,1,0,0,0
"POINT (6.778771519000031 51.236238750000041)",Unfall 155378 (2021) Kat:3, Licht: 0,155378,3,1,0,4,18,1,0,0,1,0,0,0,0,0
"POINT (6.773807650000037 51.230435064000062)",Unfall 155380 (2021) Kat:3, Licht: 0,155380,3,7,6,9,18,2,0,0,0,1,1,0,0,0
"POINT (6.762900090000073 51.210713385000076)",Unfall 155382 (2021) Kat:2, Licht: 0,155382,2,7,0,5,13,5,0,0,1,0,0,0,0,0
"POINT (6.775773305000030 51.242029715000058)",Unfall 155392 (2021) Kat:3, Licht: 0,155392,3,1,4,9,13,5,0,0,1,1,0,0,0,0
"POINT (6.749948172000074 51.271595870000056)",Unfall 155397 (2021) Kat:3, Licht: 0,155397,3,3,5,6,20,4,0,0,0,1,0,0,0,0
"POINT (6.779527529000063 51.266180882000072)",Unfall 155408 (2021) Kat:3, Licht: 0,155408,3,6,0,9,18,6,0,0,1,0,0,0,0,0
"POINT (6.765613441000028 51.219381913000063)",Unfall 155411 (2021) Kat:3, Licht: 0,155411,3,6,2,6,17,3,1,0,0,1,0,0,0,0
"POINT (6.769583787000045 51.224051155000041)",Unfall 155413 (2021) Kat:3, Licht: 2,155413,3,6,6,6,3,1,0,2,0,0,1,0,0,1
"POINT (6.774221166000075 51.223080887000037)",Unfall 155414 (2021) Kat:3, Licht: 0,155414,3,4,6,9,18,3,0,0,0,1,1,0,0,0
"POINT (6.759541721000062 51.272745098000030)",Unfall 155419 (2021) Kat:2, Licht: 0,155419,2,2,3,11,13,5,0,0,0,0,0,1,0,1
"POINT (6.735210573000074 51.325370447000068)",Unfall 155422 (2021) Kat:3, Licht: 0,155422,3,7,0,1,14,6,1,0,1,0,0,0,0,0
"POINT (6.779365979000033 51.210397596000064)",Unfall 155430 (2021) Kat:3, Licht: 0,155430,3,2,5,3,15,2,1,0,1,1,0,0,0,0
"POINT (6.762869343000034 51.210674725000047)",Unfall 155434 (2021) Kat:2, Licht: 1,155434,2,1,0,6,22,4,1,1,0,0,0,0,0,1
"POINT (6.746517039000025 51.265633719000050)",Unfall 155435 (2021) Kat:2, Licht: 0,155435,2,1,0,1,10,4,2,0,1,0,0,0,0,0
"POINT (6.771711977000052 51.201438419000056)",Unfall 155442 (2021) Kat:3, Licht: 0,155442,3,2,5,3,14,3,0,0,1,1,0,0,0,0
"POINT (6.769868056000064 51.250440546000050)",Unfall 155452 (2021) Kat:3, Licht: 2,155452,3,1,0,11,0,7,0,2,0,0,0,0,0,1
"POINT (6.774918702000036 51.223076266000078)",Unfall 155453 (2021) Kat:3, Licht: 0,155453,3,6,6,12,12,5,1,0,0,1,1,0,0,0
"POINT (6.779604718000030 51.233164640000041)",Unfall 155459 (2021) Kat:2, Licht: 0,155459,2,7,8,1,9,4,0,0,0,1,0,0,0,0
"POINT (6.749542284000029 51.205794707000052)",Unfall 155463 (2021) Kat:3, Licht: 0,155463,3,7,2,10,14,5,0,0,0,1,0,1,0,0
"POINT (6.778513597000028 51.249155042000041)",Unfall 155469 (2021) Kat:3, Licht: 0,155469,3,3,5,2,14,7,1,0,0,1,0,0,0,0
"POINT (6.771699576000060 51.226899957000057)",Unfall 155471 (2021) Kat:3, Licht: 2,155471,3,1,0,1,1,6,1,2,0,0,0,0,0,1
"POINT (6.764472237000064 51.249654489000079)",Unfall 155474 (2021) Kat:3, Licht: 0,155474,3,7,0,6,7,4,0,0,0,0,0,1,0,0
"POINT (6.752666082000076 51.242122490000042)",Unfall 155476 (2021) Kat:3, Licht: 0,155476,3,3,5,10,15,7,0,0,1,0,0,0,0,0
"POINT (6.773525320000033 51.225224038000079)",Unfall 155487 (2021) Kat:3, Licht: 2,155487,3,4,6,6,21,6,1,2,0,0,1,0,0,1
"POINT (6.743501109000022 51.254908262000072)",Unfall 155490 (2021) Kat:3, Licht: 0,155490,3,4,6,11,16,6,0,0,1,0,1,0,0,0
"POINT (6.752656910000042 51.265702926000074)",Unfall 155491 (2021) Kat:2, Licht: 0,155491,2,3,5,9,15,1,0,0,1,0,0,0,0,1
"POINT (6.770629329000030 51.210786376000044)",Unfall 155505 (2021) Kat:3, Licht: 0,155505,3,5,1,4,13,1,0,0,1,1,0,0,0,0
"POINT (6.775209656000072 51.210706028000061)",Unfall 155506 (2021) Kat:3, Licht: 0,155506,3,7,3,6,15,2,0,0,0,1,0,1,0,0
"POINT (6.722685093000052 51.249630957000079)",Unfall 155507 (2021) Kat:3, Licht: 0,155507,3,3,5,4,16,5,0,0,1,1,0,0,0,0
"POINT (6.779331858000035 51.226421996000056)",Unfall 155512 (2021) Kat:3, Licht: 0,155512,3,4,6,4,19,6,0,0,0,1,1,0,0,0
"POINT (6.755111361000047 51.227317579000044)",Unfall 155517 (2021) Kat:3, Licht: 0,155517,3,5,1,7,13,2,0,0,1,1,0,0,0,0
"POINT (6.777048143000059 51.225553827000056)",Unfall 155521 (2021) Kat:3, Licht: 0,155521,3,2,5,7,17,1,0,0,0,1,0,0,0,0
"POINT (6.742109982000045 51.323628853000059)",Unfall 155531 (2021) Kat:3, Licht: 0,155531,3,1,2,7,15,5,0,0,1,1,0,0,0,0
"POINT (6.770316077000075 51.267543772000067)",Unfall 155533 (2021) Kat:3, Licht: 2,155533,3,5,1,4,2,7,0,2,0,1,0,0,0,1
"POINT (6.775340242000027 51.210711733000039)",Unfall 155534 (2021) Kat:2, Licht: 0,155534,2,2,6,3,10,3,0,0,0,0,1,0,1,0
"POINT (6.775304271000039 51.215352909000046)",Unfall 155551 (2021) Kat:3, Licht: 0,155551,3,5,1,12,12,6,0,0,1,1,0,0,0,0
"POINT (6.711068649000026 51.231008119000080)",Unfall 155559 (2021) Kat:3, Licht: 0,155559,3,3,5,9,16,5,0,0,0,1,0,0,0,0
"POINT (6.739178362000075 51.236349473000075)",Unfall 155561 (2021) Kat:3, Licht: 0,155561,3,4,6,6,13,4,0,0,0,0,1,0,0,1
"POINT (6.763286571000037 51.231681329000025)",Unfall 155572 (2021) Kat:3, Licht: 0,155572,3,6,2,3,14,6,0,0,0,1,0,1,0,0
"POINT (6.778376641000023 51.220455426000058)",Unfall 155578 (2021) Kat:3, Licht: 0,155578,3,6,3,10,16,3,1,0,0,1,0,0,0,1
"POINT (6.771367468000051 51.229127628000072)",Unfall 155580 (2021) Kat:2, Licht: 2,155580,2,1,0,11,19,2,0,2,0,0,0,0,0,1
"POINT (6.776730635000035 51.225976946000060)",Unfall 155581 (2021) Kat:3, Licht: 0,155581,3,6,2,5,14,4,0,0,0,1,0,0,0,0
"POINT (6.750614710000036 51.315177725000069)",Unfall 155586 (2021) Kat:3, Licht: 0,155586,3,3,5,9,14,2,0,0,1,1,0,0,0,0
"POINT (6.768588575000024 51.196015907000060)",Unfall 155591 (2021) Kat:3, Licht: 0,155591,3,3,5,11,15,6,0,0,1,1,0,0,0,0
"POINT (6.775555083000029 51.215643660000069)",Unfall 155592 (2021) Kat:3, Licht: 0,155592,3,1,0,4,20,6,0,0,0,0,0,1,0,0
"POINT (6.720176651000031 51.233204774000058)",Unfall 155593 (2021) Kat:3, Licht: 0,155593,3,3,5,1,12,1,1,0,1,1,0,0,0,0
"POINT (6.765014387000065 51.206564595000032)",Unfall 155601 (2021) Kat:3, Licht: 0,155601,3,3,5,5,11,7,0,0,1,1,0,0,0,0
"POINT (6.777293424000050 51.241301631000056)",Unfall 155608 (2021) Kat:3, Licht: 0,155608,3,7,0,5,10,2,0,0,0,1,1,0,0,0
"POINT (6.763509713000076 51.188142088000063)",Unfall 155613 (2021) Kat:2, Licht: 0,155613,2,1,0,4,13,7,0,0,1,0,0,0,0,0
"POINT (6.745915145000026 51.254030208000074)",Unfall 155614 (2021) Kat:2, Licht: 0,155614,2,1,8,12,16,2,0,0,0,1,0,0,0,0
"POINT (6.754291526000031 51.240985701000056)",Unfall 155615 (2021) Kat:3, Licht: 0,155615,3,5,1,11,15,2,0,0,1,1,0,0,0,0
"POINT (6.776810985000054 51.227550196000038)",Unfall 155621 (2021) Kat:3, Licht: 2,155621,3,1,0,6,4,7,0,2,0,0,1,0,0,1
"POINT (6.733496848000073 51.241988923000065)",Unfall 155625 (2021) Kat:3, Licht: 0,155625,3,5,1,5,14,3,1,0,0,1,0,0,0,0
"POINT (6.763806504000058 51.220877317000031)",Unfall 155626 (2021) Kat:3, Licht: 0,155626,3,6,6,5,20,6,0,0,1,0,1,0,0,0
"POINT (6.770674587000030 51.187237999000047)",Unfall 155634 (2021) Kat:3, Licht: 0,155634,3,2,5,1,14,3,1,0,0,1,0,0,0,1
"POINT (6.741600225000070 51.297186647000046)",Unfall 155643 (2021) Kat:3, Licht: 0,155643,3,5,1,9,15,2,0,0,1,1,0,0,0,0
"POINT (6.775426038000035 51.249515315000053)",Unfall 155645 (2021) Kat:3, Licht: 2,155645,3,2,5,12,17,1,1,2,0,1,0,0,0,0
"POINT (6.758902628000044 51.215765542000042)",Unfall 155650 (2021) Kat:3, Licht: 0,155650,3,2,5,7,13,2,0,0,1,1,0,0,0,0
"POINT (6.739115989000027 51.236533916000042)",Unfall 155652 (2021) Kat:3, Licht: 2,155652,3,2,5,11,17,4,1,2,0,1,0,0,0,1
"POINT (6.747010414000044 51.231173721000062)",Unfall 155654 (2021) Kat:3, Licht: 0,155654,3,2,6,3,12,6,0,0,0,1,1,0,0,0
"POINT (6.777320282000062 51.262724009000067)",Unfall 155659 (2021) Kat:3, Licht: 0,155659,3,5,1,2,11,6,0,0,0,1,0,0,0,0
"POINT (6.779403339000055 51.213954715000057)",Unfall 155660 (2021) Kat:3, Licht: 2,155660,3,5,2,10,20,6,1,2,1,1,0,0,0,0
"POINT (6.773400934000051 51.262708457000031)",Unfall 155662 (2021) Kat:3, Licht: 0,155662,3,3,5,9,13,3,0,0,1,1,0,0,0,0
"POINT (6.752676194000060 51.265702426000075)",Unfall 155666 (2021) Kat:3, Licht: 0,155666,3,7,0,5,17,4,1,0,0,0,0,0,0,1
"POINT (6.700047638000058 51.228911676000052)",Unfall 155668 (2021) Kat:3, Licht: 2,155668,3,1,5,11,16,6,1,2,0,1,0,0,0,1
"POINT (6.776657488000069 51.200893871000062)",Unfall 155672 (2021) Kat:3, Licht: 2,155672,3,1,0,10,7,4,1,2,0,0,0,0,0,1
"POINT (6.775334056000077 51.210711463000052)",Unfall 155681 (2021) Kat:2, Licht: 0,155681,2,4,6,3,12,2,1,0,0,1,1,0,0,0
"POINT (6.721784057000036 51.242292986000052)",Unfall 155682 (2021) Kat:3, Licht: 0,155682,3,2,5,4,15,2,0,0,0,0,0,0,1,1