WKT,Name,OBJECTID,UKATEGORIE,UTYP1,UART,UMONAT,USTUNDE,UWOCHENTAG,STRZUSTAND,ULICHTVERH,ISTRAD,ISTPKW,ISTFUSS,ISTKRAD,ISTGKFZ,ISTSONSTIG
"POINT (6.793412447000037 51.228898734000040)",Unfall 156807 (2021) Kat:3, Licht: 0,156807,3,5,3,7,14,6,0,0,1,1,0,0,0,1
"POINT (6.824266495000074 51.212914942000054)",Unfall 156809 (2021) Kat:3, Licht: 0,156809,3,2,5,11,10,2,0,0,1,0,0,0,0,1
"POINT (6.786078051000061 51.213860154000031)",Unfall 156810 (2021) Kat:1, Licht: 0,156810,1,1,5,6,7,2,0,0,0,1,0,0,0,1
"POINT (6.815260542000033 51.192472572000042)",Unfall 156811 (2021) Kat:3, Licht: 0,156811,3,6,2,1,15,5,0,0,0,1,0,0,0,1
"POINT (6.853981249000071 51.185166626000068)",Unfall 156812 (2021) Kat:3, Licht: 0,156812,3,3,5,11,9,2,0,0,0,1,0,0,1,1
"POINT (6.802938353000059 51.210162809000053)",Unfall 156813 (2021) Kat:3, Licht: 0,156813,3,7,3,12,14,4,0,0,0,1,0,0,0,1
"POINT (6.791777396000043 51.222061749000034)",Unfall 156817 (2021) Kat:3, Licht: 0,156817,3,6,2,9,16,5,0,0,0,1,0,1,0,0
"POINT (6.796603744000038 51.194966433000047)",Unfall 156818 (2021) Kat:3, Licht: 0,156818,3,3,0,5,17,5,0,0,1,1,0,0,0,0
"POINT (6.872682923000070 51.167877433000058)",Unfall 156825 (2021) Kat:3, Licht: 2,156825,3,3,5,11,17,3,1,2,0,1,0,0,0,0
"POINT (6.789573161000021 51.217768962000036)",Unfall 156826 (2021) Kat:3, Licht: 0,156826,3,1,1,11,13,2,0,0,0,1,1,0,0,0
"POINT (6.818152040000030 51.265295398000035)",Unfall 156827 (2021) Kat:3, Licht: 2,156827,3,5,1,2,21,7,2,2,0,1,0,0,0,0
"POINT (6.782111867000026 51.210934791000057)",Unfall 156830 (2021) Kat:3, Licht: 2,156830,3,7,0,11,23,5,0,2,1,0,0,0,0,0
"POINT (6.834453492000023 51.175359971000034)",Unfall 156831 (2021) Kat:3, Licht: 0,156831,3,5,1,6,17,4,0,0,0,1,1,1,0,0
"POINT (6.794893114000047 51.243316057000072)",Unfall 156833 (2021) Kat:3, Licht: 1,156833,3,2,5,10,8,3,1,1,1,1,0,0,0,0
"POINT (6.789422721000051 51.238799711000070)",Unfall 156835 (2021) Kat:3, Licht: 1,156835,3,1,0,1,17,7,0,1,1,0,0,0,0,0
"POINT (6.802114109000058 51.214341244000082)",Unfall 156841 (2021) Kat:3, Licht: 0,156841,3,2,2,9,15,4,0,0,1,1,0,0,0,0
"POINT (6.794448018000026 51.214807642000039)",Unfall 156843 (2021) Kat:3, Licht: 0,156843,3,4,6,11,10,4,0,0,0,1,1,0,0,0
"POINT (6.781143346000022 51.207209361000082)",Unfall 156844 (2021) Kat:3, Licht: 0,156844,3,2,2,2,10,4,2,0,0,1,0,0,0,1
"POINT (6.813400979000050 51.228232731000048)",Unfall 156847 (2021) Kat:3, Licht: 0,156847,3,5,3,9,12,5,0,0,1,1,0,0,0,0
"POINT (6.843115906000037 51.202674159000026)",Unfall 156850 (2021) Kat:3, Licht: 0,156850,3,1,1,5,14,7,0,0,0,1,0,0,0,1
"POINT (6.865074517000039 51.229199519000076)",Unfall 156855 (2021) Kat:3, Licht: 0,156855,3,7,0,9,16,7,0,0,1,1,0,0,0,0
"POINT (6.809484616000020 51.252045302000056)",Unfall 156856 (2021) Kat:3, Licht: 0,156856,3,5,0,3,16,4,0,0,1,1,0,0,0,0
"POINT (6.825510473000065 51.217014433000031)",Unfall 156858 (2021) Kat:2, Licht: 0,156858,2,3,5,6,12,3,0,0,1,1,0,0,0,0
"POINT (6.785666403000050 51.218875987000047)",Unfall 156859 (2021) Kat:2, Licht: 2,156859,2,4,6,10,18,6,0,2,0,0,1,0,0,1
"POINT (6.829112456000075 51.209122376000039)",Unfall 156862 (2021) Kat:3, Licht: 0,156862,3,7,6,1,15,2,0,0,0,1,1,0,0,0
"POINT (6.825823411000044 51.240919855000072)",Unfall 156871 (2021) Kat:3, Licht: 2,156871,3,2,5,1,16,4,1,2,0,1,0,0,0,1
"POINT (6.872515548000024 51.162321182000028)",Unfall 156872 (2021) Kat:3, Licht: 0,156872,3,6,1,12,12,3,0,0,0,1,0,0,0,0
"POINT (6.805834929000071 51.222036597000056)",Unfall 156876 (2021) Kat:3, Licht: 0,156876,3,4,6,10,15,5,1,0,0,1,1,0,0,0
"POINT (6.782198214000061 51.240778475000070)",Unfall 156877 (2021) Kat:3, Licht: 0,156877,3,7,0,3,16,3,0,0,1,0,0,0,0,0
"POINT (6.835240329000044 51.174766981000062)",Unfall 156878 (2021) Kat:3, Licht: 0,156878,3,6,0,6,12,3,0,0,1,0,0,0,0,0
"POINT (6.875637763000043 51.162068966000049)",Unfall 156879 (2021) Kat:3, Licht: 2,156879,3,3,5,1,6,4,1,2,0,1,0,0,0,0
"POINT (6.796166269000025 51.224929202000055)",Unfall 156881 (2021) Kat:3, Licht: 0,156881,3,4,6,9,8,5,1,0,0,0,1,0,0,1
"POINT (6.825106672000061 51.225890688000050)",Unfall 156882 (2021) Kat:3, Licht: 0,156882,3,6,2,4,11,7,0,0,0,1,0,0,1,0
"POINT (6.802843495000047 51.238320746000056)",Unfall 156886 (2021) Kat:3, Licht: 0,156886,3,5,2,6,8,2,1,0,0,1,0,0,0,0
"POINT (6.870693072000051 51.169272425000031)",Unfall 156887 (2021) Kat:2, Licht: 0,156887,2,4,6,11,14,3,1,0,0,1,1,0,0,0
"POINT (6.831642813000030 51.206891024000072)",Unfall 156888 (2021) Kat:3, Licht: 1,156888,3,7,2,10,7,2,1,1,0,0,0,1,0,1
"POINT (6.845405960000051 51.169515776000026)",Unfall 156890 (2021) Kat:3, Licht: 0,156890,3,6,9,2,12,5,0,0,0,1,0,0,0,0
"POINT (6.793491937000056 51.216801018000069)",Unfall 156891 (2021) Kat:3, Licht: 0,156891,3,6,2,12,10,3,1,0,0,1,0,0,0,0
"POINT (6.865636696000024 51.170378033000077)",Unfall 156894 (2021) Kat:3, Licht: 0,156894,3,2,5,9,12,5,0,0,0,0,0,1,1,0
"POINT (6.787342347000049 51.211134338000079)",Unfall 156895 (2021) Kat:2, Licht: 0,156895,2,1,0,4,6,2,0,0,0,0,0,1,0,0
"POINT (6.811046918000045 51.200941058000069)",Unfall 156896 (2021) Kat:3, Licht: 0,156896,3,6,1,11,14,2,0,0,0,1,0,0,0,0
"POINT (6.837535537000065 51.214988751000078)",Unfall 156901 (2021) Kat:3, Licht: 0,156901,3,4,6,6,14,4,0,0,0,0,1,0,0,1
"POINT (6.819118157000048 51.216430567000032)",Unfall 156902 (2021) Kat:3, Licht: 0,156902,3,2,5,6,12,2,0,0,0,1,0,0,0,0
"POINT (6.859658464000063 51.182790544000056)",Unfall 156903 (2021) Kat:3, Licht: 0,156903,3,6,4,7,15,5,0,0,0,1,0,0,0,0
"POINT (6.873336928000072 51.164395385000034)",Unfall 156909 (2021) Kat:3, Licht: 0,156909,3,7,0,5,17,3,1,0,0,0,1,0,0,1
"POINT (6.787701203000040 51.219395789000032)",Unfall 156910 (2021) Kat:3, Licht: 2,156910,3,1,0,11,19,5,0,2,0,0,0,0,0,1
"POINT (6.816812423000044 51.258860455000047)",Unfall 156911 (2021) Kat:2, Licht: 2,156911,2,7,0,5,21,4,0,2,0,0,0,0,0,1
"POINT (6.812142515000062 51.264870497000061)",Unfall 156912 (2021) Kat:2, Licht: 0,156912,2,4,6,3,12,5,1,0,0,1,1,0,0,0
"POINT (6.857172370000058 51.223375472000043)",Unfall 156913 (2021) Kat:3, Licht: 0,156913,3,3,5,10,17,4,0,0,1,1,0,0,0,0
"POINT (6.805761570000072 51.224220625000044)",Unfall 156914 (2021) Kat:2, Licht: 1,156914,2,5,2,10,18,1,0,1,1,1,0,0,0,0
"POINT (6.867960187000051 51.181231072000060)",Unfall 156915 (2021) Kat:3, Licht: 0,156915,3,7,0,9,15,7,0,0,1,0,0,0,0,0
"POINT (6.875637730000051 51.162059959000032)",Unfall 156918 (2021) Kat:2, Licht: 0,156918,2,3,5,9,13,6,0,0,0,1,0,0,0,1
"POINT (6.849027242000034 51.220556504000058)",Unfall 156919 (2021) Kat:2, Licht: 0,156919,2,1,0,10,11,4,1,0,1,0,0,0,0,0
"POINT (6.792936614000041 51.223962224000047)",Unfall 156920 (2021) Kat:3, Licht: 2,156920,3,3,5,12,7,2,1,2,1,1,0,0,0,0
"POINT (6.823718349000046 51.217670763000058)",Unfall 156922 (2021) Kat:2, Licht: 0,156922,2,5,1,1,12,5,0,0,0,1,0,1,0,0
"POINT (6.872627796000074 51.167804078000074)",Unfall 156925 (2021) Kat:3, Licht: 0,156925,3,6,1,12,15,2,0,0,0,1,0,0,0,1
"POINT (6.790144478000059 51.217319518000068)",Unfall 156926 (2021) Kat:3, Licht: 2,156926,3,6,1,12,18,6,0,2,0,1,0,0,0,1
"POINT (6.812517072000048 51.227774220000072)",Unfall 156928 (2021) Kat:3, Licht: 0,156928,3,7,0,12,12,4,1,0,1,0,0,0,0,0
"POINT (6.860863131000031 51.239674817000036)",Unfall 156929 (2021) Kat:3, Licht: 2,156929,3,7,8,6,23,4,0,2,0,1,0,0,0,0
"POINT (6.807793482000022 51.227014013000030)",Unfall 156930 (2021) Kat:3, Licht: 0,156930,3,1,0,6,19,3,1,0,1,0,0,0,0,0
"POINT (6.835957645000065 51.203057486000034)",Unfall 156933 (2021) Kat:2, Licht: 2,156933,2,1,0,12,17,6,1,2,1,0,0,0,0,0
"POINT (6.789011123000023 51.198422763000053)",Unfall 156938 (2021) Kat:3, Licht: 0,156938,3,6,4,10,10,6,1,0,0,1,0,0,0,0
"POINT (6.815151241000024 51.191945713000052)",Unfall 156939 (2021) Kat:3, Licht: 0,156939,3,6,3,6,19,6,0,0,0,1,0,0,0,0
"POINT (6.831495002000054 51.176718219000065)",Unfall 156943 (2021) Kat:3, Licht: 0,156943,3,2,5,9,17,2,0,0,0,0,0,0,0,1
"POINT (6.799379381000051 51.226353246000031)",Unfall 156944 (2021) Kat:3, Licht: 0,156944,3,2,6,9,13,6,0,0,0,1,1,0,0,0
"POINT (6.791166407000048 51.219940185000041)",Unfall 156946 (2021) Kat:3, Licht: 0,156946,3,7,0,3,19,3,0,0,0,0,0,0,0,1
"POINT (6.797127765000027 51.215797135000059)",Unfall 156947 (2021) Kat:3, Licht: 0,156947,3,3,5,10,17,4,0,0,0,1,0,0,0,1
"POINT (6.822101122000049 51.183355935000066)",Unfall 156948 (2021) Kat:2, Licht: 0,156948,2,2,3,4,9,2,0,0,0,1,0,0,0,1
"POINT (6.800668060000021 51.220803909000040)",Unfall 156950 (2021) Kat:2, Licht: 0,156950,2,7,0,2,11,2,2,0,1,0,0,0,0,0
"POINT (6.828059730000064 51.209990541000082)",Unfall 156953 (2021) Kat:3, Licht: 1,156953,3,4,6,12,14,6,0,1,0,0,1,0,0,1
"POINT (6.790614913000070 51.221192816000041)",Unfall 156955 (2021) Kat:3, Licht: 0,156955,3,3,5,12,10,4,0,0,0,1,0,0,0,1
"POINT (6.837949004000052 51.193027852000057)",Unfall 156956 (2021) Kat:3, Licht: 0,156956,3,6,3,9,14,4,0,0,0,1,0,0,0,0
"POINT (6.784748721000028 51.218805995000082)",Unfall 156961 (2021) Kat:3, Licht: 0,156961,3,5,1,9,14,2,0,0,1,1,0,0,0,0
"POINT (6.837350006000065 51.213845260000028)",Unfall 156962 (2021) Kat:3, Licht: 0,156962,3,7,1,2,17,1,0,0,0,1,0,0,0,0
"POINT (6.847483212000043 51.211397970000064)",Unfall 156963 (2021) Kat:3, Licht: 0,156963,3,1,0,12,12,4,1,0,0,0,0,1,0,0
"POINT (6.787970786000074 51.244448384000066)",Unfall 156965 (2021) Kat:2, Licht: 0,156965,2,6,4,5,20,1,0,0,1,0,0,0,0,1
"POINT (6.781057104000070 51.210796178000066)",Unfall 156971 (2021) Kat:3, Licht: 2,156971,3,1,0,2,18,3,0,2,1,0,0,0,0,0
"POINT (6.794606694000038 51.217687462000072)",Unfall 156976 (2021) Kat:3, Licht: 2,156976,3,2,5,1,6,4,1,2,1,1,0,0,0,0
"POINT (6.780656496000063 51.266176104000067)",Unfall 156977 (2021) Kat:3, Licht: 0,156977,3,5,1,3,13,7,0,0,1,1,0,0,0,0
"POINT (6.824835911000037 51.265239975000043)",Unfall 156978 (2021) Kat:3, Licht: 2,156978,3,6,2,2,7,2,2,2,0,1,0,0,0,0
"POINT (6.805506907000051 51.213324285000056)",Unfall 156983 (2021) Kat:3, Licht: 0,156983,3,4,6,3,12,7,0,0,0,1,1,0,0,0
"POINT (6.832977360000029 51.189261837000060)",Unfall 156984 (2021) Kat:3, Licht: 0,156984,3,5,0,9,15,3,0,0,1,0,0,0,0,1
"POINT (6.790790495000067 51.234172497000031)",Unfall 156986 (2021) Kat:3, Licht: 0,156986,3,7,0,6,9,2,1,0,1,0,0,0,0,0
"POINT (6.864899806000039 51.184614720000070)",Unfall 156989 (2021) Kat:2, Licht: 0,156989,2,5,1,2,15,7,0,0,1,1,0,0,0,0
"POINT (6.800799855000037 51.223467614000072)",Unfall 156998 (2021) Kat:2, Licht: 2,156998,2,1,9,11,5,1,1,2,0,1,0,0,0,0
"POINT (6.791346135000026 51.220119490000059)",Unfall 157000 (2021) Kat:3, Licht: 0,157000,3,4,6,9,8,5,0,0,0,1,1,0,0,0
"POINT (6.800401053000030 51.214858026000059)",Unfall 157004 (2021) Kat:3, Licht: 0,157004,3,4,0,5,18,7,0,0,0,0,1,0,0,1
"POINT (6.850164727000049 51.235715833000029)",Unfall 157006 (2021) Kat:3, Licht: 0,157006,3,1,9,7,9,6,0,0,0,1,0,0,0,0
"POINT (6.819266875000039 51.186703290000025)",Unfall 157010 (2021) Kat:3, Licht: 0,157010,3,7,0,7,13,3,1,0,0,0,0,1,0,0
"POINT (6.810247570000058 51.222786212000074)",Unfall 157012 (2021) Kat:3, Licht: 2,157012,3,5,1,12,17,4,1,2,1,0,0,0,0,1
"POINT (6.782712581000055 51.241218730000071)",Unfall 157013 (2021) Kat:2, Licht: 0,157013,2,5,0,3,12,4,0,0,0,1,0,0,0,1
"POINT (6.838217627000063 51.208873157000028)",Unfall 157014 (2021) Kat:3, Licht: 2,157014,3,2,6,1,20,4,0,2,0,0,1,0,0,1
"POINT (6.849446322000063 51.167208899000059)",Unfall 157015 (2021) Kat:2, Licht: 0,157015,2,3,5,9,15,2,0,0,0,1,0,1,0,0
"POINT (6.825821193000024 51.192402767000033)",Unfall 157017 (2021) Kat:2, Licht: 0,157017,2,5,1,5,10,3,1,0,1,1,0,0,0,0
"POINT (6.788901019000036 51.224672030000079)",Unfall 157018 (2021) Kat:3, Licht: 0,157018,3,6,0,9,12,5,0,0,1,1,0,0,0,0
"POINT (6.780608190000066 51.215605782000068)",Unfall 157029 (2021) Kat:3, Licht: 2,157029,3,3,5,9,19,5,0,2,0,1,0,0,0,1
"POINT (6.822046837000073 51.235321603000045)",Unfall 157030 (2021) Kat:2, Licht: 0,157030,2,3,5,3,11,3,0,0,1,1,0,0,0,0
"POINT (6.785240525000063 51.219408385000065)",Unfall 157031 (2021) Kat:3, Licht: 2,157031,3,5,1,10,1,6,0,2,0,1,0,0,0,1
"POINT (6.814253721000057 51.222207072000060)",Unfall 157032 (2021) Kat:3, Licht: 0,157032,3,1,5,4,13,3,0,0,1,1,0,0,0,0
"POINT (6.854748334000021 51.177347891000068)",Unfall 157033 (2021) Kat:3, Licht: 0,157033,3,5,1,9,12,4,0,0,1,1,0,0,0,0
"POINT (6.792363795000028 51.236794450000048)",Unfall 157036 (2021) Kat:3, Licht: 0,157036,3,5,0,10,14,1,0,0,0,1,0,1,0,0
"POINT (6.783316086000070 51.241730741000026)",Unfall 157041 (2021) Kat:3, Licht: 0,157041,3,6,0,11,9,1,1,0,1,0,0,0,0,1
"POINT (6.790292612000030 51.198727457000075)",Unfall 157047 (2021) Kat:3, Licht: 1,157047,3,4,6,11,8,3,0,1,0,0,1,0,1,0
"POINT (6.782714272000021 51.235088200000064)",Unfall 157051 (2021) Kat:3, Licht: 0,157051,3,3,5,12,14,1,0,0,0,1,0,0,0,0
"POINT (6.849323567000056 51.209289364000028)",Unfall 157054 (2021) Kat:3, Licht: 2,157054,3,3,5,12,7,5,1,2,0,1,0,0,0,0
"POINT (6.795795986000030 51.223648891000039)",Unfall 157055 (2021) Kat:3, Licht: 1,157055,3,6,0,10,19,5,1,1,0,1,0,1,0,0
"POINT (6.822913361000076 51.238721410000039)",Unfall 157056 (2021) Kat:3, Licht: 0,157056,3,6,3,12,9,4,1,0,0,0,0,0,1,1
"POINT (6.788448156000072 51.263219360000051)",Unfall 157057 (2021) Kat:3, Licht: 0,157057,3,3,0,5,12,4,0,0,1,1,0,0,0,0
"POINT (6.790231595000023 51.219026900000074)",Unfall 157060 (2021) Kat:2, Licht: 0,157060,2,1,0,12,12,6,0,0,1,1,0,0,0,0
"POINT (6.861057955000035 51.170084352000060)",Unfall 157062 (2021) Kat:3, Licht: 0,157062,3,2,4,6,17,7,0,0,0,1,0,0,0,0
"POINT (6.805605623000076 51.213291771000058)",Unfall 157063 (2021) Kat:1, Licht: 0,157063,1,4,6,9,11,2,0,0,0,0,1,0,1,0
"POINT (6.782185408000032 51.240767512000048)",Unfall 157064 (2021) Kat:2, Licht: 0,157064,2,3,5,9,10,2,0,0,0,0,0,0,0,1
"POINT (6.834682476000069 51.177672690000065)",Unfall 157065 (2021) Kat:3, Licht: 2,157065,3,7,0,12,20,5,0,2,1,1,1,0,0,0
"POINT (6.795575019000069 51.223651403000076)",Unfall 157067 (2021) Kat:2, Licht: 2,157067,2,4,6,12,7,6,1,2,1,0,1,0,0,0
"POINT (6.828070759000070 51.209982066000066)",Unfall 157068 (2021) Kat:3, Licht: 0,157068,3,6,4,11,15,5,1,0,1,0,0,0,0,1
"POINT (6.788241578000054 51.246902553000041)",Unfall 157069 (2021) Kat:2, Licht: 0,157069,2,4,6,3,18,5,0,0,0,1,1,0,0,0
"POINT (6.804737446000047 51.222209000000078)",Unfall 157072 (2021) Kat:3, Licht: 0,157072,3,5,1,11,15,5,0,0,1,1,0,0,0,0
"POINT (6.831792370000073 51.202682283000058)",Unfall 157074 (2021) Kat:3, Licht: 0,157074,3,4,6,11,14,4,0,0,0,1,1,0,0,0
"POINT (6.874264964000076 51.161269866000055)",Unfall 157075 (2021) Kat:3, Licht: 0,157075,3,6,3,11,9,2,0,0,0,1,0,0,0,0
"POINT (6.801432148000060 51.227564550000068)",Unfall 157076 (2021) Kat:3, Licht: 0,157076,3,2,4,6,20,5,0,0,1,1,0,0,0,0
"POINT (6.793930738000029 51.230457823000052)",Unfall 157078 (2021) Kat:3, Licht: 2,157078,3,1,2,1,17,4,0,2,1,1,0,0,0,0
"POINT (6.814555668000025 51.228492272000040)",Unfall 157082 (2021) Kat:3, Licht: 0,157082,3,7,0,6,8,2,1,0,0,0,0,1,0,0
"POINT (6.791671881000070 51.226750498000058)",Unfall 157086 (2021) Kat:3, Licht: 0,157086,3,7,1,4,19,7,0,0,1,1,0,0,0,0
"POINT (6.798023000000057 51.238307862000056)",Unfall 157087 (2021) Kat:3, Licht: 0,157087,3,4,6,5,9,5,1,0,0,0,1,0,0,1
"POINT (6.841115470000034 51.201992973000074)",Unfall 157088 (2021) Kat:3, Licht: 0,157088,3,6,2,3,10,7,0,0,0,1,0,0,0,0
"POINT (6.864141632000042 51.179391437000049)",Unfall 157090 (2021) Kat:3, Licht: 0,157090,3,1,8,2,13,5,0,0,1,0,0,0,0,0
"POINT (6.812675948000049 51.219441964000055)",Unfall 157095 (2021) Kat:3, Licht: 0,157095,3,3,5,1,12,2,1,0,1,1,0,0,0,0
"POINT (6.789574694000066 51.217748560000075)",Unfall 157097 (2021) Kat:3, Licht: 2,157097,3,3,5,10,18,2,1,2,0,1,0,1,0,0
"POINT (6.816393277000032 51.194944856000063)",Unfall 157098 (2021) Kat:2, Licht: 0,157098,2,1,0,6,11,1,0,0,1,0,0,0,0,0
"POINT (6.806203836000066 51.239831443000071)",Unfall 157100 (2021) Kat:3, Licht: 2,157100,3,7,0,5,3,1,0,2,1,0,0,0,0,0
"POINT (6.793471633000024 51.211227991000044)",Unfall 157106 (2021) Kat:3, Licht: 2,157106,3,2,5,3,6,2,0,2,1,0,0,0,0,1
"POINT (6.788893753000025 51.199017311000034)",Unfall 157108 (2021) Kat:3, Licht: 0,157108,3,3,0,1,9,6,1,0,1,1,0,0,0,0
"POINT (6.804402277000065 51.215158068000051)",Unfall 157111 (2021) Kat:3, Licht: 1,157111,3,3,5,1,16,5,1,1,1,1,0,0,0,0
"POINT (6.831952404000049 51.174816344000078)",Unfall 157113 (2021) Kat:2, Licht: 0,157113,2,3,5,3,14,1,0,0,1,1,0,0,0,0
"POINT (6.819967459000054 51.174217945000066)",Unfall 157117 (2021) Kat:3, Licht: 0,157117,3,5,1,2,11,5,0,0,1,1,0,0,0,0
"POINT (6.865328021000039 51.164548435000029)",Unfall 157118 (2021) Kat:3, Licht: 0,157118,3,3,5,6,14,4,0,0,0,1,0,0,0,0
"POINT (6.786776715000030 51.212465578000035)",Unfall 157119 (2021) Kat:3, Licht: 0,157119,3,1,0,10,15,5,0,0,1,0,0,0,0,0
"POINT (6.812881158000039 51.262537571000053)",Unfall 157121 (2021) Kat:3, Licht: 0,157121,3,7,6,12,11,6,0,0,0,1,1,0,0,0
"POINT (6.859500126000057 51.183301191000055)",Unfall 157124 (2021) Kat:2, Licht: 0,157124,2,7,0,5,13,2,0,0,0,0,0,0,0,1
"POINT (6.802738733000069 51.212784848000069)",Unfall 157125 (2021) Kat:3, Licht: 0,157125,3,5,1,12,13,3,0,0,0,1,0,0,0,1
"POINT (6.793066505000070 51.186121366000066)",Unfall 157130 (2021) Kat:3, Licht: 0,157130,3,7,4,7,13,7,0,0,1,0,0,0,0,0
"POINT (6.821213794000073 51.251624583000080)",Unfall 157132 (2021) Kat:3, Licht: 0,157132,3,7,0,6,7,4,0,0,1,0,0,0,0,0
"POINT (6.814612610000040 51.206623764000028)",Unfall 157134 (2021) Kat:3, Licht: 0,157134,3,2,0,4,15,5,0,0,1,1,0,0,0,0
"POINT (6.856716588000040 51.225911450000069)",Unfall 157135 (2021) Kat:3, Licht: 1,157135,3,3,5,9,20,3,0,1,1,1,0,0,0,0
"POINT (6.796558855000058 51.275291715000037)",Unfall 157140 (2021) Kat:3, Licht: 0,157140,3,5,1,6,13,4,0,0,0,1,0,0,0,0
"POINT (6.878094885000053 51.152959966000026)",Unfall 157147 (2021) Kat:2, Licht: 0,157147,2,3,5,11,8,3,0,0,0,1,0,0,0,0
"POINT (6.826528440000061 51.197396105000053)",Unfall 157149 (2021) Kat:3, Licht: 0,157149,3,5,5,4,7,3,0,0,1,1,0,0,0,0
"POINT (6.871481901000038 51.146663256000068)",Unfall 157151 (2021) Kat:3, Licht: 0,157151,3,6,6,12,14,6,0,0,0,0,1,0,0,1
"POINT (6.789931228000057 51.211204008000038)",Unfall 157152 (2021) Kat:3, Licht: 2,157152,3,3,5,10,18,4,0,2,0,1,0,1,0,0
"POINT (6.862482831000023 51.180241003000049)",Unfall 157154 (2021) Kat:3, Licht: 0,157154,3,4,6,10,16,5,0,0,0,1,1,0,0,0
"POINT (6.806412469000065 51.218249767000032)",Unfall 157155 (2021) Kat:3, Licht: 2,157155,3,2,6,1,17,4,1,2,0,1,1,0,0,0
"POINT (6.872602168000071 51.167940817000044)",Unfall 157156 (2021) Kat:3, Licht: 0,157156,3,2,5,6,16,6,0,0,1,1,0,0,0,0
"POINT (6.782141357000057 51.240729799000064)",Unfall 157157 (2021) Kat:3, Licht: 0,157157,3,1,0,4,14,7,0,0,1,0,0,0,0,0
"POINT (6.822062267000035 51.236336241000060)",Unfall 157162 (2021) Kat:3, Licht: 0,157162,3,3,5,5,17,4,0,0,0,1,0,1,0,0
"POINT (6.788206368000033 51.221304756000052)",Unfall 157163 (2021) Kat:3, Licht: 1,157163,3,3,5,11,16,7,0,1,1,1,0,0,0,0
"POINT (6.814824041000065 51.228598831000056)",Unfall 157164 (2021) Kat:3, Licht: 0,157164,3,4,6,9,14,5,0,0,0,1,1,0,0,0
"POINT (6.856383094000023 51.234907840000062)",Unfall 157165 (2021) Kat:2, Licht: 0,157165,2,4,6,2,7,3,0,0,0,0,1,0,1,0
"POINT (6.803498165000065 51.224071505000040)",Unfall 157166 (2021) Kat:3, Licht: 1,157166,3,7,6,5,21,7,0,1,1,0,1,0,0,0
"POINT (6.831659993000073 51.205493898000043)",Unfall 157167 (2021) Kat:3, Licht: 0,157167,3,6,2,9,15,5,0,0,0,1,0,1,0,0
"POINT (6.796208975000070 51.225223983000035)",Unfall 157171 (2021) Kat:3, Licht: 0,157171,3,7,6,1,15,5,1,0,0,1,1,0,0,0
"POINT (6.812812802000053 51.227930824000055)",Unfall 157176 (2021) Kat:3, Licht: 0,157176,3,3,1,7,21,6,0,0,0,1,0,0,0,1
"POINT (6.790038312000036 51.233833010000069)",Unfall 157180 (2021) Kat:3, Licht: 0,157180,3,2,0,10,12,6,0,0,0,1,1,0,0,0
"POINT (6.839033734000054 51.205844973000069)",Unfall 157181 (2021) Kat:3, Licht: 2,157181,3,5,1,9,21,3,0,2,1,1,0,0,0,0
"POINT (6.819285941000032 51.258794482000042)",Unfall 157182 (2021) Kat:3, Licht: 0,157182,3,3,5,9,18,5,0,0,1,1,0,0,0,0
"POINT (6.859740494000050 51.212122032000082)",Unfall 157183 (2021) Kat:3, Licht: 0,157183,3,7,0,6,12,3,0,0,0,0,0,1,0,0
"POINT (6.807808980000061 51.228664935000040)",Unfall 157184 (2021) Kat:3, Licht: 1,157184,3,1,0,10,18,6,1,1,1,0,0,0,0,0
"POINT (6.783055166000054 51.211007246000065)",Unfall 157185 (2021) Kat:3, Licht: 0,157185,3,1,0,10,16,6,0,0,0,0,0,0,0,1
"POINT (6.837290311000061 51.201654810000036)",Unfall 157186 (2021) Kat:3, Licht: 0,157186,3,3,5,7,11,6,0,0,0,1,0,0,0,1
"POINT (6.878621144000022 51.157716847000074)",Unfall 157187 (2021) Kat:2, Licht: 0,157187,2,5,0,5,10,7,0,0,1,1,0,0,0,0
"POINT (6.802467906000061 51.225014311000052)",Unfall 157189 (2021) Kat:3, Licht: 0,157189,3,4,6,9,10,3,0,0,0,1,1,0,0,0
"POINT (6.826738244000069 51.206768102000069)",Unfall 157190 (2021) Kat:3, Licht: 0,157190,3,2,3,11,11,2,0,0,0,1,0,0,0,1
"POINT (6.788217451000037 51.211014547000048)",Unfall 157191 (2021) Kat:3, Licht: 2,157191,3,3,5,12,18,6,1,2,1,1,0,0,0,0
"POINT (6.817542027000059 51.189132688000029)",Unfall 157192 (2021) Kat:2, Licht: 0,157192,2,3,5,7,13,6,0,0,0,0,0,0,0,1
"POINT (6.811905427000056 51.199859733000039)",Unfall 157193 (2021) Kat:3, Licht: 1,157193,3,3,5,9,5,4,0,1,1,1,0,0,0,0
"POINT (6.859137412000052 51.179162348000034)",Unfall 157194 (2021) Kat:3, Licht: 2,157194,3,2,4,2,22,6,0,2,0,1,0,0,0,0
"POINT (6.807693106000045 51.212583047000066)",Unfall 157195 (2021) Kat:3, Licht: 0,157195,3,3,5,9,12,3,0,0,1,1,0,0,0,0
"POINT (6.841324845000031 51.170554087000028)",Unfall 157197 (2021) Kat:3, Licht: 0,157197,3,6,4,6,7,4,0,0,1,0,0,0,0,0
"POINT (6.789664474000062 51.216772799000069)",Unfall 157198 (2021) Kat:3, Licht: 0,157198,3,6,0,9,18,5,0,0,1,1,1,0,0,0