WKT,Name,OBJECTID,UKATEGORIE,UTYP1,UART,UMONAT,USTUNDE,UWOCHENTAG,STRZUSTAND,ULICHTVERH,ISTRAD,ISTPKW,ISTFUSS,ISTKRAD,ISTGKFZ,ISTSONSTIG
"POINT (6.879573121000021 51.169731193000075)",Unfall 158790 (2021) Kat:3, Licht: 0,158790,3,1,2,9,12,2,0,0,0,1,0,0,0,0
"POINT (6.855445797000073 51.241648421000036)",Unfall 167840 (2021) Kat:2, Licht: 0,167840,2,7,0,8,18,7,0,0,0,0,0,1,0,0
"POINT (6.864731207000034 51.224161683000034)",Unfall 167856 (2021) Kat:3, Licht: 0,167856,3,7,6,8,11,5,0,0,0,1,1,0,0,0
"POINT (6.736300423000046 51.198026145000028)",Unfall 167861 (2021) Kat:3, Licht: 0,167861,3,3,5,7,19,5,0,0,1,0,0,0,0,0
"POINT (6.790182751000032 51.217918054000052)",Unfall 167864 (2021) Kat:3, Licht: 0,167864,3,7,0,7,6,6,0,0,1,0,0,0,0,0
"POINT (6.873001924000050 51.166641523000067)",Unfall 167870 (2021) Kat:3, Licht: 2,167870,3,7,8,8,4,1,0,2,0,1,1,0,0,0
"POINT (6.836601160000043 51.208798555000044)",Unfall 167873 (2021) Kat:3, Licht: 0,167873,3,3,3,7,8,7,0,0,1,1,0,0,0,0
"POINT (6.795737521000035 51.229393501000061)",Unfall 167878 (2021) Kat:3, Licht: 2,167878,3,7,0,8,23,6,1,2,0,0,0,0,0,1
"POINT (6.781390214000055 51.221490042000028)",Unfall 167886 (2021) Kat:3, Licht: 0,167886,3,7,1,4,12,5,0,0,0,1,1,0,0,0
"POINT (6.821433788000036 51.183877522000046)",Unfall 167893 (2021) Kat:3, Licht: 2,167893,3,2,4,7,22,5,0,2,0,1,0,0,0,0
"POINT (6.746364784000036 51.270526407000034)",Unfall 167895 (2021) Kat:3, Licht: 0,167895,3,2,5,8,14,3,0,0,0,1,0,0,0,1
"POINT (6.722408772000051 51.245802566000066)",Unfall 167901 (2021) Kat:3, Licht: 0,167901,3,2,4,8,16,3,0,0,1,1,0,0,0,0
"POINT (6.862598913000056 51.180292554000062)",Unfall 167906 (2021) Kat:2, Licht: 0,167906,2,2,5,8,17,3,0,0,1,1,0,0,0,0
"POINT (6.785100482000075 51.211089183000070)",Unfall 167909 (2021) Kat:3, Licht: 0,167909,3,6,1,8,19,1,0,0,0,1,0,1,0,0
"POINT (6.776840643000071 51.205249484000035)",Unfall 167918 (2021) Kat:3, Licht: 0,167918,3,3,5,8,15,1,0,0,1,1,0,0,0,0
"POINT (6.819817449000027 51.228847469000073)",Unfall 167925 (2021) Kat:3, Licht: 0,167925,3,7,6,5,14,6,0,0,0,0,1,1,0,0
"POINT (6.731058633000032 51.277088009000067)",Unfall 167932 (2021) Kat:3, Licht: 0,167932,3,2,4,8,16,4,0,0,1,1,0,0,0,0
"POINT (6.788060844000029 51.219448746000069)",Unfall 167934 (2021) Kat:3, Licht: 2,167934,3,6,4,8,3,1,1,2,0,1,0,0,0,0
"POINT (6.807388249000041 51.212539453000034)",Unfall 167945 (2021) Kat:3, Licht: 2,167945,3,5,1,8,23,5,0,2,1,1,0,0,0,0
"POINT (6.782543914000030 51.240246368000044)",Unfall 167946 (2021) Kat:3, Licht: 0,167946,3,7,0,4,17,2,0,0,0,0,1,0,0,1
"POINT (6.873694811000064 51.168280016000040)",Unfall 167953 (2021) Kat:3, Licht: 0,167953,3,6,3,5,16,6,0,0,0,1,0,0,0,1
"POINT (6.772001512000031 51.203392309000037)",Unfall 167956 (2021) Kat:3, Licht: 0,167956,3,6,2,6,14,4,0,0,0,1,0,0,0,1
"POINT (6.790361715000074 51.211106049000080)",Unfall 167960 (2021) Kat:3, Licht: 0,167960,3,3,5,7,14,4,1,0,0,1,0,0,0,0
"POINT (6.860552153000071 51.188227194000035)",Unfall 167991 (2021) Kat:3, Licht: 0,167991,3,6,1,7,15,2,0,0,0,1,0,0,0,1
"POINT (6.763292495000030 51.231202117000066)",Unfall 167995 (2021) Kat:3, Licht: 0,167995,3,2,5,4,13,6,0,0,1,1,0,0,0,0
"POINT (6.799459942000055 51.223559034000061)",Unfall 168010 (2021) Kat:3, Licht: 0,168010,3,2,5,8,19,1,0,0,1,1,0,0,0,0
"POINT (6.772047785000041 51.201620690000027)",Unfall 168015 (2021) Kat:2, Licht: 0,168015,2,2,5,8,14,6,0,0,1,1,0,0,0,0
"POINT (6.848591546000023 51.216920179000056)",Unfall 168018 (2021) Kat:3, Licht: 0,168018,3,7,0,6,10,3,0,0,0,0,0,0,0,1
"POINT (6.772339054000042 51.226039809000042)",Unfall 168022 (2021) Kat:2, Licht: 0,168022,2,6,6,8,16,7,0,0,0,0,1,0,0,1
"POINT (6.823565384000062 51.165828441000031)",Unfall 168023 (2021) Kat:3, Licht: 0,168023,3,1,0,4,11,2,0,0,1,0,0,0,0,1
"POINT (6.793235920000029 51.288176765000060)",Unfall 168029 (2021) Kat:3, Licht: 0,168029,3,3,5,8,14,6,0,0,0,1,0,0,0,1
"POINT (6.775413455000034 51.217353270000046)",Unfall 168031 (2021) Kat:2, Licht: 0,168031,2,1,0,8,18,7,0,0,1,0,0,0,0,0
"POINT (6.776798228000075 51.215648026000054)",Unfall 168040 (2021) Kat:3, Licht: 0,168040,3,6,3,8,15,7,0,0,0,1,0,0,0,0
"POINT (6.713534915000025 51.241584294000063)",Unfall 168041 (2021) Kat:2, Licht: 0,168041,2,4,6,8,18,4,0,0,0,1,1,0,0,0
"POINT (6.816204436000021 51.230606097000077)",Unfall 168049 (2021) Kat:3, Licht: 0,168049,3,5,1,5,8,2,0,0,1,1,0,0,0,0
"POINT (6.780623459000026 51.202428756000074)",Unfall 168053 (2021) Kat:2, Licht: 0,168053,2,3,5,3,10,2,0,0,1,1,0,0,0,0
"POINT (6.800896626000053 51.171902992000071)",Unfall 168086 (2021) Kat:3, Licht: 0,168086,3,2,4,7,19,4,0,0,1,0,0,0,0,0
"POINT (6.843645475000073 51.214320129000043)",Unfall 168089 (2021) Kat:3, Licht: 0,168089,3,7,0,8,8,4,0,0,1,0,0,0,0,1
"POINT (6.725706799000022 51.230135806000078)",Unfall 168096 (2021) Kat:3, Licht: 2,168096,3,1,8,8,0,6,0,2,0,1,0,0,0,0
"POINT (6.731759052000029 51.296935592000068)",Unfall 168102 (2021) Kat:3, Licht: 0,168102,3,7,4,8,10,2,0,0,1,1,0,0,0,0
"POINT (6.822525714000051 51.221644578000053)",Unfall 168104 (2021) Kat:3, Licht: 0,168104,3,2,5,8,17,2,0,0,0,1,0,1,0,0
"POINT (6.839434925000035 51.198198371000046)",Unfall 168109 (2021) Kat:3, Licht: 0,168109,3,3,0,6,11,4,0,0,0,1,0,0,0,1
"POINT (6.762971124000046 51.210802702000080)",Unfall 168113 (2021) Kat:3, Licht: 0,168113,3,1,7,4,12,1,0,0,1,0,0,0,0,0
"POINT (6.788059174000068 51.242699964000053)",Unfall 168114 (2021) Kat:3, Licht: 0,168114,3,3,5,4,15,6,0,0,1,1,0,0,0,0
"POINT (6.791006671000048 51.208335453000075)",Unfall 168123 (2021) Kat:3, Licht: 0,168123,3,2,3,7,9,7,0,0,1,1,0,0,0,0
"POINT (6.776738926000064 51.200907653000058)",Unfall 168135 (2021) Kat:3, Licht: 0,168135,3,6,0,8,13,6,0,0,0,1,0,0,0,1
"POINT (6.767342547000055 51.218503872000042)",Unfall 168138 (2021) Kat:3, Licht: 2,168138,3,1,0,8,0,7,0,2,0,0,0,0,0,1
"POINT (6.713268813000070 51.229246299000067)",Unfall 168145 (2021) Kat:3, Licht: 0,168145,3,5,8,8,17,4,0,0,0,1,0,0,0,0
"POINT (6.782668873000034 51.198379674000080)",Unfall 168150 (2021) Kat:3, Licht: 0,168150,3,7,0,7,10,7,0,0,1,0,0,0,0,1
"POINT (6.741950682000038 51.277559427000028)",Unfall 168154 (2021) Kat:3, Licht: 0,168154,3,2,5,7,8,6,0,0,1,1,0,0,0,0
"POINT (6.744082956000057 51.220445743000028)",Unfall 168156 (2021) Kat:3, Licht: 2,168156,3,1,9,8,1,3,1,2,0,1,0,0,0,0
"POINT (6.783365160000074 51.245044244000042)",Unfall 168157 (2021) Kat:3, Licht: 0,168157,3,3,5,8,10,2,1,0,1,0,0,0,0,1
"POINT (6.868603705000055 51.190135482000073)",Unfall 168163 (2021) Kat:3, Licht: 1,168163,3,1,9,8,19,2,1,1,0,0,0,0,1,0
"POINT (6.819357440000033 51.216368813000031)",Unfall 168166 (2021) Kat:3, Licht: 0,168166,3,6,4,7,17,5,0,0,1,0,0,0,0,1
"POINT (6.777076475000058 51.227512290000050)",Unfall 168183 (2021) Kat:3, Licht: 2,168183,3,7,8,8,1,7,0,2,1,0,0,0,0,0
"POINT (6.873185987000056 51.165183939000030)",Unfall 168184 (2021) Kat:3, Licht: 0,168184,3,6,4,8,10,2,0,0,0,1,0,0,0,1
"POINT (6.793847121000056 51.247056453000027)",Unfall 168193 (2021) Kat:3, Licht: 0,168193,3,2,5,7,9,5,0,0,0,1,0,0,1,0
"POINT (6.775366124000072 51.215642959000036)",Unfall 168202 (2021) Kat:3, Licht: 0,168202,3,2,3,8,20,6,0,0,0,1,0,1,0,0
"POINT (6.777777670000035 51.238671732000057)",Unfall 168203 (2021) Kat:3, Licht: 0,168203,3,3,5,5,16,5,0,0,1,0,0,0,0,0
"POINT (6.824203488000023 51.262142513000072)",Unfall 168212 (2021) Kat:3, Licht: 0,168212,3,5,1,6,7,2,0,0,1,1,0,0,0,0
"POINT (6.818992886000046 51.216642820000061)",Unfall 168214 (2021) Kat:3, Licht: 0,168214,3,6,2,7,14,5,0,0,0,1,0,0,0,0
"POINT (6.777043363000075 51.226011380000045)",Unfall 168231 (2021) Kat:3, Licht: 2,168231,3,7,0,6,1,4,0,2,0,0,1,0,0,1
"POINT (6.882367342000066 51.161221345000058)",Unfall 168232 (2021) Kat:3, Licht: 0,168232,3,7,0,8,15,4,0,0,1,1,0,0,0,0
"POINT (6.775265406000074 51.213162674000046)",Unfall 168248 (2021) Kat:2, Licht: 0,168248,2,6,5,8,10,3,0,0,0,1,0,0,0,0
"POINT (6.778518369000039 51.225555737000036)",Unfall 168256 (2021) Kat:3, Licht: 0,168256,3,4,6,8,12,2,0,0,1,0,1,0,0,0
"POINT (6.829940712000052 51.204477442000041)",Unfall 168260 (2021) Kat:2, Licht: 1,168260,2,5,1,1,8,6,1,1,1,0,0,0,0,1
"POINT (6.788825674000066 51.221887547000051)",Unfall 168264 (2021) Kat:3, Licht: 0,168264,3,3,5,8,18,5,0,0,1,1,0,0,0,0
"POINT (6.795551951000050 51.223561731000075)",Unfall 168276 (2021) Kat:3, Licht: 0,168276,3,1,0,5,11,5,0,0,1,0,0,0,0,0
"POINT (6.810911920000024 51.201177319000067)",Unfall 168281 (2021) Kat:3, Licht: 0,168281,3,2,3,8,14,2,0,0,0,0,0,0,1,1
"POINT (6.851740005000067 51.168968793000033)",Unfall 168290 (2021) Kat:3, Licht: 0,168290,3,2,5,4,7,4,0,0,1,1,0,0,0,0
"POINT (6.825231136000070 51.212171032000072)",Unfall 168293 (2021) Kat:3, Licht: 0,168293,3,1,0,7,16,6,0,0,0,1,0,0,0,1
"POINT (6.800829135000072 51.236314839000045)",Unfall 168294 (2021) Kat:3, Licht: 0,168294,3,6,3,4,17,3,1,0,0,1,0,0,0,1
"POINT (6.822335688000067 51.229514457000050)",Unfall 168300 (2021) Kat:2, Licht: 0,168300,2,4,6,7,10,4,0,0,0,1,1,0,0,0
"POINT (6.860371823000037 51.163726574000066)",Unfall 168301 (2021) Kat:3, Licht: 0,168301,3,2,3,5,17,5,0,0,1,0,0,0,0,1
"POINT (6.790060160000053 51.217345806000026)",Unfall 168309 (2021) Kat:3, Licht: 0,168309,3,3,0,6,9,2,0,0,1,0,0,0,0,1
"POINT (6.765828742000053 51.249093415000061)",Unfall 168310 (2021) Kat:3, Licht: 0,168310,3,2,5,8,15,3,0,0,0,1,0,0,0,1
"POINT (6.847483212000043 51.211397970000064)",Unfall 168332 (2021) Kat:3, Licht: 0,168332,3,1,0,6,17,6,0,0,0,0,0,0,0,1
"POINT (6.790218063000054 51.243078207000053)",Unfall 168333 (2021) Kat:3, Licht: 0,168333,3,2,5,6,9,5,0,0,1,1,0,0,0,0
"POINT (6.820138119000035 51.168983046000051)",Unfall 168339 (2021) Kat:2, Licht: 0,168339,2,1,0,7,14,2,0,0,0,1,0,0,0,0
"POINT (6.865788682000073 51.223819961000061)",Unfall 168349 (2021) Kat:3, Licht: 0,168349,3,7,1,7,13,5,0,0,1,1,0,0,0,0
"POINT (6.881684906000032 51.161626914000067)",Unfall 168350 (2021) Kat:3, Licht: 0,168350,3,3,5,6,16,5,0,0,1,1,0,0,0,0
"POINT (6.776961368000059 51.219809659000077)",Unfall 168358 (2021) Kat:3, Licht: 0,168358,3,6,2,8,16,2,0,0,0,1,0,0,0,0
"POINT (6.790822552000066 51.245132041000033)",Unfall 168359 (2021) Kat:3, Licht: 0,168359,3,3,5,7,12,7,0,0,1,1,0,0,0,0
"POINT (6.778729581000050 51.236152042000072)",Unfall 168370 (2021) Kat:3, Licht: 2,168370,3,1,0,7,3,1,0,2,0,0,0,0,0,1
"POINT (6.897507371000074 51.142709828000079)",Unfall 168374 (2021) Kat:2, Licht: 0,168374,2,4,0,8,17,2,0,0,0,1,1,0,0,0
"POINT (6.855531230000054 51.130953345000080)",Unfall 168383 (2021) Kat:3, Licht: 0,168383,3,1,6,8,15,7,0,0,0,1,1,0,0,0
"POINT (6.890057012000057 51.158741050000060)",Unfall 168388 (2021) Kat:3, Licht: 0,168388,3,7,4,6,14,6,0,0,0,0,0,0,1,1
"POINT (6.803804535000040 51.228443224000046)",Unfall 168400 (2021) Kat:3, Licht: 0,168400,3,7,0,7,19,3,0,0,0,0,1,0,0,1
"POINT (6.775422057000071 51.217573896000033)",Unfall 168408 (2021) Kat:3, Licht: 0,168408,3,6,4,6,16,4,0,0,1,0,0,1,0,0
"POINT (6.782976563000034 51.244458150000071)",Unfall 168409 (2021) Kat:3, Licht: 0,168409,3,2,4,6,14,6,0,0,1,1,0,0,0,0
"POINT (6.748592339000027 51.265807449000079)",Unfall 168415 (2021) Kat:2, Licht: 0,168415,2,7,0,8,10,6,0,0,0,1,0,0,0,1
"POINT (6.805531548000033 51.210589017000075)",Unfall 168417 (2021) Kat:3, Licht: 0,168417,3,1,0,7,16,7,0,0,0,0,0,0,0,1
"POINT (6.747509449000063 51.231790812000042)",Unfall 168418 (2021) Kat:3, Licht: 0,168418,3,4,6,7,14,5,0,0,0,0,1,0,0,1
"POINT (6.830828609000037 51.177057251000065)",Unfall 168425 (2021) Kat:3, Licht: 0,168425,3,3,5,8,16,4,0,0,1,1,0,0,0,0
"POINT (6.830657915000074 51.208126539000034)",Unfall 168427 (2021) Kat:3, Licht: 0,168427,3,2,6,8,17,2,0,0,0,0,1,0,0,1
"POINT (6.774457694000034 51.224726651000026)",Unfall 168431 (2021) Kat:3, Licht: 0,168431,3,1,0,7,15,3,0,0,1,0,0,0,0,0
"POINT (6.872676348000027 51.164087951000056)",Unfall 168432 (2021) Kat:3, Licht: 0,168432,3,6,6,8,13,6,0,0,1,0,1,0,0,0
"POINT (6.790144478000059 51.217319518000068)",Unfall 168441 (2021) Kat:3, Licht: 1,168441,3,3,0,7,21,5,0,1,0,1,0,0,0,1
"POINT (6.830834252000045 51.174114898000028)",Unfall 168447 (2021) Kat:3, Licht: 0,168447,3,2,5,6,14,3,0,0,1,1,0,0,0,0
"POINT (6.814069923000034 51.262710003000052)",Unfall 168448 (2021) Kat:3, Licht: 0,168448,3,5,1,8,13,6,0,0,1,1,0,0,0,0
"POINT (6.793046338000067 51.214860304000069)",Unfall 168450 (2021) Kat:3, Licht: 0,168450,3,1,3,5,15,5,0,0,1,1,0,0,0,0
"POINT (6.824005058000068 51.237969693000082)",Unfall 168451 (2021) Kat:3, Licht: 0,168451,3,4,6,8,18,2,0,0,0,1,1,0,0,0
"POINT (6.787401809000073 51.216716728000051)",Unfall 168454 (2021) Kat:3, Licht: 0,168454,3,5,1,8,19,3,0,0,0,1,0,0,0,1
"POINT (6.806862866000074 51.244015287000082)",Unfall 168455 (2021) Kat:3, Licht: 0,168455,3,6,2,8,14,6,1,0,1,1,0,0,0,0
"POINT (6.713117843000020 51.240605227000060)",Unfall 168464 (2021) Kat:3, Licht: 0,168464,3,1,8,7,12,5,0,0,0,0,0,0,0,1
"POINT (6.874425857000062 51.168593483000052)",Unfall 168471 (2021) Kat:3, Licht: 0,168471,3,7,1,7,18,7,0,0,1,0,0,0,0,0
"POINT (6.788266903000022 51.205862454000055)",Unfall 168473 (2021) Kat:3, Licht: 2,168473,3,2,6,8,0,7,0,2,0,1,1,0,0,0
"POINT (6.812111807000065 51.197676170000079)",Unfall 168482 (2021) Kat:3, Licht: 0,168482,3,6,3,6,17,5,0,0,0,1,0,0,0,0
"POINT (6.789909307000073 51.234885407000036)",Unfall 168487 (2021) Kat:3, Licht: 0,168487,3,4,6,6,13,2,0,0,1,0,1,0,0,0
"POINT (6.781698470000038 51.223029583000027)",Unfall 168500 (2021) Kat:3, Licht: 0,168500,3,7,0,7,18,5,0,0,0,0,0,0,0,1
"POINT (6.867292040000052 51.148987512000076)",Unfall 168506 (2021) Kat:3, Licht: 0,168506,3,7,4,8,11,6,1,0,1,1,0,0,0,0
"POINT (6.741705317000026 51.277882105000060)",Unfall 168507 (2021) Kat:3, Licht: 0,168507,3,3,5,7,10,5,0,0,0,1,0,1,0,0
"POINT (6.775576821000072 51.224459358000047)",Unfall 168514 (2021) Kat:3, Licht: 0,168514,3,3,5,1,14,4,1,0,1,0,0,0,0,0
"POINT (6.788089868000043 51.199267635000069)",Unfall 168527 (2021) Kat:3, Licht: 0,168527,3,2,6,1,11,3,1,0,0,1,1,0,0,0
"POINT (6.890906887000028 51.147309644000075)",Unfall 168529 (2021) Kat:3, Licht: 0,168529,3,3,5,8,18,3,0,0,0,1,0,0,0,0
"POINT (6.775591556000052 51.210722716000078)",Unfall 168532 (2021) Kat:3, Licht: 2,168532,3,6,2,8,4,7,0,2,0,1,0,0,0,0
"POINT (6.858844554000029 51.235360271000047)",Unfall 168533 (2021) Kat:3, Licht: 0,168533,3,1,0,8,15,2,1,0,0,1,0,1,0,0
"POINT (6.825746073000062 51.265252318000080)",Unfall 168539 (2021) Kat:3, Licht: 0,168539,3,6,3,1,12,6,0,0,1,1,0,0,0,0
"POINT (6.795737521000035 51.229393501000061)",Unfall 168548 (2021) Kat:3, Licht: 0,168548,3,2,5,4,18,5,0,0,0,1,0,0,0,1
"POINT (6.886223910000069 51.149113373000034)",Unfall 168553 (2021) Kat:3, Licht: 0,168553,3,6,2,8,13,3,0,0,0,1,0,1,0,0
"POINT (6.784849012000052 51.218920306000030)",Unfall 168557 (2021) Kat:3, Licht: 0,168557,3,2,3,8,15,7,0,0,0,1,0,0,0,1
"POINT (6.816195563000065 51.263007231000074)",Unfall 168565 (2021) Kat:3, Licht: 0,168565,3,1,1,6,21,6,0,0,0,1,0,0,0,1
"POINT (6.826538973000027 51.211157774000071)",Unfall 168567 (2021) Kat:2, Licht: 0,168567,2,3,0,6,12,3,0,0,1,1,0,0,0,0
"POINT (6.903107079000051 51.140855410000029)",Unfall 168572 (2021) Kat:3, Licht: 0,168572,3,3,5,7,13,3,0,0,0,1,0,1,0,0
"POINT (6.790571841000030 51.221209677000047)",Unfall 168574 (2021) Kat:3, Licht: 2,168574,3,6,1,8,22,1,1,2,1,1,0,0,0,0
"POINT (6.811851494000052 51.185851894000052)",Unfall 168581 (2021) Kat:3, Licht: 0,168581,3,6,2,7,19,5,1,0,1,1,0,0,0,0
"POINT (6.822070745000076 51.209751114000028)",Unfall 168584 (2021) Kat:3, Licht: 0,168584,3,2,4,7,8,2,0,0,1,0,0,0,0,1
"POINT (6.734899343000052 51.238025439000069)",Unfall 168585 (2021) Kat:3, Licht: 0,168585,3,3,5,8,14,6,0,0,1,1,0,0,0,0
"POINT (6.827616314000068 51.172278712000036)",Unfall 168590 (2021) Kat:3, Licht: 0,168590,3,1,0,8,10,2,0,0,0,0,0,0,0,1
"POINT (6.794037202000027 51.227584414000034)",Unfall 168600 (2021) Kat:3, Licht: 0,168600,3,7,6,8,14,6,0,0,0,1,1,0,0,0
"POINT (6.794718259000035 51.263122380000027)",Unfall 168616 (2021) Kat:3, Licht: 0,168616,3,3,5,6,12,3,0,0,0,1,0,1,0,0
"POINT (6.874171088000026 51.162078378000047)",Unfall 168634 (2021) Kat:3, Licht: 0,168634,3,7,0,8,13,3,1,0,0,0,0,1,0,1
"POINT (6.835271819000070 51.173367370000051)",Unfall 168637 (2021) Kat:3, Licht: 0,168637,3,6,3,7,13,6,0,0,1,1,0,0,0,0
"POINT (6.779287480000050 51.223037344000033)",Unfall 168646 (2021) Kat:3, Licht: 0,168646,3,2,5,8,16,3,1,0,1,1,0,0,0,0
"POINT (6.790255103000050 51.219402066000043)",Unfall 168655 (2021) Kat:3, Licht: 0,168655,3,7,6,5,15,5,0,0,0,0,1,0,0,1
"POINT (6.768720072000065 51.246007254000062)",Unfall 168656 (2021) Kat:3, Licht: 0,168656,3,3,5,3,14,3,0,0,1,1,0,0,0,0
"POINT (6.862598913000056 51.180292554000062)",Unfall 168661 (2021) Kat:2, Licht: 2,168661,2,3,5,8,22,4,0,2,0,1,0,0,0,0
"POINT (6.769506313000022 51.222207135000076)",Unfall 168672 (2021) Kat:3, Licht: 0,168672,3,5,1,2,17,6,0,0,1,1,0,0,0,0
"POINT (6.874455466000029 51.159389760000067)",Unfall 168673 (2021) Kat:3, Licht: 0,168673,3,1,8,8,15,7,0,0,0,0,0,1,0,0
"POINT (6.819312092000075 51.216732244000070)",Unfall 168680 (2021) Kat:3, Licht: 0,168680,3,1,0,7,15,3,0,0,0,0,0,1,0,0
"POINT (6.793856556000037 51.191829911000070)",Unfall 168685 (2021) Kat:3, Licht: 0,168685,3,4,6,8,16,4,0,0,1,0,1,0,0,0
"POINT (6.775676090000047 51.243297807000033)",Unfall 168690 (2021) Kat:3, Licht: 0,168690,3,3,5,8,7,2,0,0,1,1,0,0,0,0
"POINT (6.837682053000037 51.201415469000040)",Unfall 168698 (2021) Kat:3, Licht: 0,168698,3,4,6,6,13,3,0,0,0,1,1,0,0,0
"POINT (6.783721679000053 51.218882742000062)",Unfall 168701 (2021) Kat:3, Licht: 0,168701,3,7,6,6,13,7,0,0,0,0,1,0,0,1
"POINT (6.754577251000057 51.212340496000081)",Unfall 168710 (2021) Kat:3, Licht: 0,168710,3,7,5,7,21,3,0,0,0,1,0,1,0,0
"POINT (6.796428736000053 51.232388783000033)",Unfall 168711 (2021) Kat:3, Licht: 0,168711,3,2,5,7,19,3,1,0,0,1,0,1,0,0
"POINT (6.757506089000060 51.226253292000081)",Unfall 168717 (2021) Kat:3, Licht: 0,168717,3,7,0,7,14,3,0,0,1,1,0,0,0,0
"POINT (6.735987849000026 51.296133506000047)",Unfall 168725 (2021) Kat:3, Licht: 0,168725,3,3,5,8,13,3,0,0,1,1,0,0,0,0
"POINT (6.805985989000021 51.221125551000057)",Unfall 168727 (2021) Kat:3, Licht: 0,168727,3,6,5,8,15,2,0,0,1,0,0,0,0,0
"POINT (6.809162522000065 51.183526240000049)",Unfall 168733 (2021) Kat:3, Licht: 0,168733,3,3,5,7,9,6,0,0,1,1,0,0,0,0
"POINT (6.761449588000062 51.184536752000042)",Unfall 168734 (2021) Kat:3, Licht: 0,168734,3,1,1,8,13,1,0,0,1,1,0,0,0,0
"POINT (6.773941002000072 51.209819027000037)",Unfall 168737 (2021) Kat:3, Licht: 0,168737,3,7,2,6,17,4,0,0,1,1,0,0,0,0
"POINT (6.859014647000038 51.236415757000032)",Unfall 168738 (2021) Kat:3, Licht: 0,168738,3,7,0,8,12,3,0,0,0,0,0,0,0,1
"POINT (6.776137594000033 51.227841594000040)",Unfall 168753 (2021) Kat:3, Licht: 1,168753,3,1,0,8,4,1,1,1,0,0,0,0,0,1
"POINT (6.853449050000052 51.171661391000043)",Unfall 168758 (2021) Kat:3, Licht: 0,168758,3,6,2,8,19,2,1,0,0,1,0,0,0,1
"POINT (6.778451798000049 51.262893722000058)",Unfall 168759 (2021) Kat:2, Licht: 0,168759,2,3,5,8,13,5,0,0,1,1,0,0,0,0
"POINT (6.791298886000050 51.220072353000035)",Unfall 168778 (2021) Kat:3, Licht: 2,168778,3,3,5,8,3,1,0,2,1,1,0,0,0,0
"POINT (6.778417012000034 51.247612783000079)",Unfall 168779 (2021) Kat:3, Licht: 0,168779,3,6,2,8,10,3,0,0,1,1,0,0,0,0
"POINT (6.866093598000020 51.189606523000066)",Unfall 168785 (2021) Kat:2, Licht: 0,168785,2,1,9,7,17,1,0,0,0,0,0,1,0,0
"POINT (6.775342215000023 51.216225840000050)",Unfall 168788 (2021) Kat:3, Licht: 0,168788,3,5,1,8,16,3,1,0,1,1,0,0,0,0
"POINT (6.777399297000045 51.207768922000071)",Unfall 168798 (2021) Kat:3, Licht: 0,168798,3,3,5,4,11,6,0,0,0,0,0,0,0,1
"POINT (6.784788254000034 51.227015050000034)",Unfall 168806 (2021) Kat:3, Licht: 0,168806,3,4,6,8,13,3,0,0,0,0,1,0,0,1
"POINT (6.778794382000058 51.217403747000048)",Unfall 168815 (2021) Kat:3, Licht: 0,168815,3,2,6,8,8,3,0,0,0,1,1,0,0,0
"POINT (6.813791131000073 51.262671168000054)",Unfall 168835 (2021) Kat:3, Licht: 0,168835,3,2,4,6,14,4,0,0,0,1,0,0,0,1
"POINT (6.787341059000028 51.216338862000043)",Unfall 168837 (2021) Kat:3, Licht: 0,168837,3,5,1,6,17,2,0,0,1,1,0,0,0,0
"POINT (6.832133071000044 51.178053829000078)",Unfall 168846 (2021) Kat:3, Licht: 2,168846,3,1,0,8,22,3,0,2,0,0,0,0,0,1
"POINT (6.775574857000038 51.223071915000048)",Unfall 168854 (2021) Kat:3, Licht: 0,168854,3,2,5,7,20,6,0,0,0,1,0,1,0,0
"POINT (6.775441358000023 51.218489521000038)",Unfall 168862 (2021) Kat:2, Licht: 0,168862,2,2,3,8,13,3,0,0,0,1,0,1,0,0
"POINT (6.832403501000044 51.176718499000060)",Unfall 168868 (2021) Kat:3, Licht: 0,168868,3,3,5,5,12,6,0,0,0,1,0,1,0,0
"POINT (6.775219567000022 51.210706460000040)",Unfall 168871 (2021) Kat:3, Licht: 0,168871,3,2,5,7,9,7,0,0,0,1,0,0,0,0
"POINT (6.780713668000033 51.239470739000069)",Unfall 168872 (2021) Kat:3, Licht: 0,168872,3,4,6,8,18,2,0,0,0,1,1,0,0,0
"POINT (6.796158198000057 51.224930445000041)",Unfall 169940 (2021) Kat:3, Licht: 0,169940,3,1,5,7,12,2,0,0,0,0,0,1,0,1
"POINT (6.780170062000025 51.253958249000050)",Unfall 170043 (2021) Kat:3, Licht: 0,170043,3,2,5,8,15,7,0,0,0,1,0,0,0,0
"POINT (6.776701935000062 51.204288864000034)",Unfall 170054 (2021) Kat:3, Licht: 0,170054,3,7,4,8,16,3,0,0,0,1,0,0,0,0
"POINT (6.779866895000055 51.219015270000057)",Unfall 170139 (2021) Kat:3, Licht: 0,170139,3,6,2,8,10,2,0,0,0,1,0,0,0,0
"POINT (6.780135908000034 51.244752187000074)",Unfall 170171 (2021) Kat:3, Licht: 2,170171,3,2,0,8,20,2,0,2,1,0,0,0,0,1
"POINT (6.815846957000076 51.229506231000073)",Unfall 170221 (2021) Kat:3, Licht: 0,170221,3,3,0,8,15,3,0,0,0,0,0,1,0,1
"POINT (6.769470345000059 51.223877125000058)",Unfall 170224 (2021) Kat:3, Licht: 0,170224,3,6,4,8,18,7,0,0,1,0,0,0,0,1