WKT,Name,OBJECTID,UKATEGORIE,UTYP1,UART,UMONAT,USTUNDE,UWOCHENTAG,STRZUSTAND,ULICHTVERH,ISTRAD,ISTPKW,ISTFUSS,ISTKRAD,ISTGKFZ,ISTSONSTIG
"POINT (6.776683251000065 51.211582240000041)",Unfall 170250 (2021) Kat:3, Licht: 0,170250,3,6,3,8,16,3,1,0,1,1,0,0,0,0
"POINT (6.876463183000055 51.161136750000026)",Unfall 170262 (2021) Kat:3, Licht: 0,170262,3,6,3,8,15,4,0,0,0,1,0,0,0,1
"POINT (6.827514954000037 51.246298891000038)",Unfall 170354 (2021) Kat:3, Licht: 0,170354,3,2,2,7,14,5,0,0,0,1,0,0,0,0
"POINT (6.736711928000034 51.244248303000063)",Unfall 170375 (2021) Kat:3, Licht: 2,170375,3,7,0,8,1,6,0,2,0,1,0,1,0,0
"POINT (6.832862318000025 51.175198801000079)",Unfall 170378 (2021) Kat:2, Licht: 0,170378,2,1,0,4,19,5,0,0,1,0,0,0,0,0
"POINT (6.782648859000062 51.198343950000037)",Unfall 170401 (2021) Kat:3, Licht: 0,170401,3,3,2,8,13,2,0,0,1,1,0,0,0,0
"POINT (6.873470917000020 51.169859353000049)",Unfall 170451 (2021) Kat:3, Licht: 0,170451,3,1,0,8,15,2,1,0,0,0,0,1,0,1
"POINT (6.775405167000031 51.253492859000062)",Unfall 170476 (2021) Kat:3, Licht: 0,170476,3,2,5,8,17,5,0,0,0,1,0,0,0,0
"POINT (6.829109163000055 51.188933521000081)",Unfall 170499 (2021) Kat:3, Licht: 0,170499,3,7,8,7,15,1,0,0,1,0,0,0,0,0
"POINT (6.775278319000051 51.213948443000049)",Unfall 170523 (2021) Kat:3, Licht: 0,170523,3,2,3,8,18,1,0,0,0,1,0,0,0,0
"POINT (6.752102433000061 51.210510928000076)",Unfall 170557 (2021) Kat:3, Licht: 2,170557,3,1,8,4,3,6,0,2,0,1,0,0,0,0
"POINT (6.850747841000043 51.231895757000075)",Unfall 170602 (2021) Kat:3, Licht: 0,170602,3,3,4,8,9,3,0,0,1,1,0,0,0,0
"POINT (6.747477883000045 51.259202305000031)",Unfall 170628 (2021) Kat:3, Licht: 0,170628,3,7,0,8,19,7,0,0,0,1,1,0,0,0
"POINT (6.826413362000039 51.241324565000070)",Unfall 170642 (2021) Kat:3, Licht: 2,170642,3,1,9,8,4,1,0,2,0,1,0,0,0,0
"POINT (6.847635955000044 51.165777668000032)",Unfall 170723 (2021) Kat:3, Licht: 0,170723,3,7,0,8,20,2,1,0,0,0,0,1,0,0
"POINT (6.776845551000065 51.216986033000069)",Unfall 170794 (2021) Kat:3, Licht: 0,170794,3,5,1,7,16,4,0,0,1,0,0,0,0,1
"POINT (6.785564820000047 51.215343792000056)",Unfall 170816 (2021) Kat:3, Licht: 0,170816,3,6,2,8,17,4,0,0,0,1,0,0,0,1
"POINT (6.858510855000077 51.191605845000026)",Unfall 170839 (2021) Kat:2, Licht: 1,170839,2,4,6,8,20,1,1,1,0,1,1,0,0,0
"POINT (6.819100731000049 51.216434983000056)",Unfall 170842 (2021) Kat:3, Licht: 0,170842,3,2,5,8,16,2,1,0,1,1,0,0,0,0
"POINT (6.885139132000063 51.205496696000068)",Unfall 170868 (2021) Kat:3, Licht: 0,170868,3,2,6,8,15,3,0,0,0,1,1,0,0,0
"POINT (6.785636954000040 51.217939832000070)",Unfall 170880 (2021) Kat:3, Licht: 0,170880,3,3,5,7,9,4,0,0,1,1,0,0,0,0
"POINT (6.790134978000026 51.232401465000066)",Unfall 170891 (2021) Kat:3, Licht: 0,170891,3,7,1,6,8,3,0,0,1,1,0,0,0,0
"POINT (6.710822113000063 51.269521997000027)",Unfall 234113 (2021) Kat:3, Licht: 0,234113,3,7,0,6,10,1,0,0,1,0,0,0,0,1
"POINT (6.714438290000032 51.277182452000034)",Unfall 234114 (2021) Kat:3, Licht: 0,234114,3,1,0,6,12,4,0,0,1,0,0,0,0,0
"POINT (6.725211015000070 51.335078993000081)",Unfall 234119 (2021) Kat:2, Licht: 0,234119,2,7,0,7,14,7,0,0,1,0,1,0,0,0
"POINT (6.725623333000044 51.335363070000028)",Unfall 234120 (2021) Kat:3, Licht: 0,234120,3,5,3,5,16,1,0,0,1,1,0,0,0,0
"POINT (6.737700564000022 51.304585443000065)",Unfall 234124 (2021) Kat:3, Licht: 0,234124,3,2,5,2,9,1,0,0,1,0,0,0,0,0
"POINT (6.746400941000047 51.307829875000039)",Unfall 234126 (2021) Kat:2, Licht: 0,234126,2,6,3,9,8,5,0,0,1,0,0,0,0,0
"POINT (6.754254024000033 51.215328598000042)",Unfall 234127 (2021) Kat:3, Licht: 0,234127,3,7,0,12,15,2,1,0,1,0,0,0,0,0
"POINT (6.756648813000027 51.216197305000037)",Unfall 234130 (2021) Kat:2, Licht: 0,234130,2,1,0,6,14,4,0,0,1,0,0,0,0,0
"POINT (6.756978536000076 51.216328485000076)",Unfall 234131 (2021) Kat:2, Licht: 0,234131,2,1,0,10,8,6,0,0,1,0,0,0,0,0
"POINT (6.757119570000043 51.217764772000066)",Unfall 234132 (2021) Kat:3, Licht: 2,234132,3,1,0,4,22,6,0,2,1,0,0,0,0,0
"POINT (6.757447805000027 51.243431892000046)",Unfall 234133 (2021) Kat:3, Licht: 0,234133,3,7,0,10,12,1,0,0,1,0,1,0,0,0
"POINT (6.759151287000066 51.315417810000042)",Unfall 234134 (2021) Kat:3, Licht: 0,234134,3,4,6,9,12,6,0,0,1,0,1,0,0,0
"POINT (6.767097428000056 51.219274352000070)",Unfall 234135 (2021) Kat:3, Licht: 0,234135,3,7,0,3,12,3,0,0,1,0,0,0,0,0
"POINT (6.769083371000022 51.240532750000057)",Unfall 234136 (2021) Kat:2, Licht: 0,234136,2,6,6,3,14,6,0,0,1,0,1,0,0,0
"POINT (6.770038897000063 51.224742253000045)",Unfall 234137 (2021) Kat:2, Licht: 0,234137,2,7,0,9,7,2,0,0,1,0,0,0,0,0
"POINT (6.774954491000074 51.187417742000036)",Unfall 234141 (2021) Kat:2, Licht: 0,234141,2,7,0,7,12,7,0,0,1,0,0,0,0,0
"POINT (6.794913191000035 51.337859820000062)",Unfall 234147 (2021) Kat:3, Licht: 0,234147,3,7,6,11,16,1,0,0,1,0,1,0,0,0
"POINT (6.810615554000037 51.190133329000048)",Unfall 234153 (2021) Kat:3, Licht: 0,234153,3,6,0,6,15,7,0,0,1,0,0,0,0,0
"POINT (6.811458460000040 51.248609167000041)",Unfall 234154 (2021) Kat:3, Licht: 0,234154,3,6,4,6,8,3,0,0,1,0,0,0,0,1
"POINT (6.824566279000067 51.256586043000027)",Unfall 234160 (2021) Kat:3, Licht: 0,234160,3,1,7,4,13,7,0,0,1,0,0,0,0,0
"POINT (6.824731109000027 51.255785103000051)",Unfall 234161 (2021) Kat:2, Licht: 0,234161,2,4,6,6,15,6,0,0,1,0,1,0,0,0
"POINT (6.833817163000049 51.207188871000028)",Unfall 234164 (2021) Kat:3, Licht: 0,234164,3,1,0,6,15,3,0,0,1,0,0,0,0,0
"POINT (6.842411279000032 51.164113498000063)",Unfall 234170 (2021) Kat:3, Licht: 0,234170,3,6,0,6,17,6,0,0,1,0,1,0,0,0
"POINT (6.845928709000020 51.263713508000080)",Unfall 234173 (2021) Kat:2, Licht: 0,234173,2,7,0,1,15,1,0,0,1,0,0,0,0,0
"POINT (6.852243732000034 51.226761028000055)",Unfall 234174 (2021) Kat:3, Licht: 0,234174,3,5,1,5,13,1,0,0,1,1,0,0,0,0
"POINT (6.866195408000067 51.168102775000079)",Unfall 234180 (2021) Kat:3, Licht: 0,234180,3,3,5,3,15,4,0,0,1,0,0,0,0,0
"POINT (6.876984971000070 51.195138814000074)",Unfall 234189 (2021) Kat:3, Licht: 0,234189,3,7,0,7,10,6,0,0,1,0,0,0,0,1
"POINT (6.877504498000064 51.162215423000077)",Unfall 234190 (2021) Kat:3, Licht: 0,234190,3,3,5,6,18,2,0,0,1,1,0,0,0,0
"POINT (6.880406471000072 51.173933199000032)",Unfall 234191 (2021) Kat:3, Licht: 0,234191,3,3,5,9,19,3,0,0,1,1,0,0,0,0
"POINT (6.894531340000071 51.149502796000036)",Unfall 234203 (2021) Kat:2, Licht: 0,234203,2,1,0,10,11,5,1,0,1,0,0,0,0,0
"POINT (6.899799494000035 51.136483696000028)",Unfall 234851 (2021) Kat:2, Licht: 0,234851,2,3,5,8,18,3,0,0,1,0,0,0,0,0
"POINT (6.821004441000071 51.178979317000028)",Unfall 234861 (2021) Kat:3, Licht: 2,234861,3,7,7,7,0,7,0,2,1,0,0,0,0,0
"POINT (6.777141016000030 51.187655325000037)",Unfall 234863 (2021) Kat:3, Licht: 0,234863,3,7,5,8,13,3,0,0,1,0,0,0,0,0
"POINT (6.769946405000042 51.224585930000046)",Unfall 234870 (2021) Kat:3, Licht: 0,234870,3,3,5,8,17,6,0,0,1,0,0,0,0,1
"POINT (6.795594830000027 51.232248729000048)",Unfall 234871 (2021) Kat:3, Licht: 2,234871,3,7,7,7,23,7,0,2,1,0,0,0,0,1
"POINT (6.819270945000028 51.233536989000072)",Unfall 234872 (2021) Kat:3, Licht: 0,234872,3,3,5,8,15,2,0,0,1,0,0,0,0,0
"POINT (6.814902905000054 51.243427160000067)",Unfall 234875 (2021) Kat:3, Licht: 0,234875,3,3,5,8,15,7,0,0,1,1,0,0,0,0
"POINT (6.740654700000050 51.248172157000056)",Unfall 234877 (2021) Kat:2, Licht: 0,234877,2,6,0,4,17,5,0,0,1,0,0,0,0,1
"POINT (6.724212488000035 51.286495779000063)",Unfall 234882 (2021) Kat:3, Licht: 0,234882,3,6,3,8,17,7,0,0,1,0,0,0,0,0
"POINT (6.795630452000069 51.315398742000070)",Unfall 234888 (2021) Kat:3, Licht: 0,234888,3,6,2,8,14,3,0,0,1,0,0,0,0,1
"POINT (6.762025783000070 51.320349865000026)",Unfall 234889 (2021) Kat:3, Licht: 1,234889,3,1,0,8,21,3,0,1,1,0,0,0,0,0
"POINT (6.727197835000027 51.328963038000040)",Unfall 234891 (2021) Kat:2, Licht: 0,234891,2,1,9,8,11,5,0,0,1,0,0,0,0,0
"POINT (6.753170091000072 51.338514312000029)",Unfall 234896 (2021) Kat:3, Licht: 0,234896,3,2,0,6,13,1,0,0,1,1,0,0,0,0
"POINT (6.901465161000033 51.179620621000026)",Unfall 235000 (2021) Kat:3, Licht: 0,235000,3,1,8,7,13,1,0,0,1,0,0,0,0,0
"POINT (6.754460615000028 51.215403092000031)",Unfall 235001 (2021) Kat:3, Licht: 0,235001,3,1,0,8,19,2,1,0,1,0,0,0,0,0
"POINT (6.899857489000055 51.208356123000044)",Unfall 235018 (2021) Kat:2, Licht: 0,235018,2,7,0,7,12,5,0,0,1,0,0,0,0,0
"POINT (6.826698844000020 51.266506923000101)",Unfall 22133 (2022) Kat:3, Licht: 0,22133,3,1,1,01,08,5,2,0,1,1,0,0,0,0
"POINT (6.837828372000050 51.249685224000103)",Unfall 22415 (2022) Kat:3, Licht: 0,22415,3,4,6,01,13,5,1,0,0,1,1,0,0,0
"POINT (6.911240549000070 51.191933205000097)",Unfall 22592 (2022) Kat:3, Licht: 2,22592,3,6,3,01,02,7,0,2,0,1,0,0,0,0
"POINT (6.859723354000040 51.237114695000102)",Unfall 22977 (2022) Kat:2, Licht: 0,22977,2,7,0,01,15,5,1,0,0,0,0,0,0,1
"POINT (6.806874625000030 51.218941514999997)",Unfall 23109 (2022) Kat:3, Licht: 0,23109,3,3,5,01,14,5,0,0,0,1,0,0,0,0
"POINT (6.802126380000060 51.240675351999997)",Unfall 23167 (2022) Kat:2, Licht: 2,23167,2,4,6,01,17,3,1,2,0,1,1,0,0,0
"POINT (6.770502348000040 51.279312093000001)",Unfall 23320 (2022) Kat:3, Licht: 1,23320,3,6,0,01,17,1,1,1,0,1,0,0,0,1
"POINT (6.861342308000080 51.190107334000103)",Unfall 23534 (2022) Kat:2, Licht: 2,23534,2,6,8,01,18,1,1,2,0,1,0,0,0,0
"POINT (6.822272557000080 51.252823327000002)",Unfall 23843 (2022) Kat:3, Licht: 0,23843,3,7,9,01,15,4,1,0,0,1,0,0,0,0
"POINT (6.911240549000070 51.191933205000097)",Unfall 23851 (2022) Kat:3, Licht: 0,23851,3,6,2,01,14,1,1,0,0,1,0,0,0,1
"POINT (6.891599783000060 51.152823122000001)",Unfall 24069 (2022) Kat:3, Licht: 2,24069,3,1,9,01,00,7,0,2,0,1,0,0,0,0
"POINT (6.735681735000070 51.296143301000001)",Unfall 24075 (2022) Kat:3, Licht: 0,24075,3,4,6,01,11,2,0,0,0,1,1,0,0,0
"POINT (6.709035957000030 51.238419312000097)",Unfall 24265 (2022) Kat:3, Licht: 0,24265,3,2,5,01,13,7,0,0,1,1,0,0,0,0
"POINT (6.784264785000060 51.219781139000098)",Unfall 24395 (2022) Kat:3, Licht: 0,24395,3,2,6,01,11,3,1,0,0,1,1,0,0,0
"POINT (6.795662091000050 51.224455171000002)",Unfall 24696 (2022) Kat:3, Licht: 2,24696,3,6,1,01,20,2,1,2,0,1,0,0,0,0
"POINT (6.782785510000050 51.217445415000000)",Unfall 24705 (2022) Kat:3, Licht: 0,24705,3,3,5,01,15,5,0,0,0,1,0,0,0,0
"POINT (6.782113971000060 51.221480491000101)",Unfall 24727 (2022) Kat:3, Licht: 2,24727,3,4,6,01,18,7,1,2,0,1,1,0,0,0
"POINT (6.848125849000040 51.230266778999997)",Unfall 24735 (2022) Kat:3, Licht: 2,24735,3,3,4,01,17,6,1,2,1,1,0,0,0,0
"POINT (6.802887470000030 51.254226990000099)",Unfall 24744 (2022) Kat:3, Licht: 0,24744,3,6,2,01,12,3,1,0,0,1,0,0,0,0
"POINT (6.696437856000050 51.227946454000097)",Unfall 24766 (2022) Kat:3, Licht: 2,24766,3,1,0,01,17,6,1,2,1,0,0,0,0,1
"POINT (6.743179951000060 51.198620305000098)",Unfall 24818 (2022) Kat:3, Licht: 1,24818,3,6,2,01,16,3,1,1,0,1,0,0,0,0
"POINT (6.798457011000040 51.213045663999999)",Unfall 24824 (2022) Kat:3, Licht: 2,24824,3,6,2,01,17,2,0,2,0,1,0,0,0,0
"POINT (6.910978939000070 51.243625708000103)",Unfall 24833 (2022) Kat:3, Licht: 2,24833,3,6,0,01,18,5,0,2,0,1,0,0,0,0
"POINT (6.801330178000060 51.251528727000000)",Unfall 24906 (2022) Kat:3, Licht: 2,24906,3,2,6,01,21,1,1,2,0,1,1,0,0,0
"POINT (6.782779668000050 51.215601295000099)",Unfall 24984 (2022) Kat:3, Licht: 2,24984,3,2,5,01,03,7,0,2,0,1,0,1,0,0
"POINT (6.857749442000060 51.191199736999998)",Unfall 25032 (2022) Kat:3, Licht: 2,25032,3,7,8,01,00,6,1,2,0,1,0,0,0,0
"POINT (6.774655316000060 51.239993110999997)",Unfall 25052 (2022) Kat:2, Licht: 2,25052,2,3,5,01,17,4,1,2,0,1,0,0,0,0
"POINT (6.821332553000050 51.169416918000103)",Unfall 25057 (2022) Kat:3, Licht: 2,25057,3,6,8,01,00,3,1,2,0,1,0,0,0,0
"POINT (6.795828923000040 51.229719595000098)",Unfall 25061 (2022) Kat:3, Licht: 0,25061,3,3,5,01,09,5,0,0,0,1,0,0,0,0
"POINT (6.770567190000070 51.200001962000002)",Unfall 25117 (2022) Kat:3, Licht: 2,25117,3,2,6,01,06,6,0,2,0,1,1,0,0,0
"POINT (6.780928660000030 51.230566560000099)",Unfall 25118 (2022) Kat:3, Licht: 1,25118,3,2,5,01,16,2,0,1,1,1,0,0,0,0
"POINT (6.808865730000040 51.231879429000102)",Unfall 25186 (2022) Kat:3, Licht: 2,25186,3,2,5,01,07,6,1,2,0,1,1,0,0,0
"POINT (6.757204630000050 51.207004081000001)",Unfall 25197 (2022) Kat:3, Licht: 2,25197,3,3,5,01,17,5,0,2,1,1,0,0,0,0
"POINT (6.914110566000030 51.266315386000002)",Unfall 25226 (2022) Kat:2, Licht: 2,25226,2,6,0,01,16,6,1,2,0,1,0,0,0,0
"POINT (6.727429925000020 51.248912642999997)",Unfall 25233 (2022) Kat:2, Licht: 0,25233,2,3,5,01,12,6,0,0,1,1,0,0,0,0
"POINT (6.910761635000030 51.260566292000100)",Unfall 25242 (2022) Kat:3, Licht: 0,25242,3,3,5,01,14,7,0,0,1,1,0,0,0,0
"POINT (6.841238182000040 51.169629043999997)",Unfall 25301 (2022) Kat:3, Licht: 2,25301,3,6,2,01,08,2,2,2,0,1,0,0,0,0
"POINT (6.843625893000020 51.228121885000100)",Unfall 25314 (2022) Kat:3, Licht: 0,25314,3,3,5,01,08,2,1,0,0,1,0,0,0,0
"POINT (6.840070423000040 51.197741661000101)",Unfall 25332 (2022) Kat:2, Licht: 2,25332,2,2,5,01,19,6,1,2,0,1,0,0,0,0
"POINT (6.782904036000050 51.248482998000000)",Unfall 25333 (2022) Kat:3, Licht: 2,25333,3,4,6,01,17,2,1,2,0,1,1,0,0,0
"POINT (6.860178457000070 51.162247520999998)",Unfall 25367 (2022) Kat:3, Licht: 0,25367,3,2,5,01,12,1,0,0,1,1,0,0,0,0
"POINT (6.816374638000070 51.231169968000103)",Unfall 25430 (2022) Kat:3, Licht: 2,25430,3,2,5,01,20,4,0,2,1,1,0,0,0,0
"POINT (6.782204177000040 51.242452223999997)",Unfall 25470 (2022) Kat:3, Licht: 2,25470,3,7,0,01,23,4,1,2,1,1,0,0,0,0
"POINT (6.699345835000030 51.229260437000100)",Unfall 25475 (2022) Kat:3, Licht: 2,25475,3,4,6,01,17,3,0,2,0,1,1,0,0,0
"POINT (6.802411145000060 51.215650089000100)",Unfall 25484 (2022) Kat:3, Licht: 0,25484,3,7,3,01,13,6,1,0,1,0,0,0,0,0
"POINT (6.786507412000050 51.222765187999997)",Unfall 25494 (2022) Kat:3, Licht: 2,25494,3,3,5,01,17,5,1,2,0,1,0,0,0,1
"POINT (6.864447733000080 51.189914976000097)",Unfall 25537 (2022) Kat:3, Licht: 2,25537,3,6,2,01,18,5,1,2,0,1,0,0,0,0
"POINT (6.800753251000060 51.195938153999997)",Unfall 25590 (2022) Kat:3, Licht: 2,25590,3,3,5,01,19,2,1,2,0,1,0,0,0,1
"POINT (6.762211107000040 51.200746027000001)",Unfall 25615 (2022) Kat:2, Licht: 1,25615,2,2,6,01,16,4,0,1,0,1,1,0,0,0
"POINT (6.754269505000020 51.265632502000102)",Unfall 25671 (2022) Kat:3, Licht: 2,25671,3,1,9,01,04,6,1,2,0,1,0,0,0,0
"POINT (6.786507412000050 51.222765187999997)",Unfall 25685 (2022) Kat:3, Licht: 0,25685,3,1,0,01,14,5,0,0,0,0,1,0,0,1
"POINT (6.771984419000030 51.237873605000097)",Unfall 25737 (2022) Kat:3, Licht: 0,25737,3,5,0,01,12,1,1,0,0,1,0,0,0,1
"POINT (6.808747102000040 51.220923594000098)",Unfall 25783 (2022) Kat:3, Licht: 0,25783,3,6,2,01,10,4,0,0,0,1,0,0,0,0
"POINT (6.798702895000080 51.229938695999998)",Unfall 25787 (2022) Kat:3, Licht: 2,25787,3,1,0,01,18,2,1,2,1,0,0,0,0,0
"POINT (6.819896729000050 51.183494707000101)",Unfall 25791 (2022) Kat:3, Licht: 2,25791,3,7,1,01,00,1,1,2,0,1,0,1,0,0
"POINT (6.726486251000040 51.232877119000101)",Unfall 25794 (2022) Kat:2, Licht: 2,25794,2,4,6,01,07,6,0,2,0,0,1,0,0,1
"POINT (6.782544320000060 51.217380279000103)",Unfall 25809 (2022) Kat:3, Licht: 0,25809,3,3,5,01,11,2,0,0,0,1,0,0,0,1
"POINT (6.781797752000050 51.218954953999997)",Unfall 25979 (2022) Kat:3, Licht: 2,25979,3,6,3,01,01,7,0,2,1,1,0,0,0,0
"POINT (6.751522674000060 51.242499346000002)",Unfall 26015 (2022) Kat:2, Licht: 0,26015,2,6,2,01,14,2,0,0,0,1,0,0,0,0
"POINT (6.753670866000050 51.200837495000002)",Unfall 26023 (2022) Kat:3, Licht: 0,26023,3,2,5,02,13,7,0,0,1,1,0,0,0,0
"POINT (6.858484259000020 51.190199603000103)",Unfall 26132 (2022) Kat:3, Licht: 1,26132,3,6,2,01,17,1,0,1,0,1,0,0,0,0
"POINT (6.784594268000030 51.220232306000099)",Unfall 26174 (2022) Kat:3, Licht: 0,26174,3,1,1,02,07,6,1,0,1,1,0,0,0,0
"POINT (6.770912993000020 51.241243845000000)",Unfall 26188 (2022) Kat:2, Licht: 2,26188,2,1,8,02,19,6,1,2,0,1,0,0,0,0
"POINT (6.749537278000050 51.200062004000102)",Unfall 26288 (2022) Kat:3, Licht: 2,26288,3,6,9,02,04,5,0,2,0,1,0,0,0,0
"POINT (6.786034663000070 51.222155325000102)",Unfall 26295 (2022) Kat:3, Licht: 2,26295,3,2,5,01,22,7,1,2,0,1,0,0,0,0
"POINT (6.775171705000050 51.238710201000103)",Unfall 26299 (2022) Kat:3, Licht: 0,26299,3,6,1,02,14,3,1,0,0,1,0,0,0,0
"POINT (6.775929536000040 51.262682171999998)",Unfall 26307 (2022) Kat:3, Licht: 0,26307,3,2,5,02,14,2,0,0,0,1,0,0,0,0
"POINT (6.800911456000050 51.214708784000003)",Unfall 26309 (2022) Kat:3, Licht: 2,26309,3,2,5,02,18,5,1,2,1,1,0,0,0,0
"POINT (6.696063654000060 51.227714957000003)",Unfall 26340 (2022) Kat:3, Licht: 0,26340,3,1,0,02,16,7,0,0,1,1,0,0,0,0
"POINT (6.808747102000040 51.220923594000098)",Unfall 26345 (2022) Kat:3, Licht: 2,26345,3,4,6,02,20,1,1,2,0,1,1,0,0,0
"POINT (6.742402229000050 51.285313606000003)",Unfall 26375 (2022) Kat:2, Licht: 0,26375,2,6,2,02,11,6,0,0,0,1,0,0,1,1
"POINT (6.782456553000030 51.216254333999998)",Unfall 26456 (2022) Kat:2, Licht: 0,26456,2,2,0,02,13,1,1,0,0,1,0,0,0,0
"POINT (6.788192909000030 51.253833464000103)",Unfall 26461 (2022) Kat:2, Licht: 0,26461,2,6,3,02,07,3,1,0,1,0,0,0,0,0
"POINT (6.809679220000020 51.221370768000000)",Unfall 26502 (2022) Kat:3, Licht: 2,26502,3,1,8,01,02,7,0,2,1,1,0,0,0,0
"POINT (6.782500102000030 51.209808474000098)",Unfall 26532 (2022) Kat:3, Licht: 0,26532,3,1,8,02,03,1,1,0,0,1,0,0,0,1
"POINT (6.773862803000040 51.272010885000000)",Unfall 26554 (2022) Kat:3, Licht: 2,26554,3,2,5,02,20,5,0,2,1,1,0,0,0,0
"POINT (6.773093562000040 51.239599796000000)",Unfall 26665 (2022) Kat:3, Licht: 1,26665,3,2,5,01,06,5,0,1,0,1,0,0,0,0
"POINT (6.770553019000030 51.252566156999997)",Unfall 26671 (2022) Kat:3, Licht: 2,26671,3,6,1,02,19,3,1,2,0,1,0,0,0,0
"POINT (6.789295291000030 51.245442051000097)",Unfall 26676 (2022) Kat:3, Licht: 2,26676,3,5,1,02,20,6,0,2,1,1,0,0,0,1
"POINT (6.836195726000030 51.238285413000000)",Unfall 26688 (2022) Kat:3, Licht: 2,26688,3,6,8,01,05,5,0,2,0,1,0,0,0,1
"POINT (6.738966809000030 51.245667380999997)",Unfall 26690 (2022) Kat:2, Licht: 2,26690,2,6,2,01,19,7,0,2,0,1,0,0,0,0
"POINT (6.910946095000040 51.130881986000098)",Unfall 26727 (2022) Kat:3, Licht: 0,26727,3,6,3,01,08,5,0,0,0,1,0,0,1,0
"POINT (6.802741282000060 51.250866184000103)",Unfall 26781 (2022) Kat:3, Licht: 0,26781,3,6,3,02,13,2,0,0,0,1,0,0,0,0
"POINT (6.795430031000020 51.224695580000102)",Unfall 26813 (2022) Kat:3, Licht: 2,26813,3,6,6,01,21,1,0,2,0,1,1,0,0,0
"POINT (6.782776407000030 51.215559624000001)",Unfall 26822 (2022) Kat:2, Licht: 2,26822,2,2,6,02,22,5,1,2,0,1,1,0,0,0
"POINT (6.798927167000040 51.249175111000099)",Unfall 26829 (2022) Kat:3, Licht: 0,26829,3,6,3,01,15,7,1,0,0,1,0,0,0,1
"POINT (6.764943153000050 51.249887145000102)",Unfall 26830 (2022) Kat:3, Licht: 0,26830,3,4,0,02,08,6,1,0,0,1,1,0,0,0
"POINT (6.782420311000070 51.221481136000101)",Unfall 26883 (2022) Kat:2, Licht: 0,26883,2,3,5,01,15,6,0,0,0,1,0,0,0,1
"POINT (6.799914584000020 51.219889805000001)",Unfall 26922 (2022) Kat:3, Licht: 2,26922,3,6,2,01,20,6,0,2,0,1,0,0,0,0
"POINT (6.771674972000030 51.246854577000100)",Unfall 26944 (2022) Kat:3, Licht: 0,26944,3,6,2,02,08,2,0,0,0,1,0,1,0,0
"POINT (6.699356400000060 51.229274213000103)",Unfall 26957 (2022) Kat:3, Licht: 2,26957,3,4,6,02,18,6,1,2,0,1,1,0,0,0
"POINT (6.859717101000060 51.237116475000100)",Unfall 26969 (2022) Kat:3, Licht: 0,26969,3,4,6,02,15,5,1,0,1,0,1,0,0,0
"POINT (6.789883820000060 51.276842954000102)",Unfall 27033 (2022) Kat:3, Licht: 0,27033,3,3,5,02,14,6,0,0,0,1,0,0,0,1
"POINT (6.785112933000050 51.203238100000100)",Unfall 27046 (2022) Kat:2, Licht: 1,27046,2,2,2,01,15,5,1,1,0,1,0,0,1,0
"POINT (6.703066164000060 51.235670956000000)",Unfall 27053 (2022) Kat:3, Licht: 0,27053,3,6,2,01,11,6,0,0,0,1,0,0,0,0
"POINT (6.860629769000070 51.232794630999997)",Unfall 27063 (2022) Kat:3, Licht: 2,27063,3,2,4,01,19,7,1,2,0,1,0,0,0,1
"POINT (6.826355932000070 51.206069420000098)",Unfall 27109 (2022) Kat:3, Licht: 0,27109,3,6,2,02,16,6,1,0,0,1,0,0,0,0
"POINT (6.775399160000060 51.200769209000001)",Unfall 27120 (2022) Kat:3, Licht: 2,27120,3,3,5,01,07,2,1,2,0,1,0,0,0,0
"POINT (6.790909493000070 51.207633509000097)",Unfall 27121 (2022) Kat:3, Licht: 2,27121,3,6,3,02,20,3,0,2,0,1,0,0,1,0
"POINT (6.803834850000040 51.209878760000002)",Unfall 27123 (2022) Kat:2, Licht: 2,27123,2,4,6,01,17,5,1,2,0,1,1,0,0,0
"POINT (6.860188214000060 51.162053825999998)",Unfall 27130 (2022) Kat:3, Licht: 0,27130,3,6,2,01,10,6,1,0,0,1,0,0,0,1
"POINT (6.796034655000030 51.229588774000000)",Unfall 27438 (2022) Kat:3, Licht: 1,27438,3,6,2,01,08,2,1,1,0,1,0,0,0,0
"POINT (6.802036069000050 51.247299788000099)",Unfall 27538 (2022) Kat:3, Licht: 0,27538,3,6,2,02,11,7,0,0,0,1,0,0,0,0
"POINT (6.800582863000050 51.250816423000103)",Unfall 27545 (2022) Kat:3, Licht: 2,27545,3,2,0,02,19,6,1,2,1,1,0,0,0,0
"POINT (6.794993964000070 51.225147644000103)",Unfall 27547 (2022) Kat:2, Licht: 0,27547,2,7,3,03,15,2,0,0,0,1,0,0,0,1
"POINT (6.795314388000070 51.252724524000001)",Unfall 27549 (2022) Kat:2, Licht: 0,27549,2,3,5,03,13,6,0,0,1,1,0,0,0,0
"POINT (6.787215603000050 51.241890511000101)",Unfall 27574 (2022) Kat:2, Licht: 0,27574,2,6,3,03,13,4,0,0,0,1,0,1,0,0
"POINT (6.779523295000050 51.328823204000102)",Unfall 27604 (2022) Kat:3, Licht: 0,27604,3,3,5,02,16,3,0,0,0,1,0,0,0,0
"POINT (6.770684238000060 51.200163776000103)",Unfall 27683 (2022) Kat:3, Licht: 0,27683,3,2,5,03,16,6,0,0,1,1,0,0,0,0
"POINT (6.770388442000070 51.225575336000098)",Unfall 27747 (2022) Kat:3, Licht: 0,27747,3,6,3,02,09,3,0,0,0,1,0,0,1,0
"POINT (6.817300112000050 51.233948239000000)",Unfall 27771 (2022) Kat:3, Licht: 1,27771,3,2,5,02,17,5,1,1,0,1,0,0,0,1