WKT,Name,OBJECTID,UKATEGORIE,UTYP1,UART,UMONAT,USTUNDE,UWOCHENTAG,STRZUSTAND,ULICHTVERH,ISTRAD,ISTPKW,ISTFUSS,ISTKRAD,ISTGKFZ,ISTSONSTIG
"POINT (6.808005670000060 51.208834256999999)",Unfall 27825 (2022) Kat:3, Licht: 2,27825,3,2,3,03,21,3,0,2,0,1,0,0,0,1
"POINT (6.892149072000050 51.260768096000000)",Unfall 27848 (2022) Kat:3, Licht: 0,27848,3,2,5,03,16,3,0,0,1,1,0,0,0,0
"POINT (6.808005670000060 51.208834256999999)",Unfall 27856 (2022) Kat:3, Licht: 0,27856,3,2,4,03,08,5,0,0,0,1,0,0,0,0
"POINT (6.899588050000030 51.129560935000001)",Unfall 27878 (2022) Kat:2, Licht: 0,27878,2,2,4,03,14,7,0,0,0,1,0,1,0,0
"POINT (6.868193957000070 51.220114475000102)",Unfall 27887 (2022) Kat:3, Licht: 0,27887,3,6,3,03,11,2,0,0,0,1,0,1,0,0
"POINT (6.819620314000080 51.230766148999997)",Unfall 27907 (2022) Kat:3, Licht: 2,27907,3,2,5,02,19,3,1,2,0,1,0,0,0,0
"POINT (6.803806807000060 51.216443451000004)",Unfall 27962 (2022) Kat:3, Licht: 0,27962,3,6,0,03,10,6,0,0,0,1,0,1,0,0
"POINT (6.742743914000070 51.307044515000001)",Unfall 27973 (2022) Kat:3, Licht: 1,27973,3,3,5,02,17,3,0,1,1,1,0,0,0,0
"POINT (6.808203990000040 51.259753506999999)",Unfall 27975 (2022) Kat:3, Licht: 2,27975,3,1,0,02,21,4,0,2,1,0,0,0,0,0
"POINT (6.860178457000070 51.162247520999998)",Unfall 27976 (2022) Kat:3, Licht: 0,27976,3,1,0,02,15,1,0,0,0,0,0,1,0,0
"POINT (6.750156181000020 51.271254028999998)",Unfall 27985 (2022) Kat:3, Licht: 0,27985,3,6,2,03,15,7,0,0,0,1,0,1,0,0
"POINT (6.865669152000070 51.143982810000097)",Unfall 27990 (2022) Kat:2, Licht: 0,27990,2,6,2,02,15,2,0,0,0,1,0,1,0,0
"POINT (6.796458997000060 51.248126562000003)",Unfall 28001 (2022) Kat:3, Licht: 0,28001,3,2,5,02,09,5,1,0,0,0,0,0,0,1
"POINT (6.892661200000020 51.151556933000101)",Unfall 28006 (2022) Kat:2, Licht: 0,28006,2,6,2,02,08,2,1,0,0,1,0,0,0,0
"POINT (6.770734344000060 51.241633517000103)",Unfall 28019 (2022) Kat:3, Licht: 2,28019,3,2,1,03,18,4,0,2,0,1,0,1,0,0
"POINT (6.811383703000050 51.227185814999999)",Unfall 28067 (2022) Kat:3, Licht: 2,28067,3,2,2,02,19,7,1,2,0,1,0,0,0,0
"POINT (6.757204630000050 51.207004081000001)",Unfall 28123 (2022) Kat:2, Licht: 2,28123,2,3,5,03,19,6,0,2,1,1,0,0,0,0
"POINT (6.757225414000060 51.207807758999998)",Unfall 28148 (2022) Kat:3, Licht: 0,28148,3,3,5,02,13,2,0,0,1,1,0,0,0,0
"POINT (6.698447158000020 51.224798081000102)",Unfall 28242 (2022) Kat:3, Licht: 0,28242,3,7,0,03,11,6,0,0,0,1,0,0,0,0
"POINT (6.821884579000030 51.237712979999998)",Unfall 28245 (2022) Kat:3, Licht: 0,28245,3,7,3,02,08,4,1,0,0,1,0,0,0,1
"POINT (6.735996792000040 51.293278940000100)",Unfall 28253 (2022) Kat:3, Licht: 0,28253,3,3,5,02,07,3,0,0,0,1,0,1,0,0
"POINT (6.774275733000020 51.240130431000097)",Unfall 28255 (2022) Kat:2, Licht: 2,28255,2,4,6,02,06,4,0,2,0,1,1,0,0,0
"POINT (6.795944414000080 51.224144563999999)",Unfall 28287 (2022) Kat:3, Licht: 0,28287,3,6,5,03,16,3,0,0,0,1,0,0,0,1
"POINT (6.768565025000040 51.200187827000001)",Unfall 28370 (2022) Kat:3, Licht: 0,28370,3,6,1,03,17,3,0,0,0,1,0,0,0,1
"POINT (6.787876131000080 51.244507143000099)",Unfall 28446 (2022) Kat:3, Licht: 1,28446,3,6,2,02,16,2,1,1,0,1,0,0,0,1
"POINT (6.838357238000070 51.197730194000002)",Unfall 28463 (2022) Kat:3, Licht: 0,28463,3,6,0,03,10,6,0,0,0,0,0,0,0,1
"POINT (6.801891740000030 51.250124194000101)",Unfall 28560 (2022) Kat:3, Licht: 0,28560,3,6,3,02,17,2,0,0,0,1,0,0,0,1
"POINT (6.818291702000070 51.234624969999999)",Unfall 28581 (2022) Kat:3, Licht: 0,28581,3,6,3,02,11,5,0,0,0,1,0,0,0,1
"POINT (6.859256853000030 51.241968763000003)",Unfall 28596 (2022) Kat:3, Licht: 0,28596,3,7,0,03,12,6,0,0,0,0,0,0,0,1
"POINT (6.783571921000030 51.205097593000097)",Unfall 28730 (2022) Kat:3, Licht: 0,28730,3,2,6,02,13,7,0,0,0,1,1,0,0,0
"POINT (6.826036239000080 51.241932163999998)",Unfall 28749 (2022) Kat:3, Licht: 0,28749,3,7,0,03,17,6,0,0,0,1,0,0,0,0
"POINT (6.789716836000030 51.245577246000003)",Unfall 28833 (2022) Kat:2, Licht: 0,28833,2,6,3,03,16,1,0,0,1,0,0,0,0,1
"POINT (6.766988310000040 51.200491527000104)",Unfall 28863 (2022) Kat:2, Licht: 0,28863,2,3,5,03,12,6,0,0,1,1,0,0,0,0
"POINT (6.833828890000060 51.202680778000101)",Unfall 28915 (2022) Kat:3, Licht: 0,28915,3,6,2,02,14,5,1,0,0,1,0,1,0,0
"POINT (6.766764616000050 51.200508941000102)",Unfall 28965 (2022) Kat:3, Licht: 0,28965,3,6,2,02,13,4,0,0,0,1,0,0,1,0
"POINT (6.887048136000030 51.190390600000100)",Unfall 28974 (2022) Kat:3, Licht: 0,28974,3,6,2,03,13,7,0,0,0,1,0,0,0,0
"POINT (6.780724980000060 51.230918123000002)",Unfall 28980 (2022) Kat:3, Licht: 2,28980,3,2,6,02,18,7,0,2,0,1,1,0,0,0
"POINT (6.800699337000030 51.195757236000098)",Unfall 29043 (2022) Kat:3, Licht: 0,29043,3,2,5,03,08,6,0,0,0,1,0,0,0,0
"POINT (6.798859235000070 51.254109158000098)",Unfall 29060 (2022) Kat:3, Licht: 0,29060,3,6,3,03,15,6,0,0,0,1,0,0,1,0
"POINT (6.877317571000050 51.182480791000003)",Unfall 29102 (2022) Kat:3, Licht: 0,29102,3,6,0,03,09,5,0,0,0,1,0,0,0,0
"POINT (6.801631122000060 51.244774735000099)",Unfall 29145 (2022) Kat:3, Licht: 0,29145,3,6,1,03,07,6,0,0,0,1,0,0,0,0
"POINT (6.790616293000030 51.212720198000099)",Unfall 29154 (2022) Kat:2, Licht: 0,29154,2,4,6,03,12,3,0,0,0,1,1,0,0,0
"POINT (6.797251422000040 51.248478770000098)",Unfall 29208 (2022) Kat:3, Licht: 0,29208,3,1,0,03,11,3,0,0,1,0,0,0,0,0
"POINT (6.807971331000030 51.208841026000101)",Unfall 29217 (2022) Kat:3, Licht: 0,29217,3,2,0,03,10,5,0,0,0,1,0,0,0,1
"POINT (6.789401183000050 51.213349587000003)",Unfall 29228 (2022) Kat:3, Licht: 2,29228,3,6,3,02,19,3,0,2,1,1,0,0,0,0
"POINT (6.831455329000050 51.204965894000097)",Unfall 29308 (2022) Kat:3, Licht: 0,29308,3,1,9,03,12,4,0,0,0,1,0,0,0,0
"POINT (6.720119531000020 51.232290399000100)",Unfall 29325 (2022) Kat:3, Licht: 0,29325,3,6,2,03,15,6,0,0,0,1,0,0,0,0
"POINT (6.818186619000070 51.257993317999997)",Unfall 29330 (2022) Kat:3, Licht: 0,29330,3,4,6,03,13,6,0,0,0,1,1,0,0,0
"POINT (6.783122780000040 51.224141745000097)",Unfall 29336 (2022) Kat:3, Licht: 0,29336,3,6,2,02,16,3,0,0,1,1,0,0,0,0
"POINT (6.810439720000030 51.222755485000100)",Unfall 29359 (2022) Kat:3, Licht: 0,29359,3,3,5,02,11,4,0,0,0,0,0,1,0,1
"POINT (6.857055044000050 51.190225392999999)",Unfall 29388 (2022) Kat:3, Licht: 1,29388,3,6,2,03,07,6,0,1,0,1,0,0,0,1
"POINT (6.796961687000020 51.257134938000000)",Unfall 29441 (2022) Kat:2, Licht: 0,29441,2,7,3,02,17,2,0,0,0,1,0,0,1,0
"POINT (6.863778525000040 51.224352093999997)",Unfall 29513 (2022) Kat:3, Licht: 0,29513,3,7,2,02,13,2,0,0,0,1,0,1,0,0
"POINT (6.801765623000050 51.247149755000102)",Unfall 29550 (2022) Kat:3, Licht: 2,29550,3,1,2,03,19,3,0,2,0,1,0,0,0,0
"POINT (6.801860450000050 51.242064132000102)",Unfall 29573 (2022) Kat:3, Licht: 1,29573,3,6,3,03,19,5,0,1,0,1,0,0,0,0
"POINT (6.782420311000070 51.221481136000101)",Unfall 29758 (2022) Kat:3, Licht: 0,29758,3,2,5,03,13,3,0,0,0,1,0,0,0,0
"POINT (6.727282662000050 51.234224275000003)",Unfall 29766 (2022) Kat:3, Licht: 0,29766,3,1,0,02,07,6,1,0,1,0,0,0,0,0
"POINT (6.870949111000070 51.212370356000100)",Unfall 29854 (2022) Kat:3, Licht: 0,29854,3,6,2,03,16,4,0,0,0,1,0,0,0,0
"POINT (6.768679895000050 51.200177164000102)",Unfall 29862 (2022) Kat:3, Licht: 2,29862,3,7,6,03,22,5,0,2,0,1,1,0,0,0
"POINT (6.800788737000060 51.230498931000099)",Unfall 29901 (2022) Kat:2, Licht: 1,29901,2,6,3,03,07,2,1,1,0,1,0,1,0,0
"POINT (6.803408268000060 51.216201683000101)",Unfall 29932 (2022) Kat:2, Licht: 0,29932,2,3,5,03,15,1,0,0,1,1,0,0,0,0
"POINT (6.822021954000040 51.250825937000101)",Unfall 29977 (2022) Kat:3, Licht: 0,29977,3,2,5,03,12,4,0,0,1,1,0,0,0,0
"POINT (6.884373246000050 51.176989484000003)",Unfall 29997 (2022) Kat:3, Licht: 2,29997,3,1,9,03,00,1,0,2,0,1,0,0,0,0
"POINT (6.799854632000060 51.219952264000000)",Unfall 30035 (2022) Kat:2, Licht: 0,30035,2,2,4,03,11,6,0,0,0,1,0,1,0,0
"POINT (6.810431316000060 51.228833780000102)",Unfall 30050 (2022) Kat:3, Licht: 0,30050,3,3,0,03,09,2,0,0,0,1,0,0,0,1
"POINT (6.909570703000040 51.133327356000102)",Unfall 30101 (2022) Kat:3, Licht: 2,30101,3,2,5,03,20,1,0,2,1,1,0,0,0,0
"POINT (6.783360362000050 51.205499881000001)",Unfall 30144 (2022) Kat:3, Licht: 0,30144,3,3,5,03,15,4,0,0,1,1,0,0,0,0
"POINT (6.795100594000080 51.252766794000102)",Unfall 30218 (2022) Kat:3, Licht: 0,30218,3,6,2,03,15,5,0,0,0,1,0,0,0,0
"POINT (6.910657803000050 51.131294694000097)",Unfall 30294 (2022) Kat:2, Licht: 2,30294,2,7,8,03,00,3,0,2,0,1,0,0,0,0
"POINT (6.695276853000050 51.227416022000099)",Unfall 30322 (2022) Kat:3, Licht: 0,30322,3,3,5,03,17,7,0,0,1,1,0,0,0,0
"POINT (6.815505761000050 51.180576960000103)",Unfall 30357 (2022) Kat:3, Licht: 0,30357,3,3,0,03,16,6,0,0,1,1,0,0,0,0
"POINT (6.776557670000050 51.253495882999999)",Unfall 30389 (2022) Kat:3, Licht: 1,30389,3,3,5,03,08,2,0,1,1,1,0,0,0,0
"POINT (6.807228136000050 51.274611446999998)",Unfall 30451 (2022) Kat:3, Licht: 0,30451,3,2,5,03,15,5,0,0,0,1,0,0,0,0
"POINT (6.767081057000040 51.200313086000101)",Unfall 30458 (2022) Kat:3, Licht: 0,30458,3,2,5,03,15,7,0,0,0,1,0,0,0,1
"POINT (6.746381409000040 51.230749545000002)",Unfall 30501 (2022) Kat:3, Licht: 0,30501,3,6,3,03,17,3,0,0,0,1,0,1,0,0
"POINT (6.779891651000070 51.256803243000000)",Unfall 30512 (2022) Kat:3, Licht: 2,30512,3,7,0,03,05,2,1,2,0,0,0,1,0,0
"POINT (6.762941600000030 51.249112008000097)",Unfall 30549 (2022) Kat:3, Licht: 0,30549,3,6,3,03,13,6,0,0,0,1,0,0,1,0
"POINT (6.800911456000050 51.214708784000003)",Unfall 30581 (2022) Kat:3, Licht: 0,30581,3,2,5,03,14,6,0,0,0,1,0,0,0,1
"POINT (6.837879920000030 51.197655806999997)",Unfall 30611 (2022) Kat:3, Licht: 0,30611,3,6,2,03,08,2,1,0,0,1,0,0,0,0
"POINT (6.758409367000070 51.210313432000099)",Unfall 30692 (2022) Kat:3, Licht: 0,30692,3,6,3,03,15,2,0,0,0,1,0,0,1,0
"POINT (6.743679702000070 51.319756671999997)",Unfall 30787 (2022) Kat:3, Licht: 0,30787,3,7,8,03,09,4,0,0,0,1,0,0,0,0
"POINT (6.795092878000050 51.210520725999999)",Unfall 30801 (2022) Kat:3, Licht: 0,30801,3,6,3,03,13,4,0,0,0,1,0,0,0,0
"POINT (6.802149669000070 51.250401243000098)",Unfall 30819 (2022) Kat:3, Licht: 2,30819,3,2,5,03,05,2,1,2,1,1,0,0,0,0
"POINT (6.750154019000040 51.271258278000097)",Unfall 30855 (2022) Kat:2, Licht: 0,30855,2,6,2,03,13,4,0,0,0,1,0,1,0,0
"POINT (6.802174618000040 51.252873672000099)",Unfall 30870 (2022) Kat:3, Licht: 2,30870,3,1,0,03,04,3,0,2,0,0,0,0,0,1
"POINT (6.794340579000050 51.225830556000098)",Unfall 30884 (2022) Kat:3, Licht: 0,30884,3,5,1,03,16,6,0,0,1,1,0,0,0,0
"POINT (6.858563717000040 51.242861732000101)",Unfall 30922 (2022) Kat:3, Licht: 0,30922,3,2,0,03,13,6,0,0,0,1,0,1,0,0
"POINT (6.792652138000050 51.333050798999999)",Unfall 30924 (2022) Kat:3, Licht: 0,30924,3,3,5,03,17,3,0,0,1,1,0,0,0,0
"POINT (6.770479409000070 51.323177661000003)",Unfall 30980 (2022) Kat:3, Licht: 2,30980,3,3,5,03,19,3,0,2,1,1,0,0,0,0
"POINT (6.809318287000050 51.231123968000098)",Unfall 31059 (2022) Kat:3, Licht: 0,31059,3,2,3,03,17,3,0,0,1,0,0,0,0,0
"POINT (6.756311667000030 51.245247786999997)",Unfall 31103 (2022) Kat:2, Licht: 0,31103,2,5,0,04,17,1,0,0,1,0,0,0,0,0
"POINT (6.764943153000050 51.249887145000102)",Unfall 31117 (2022) Kat:3, Licht: 1,31117,3,4,6,04,08,6,0,1,0,1,1,0,0,0
"POINT (6.807066740000040 51.219227072000102)",Unfall 31156 (2022) Kat:2, Licht: 2,31156,2,7,0,03,23,1,0,2,1,1,0,1,0,0
"POINT (6.736066985000040 51.293096028000001)",Unfall 31167 (2022) Kat:3, Licht: 0,31167,3,7,0,03,15,4,0,0,0,0,0,0,0,1
"POINT (6.861258355000070 51.234472717000102)",Unfall 31171 (2022) Kat:3, Licht: 0,31171,3,2,4,04,16,3,0,0,0,1,0,0,0,1
"POINT (6.796599414000070 51.258555482000098)",Unfall 31175 (2022) Kat:3, Licht: 2,31175,3,2,3,03,05,5,1,2,1,1,0,0,0,0
"POINT (6.775122859000020 51.272220602000097)",Unfall 31206 (2022) Kat:3, Licht: 0,31206,3,1,0,04,16,2,1,0,1,0,0,0,0,0
"POINT (6.761460258000060 51.260813335000101)",Unfall 31233 (2022) Kat:3, Licht: 0,31233,3,6,2,04,18,3,1,0,0,1,0,0,0,0
"POINT (6.806874625000030 51.218941514999997)",Unfall 31242 (2022) Kat:3, Licht: 0,31242,3,2,5,04,14,5,0,0,1,1,0,0,0,0
"POINT (6.830075599000050 51.241676124999998)",Unfall 31247 (2022) Kat:3, Licht: 2,31247,3,1,0,03,23,5,1,2,0,1,0,0,0,0
"POINT (6.774655316000060 51.239993110999997)",Unfall 31270 (2022) Kat:2, Licht: 0,31270,2,1,0,03,13,7,0,0,0,0,0,1,0,0
"POINT (6.782446181000070 51.217061745000102)",Unfall 31299 (2022) Kat:3, Licht: 1,31299,3,6,2,04,07,6,1,1,0,1,0,0,0,0
"POINT (6.737482179000040 51.231308113000097)",Unfall 31315 (2022) Kat:3, Licht: 0,31315,3,2,5,03,09,4,0,0,0,1,0,0,0,0
"POINT (6.819191666000050 51.183324397000000)",Unfall 31324 (2022) Kat:2, Licht: 0,31324,2,7,5,03,09,3,0,0,0,1,0,1,0,0
"POINT (6.909546603000020 51.195305400000102)",Unfall 31357 (2022) Kat:3, Licht: 0,31357,3,6,2,04,13,5,1,0,0,1,0,0,0,0
"POINT (6.826851527000030 51.241862982000001)",Unfall 31371 (2022) Kat:3, Licht: 0,31371,3,3,5,03,16,4,0,0,0,1,0,1,0,0
"POINT (6.847766197000060 51.165799833999998)",Unfall 31380 (2022) Kat:2, Licht: 0,31380,2,3,5,03,17,3,0,0,1,0,0,0,0,1
"POINT (6.800699337000030 51.195757236000098)",Unfall 31389 (2022) Kat:2, Licht: 0,31389,2,3,5,03,17,7,0,0,0,1,0,0,0,0
"POINT (6.763594932000050 51.294825080000102)",Unfall 31465 (2022) Kat:3, Licht: 0,31465,3,7,8,04,09,7,0,0,0,1,0,0,0,0
"POINT (6.698938710000050 51.228728126000100)",Unfall 31487 (2022) Kat:3, Licht: 0,31487,3,6,2,04,14,4,0,0,0,1,0,0,0,0
"POINT (6.809331195000030 51.176033343000000)",Unfall 31489 (2022) Kat:3, Licht: 0,31489,3,6,2,04,14,4,0,0,0,1,0,0,1,0
"POINT (6.795833240000040 51.211087122000002)",Unfall 31491 (2022) Kat:3, Licht: 2,31491,3,2,6,03,22,4,0,2,0,1,1,0,0,0
"POINT (6.792074397000020 51.228130582000098)",Unfall 31504 (2022) Kat:3, Licht: 0,31504,3,1,0,04,10,3,1,0,0,0,0,1,0,0
"POINT (6.826912491000030 51.206099938000101)",Unfall 31506 (2022) Kat:3, Licht: 0,31506,3,6,2,04,13,7,0,0,0,1,0,0,0,0
"POINT (6.799093474000070 51.220757231000100)",Unfall 31515 (2022) Kat:3, Licht: 0,31515,3,3,5,04,14,6,0,0,0,1,0,0,0,1
"POINT (6.822516270000050 51.238335900999999)",Unfall 31592 (2022) Kat:2, Licht: 2,31592,2,3,5,04,05,7,1,2,0,1,0,0,0,0
"POINT (6.744847051000020 51.237279548000103)",Unfall 31626 (2022) Kat:2, Licht: 0,31626,2,2,5,04,10,2,0,0,1,1,0,0,0,0
"POINT (6.835681840000060 51.200943483000103)",Unfall 31744 (2022) Kat:3, Licht: 1,31744,3,2,2,04,20,2,0,1,0,1,0,0,0,0
"POINT (6.749327094000020 51.241489778000101)",Unfall 31746 (2022) Kat:2, Licht: 0,31746,2,1,8,04,17,3,1,0,0,1,0,0,0,0
"POINT (6.787256941000070 51.276705310000096)",Unfall 31749 (2022) Kat:3, Licht: 0,31749,3,4,6,03,08,2,0,0,0,1,1,0,0,0
"POINT (6.846164462000050 51.199500436000100)",Unfall 31759 (2022) Kat:3, Licht: 0,31759,3,2,6,03,13,5,1,0,0,1,1,0,0,0
"POINT (6.859846416000040 51.209317577000000)",Unfall 31764 (2022) Kat:3, Licht: 0,31764,3,7,4,04,18,1,0,0,0,1,0,0,0,0
"POINT (6.787068746000050 51.230827060000102)",Unfall 31783 (2022) Kat:3, Licht: 0,31783,3,2,2,03,15,7,0,0,0,1,0,0,0,0
"POINT (6.771830852000050 51.236623909000102)",Unfall 31789 (2022) Kat:3, Licht: 0,31789,3,3,5,04,15,1,0,0,0,1,0,1,0,0
"POINT (6.772125964000050 51.243469607000101)",Unfall 31797 (2022) Kat:3, Licht: 0,31797,3,3,5,03,08,3,0,0,1,1,0,0,0,0
"POINT (6.780052022000060 51.241800081000100)",Unfall 31799 (2022) Kat:3, Licht: 0,31799,3,4,6,04,13,6,0,0,0,1,1,0,0,0
"POINT (6.784292027000050 51.216325351000101)",Unfall 31879 (2022) Kat:3, Licht: 0,31879,3,6,2,03,10,2,0,0,0,1,0,0,0,0
"POINT (6.773906984000060 51.272580324000003)",Unfall 31883 (2022) Kat:3, Licht: 0,31883,3,5,3,03,17,4,0,0,1,1,0,0,0,0
"POINT (6.909546603000020 51.195305400000102)",Unfall 31897 (2022) Kat:3, Licht: 1,31897,3,3,5,04,06,3,1,1,0,1,0,0,0,0
"POINT (6.800595939000060 51.230354521999999)",Unfall 31917 (2022) Kat:3, Licht: 0,31917,3,4,6,04,14,1,0,0,1,0,1,0,0,0
"POINT (6.816305308000040 51.259754311999998)",Unfall 31941 (2022) Kat:3, Licht: 0,31941,3,6,4,03,19,2,0,0,0,1,0,0,0,0
"POINT (6.826557297000020 51.266389293000003)",Unfall 32030 (2022) Kat:3, Licht: 0,32030,3,6,0,04,18,1,0,0,1,0,0,0,0,1
"POINT (6.862333551000060 51.211605212999999)",Unfall 32052 (2022) Kat:3, Licht: 0,32052,3,6,2,03,14,7,0,0,0,1,0,1,0,0
"POINT (6.859043248000030 51.242242421000100)",Unfall 32065 (2022) Kat:3, Licht: 0,32065,3,7,2,04,13,2,0,0,1,1,0,0,0,0
"POINT (6.843970984000070 51.189817617000102)",Unfall 32094 (2022) Kat:2, Licht: 0,32094,2,7,6,04,14,4,0,0,0,0,1,0,0,1
"POINT (6.808395253000070 51.220369498000103)",Unfall 32100 (2022) Kat:3, Licht: 0,32100,3,6,4,04,14,3,0,0,1,1,0,0,0,0
"POINT (6.760345678000020 51.231668857000003)",Unfall 32152 (2022) Kat:3, Licht: 0,32152,3,7,0,03,14,4,0,0,1,0,1,0,0,0
"POINT (6.784876182000060 51.220615238000100)",Unfall 32279 (2022) Kat:3, Licht: 0,32279,3,3,5,04,14,3,1,0,0,1,0,0,0,0
"POINT (6.789641874000040 51.200053515000000)",Unfall 32291 (2022) Kat:3, Licht: 0,32291,3,6,2,04,10,2,0,0,0,1,0,0,0,0
"POINT (6.776650730000030 51.237058521999998)",Unfall 32297 (2022) Kat:3, Licht: 0,32297,3,3,5,04,20,4,1,0,0,1,0,0,0,0
"POINT (6.801990210000040 51.241399131999998)",Unfall 32330 (2022) Kat:3, Licht: 0,32330,3,7,0,03,14,7,0,0,1,0,0,0,0,0
"POINT (6.806874625000030 51.218941514999997)",Unfall 32369 (2022) Kat:3, Licht: 0,32369,3,3,5,04,13,2,0,0,1,1,0,0,0,0
"POINT (6.744367582000050 51.239473405000098)",Unfall 32376 (2022) Kat:2, Licht: 0,32376,2,2,5,04,10,4,0,0,0,1,0,0,0,0
"POINT (6.802943212000060 51.293547008000097)",Unfall 32393 (2022) Kat:3, Licht: 0,32393,3,1,2,04,11,7,0,0,0,1,0,0,0,0
"POINT (6.833490889000070 51.240517142999998)",Unfall 32443 (2022) Kat:3, Licht: 0,32443,3,6,2,04,13,6,0,0,0,1,0,1,0,0
"POINT (6.756154573000060 51.201005731000102)",Unfall 32449 (2022) Kat:3, Licht: 0,32449,3,3,5,03,16,7,0,0,0,1,0,0,0,0
"POINT (6.795753771000020 51.247826881999998)",Unfall 32526 (2022) Kat:2, Licht: 1,32526,2,2,5,04,06,3,1,1,1,1,0,0,0,0
"POINT (6.886243923000050 51.176328110999997)",Unfall 32571 (2022) Kat:3, Licht: 0,32571,3,7,6,04,12,5,0,0,0,1,1,0,0,0
"POINT (6.791346733000070 51.253427242000001)",Unfall 32576 (2022) Kat:3, Licht: 0,32576,3,2,5,03,12,5,1,0,0,0,0,0,0,1
"POINT (6.798645341000050 51.221223914000099)",Unfall 32598 (2022) Kat:3, Licht: 0,32598,3,2,5,04,16,7,0,0,0,1,0,1,0,0
"POINT (6.764336781000050 51.271456481000001)",Unfall 32605 (2022) Kat:3, Licht: 0,32605,3,6,3,03,07,2,0,0,0,1,0,0,1,0
"POINT (6.774785578000040 51.272177359000104)",Unfall 32609 (2022) Kat:3, Licht: 0,32609,3,3,5,04,18,2,1,0,1,1,0,0,0,0
"POINT (6.771922565000070 51.243381968000101)",Unfall 32625 (2022) Kat:3, Licht: 2,32625,3,3,5,04,22,5,1,2,0,1,0,0,0,0
"POINT (6.786835805000070 51.243988569000102)",Unfall 32711 (2022) Kat:3, Licht: 0,32711,3,2,5,04,14,3,0,0,0,1,0,1,0,0
"POINT (6.745825453000070 51.235959444999999)",Unfall 32734 (2022) Kat:3, Licht: 0,32734,3,6,2,04,16,3,0,0,0,1,0,0,0,0
"POINT (6.781631372000050 51.251174538999997)",Unfall 32743 (2022) Kat:3, Licht: 0,32743,3,4,6,04,09,3,0,0,0,1,1,0,0,0
"POINT (6.777063686000080 51.229740425999999)",Unfall 32789 (2022) Kat:3, Licht: 0,32789,3,6,3,04,16,1,0,0,1,1,0,0,0,0
"POINT (6.752732236000040 51.231439626000103)",Unfall 32793 (2022) Kat:3, Licht: 0,32793,3,7,0,04,12,6,0,0,1,1,0,0,0,0
"POINT (6.811770488000040 51.232611093999999)",Unfall 32814 (2022) Kat:3, Licht: 0,32814,3,6,3,05,11,2,0,0,1,0,0,0,0,0
"POINT (6.771142989000050 51.253131453999998)",Unfall 32853 (2022) Kat:2, Licht: 0,32853,2,3,5,04,17,2,1,0,1,1,0,0,0,0
"POINT (6.787103357000030 51.223549578000103)",Unfall 32868 (2022) Kat:2, Licht: 0,32868,2,2,5,05,09,4,0,0,0,1,0,1,0,0
"POINT (6.811517392000040 51.225264872000103)",Unfall 32873 (2022) Kat:3, Licht: 2,32873,3,2,5,05,23,3,0,2,0,1,0,0,0,0
"POINT (6.824344630000040 51.190850679000100)",Unfall 32897 (2022) Kat:3, Licht: 0,32897,3,6,8,04,17,4,0,0,0,0,0,1,0,0
"POINT (6.787577907000070 51.224091919999999)",Unfall 32959 (2022) Kat:3, Licht: 0,32959,3,2,3,05,10,5,0,0,1,1,0,0,0,0
"POINT (6.746945112000050 51.231701636000103)",Unfall 32961 (2022) Kat:2, Licht: 1,32961,2,1,8,04,05,7,0,1,0,1,0,0,0,0
"POINT (6.796491113000060 51.259494365000101)",Unfall 32970 (2022) Kat:3, Licht: 0,32970,3,6,2,05,15,2,0,0,0,1,0,0,0,1
"POINT (6.701078506000040 51.231519814000102)",Unfall 32984 (2022) Kat:3, Licht: 2,32984,3,6,1,04,01,2,0,2,0,1,0,0,0,0
"POINT (6.787584388000030 51.242738222000099)",Unfall 33067 (2022) Kat:3, Licht: 0,33067,3,2,5,04,12,5,0,0,0,1,0,0,0,0
"POINT (6.758236300000020 51.209451279000099)",Unfall 33075 (2022) Kat:3, Licht: 1,33075,3,7,0,05,21,2,0,1,1,0,0,0,0,0
"POINT (6.823112516000040 51.263969072000101)",Unfall 33142 (2022) Kat:3, Licht: 0,33142,3,7,0,05,16,5,0,0,1,0,0,0,0,0
"POINT (6.782502339000080 51.223025759999999)",Unfall 33176 (2022) Kat:3, Licht: 0,33176,3,6,0,04,16,3,0,0,0,0,0,0,0,1
"POINT (6.762211107000040 51.200746027000001)",Unfall 33217 (2022) Kat:3, Licht: 0,33217,3,3,5,04,08,3,1,0,1,1,0,0,0,0
"POINT (6.800911456000050 51.214708784000003)",Unfall 33266 (2022) Kat:3, Licht: 2,33266,3,6,4,04,22,4,0,2,1,0,0,0,0,0
"POINT (6.755596689000070 51.264957908000000)",Unfall 33279 (2022) Kat:3, Licht: 0,33279,3,6,2,04,15,2,0,0,0,1,0,0,0,0
"POINT (6.798669816000030 51.249321260000002)",Unfall 33312 (2022) Kat:3, Licht: 0,33312,3,3,5,05,18,4,0,0,1,1,0,0,0,0
"POINT (6.750458293000070 51.231428282000103)",Unfall 33346 (2022) Kat:3, Licht: 0,33346,3,2,3,05,14,3,0,0,1,1,0,0,0,0
"POINT (6.775095805000030 51.253631998000102)",Unfall 33348 (2022) Kat:3, Licht: 2,33348,3,1,0,05,02,1,0,2,1,0,0,0,0,0
"POINT (6.803441893000070 51.216166972000103)",Unfall 33399 (2022) Kat:3, Licht: 0,33399,3,3,5,05,07,3,0,0,1,1,0,0,0,0
"POINT (6.771227472000020 51.230362705000097)",Unfall 33404 (2022) Kat:2, Licht: 2,33404,2,1,0,04,16,7,0,2,0,0,0,1,0,0