WKT,Name,OBJECTID,UKATEGORIE,UTYP1,UART,UMONAT,USTUNDE,UWOCHENTAG,STRZUSTAND,ULICHTVERH,ISTRAD,ISTPKW,ISTFUSS,ISTKRAD,ISTGKFZ,ISTSONSTIG
"POINT (6.849871800000070 51.164611889000099)",Unfall 38828 (2022) Kat:3, Licht: 0,38828,3,6,2,06,15,6,0,0,0,1,0,0,0,0
"POINT (6.812113873000040 51.192956750000100)",Unfall 38847 (2022) Kat:2, Licht: 0,38847,2,6,3,06,16,1,0,0,0,1,0,0,0,0
"POINT (6.791907062000060 51.228277530000099)",Unfall 38863 (2022) Kat:3, Licht: 0,38863,3,1,0,06,21,6,0,0,1,0,0,0,0,0
"POINT (6.859641708000030 51.224094454000102)",Unfall 38884 (2022) Kat:2, Licht: 0,38884,2,2,6,06,17,3,1,0,0,1,1,0,0,0
"POINT (6.835608593000070 51.201013070000002)",Unfall 38969 (2022) Kat:3, Licht: 0,38969,3,7,0,06,21,5,0,0,1,0,0,0,0,0
"POINT (6.771580615000060 51.231255664000102)",Unfall 38982 (2022) Kat:3, Licht: 0,38982,3,3,5,06,11,2,0,0,0,1,0,1,0,0
"POINT (6.782779968000060 51.215605130000000)",Unfall 38995 (2022) Kat:3, Licht: 1,38995,3,2,5,06,22,5,0,1,0,1,0,1,0,0
"POINT (6.743238058000030 51.240763203000000)",Unfall 39001 (2022) Kat:2, Licht: 0,39001,2,7,9,06,08,5,0,0,0,1,0,0,0,0
"POINT (6.779834201000030 51.257048127000097)",Unfall 39033 (2022) Kat:2, Licht: 0,39033,2,2,4,06,14,4,0,0,1,0,0,0,0,0
"POINT (6.814750475000040 51.260092975000099)",Unfall 39052 (2022) Kat:3, Licht: 0,39052,3,7,0,06,10,3,0,0,0,0,0,0,0,1
"POINT (6.799061868000020 51.210610952000103)",Unfall 39084 (2022) Kat:2, Licht: 0,39084,2,4,0,06,13,4,0,0,0,1,1,0,0,0
"POINT (6.790829487000050 51.212599904999998)",Unfall 39125 (2022) Kat:3, Licht: 0,39125,3,2,3,06,15,6,0,0,1,0,0,0,0,0
"POINT (6.788153880000040 51.214010911000102)",Unfall 39133 (2022) Kat:2, Licht: 0,39133,2,5,1,06,20,1,0,0,0,1,0,1,0,0
"POINT (6.773404241000040 51.242202309000000)",Unfall 39163 (2022) Kat:2, Licht: 0,39163,2,4,6,06,18,3,0,0,0,1,1,0,0,0
"POINT (6.773862803000040 51.272010885000000)",Unfall 39175 (2022) Kat:3, Licht: 0,39175,3,1,7,06,13,7,0,0,1,1,0,0,0,0
"POINT (6.784076535000050 51.247028246000099)",Unfall 39184 (2022) Kat:3, Licht: 0,39184,3,5,1,06,12,5,0,0,1,1,0,0,0,0
"POINT (6.814675932000060 51.243118934000101)",Unfall 39211 (2022) Kat:3, Licht: 0,39211,3,2,6,06,16,6,0,0,0,1,1,0,0,0
"POINT (6.876848337000070 51.266621784999998)",Unfall 39225 (2022) Kat:3, Licht: 0,39225,3,2,5,06,19,5,0,0,1,0,0,0,0,1
"POINT (6.835754266000040 51.227058231000100)",Unfall 39265 (2022) Kat:3, Licht: 0,39265,3,6,4,06,17,2,0,0,1,0,0,0,0,1
"POINT (6.905129161000050 51.138314477000101)",Unfall 39281 (2022) Kat:3, Licht: 0,39281,3,2,5,06,15,6,0,0,1,0,0,0,0,0
"POINT (6.876006156000070 51.267948509000099)",Unfall 39309 (2022) Kat:2, Licht: 0,39309,2,2,5,06,11,1,0,0,0,1,0,1,0,0
"POINT (6.914517745000070 51.265943956000100)",Unfall 39328 (2022) Kat:3, Licht: 0,39328,3,6,2,06,14,4,0,0,0,1,0,0,0,1
"POINT (6.794305002000040 51.272798802000104)",Unfall 39446 (2022) Kat:3, Licht: 0,39446,3,1,9,06,17,7,0,0,0,1,0,0,0,0
"POINT (6.861931331000050 51.223261215999997)",Unfall 39460 (2022) Kat:3, Licht: 0,39460,3,1,8,06,12,5,1,0,0,1,0,0,0,0
"POINT (6.766364980000050 51.200533687000103)",Unfall 39484 (2022) Kat:2, Licht: 0,39484,2,6,1,06,07,6,0,0,0,1,0,1,0,0
"POINT (6.906971264000050 51.191665951000097)",Unfall 39487 (2022) Kat:3, Licht: 0,39487,3,1,0,06,08,5,0,0,0,0,0,1,0,0
"POINT (6.771347651000040 51.242686620000001)",Unfall 39544 (2022) Kat:3, Licht: 0,39544,3,6,3,06,14,6,0,0,0,1,0,1,0,0
"POINT (6.787446226000040 51.214388036000102)",Unfall 39572 (2022) Kat:3, Licht: 0,39572,3,5,0,06,19,1,0,0,1,1,0,0,0,0
"POINT (6.772414066000070 51.244292759000103)",Unfall 39587 (2022) Kat:3, Licht: 0,39587,3,6,1,06,16,1,0,0,0,1,0,0,0,0
"POINT (6.915651820000050 51.259186266000000)",Unfall 39626 (2022) Kat:3, Licht: 0,39626,3,2,0,06,17,4,0,0,1,1,0,0,0,0
"POINT (6.775836281000070 51.240413193999998)",Unfall 39652 (2022) Kat:3, Licht: 0,39652,3,6,2,06,08,3,0,0,0,1,0,0,0,0
"POINT (6.771187864000070 51.230221229000101)",Unfall 39704 (2022) Kat:3, Licht: 2,39704,3,6,9,06,23,4,0,2,1,0,1,0,0,0
"POINT (6.788541316000020 51.225850829000102)",Unfall 39710 (2022) Kat:2, Licht: 0,39710,2,2,5,06,07,4,0,0,1,1,0,0,0,0
"POINT (6.800573201000020 51.210580677000102)",Unfall 39784 (2022) Kat:3, Licht: 0,39784,3,2,6,06,11,6,0,0,0,1,1,0,0,0
"POINT (6.782585093000020 51.212084165000100)",Unfall 39847 (2022) Kat:3, Licht: 0,39847,3,1,0,06,12,5,1,0,0,0,0,1,0,0
"POINT (6.909570703000040 51.133327356000102)",Unfall 39848 (2022) Kat:2, Licht: 0,39848,2,6,1,06,16,4,1,0,0,1,0,0,0,0
"POINT (6.782776407000030 51.215559624000001)",Unfall 39873 (2022) Kat:3, Licht: 0,39873,3,6,3,06,20,4,0,0,0,1,0,0,0,0
"POINT (6.701121978000060 51.231835586999999)",Unfall 39886 (2022) Kat:3, Licht: 0,39886,3,6,2,06,06,2,1,0,0,1,0,0,0,0
"POINT (6.784550009000040 51.216163344000101)",Unfall 39927 (2022) Kat:3, Licht: 0,39927,3,5,1,06,15,4,0,0,1,1,0,0,0,0
"POINT (6.822759481000050 51.206913575000002)",Unfall 39951 (2022) Kat:3, Licht: 0,39951,3,5,1,06,16,5,0,0,1,1,0,0,0,0
"POINT (6.909817275000020 51.191849499000099)",Unfall 39996 (2022) Kat:2, Licht: 0,39996,2,6,3,06,09,2,1,0,0,1,0,0,1,0
"POINT (6.842982856000050 51.240844953000099)",Unfall 40022 (2022) Kat:3, Licht: 0,40022,3,6,2,06,19,6,0,0,0,1,0,0,0,0
"POINT (6.721146772000050 51.232265046000101)",Unfall 40036 (2022) Kat:3, Licht: 0,40036,3,3,5,06,06,5,0,0,1,1,0,0,0,0
"POINT (6.754269505000020 51.265632502000102)",Unfall 40040 (2022) Kat:3, Licht: 0,40040,3,1,0,06,19,4,1,0,0,0,0,1,0,0
"POINT (6.861673329000040 51.236552936000102)",Unfall 40076 (2022) Kat:3, Licht: 0,40076,3,6,0,06,13,6,0,0,1,0,0,0,0,0
"POINT (6.862166261000030 51.246759622000098)",Unfall 40093 (2022) Kat:3, Licht: 0,40093,3,6,4,06,18,4,0,0,1,0,0,0,0,0
"POINT (6.782055000000070 51.218266060000097)",Unfall 40125 (2022) Kat:3, Licht: 0,40125,3,7,0,06,18,7,0,0,1,0,0,0,0,0
"POINT (6.793269857000040 51.226955623000002)",Unfall 40131 (2022) Kat:3, Licht: 0,40131,3,7,3,06,15,6,0,0,0,1,0,0,0,1
"POINT (6.716733084000050 51.234369622000003)",Unfall 40202 (2022) Kat:3, Licht: 0,40202,3,3,5,07,14,6,0,0,1,1,0,0,0,0
"POINT (6.807606280000070 51.231629960000099)",Unfall 40243 (2022) Kat:2, Licht: 0,40243,2,1,0,06,08,3,0,0,1,0,0,0,0,0
"POINT (6.821975235000020 51.242233700000000)",Unfall 40292 (2022) Kat:3, Licht: 0,40292,3,2,5,07,15,3,0,0,0,1,0,0,0,0
"POINT (6.861310417000030 51.189002744000000)",Unfall 40323 (2022) Kat:3, Licht: 0,40323,3,3,5,07,21,7,0,0,0,1,0,0,0,0
"POINT (6.786186293000070 51.253822335000102)",Unfall 40366 (2022) Kat:3, Licht: 0,40366,3,2,5,07,18,2,0,0,1,1,0,0,0,0
"POINT (6.773842130000050 51.271036643000102)",Unfall 40402 (2022) Kat:3, Licht: 0,40402,3,1,0,06,17,2,1,0,1,0,0,0,0,0
"POINT (6.698902497000060 51.228672164999999)",Unfall 40414 (2022) Kat:3, Licht: 2,40414,3,6,2,07,00,1,0,2,0,1,0,1,0,0
"POINT (6.768302942000050 51.272478985000099)",Unfall 40430 (2022) Kat:3, Licht: 0,40430,3,6,2,07,09,3,0,0,0,1,0,0,0,0
"POINT (6.796766329000040 51.248257157000097)",Unfall 40530 (2022) Kat:3, Licht: 0,40530,3,2,3,07,13,3,0,0,1,0,0,0,0,1
"POINT (6.806459201000050 51.258142321999998)",Unfall 40563 (2022) Kat:2, Licht: 0,40563,2,7,0,07,09,4,0,0,1,0,0,0,0,1
"POINT (6.786432960000070 51.244442327000101)",Unfall 40580 (2022) Kat:3, Licht: 0,40580,3,6,0,06,10,5,0,0,0,0,1,0,0,1
"POINT (6.856411853000050 51.193356872000003)",Unfall 40586 (2022) Kat:3, Licht: 0,40586,3,6,2,06,12,2,0,0,0,1,0,0,0,1
"POINT (6.744590438000050 51.237845015000097)",Unfall 40595 (2022) Kat:3, Licht: 0,40595,3,7,4,06,19,7,0,0,0,1,0,0,0,0
"POINT (6.800699337000030 51.195757236000098)",Unfall 40612 (2022) Kat:2, Licht: 0,40612,2,2,5,07,19,1,0,0,0,1,0,0,0,0
"POINT (6.839816312000040 51.227619648000001)",Unfall 40627 (2022) Kat:3, Licht: 0,40627,3,3,5,06,13,1,0,0,1,1,0,0,0,0
"POINT (6.800948445000070 51.195879305000098)",Unfall 40637 (2022) Kat:3, Licht: 0,40637,3,4,6,07,08,3,0,0,0,1,1,0,0,0
"POINT (6.757502115000020 51.207786220999999)",Unfall 40657 (2022) Kat:3, Licht: 0,40657,3,3,5,07,14,2,0,0,0,1,0,0,0,1
"POINT (6.807407536000030 51.219384354000098)",Unfall 40674 (2022) Kat:3, Licht: 0,40674,3,7,0,06,12,5,0,0,1,0,0,0,0,0
"POINT (6.798927167000040 51.249175111000099)",Unfall 40694 (2022) Kat:2, Licht: 0,40694,2,3,5,07,19,6,0,0,1,1,0,0,0,0
"POINT (6.711662668000030 51.233288813000101)",Unfall 40734 (2022) Kat:3, Licht: 0,40734,3,6,0,06,17,7,0,0,0,1,0,1,0,0
"POINT (6.793285898000020 51.333059575999997)",Unfall 40738 (2022) Kat:3, Licht: 0,40738,3,4,6,07,10,7,0,0,1,0,1,0,0,0
"POINT (6.863733920000070 51.189936021999998)",Unfall 40741 (2022) Kat:3, Licht: 0,40741,3,6,2,07,11,4,0,0,0,0,0,0,1,0
"POINT (6.793756029000060 51.209548634000001)",Unfall 40761 (2022) Kat:3, Licht: 0,40761,3,3,5,06,15,7,0,0,1,0,0,0,0,0
"POINT (6.901279312000040 51.191299581000102)",Unfall 40881 (2022) Kat:2, Licht: 0,40881,2,6,3,07,12,7,0,0,0,1,0,0,0,1
"POINT (6.836019830000050 51.196875255000101)",Unfall 40900 (2022) Kat:3, Licht: 0,40900,3,7,6,06,17,4,0,0,0,0,1,0,0,1
"POINT (6.824969269000060 51.265225460000103)",Unfall 41056 (2022) Kat:3, Licht: 0,41056,3,3,5,07,16,4,0,0,1,1,0,0,0,0
"POINT (6.802479297000050 51.230661397000098)",Unfall 41080 (2022) Kat:3, Licht: 2,41080,3,1,0,07,23,6,0,2,1,0,0,0,0,0
"POINT (6.825683660000040 51.273483431000002)",Unfall 41090 (2022) Kat:2, Licht: 0,41090,2,1,8,06,11,7,0,0,0,0,0,1,0,0
"POINT (6.799655376000030 51.249694072000104)",Unfall 41100 (2022) Kat:3, Licht: 0,41100,3,4,6,07,12,2,0,0,0,1,1,0,0,0
"POINT (6.845137024000050 51.199022014000001)",Unfall 41121 (2022) Kat:3, Licht: 0,41121,3,1,0,06,15,1,1,0,1,0,0,0,0,0
"POINT (6.787945229000060 51.232853523000102)",Unfall 41143 (2022) Kat:3, Licht: 0,41143,3,1,0,06,18,5,1,0,0,0,0,1,0,0
"POINT (6.772760882000060 51.199987339000103)",Unfall 41196 (2022) Kat:2, Licht: 0,41196,2,1,0,07,10,7,0,0,1,0,0,0,0,0
"POINT (6.762041016000070 51.248533776999999)",Unfall 41198 (2022) Kat:3, Licht: 0,41198,3,6,4,06,07,4,0,0,1,0,0,0,0,0
"POINT (6.792074397000020 51.228130582000098)",Unfall 41302 (2022) Kat:3, Licht: 2,41302,3,1,0,06,01,6,0,2,1,0,0,0,0,0
"POINT (6.776278728000020 51.326418013000101)",Unfall 41443 (2022) Kat:3, Licht: 0,41443,3,5,1,07,10,3,0,0,0,1,0,0,0,0
"POINT (6.698407124000030 51.224918267000099)",Unfall 41471 (2022) Kat:3, Licht: 2,41471,3,3,5,07,23,4,0,2,0,1,0,0,0,1
"POINT (6.787358648000070 51.235876842000003)",Unfall 41546 (2022) Kat:3, Licht: 0,41546,3,5,6,07,11,4,0,0,0,1,1,0,0,0
"POINT (6.706144779000060 51.277625938000000)",Unfall 41548 (2022) Kat:3, Licht: 0,41548,3,1,0,07,16,1,0,0,1,0,0,0,0,0
"POINT (6.782596176000030 51.213093514000001)",Unfall 41590 (2022) Kat:3, Licht: 0,41590,3,6,9,07,16,1,0,0,0,1,0,1,0,0
"POINT (6.866352586000060 51.255653039000002)",Unfall 41599 (2022) Kat:3, Licht: 0,41599,3,6,4,07,17,3,0,0,0,1,0,0,0,0
"POINT (6.807902373000050 51.233737582000103)",Unfall 41614 (2022) Kat:2, Licht: 2,41614,2,6,2,07,22,5,0,2,0,1,0,1,0,0
"POINT (6.698902497000060 51.228672164999999)",Unfall 41616 (2022) Kat:3, Licht: 0,41616,3,6,2,07,13,3,0,0,0,1,0,0,0,0
"POINT (6.822039997000050 51.207073320000099)",Unfall 41659 (2022) Kat:3, Licht: 0,41659,3,6,2,07,18,2,0,0,0,1,0,0,0,0
"POINT (6.698866180000040 51.228912059999999)",Unfall 41667 (2022) Kat:3, Licht: 1,41667,3,6,2,07,20,1,0,1,0,1,0,0,0,0
"POINT (6.862125749000030 51.211368230000097)",Unfall 41670 (2022) Kat:3, Licht: 0,41670,3,6,2,07,07,5,1,0,0,1,0,1,0,0
"POINT (6.842254125000070 51.168978487000103)",Unfall 41693 (2022) Kat:3, Licht: 0,41693,3,7,8,07,14,3,0,0,1,0,0,0,0,0
"POINT (6.857031816000070 51.206166420000002)",Unfall 41705 (2022) Kat:3, Licht: 0,41705,3,6,2,07,17,6,0,0,0,0,0,1,0,1
"POINT (6.798485854000030 51.229905943000098)",Unfall 41736 (2022) Kat:2, Licht: 0,41736,2,7,6,07,19,3,0,0,0,0,1,0,0,1
"POINT (6.772566997000070 51.253136482000102)",Unfall 41778 (2022) Kat:3, Licht: 0,41778,3,3,5,07,10,2,0,0,1,1,0,0,0,0
"POINT (6.806282144000020 51.253248126000102)",Unfall 41828 (2022) Kat:3, Licht: 2,41828,3,1,0,07,23,3,0,2,1,0,0,0,0,0
"POINT (6.808905937000080 51.231935582000098)",Unfall 41831 (2022) Kat:3, Licht: 0,41831,3,7,0,07,09,3,0,0,1,1,0,0,0,0
"POINT (6.742284902000050 51.243211799000100)",Unfall 41861 (2022) Kat:3, Licht: 0,41861,3,6,5,07,17,5,0,0,0,1,0,0,0,0
"POINT (6.772040525000020 51.244117776000103)",Unfall 41878 (2022) Kat:3, Licht: 0,41878,3,7,4,07,16,4,0,0,1,0,0,0,0,0
"POINT (6.760598707000040 51.261850754000100)",Unfall 41982 (2022) Kat:2, Licht: 0,41982,2,7,8,07,13,7,0,0,0,1,0,0,0,0
"POINT (6.787385862000060 51.205253487999997)",Unfall 41998 (2022) Kat:1, Licht: 1,41998,1,7,0,07,05,5,0,1,0,1,0,1,0,0
"POINT (6.754269505000020 51.265632502000102)",Unfall 42055 (2022) Kat:2, Licht: 2,42055,2,1,8,07,22,5,0,2,0,1,0,0,0,0
"POINT (6.796351086000070 51.290934167000003)",Unfall 42069 (2022) Kat:3, Licht: 2,42069,3,1,9,07,02,2,0,2,0,0,0,1,0,0
"POINT (6.822938559000020 51.263854815000101)",Unfall 42082 (2022) Kat:3, Licht: 0,42082,3,2,5,07,09,5,1,0,0,0,0,1,0,1
"POINT (6.823298432000060 51.229898365000103)",Unfall 42114 (2022) Kat:3, Licht: 0,42114,3,2,5,07,10,4,0,0,1,1,0,0,0,0
"POINT (6.782502339000080 51.223025759999999)",Unfall 42149 (2022) Kat:3, Licht: 2,42149,3,6,3,07,02,7,0,2,0,1,0,0,0,0
"POINT (6.777939016000060 51.201970654000000)",Unfall 42178 (2022) Kat:3, Licht: 0,42178,3,6,3,07,16,6,0,0,0,1,0,0,0,0
"POINT (6.797617591000060 51.229932109000103)",Unfall 42211 (2022) Kat:3, Licht: 0,42211,3,4,6,07,11,2,0,0,0,1,1,0,0,0
"POINT (6.864762302000030 51.214191981000099)",Unfall 42244 (2022) Kat:2, Licht: 0,42244,2,6,2,07,10,2,0,0,0,1,0,1,0,0
"POINT (6.735992224000030 51.296141992999999)",Unfall 42271 (2022) Kat:3, Licht: 0,42271,3,3,5,07,16,1,0,0,1,1,0,0,0,0
"POINT (6.903046114000060 51.130265966000103)",Unfall 42284 (2022) Kat:2, Licht: 2,42284,2,1,7,07,01,5,1,2,1,0,0,0,0,0
"POINT (6.804020635000030 51.237542624000099)",Unfall 42371 (2022) Kat:3, Licht: 0,42371,3,7,6,07,14,3,0,0,1,0,1,0,0,0
"POINT (6.810943923000020 51.228385224000100)",Unfall 42388 (2022) Kat:3, Licht: 2,42388,3,7,0,07,22,5,0,2,1,0,1,0,0,0
"POINT (6.861791678000030 51.236303497000101)",Unfall 42401 (2022) Kat:3, Licht: 0,42401,3,4,6,07,17,2,0,0,0,1,1,0,0,0
"POINT (6.772476607000040 51.276394302000000)",Unfall 42432 (2022) Kat:3, Licht: 2,42432,3,6,2,07,00,4,1,2,0,1,0,0,0,0
"POINT (6.796488015000020 51.259506033999997)",Unfall 42444 (2022) Kat:2, Licht: 2,42444,2,1,8,07,01,1,0,2,0,1,0,0,0,0
"POINT (6.775512235000060 51.272270524000099)",Unfall 42472 (2022) Kat:3, Licht: 0,42472,3,6,2,07,09,6,0,0,1,0,0,0,1,0
"POINT (6.861109012000040 51.189017628999999)",Unfall 42476 (2022) Kat:3, Licht: 0,42476,3,6,2,07,20,6,0,0,0,1,0,1,0,0
"POINT (6.873164528000070 51.211251258000097)",Unfall 42492 (2022) Kat:3, Licht: 0,42492,3,1,0,07,15,4,0,0,1,0,0,0,0,0
"POINT (6.795833240000040 51.211087122000002)",Unfall 42493 (2022) Kat:2, Licht: 0,42493,2,6,2,07,10,3,0,0,0,1,0,0,0,1
"POINT (6.783102997000070 51.224071551000101)",Unfall 42561 (2022) Kat:3, Licht: 0,42561,3,4,6,07,16,4,0,0,0,0,1,0,0,1
"POINT (6.837932908000030 51.199313877000101)",Unfall 42566 (2022) Kat:3, Licht: 0,42566,3,2,3,07,09,4,0,0,1,1,0,0,0,0
"POINT (6.771723990000050 51.238911215000002)",Unfall 42595 (2022) Kat:3, Licht: 0,42595,3,6,4,07,13,1,0,0,1,0,0,0,0,0
"POINT (6.774668710000070 51.239917809000097)",Unfall 42632 (2022) Kat:3, Licht: 0,42632,3,6,2,07,09,5,1,0,0,1,0,0,0,0
"POINT (6.767587734000070 51.231520592999999)",Unfall 42646 (2022) Kat:3, Licht: 0,42646,3,6,4,07,15,6,0,0,1,0,0,0,0,1
"POINT (6.775890360000060 51.238188397000002)",Unfall 42665 (2022) Kat:3, Licht: 0,42665,3,6,2,07,15,5,0,0,0,1,0,0,0,0
"POINT (6.802741282000060 51.250866184000103)",Unfall 42767 (2022) Kat:3, Licht: 0,42767,3,2,5,07,16,4,0,0,0,1,0,1,0,0
"POINT (6.771678925000060 51.236161396999996)",Unfall 42769 (2022) Kat:3, Licht: 0,42769,3,7,0,07,19,1,0,0,0,1,0,1,0,0
"POINT (6.834549221000030 51.226919468000098)",Unfall 42773 (2022) Kat:3, Licht: 0,42773,3,1,6,07,09,5,1,0,1,0,1,0,0,0
"POINT (6.744092988000030 51.290603886000000)",Unfall 42868 (2022) Kat:3, Licht: 0,42868,3,1,8,07,05,7,0,0,0,1,0,0,0,0
"POINT (6.787575723000030 51.243061194000099)",Unfall 42891 (2022) Kat:3, Licht: 0,42891,3,2,5,07,15,5,0,0,1,1,0,0,0,0
"POINT (6.766364980000050 51.200533687000103)",Unfall 42893 (2022) Kat:3, Licht: 0,42893,3,6,2,07,07,3,0,0,0,1,0,1,0,0
"POINT (6.825650906000020 51.190458340000099)",Unfall 42935 (2022) Kat:2, Licht: 0,42935,2,6,3,07,19,2,0,0,0,1,0,0,1,0
"POINT (6.722685093000050 51.249630957000100)",Unfall 42951 (2022) Kat:3, Licht: 2,42951,3,7,8,07,04,3,0,2,0,1,0,0,0,0
"POINT (6.787345468000070 51.223848358000097)",Unfall 42962 (2022) Kat:3, Licht: 2,42962,3,2,5,07,00,1,0,2,0,1,0,1,0,0
"POINT (6.854196868000030 51.190243981999998)",Unfall 42972 (2022) Kat:3, Licht: 0,42972,3,6,2,07,12,1,0,0,0,1,0,0,0,0
"POINT (6.847930493000040 51.196891925999999)",Unfall 43162 (2022) Kat:3, Licht: 0,43162,3,6,2,08,12,4,0,0,0,1,0,0,0,0
"POINT (6.890781025000020 51.157156972000102)",Unfall 43190 (2022) Kat:2, Licht: 2,43190,2,6,3,07,22,4,0,2,0,1,0,0,0,0
"POINT (6.898534508000070 51.145636830000100)",Unfall 43231 (2022) Kat:3, Licht: 2,43231,3,1,9,08,01,3,0,2,0,1,0,0,0,0
"POINT (6.757173465000050 51.271586782000000)",Unfall 43263 (2022) Kat:3, Licht: 0,43263,3,6,2,08,18,5,0,0,0,1,0,0,0,0
"POINT (6.768885690000050 51.254486907999997)",Unfall 43363 (2022) Kat:3, Licht: 0,43363,3,6,2,07,16,4,0,0,0,1,0,0,0,0
"POINT (6.847766197000060 51.165799833999998)",Unfall 43388 (2022) Kat:3, Licht: 0,43388,3,2,5,08,17,4,0,0,1,1,0,0,0,0
"POINT (6.848757930000030 51.201186376000102)",Unfall 43409 (2022) Kat:1, Licht: 0,43409,1,3,2,07,15,6,0,0,1,0,0,1,0,0
"POINT (6.720893248000040 51.232302382999997)",Unfall 43415 (2022) Kat:3, Licht: 0,43415,3,6,3,08,20,3,0,0,0,1,0,0,0,1
"POINT (6.767019439000020 51.272104211000098)",Unfall 43435 (2022) Kat:3, Licht: 0,43435,3,6,1,08,14,2,0,0,0,1,0,0,0,0
"POINT (6.757132250000040 51.206719129000099)",Unfall 43443 (2022) Kat:3, Licht: 0,43443,3,6,2,08,10,5,0,0,0,1,0,0,0,0
"POINT (6.834058304000050 51.239887252000102)",Unfall 43461 (2022) Kat:3, Licht: 0,43461,3,6,3,08,08,4,0,0,1,1,0,0,0,0
"POINT (6.782740771000020 51.222648473000000)",Unfall 43468 (2022) Kat:3, Licht: 0,43468,3,1,6,07,11,4,0,0,0,0,1,0,0,1
"POINT (6.785572390000030 51.215521995000103)",Unfall 43473 (2022) Kat:3, Licht: 0,43473,3,6,1,08,12,7,0,0,0,1,0,1,0,0
"POINT (6.924819649000030 51.255837691000103)",Unfall 43505 (2022) Kat:3, Licht: 0,43505,3,2,5,08,09,3,0,0,1,1,0,0,0,0
"POINT (6.888471680000070 51.190479762000102)",Unfall 43669 (2022) Kat:3, Licht: 0,43669,3,6,2,08,06,6,0,0,0,0,0,1,1,0
"POINT (6.839927710000040 51.189945851000097)",Unfall 43737 (2022) Kat:3, Licht: 0,43737,3,7,8,07,09,4,0,0,0,0,0,0,1,0
"POINT (6.822759481000050 51.206913575000002)",Unfall 43829 (2022) Kat:3, Licht: 0,43829,3,3,5,08,12,4,0,0,0,1,0,0,0,1
"POINT (6.758847182000070 51.231657155999997)",Unfall 43850 (2022) Kat:3, Licht: 0,43850,3,1,1,07,17,6,0,0,1,1,0,0,0,0
"POINT (6.838772132000030 51.170400428999997)",Unfall 43855 (2022) Kat:2, Licht: 0,43855,2,2,3,08,12,1,0,0,0,1,0,1,0,0
"POINT (6.748327033000070 51.199897196000101)",Unfall 43884 (2022) Kat:2, Licht: 2,43884,2,7,7,08,22,5,0,2,1,0,0,0,0,0
"POINT (6.802468867000070 51.195400773000102)",Unfall 43960 (2022) Kat:3, Licht: 0,43960,3,6,2,08,16,7,0,0,0,1,0,0,0,0
"POINT (6.827153576000060 51.266884816000100)",Unfall 44047 (2022) Kat:3, Licht: 0,44047,3,7,0,08,18,3,0,0,0,0,0,0,0,1
"POINT (6.849029451000040 51.230847263999998)",Unfall 44051 (2022) Kat:3, Licht: 0,44051,3,1,8,07,05,1,0,0,0,1,0,0,0,0
"POINT (6.786944472000070 51.231598230000003)",Unfall 44131 (2022) Kat:3, Licht: 0,44131,3,6,2,08,14,7,0,0,0,1,0,1,0,0
"POINT (6.808395253000070 51.220369498000103)",Unfall 44141 (2022) Kat:3, Licht: 0,44141,3,6,2,08,14,5,0,0,0,1,0,0,0,0
"POINT (6.789219592000050 51.213443176000098)",Unfall 44226 (2022) Kat:3, Licht: 0,44226,3,2,5,08,14,6,0,0,1,1,0,0,0,0
"POINT (6.771178083000050 51.276217390000099)",Unfall 44240 (2022) Kat:3, Licht: 0,44240,3,7,0,08,14,3,0,0,1,0,0,0,0,0
"POINT (6.744367582000050 51.239473405000098)",Unfall 44289 (2022) Kat:3, Licht: 2,44289,3,3,5,08,05,3,0,2,0,1,0,0,0,0
"POINT (6.758542849000040 51.210121718000003)",Unfall 44305 (2022) Kat:3, Licht: 0,44305,3,6,2,07,11,5,0,0,0,1,0,0,0,0
"POINT (6.789780581000060 51.200091185000097)",Unfall 44324 (2022) Kat:3, Licht: 0,44324,3,4,6,08,15,3,0,0,0,1,1,0,0,0
"POINT (6.771684447000040 51.233533809999997)",Unfall 44348 (2022) Kat:2, Licht: 0,44348,2,7,6,08,17,1,0,0,0,1,1,0,0,0
"POINT (6.819620314000080 51.230766148999997)",Unfall 44565 (2022) Kat:3, Licht: 0,44565,3,6,3,08,16,6,0,0,0,1,0,1,0,0
"POINT (6.782230123000030 51.249585844000102)",Unfall 44581 (2022) Kat:2, Licht: 0,44581,2,3,0,08,18,4,0,0,0,1,0,1,0,0
"POINT (6.910909628000070 51.132143614000000)",Unfall 44671 (2022) Kat:3, Licht: 0,44671,3,6,4,08,15,4,0,0,1,0,0,0,0,0
"POINT (6.782839988000030 51.217408644999999)",Unfall 44677 (2022) Kat:2, Licht: 1,44677,2,3,5,08,21,2,0,1,0,1,0,0,0,1
"POINT (6.771371304000070 51.230839324999998)",Unfall 44686 (2022) Kat:3, Licht: 0,44686,3,6,3,08,18,2,0,0,1,0,0,0,0,0
"POINT (6.773723702000040 51.232389854000097)",Unfall 44701 (2022) Kat:3, Licht: 0,44701,3,7,0,07,17,1,0,0,1,0,0,0,0,0
"POINT (6.799876131000080 51.251391116000001)",Unfall 44714 (2022) Kat:3, Licht: 0,44714,3,6,2,08,13,5,0,0,0,1,0,0,0,0
"POINT (6.772167512000070 51.312690101000001)",Unfall 44732 (2022) Kat:2, Licht: 0,44732,2,1,8,08,19,4,0,0,0,0,0,1,0,0
"POINT (6.797974648000040 51.252099077000103)",Unfall 44857 (2022) Kat:3, Licht: 0,44857,3,6,2,07,15,6,0,0,0,1,0,0,0,0
"POINT (6.783593447000040 51.225499505000101)",Unfall 44914 (2022) Kat:2, Licht: 2,44914,2,1,9,08,21,4,0,2,0,0,0,1,0,0