WKT,Name,OBJECTID,UKATEGORIE,UTYP1,UART,UMONAT,USTUNDE,UWOCHENTAG,STRZUSTAND,ULICHTVERH,ISTRAD,ISTPKW,ISTFUSS,ISTKRAD,ISTGKFZ,ISTSONSTIG
"POINT (6.786835805000070 51.243988569000102)",Unfall 44938 (2022) Kat:3, Licht: 2,44938,3,3,4,08,23,7,0,2,1,1,0,0,0,0
"POINT (6.779794370000050 51.281521547000096)",Unfall 44968 (2022) Kat:3, Licht: 0,44968,3,6,0,08,16,7,0,0,0,1,0,0,0,0
"POINT (6.797894010000050 51.193649934000099)",Unfall 45030 (2022) Kat:3, Licht: 0,45030,3,6,0,07,07,5,0,0,0,1,0,0,0,1
"POINT (6.754269505000020 51.265632502000102)",Unfall 45045 (2022) Kat:3, Licht: 0,45045,3,6,2,08,17,2,0,0,0,1,0,0,0,0
"POINT (6.771684447000040 51.233533766999997)",Unfall 45122 (2022) Kat:3, Licht: 1,45122,3,6,2,08,19,6,0,1,0,1,0,0,0,0
"POINT (6.728308785000020 51.233196696999997)",Unfall 45132 (2022) Kat:3, Licht: 0,45132,3,3,5,08,14,3,0,0,1,1,0,0,0,0
"POINT (6.827189655000040 51.266914798000101)",Unfall 45138 (2022) Kat:3, Licht: 0,45138,3,1,9,08,13,7,0,0,0,1,0,0,0,0
"POINT (6.722685093000050 51.249630957000100)",Unfall 45148 (2022) Kat:3, Licht: 0,45148,3,2,5,07,19,7,0,0,0,1,0,0,0,0
"POINT (6.802051447000050 51.250129563000002)",Unfall 45155 (2022) Kat:2, Licht: 0,45155,2,6,1,08,16,1,0,0,0,0,0,1,0,0
"POINT (6.803389579000050 51.216190869000101)",Unfall 45156 (2022) Kat:3, Licht: 0,45156,3,3,5,08,13,2,0,0,0,1,0,0,0,1
"POINT (6.768885690000050 51.254486907999997)",Unfall 45159 (2022) Kat:2, Licht: 2,45159,2,2,4,08,02,5,0,2,0,1,0,0,0,0
"POINT (6.833079110000030 51.203392643000001)",Unfall 45197 (2022) Kat:3, Licht: 0,45197,3,3,5,07,18,6,0,0,1,1,0,0,0,0
"POINT (6.775992443000060 51.237378845000102)",Unfall 45200 (2022) Kat:3, Licht: 0,45200,3,6,2,08,16,2,0,0,0,1,0,0,0,0
"POINT (6.815594419000040 51.259650972000003)",Unfall 45243 (2022) Kat:3, Licht: 0,45243,3,3,5,08,13,3,0,0,0,1,0,0,1,0
"POINT (6.793076950000060 51.211314012000102)",Unfall 45254 (2022) Kat:2, Licht: 0,45254,2,3,5,08,16,3,0,0,0,1,0,0,0,1
"POINT (6.787082524000030 51.232388319999998)",Unfall 45281 (2022) Kat:3, Licht: 0,45281,3,2,5,08,18,1,0,0,0,1,0,0,0,0
"POINT (6.847774226000070 51.230038373000099)",Unfall 45294 (2022) Kat:3, Licht: 0,45294,3,6,1,08,16,3,0,0,0,1,0,1,0,0
"POINT (6.848462572000070 51.230485502000100)",Unfall 45298 (2022) Kat:3, Licht: 0,45298,3,5,0,07,14,1,0,0,1,1,0,0,0,0
"POINT (6.782617207000040 51.305451144000102)",Unfall 45373 (2022) Kat:3, Licht: 0,45373,3,1,0,08,14,7,0,0,1,0,0,0,0,0
"POINT (6.727514034000020 51.233168675999998)",Unfall 45396 (2022) Kat:3, Licht: 0,45396,3,6,2,08,17,6,0,0,0,1,0,0,0,0
"POINT (6.806199915000040 51.263664798000001)",Unfall 45411 (2022) Kat:2, Licht: 2,45411,2,7,0,08,22,3,0,2,1,0,0,0,0,0
"POINT (6.779407802000040 51.233119268999999)",Unfall 45454 (2022) Kat:3, Licht: 0,45454,3,2,3,08,09,2,0,0,0,1,0,0,0,0
"POINT (6.810775794000050 51.222737870000103)",Unfall 45463 (2022) Kat:3, Licht: 0,45463,3,3,0,08,10,5,0,0,1,0,0,0,0,1
"POINT (6.801900663000030 51.245190459000099)",Unfall 45511 (2022) Kat:3, Licht: 0,45511,3,7,7,08,17,3,0,0,0,0,0,0,0,1
"POINT (6.791334711000050 51.253429373000102)",Unfall 45551 (2022) Kat:3, Licht: 0,45551,3,2,3,08,17,6,0,0,1,1,0,0,0,0
"POINT (6.837394986000050 51.227287014000098)",Unfall 45591 (2022) Kat:3, Licht: 0,45591,3,2,5,08,17,5,0,0,1,1,0,0,0,0
"POINT (6.761051376000070 51.214733920000100)",Unfall 45643 (2022) Kat:2, Licht: 0,45643,2,1,8,08,06,4,0,0,0,0,0,1,0,0
"POINT (6.807070693000070 51.247078283000100)",Unfall 45651 (2022) Kat:2, Licht: 0,45651,2,6,4,08,07,6,0,0,1,0,0,0,0,0
"POINT (6.795994748000060 51.274208000000002)",Unfall 45654 (2022) Kat:3, Licht: 0,45654,3,6,9,08,16,7,0,0,0,1,0,0,0,0
"POINT (6.775155194000040 51.240216072000102)",Unfall 45659 (2022) Kat:3, Licht: 0,45659,3,2,5,08,17,4,0,0,1,1,0,0,0,0
"POINT (6.726456639000050 51.232870945999998)",Unfall 45689 (2022) Kat:3, Licht: 0,45689,3,6,3,08,15,6,0,0,0,1,0,1,0,0
"POINT (6.866107931000040 51.223302949000100)",Unfall 45696 (2022) Kat:3, Licht: 0,45696,3,3,5,08,15,4,0,0,1,1,0,0,0,0
"POINT (6.811021935000040 51.228252016000098)",Unfall 45735 (2022) Kat:3, Licht: 0,45735,3,5,1,08,17,7,0,0,1,1,0,0,0,0
"POINT (6.775713885000070 51.231011891000001)",Unfall 45749 (2022) Kat:2, Licht: 0,45749,2,1,0,08,17,6,0,0,1,0,0,0,0,1
"POINT (6.771544424000070 51.231947446000000)",Unfall 45802 (2022) Kat:2, Licht: 0,45802,2,6,6,08,13,3,0,0,1,0,1,0,0,0
"POINT (6.810431316000060 51.228833780000102)",Unfall 45803 (2022) Kat:2, Licht: 0,45803,2,4,6,08,13,2,0,0,0,1,1,0,0,0
"POINT (6.707861774000040 51.277032462000101)",Unfall 45845 (2022) Kat:2, Licht: 0,45845,2,1,9,08,19,7,0,0,0,1,0,0,0,0
"POINT (6.802731321000070 51.253910750000003)",Unfall 46005 (2022) Kat:3, Licht: 0,46005,3,3,5,08,13,4,0,0,1,1,0,0,0,0
"POINT (6.780170062000020 51.253958249000000)",Unfall 46034 (2022) Kat:3, Licht: 0,46034,3,2,5,08,14,4,0,0,1,1,0,0,0,0
"POINT (6.791584510000060 51.276261938000097)",Unfall 46067 (2022) Kat:3, Licht: 2,46067,3,7,0,08,23,6,1,2,0,0,0,0,0,1
"POINT (6.844792725000050 51.167536448000099)",Unfall 46090 (2022) Kat:3, Licht: 0,46090,3,3,5,08,07,4,0,0,1,0,0,0,0,1
"POINT (6.802860297000050 51.215741551000100)",Unfall 46122 (2022) Kat:3, Licht: 0,46122,3,6,6,08,13,6,0,0,1,0,1,0,0,0
"POINT (6.840070423000040 51.197741661000101)",Unfall 46134 (2022) Kat:3, Licht: 0,46134,3,1,0,08,15,5,0,0,1,0,0,0,0,0
"POINT (6.808256102000030 51.231782772000003)",Unfall 46151 (2022) Kat:3, Licht: 0,46151,3,6,2,08,16,2,0,0,0,1,0,0,0,0
"POINT (6.816324747000070 51.259179652000100)",Unfall 46175 (2022) Kat:3, Licht: 0,46175,3,1,2,08,19,6,0,0,0,1,0,1,0,0
"POINT (6.749993217000050 51.271603254000098)",Unfall 46187 (2022) Kat:3, Licht: 0,46187,3,3,5,08,17,5,0,0,0,1,0,0,0,0
"POINT (6.771922565000070 51.243381968000101)",Unfall 46229 (2022) Kat:3, Licht: 0,46229,3,7,5,08,18,1,0,0,0,1,0,0,0,0
"POINT (6.797979444000020 51.301899908999999)",Unfall 46258 (2022) Kat:3, Licht: 0,46258,3,2,5,08,17,5,0,0,0,1,0,0,0,0
"POINT (6.856160166000050 51.162354139000101)",Unfall 46294 (2022) Kat:3, Licht: 2,46294,3,1,4,08,21,2,0,2,1,0,0,0,0,1
"POINT (6.818414243000060 51.242513889000101)",Unfall 46328 (2022) Kat:3, Licht: 0,46328,3,4,0,08,10,4,0,0,0,1,1,1,0,0
"POINT (6.806888897000020 51.218737296000000)",Unfall 46335 (2022) Kat:3, Licht: 0,46335,3,6,2,08,16,3,0,0,0,1,0,0,0,0
"POINT (6.788565511000060 51.244978601000099)",Unfall 46394 (2022) Kat:3, Licht: 0,46394,3,6,3,08,12,7,0,0,1,1,0,0,0,0
"POINT (6.755429600000070 51.231632677999997)",Unfall 46416 (2022) Kat:2, Licht: 0,46416,2,7,0,08,14,6,0,0,0,0,0,0,0,1
"POINT (6.870692320000050 51.223800137000097)",Unfall 46444 (2022) Kat:3, Licht: 0,46444,3,3,5,08,07,5,0,0,1,1,0,0,0,0
"POINT (6.772711662000060 51.199988713000003)",Unfall 46558 (2022) Kat:3, Licht: 0,46558,3,6,2,08,13,7,0,0,0,1,0,1,0,0
"POINT (6.837932908000030 51.199313877000101)",Unfall 46559 (2022) Kat:2, Licht: 0,46559,2,4,6,08,15,6,0,0,0,0,1,1,0,0
"POINT (6.795741368000050 51.229761339000000)",Unfall 46571 (2022) Kat:3, Licht: 0,46571,3,6,3,08,18,2,0,0,0,1,0,0,0,0
"POINT (6.806781482000080 51.235222176000001)",Unfall 46598 (2022) Kat:2, Licht: 0,46598,2,2,6,09,08,3,0,0,0,1,1,0,0,0
"POINT (6.755813741000050 51.201751637000001)",Unfall 46606 (2022) Kat:2, Licht: 0,46606,2,3,5,09,19,1,0,0,0,1,0,0,0,0
"POINT (6.774655316000060 51.239993110999997)",Unfall 46643 (2022) Kat:2, Licht: 2,46643,2,3,5,09,21,2,0,2,0,1,0,0,0,1
"POINT (6.860890790000040 51.239894381000099)",Unfall 46645 (2022) Kat:3, Licht: 0,46645,3,7,5,08,07,4,0,0,1,0,0,0,0,0
"POINT (6.801785873000030 51.252188730999997)",Unfall 46677 (2022) Kat:3, Licht: 0,46677,3,7,6,09,17,2,0,0,1,0,1,0,0,0
"POINT (6.909546603000020 51.195305400000102)",Unfall 46701 (2022) Kat:3, Licht: 0,46701,3,1,8,08,09,1,0,0,0,0,0,1,0,0
"POINT (6.903107079000050 51.140855410000000)",Unfall 46708 (2022) Kat:3, Licht: 0,46708,3,6,0,09,13,5,0,0,0,0,0,0,0,1
"POINT (6.771684447000040 51.233533766999997)",Unfall 46930 (2022) Kat:3, Licht: 0,46930,3,6,2,09,11,1,0,0,1,0,0,0,0,0
"POINT (6.803389579000050 51.216190869000101)",Unfall 47001 (2022) Kat:3, Licht: 0,47001,3,2,5,09,07,2,0,0,1,1,0,0,0,0
"POINT (6.782007457000020 51.254018520999999)",Unfall 47041 (2022) Kat:3, Licht: 2,47041,3,3,5,09,05,4,1,2,0,1,0,0,0,1
"POINT (6.736766656000040 51.291251721999998)",Unfall 47049 (2022) Kat:3, Licht: 0,47049,3,6,2,09,15,3,0,0,0,1,0,0,1,0
"POINT (6.808648763000060 51.231875108000096)",Unfall 47091 (2022) Kat:3, Licht: 0,47091,3,2,5,08,17,3,0,0,1,1,0,0,0,0
"POINT (6.848315400000050 51.200852499000099)",Unfall 47098 (2022) Kat:3, Licht: 0,47098,3,3,5,08,19,4,0,0,0,1,0,1,0,0
"POINT (6.754676719000030 51.231627551000003)",Unfall 47146 (2022) Kat:3, Licht: 0,47146,3,2,3,08,16,2,0,0,1,1,0,0,0,0
"POINT (6.794476262000050 51.247303946999999)",Unfall 47269 (2022) Kat:2, Licht: 0,47269,2,1,0,09,10,4,1,0,0,0,0,1,0,0
"POINT (6.911389342000060 51.270967771000102)",Unfall 47290 (2022) Kat:3, Licht: 0,47290,3,6,2,08,15,1,0,0,0,1,0,0,0,0
"POINT (6.820954794000040 51.207268333999998)",Unfall 47298 (2022) Kat:3, Licht: 0,47298,3,6,4,09,08,5,0,0,1,0,0,0,0,1
"POINT (6.823848403000060 51.184699191999997)",Unfall 47307 (2022) Kat:3, Licht: 0,47307,3,4,6,08,18,4,0,0,0,1,1,0,0,0
"POINT (6.780793925000070 51.230170688000001)",Unfall 47429 (2022) Kat:3, Licht: 0,47429,3,2,5,09,16,3,0,0,1,1,0,0,0,0
"POINT (6.701078506000040 51.231519814000102)",Unfall 47464 (2022) Kat:3, Licht: 0,47464,3,6,2,09,09,3,0,0,0,0,0,0,1,1
"POINT (6.781561148000040 51.202768392999999)",Unfall 47549 (2022) Kat:3, Licht: 0,47549,3,2,2,09,16,6,1,0,0,1,0,0,0,0
"POINT (6.805568164000020 51.209330788000003)",Unfall 47575 (2022) Kat:3, Licht: 0,47575,3,2,5,09,08,6,0,0,1,1,0,0,0,0
"POINT (6.855354907000050 51.229386521999999)",Unfall 47621 (2022) Kat:3, Licht: 0,47621,3,5,3,08,11,2,0,0,0,1,0,0,0,1
"POINT (6.753678005000040 51.266780561000097)",Unfall 47643 (2022) Kat:3, Licht: 0,47643,3,6,2,09,16,4,0,0,0,1,0,0,0,0
"POINT (6.806106863000020 51.247652029000101)",Unfall 47662 (2022) Kat:3, Licht: 0,47662,3,2,5,09,16,2,0,0,1,1,0,0,0,0
"POINT (6.735992224000030 51.296141992999999)",Unfall 47665 (2022) Kat:2, Licht: 0,47665,2,1,0,09,15,4,0,0,1,0,0,0,0,0
"POINT (6.839293618000060 51.246974168000101)",Unfall 47769 (2022) Kat:3, Licht: 0,47769,3,7,8,08,15,2,0,0,0,1,0,0,0,0
"POINT (6.821130362000080 51.255643638999999)",Unfall 47819 (2022) Kat:3, Licht: 0,47819,3,2,5,08,17,4,0,0,1,0,0,0,0,1
"POINT (6.822894644000030 51.184314960000101)",Unfall 47822 (2022) Kat:3, Licht: 0,47822,3,2,5,09,10,6,0,0,0,1,0,0,0,1
"POINT (6.808905937000080 51.231935582000098)",Unfall 47829 (2022) Kat:3, Licht: 0,47829,3,5,0,09,12,3,0,0,0,1,0,1,0,0
"POINT (6.761463687000060 51.271460578000102)",Unfall 47837 (2022) Kat:2, Licht: 0,47837,2,6,1,09,10,1,0,0,0,1,0,0,0,0
"POINT (6.814790590000030 51.233324852000102)",Unfall 47915 (2022) Kat:3, Licht: 2,47915,3,6,2,09,02,1,0,2,0,1,0,0,0,0
"POINT (6.797349488000070 51.212039966000098)",Unfall 47951 (2022) Kat:3, Licht: 0,47951,3,5,1,08,17,3,0,0,1,1,0,0,0,0
"POINT (6.893327253000050 51.161033023000101)",Unfall 47975 (2022) Kat:3, Licht: 0,47975,3,6,3,09,10,1,0,0,1,0,0,0,0,1
"POINT (6.782776407000030 51.215559624000001)",Unfall 48010 (2022) Kat:3, Licht: 2,48010,3,2,5,08,22,1,0,2,0,1,0,0,0,0
"POINT (6.771682475000030 51.232636567000000)",Unfall 48018 (2022) Kat:3, Licht: 0,48018,3,6,2,09,16,5,0,0,0,1,0,0,0,0
"POINT (6.810886628000050 51.222961153000000)",Unfall 48046 (2022) Kat:3, Licht: 0,48046,3,7,6,08,14,4,0,0,1,0,1,0,0,0
"POINT (6.782856919000040 51.206726665000097)",Unfall 48087 (2022) Kat:3, Licht: 0,48087,3,2,3,08,15,1,0,0,1,1,0,0,0,0
"POINT (6.800854807000060 51.250690570000103)",Unfall 48180 (2022) Kat:3, Licht: 2,48180,3,6,2,09,00,1,0,2,1,0,0,0,0,0
"POINT (6.799558558000060 51.266904951000100)",Unfall 48287 (2022) Kat:3, Licht: 0,48287,3,1,0,09,17,5,0,0,0,0,0,1,0,0
"POINT (6.870692320000050 51.223800137000097)",Unfall 48316 (2022) Kat:3, Licht: 0,48316,3,2,5,09,17,3,0,0,1,1,0,0,0,0
"POINT (6.788204460000030 51.192155736000103)",Unfall 48318 (2022) Kat:3, Licht: 0,48318,3,6,3,09,16,3,0,0,0,1,0,0,1,0
"POINT (6.906678776000040 51.135562364000101)",Unfall 48348 (2022) Kat:2, Licht: 0,48348,2,1,3,09,13,6,1,0,0,1,0,0,0,0
"POINT (6.813531933000040 51.192842158000097)",Unfall 48397 (2022) Kat:3, Licht: 0,48397,3,6,2,09,14,6,0,0,0,1,0,0,0,1
"POINT (6.823493937000020 51.229816839000101)",Unfall 48420 (2022) Kat:3, Licht: 0,48420,3,2,2,09,11,6,0,0,0,1,0,0,0,0
"POINT (6.815594419000040 51.259650972000003)",Unfall 48429 (2022) Kat:3, Licht: 2,48429,3,2,5,09,06,3,1,2,1,1,0,0,0,0
"POINT (6.794424523000030 51.272938345999997)",Unfall 48512 (2022) Kat:3, Licht: 0,48512,3,1,9,09,14,7,1,0,0,1,0,0,0,0
"POINT (6.746400115000030 51.241052521000000)",Unfall 48560 (2022) Kat:3, Licht: 0,48560,3,3,0,09,09,5,0,0,0,1,0,0,0,1
"POINT (6.857749442000060 51.191199736999998)",Unfall 48575 (2022) Kat:3, Licht: 0,48575,3,6,2,09,10,2,1,0,0,1,0,0,0,0
"POINT (6.750735256000040 51.242068513000000)",Unfall 48601 (2022) Kat:3, Licht: 0,48601,3,3,5,09,15,2,0,0,1,0,0,0,0,0
"POINT (6.799716274000050 51.251447359000103)",Unfall 48620 (2022) Kat:3, Licht: 0,48620,3,6,2,09,15,4,0,0,0,1,0,0,0,0
"POINT (6.810141389000020 51.262364967000103)",Unfall 48625 (2022) Kat:3, Licht: 0,48625,3,4,6,09,14,6,1,0,0,0,1,1,0,0
"POINT (6.764572948000020 51.249949538000102)",Unfall 48644 (2022) Kat:3, Licht: 0,48644,3,2,6,09,12,5,0,0,0,1,1,0,0,0
"POINT (6.794960325000030 51.247495018999999)",Unfall 48687 (2022) Kat:3, Licht: 0,48687,3,4,6,09,07,4,1,0,0,1,1,0,0,0
"POINT (6.793307479000020 51.333057924000101)",Unfall 48804 (2022) Kat:3, Licht: 0,48804,3,7,0,09,17,7,0,0,0,0,0,0,0,1
"POINT (6.795662091000050 51.224455171000002)",Unfall 48808 (2022) Kat:3, Licht: 0,48808,3,4,6,09,12,6,0,0,0,0,1,1,0,0
"POINT (6.771705803000030 51.323779950000102)",Unfall 48862 (2022) Kat:2, Licht: 0,48862,2,3,5,09,10,7,0,0,0,1,0,0,0,0
"POINT (6.801795809000050 51.243613950000103)",Unfall 48903 (2022) Kat:3, Licht: 0,48903,3,6,3,09,11,4,0,0,1,0,0,0,1,0
"POINT (6.787878706000070 51.276813652000001)",Unfall 48924 (2022) Kat:3, Licht: 0,48924,3,7,0,09,15,5,0,0,0,0,0,0,0,1
"POINT (6.855370553000060 51.229375521000101)",Unfall 48937 (2022) Kat:3, Licht: 0,48937,3,4,0,09,14,4,1,0,0,0,1,0,0,1
"POINT (6.720119531000020 51.232290399000100)",Unfall 48944 (2022) Kat:2, Licht: 2,48944,2,2,6,09,06,4,0,2,0,1,1,0,0,0
"POINT (6.781797752000050 51.218954953999997)",Unfall 49006 (2022) Kat:3, Licht: 0,49006,3,7,5,09,18,3,0,0,0,1,0,0,0,0
"POINT (6.798112307000050 51.210647717000001)",Unfall 49120 (2022) Kat:3, Licht: 0,49120,3,6,3,09,18,4,0,0,0,1,0,1,0,0
"POINT (6.862125749000030 51.211368230000097)",Unfall 49163 (2022) Kat:3, Licht: 1,49163,3,2,0,09,18,4,1,1,0,1,0,1,0,0
"POINT (6.781905002000030 51.230260344000001)",Unfall 49180 (2022) Kat:3, Licht: 0,49180,3,6,2,09,11,1,1,0,0,1,0,0,0,0
"POINT (6.809328352000020 51.176035826000003)",Unfall 49205 (2022) Kat:2, Licht: 0,49205,2,2,5,09,17,6,0,0,0,1,0,0,0,0
"POINT (6.766266724000050 51.317717555999998)",Unfall 49206 (2022) Kat:3, Licht: 0,49206,3,1,9,09,12,3,1,0,0,0,0,1,0,0
"POINT (6.782856919000040 51.206726665000097)",Unfall 49215 (2022) Kat:2, Licht: 0,49215,2,3,5,09,15,7,1,0,0,1,0,0,0,0
"POINT (6.798762743000050 51.286121915000102)",Unfall 49225 (2022) Kat:3, Licht: 0,49225,3,7,0,09,07,5,0,0,0,0,0,0,0,1
"POINT (6.780623834000040 51.230151557000099)",Unfall 49241 (2022) Kat:3, Licht: 0,49241,3,2,5,09,08,6,0,0,1,0,0,0,0,1
"POINT (6.783136440000020 51.253901835000100)",Unfall 49274 (2022) Kat:3, Licht: 0,49274,3,6,2,09,15,2,1,0,0,1,0,0,0,0
"POINT (6.810783451000020 51.222752728000003)",Unfall 49289 (2022) Kat:3, Licht: 2,49289,3,2,4,09,06,3,0,2,0,1,0,0,0,0
"POINT (6.791571785000030 51.276354396000002)",Unfall 49300 (2022) Kat:3, Licht: 0,49300,3,7,0,09,12,6,1,0,0,0,0,1,0,1
"POINT (6.811456791000070 51.224851501000003)",Unfall 49434 (2022) Kat:3, Licht: 2,49434,3,3,5,09,19,4,1,2,1,1,0,0,0,0
"POINT (6.856415086000030 51.205940160000097)",Unfall 49475 (2022) Kat:3, Licht: 0,49475,3,6,3,09,17,3,0,0,0,1,0,1,0,0
"POINT (6.737445275000030 51.231279622999999)",Unfall 49507 (2022) Kat:3, Licht: 0,49507,3,2,3,09,10,4,0,0,0,1,0,0,0,1
"POINT (6.807991023000060 51.208837144000000)",Unfall 49528 (2022) Kat:3, Licht: 0,49528,3,2,5,09,14,5,0,0,1,1,0,0,0,0
"POINT (6.782779149000020 51.215530897000100)",Unfall 49533 (2022) Kat:2, Licht: 0,49533,2,4,6,09,13,5,0,0,0,1,1,0,0,0
"POINT (6.908118476000030 51.134694310999997)",Unfall 49543 (2022) Kat:3, Licht: 1,49543,3,1,0,09,16,2,1,1,0,0,0,1,0,0
"POINT (6.862149541000060 51.223264953000097)",Unfall 49577 (2022) Kat:3, Licht: 0,49577,3,1,4,09,15,4,1,0,0,1,0,0,0,1
"POINT (6.800718827000030 51.250753494999998)",Unfall 49626 (2022) Kat:2, Licht: 2,49626,2,2,5,09,22,7,1,2,0,1,0,0,0,0
"POINT (6.784346961000040 51.203720703000002)",Unfall 49655 (2022) Kat:3, Licht: 0,49655,3,6,2,09,16,4,1,0,0,1,0,0,0,0
"POINT (6.804847978000050 51.216864596999997)",Unfall 49665 (2022) Kat:3, Licht: 0,49665,3,3,5,09,16,4,0,0,1,1,0,0,0,0
"POINT (6.800051514000070 51.210585887000001)",Unfall 49683 (2022) Kat:3, Licht: 0,49683,3,4,6,09,18,1,1,0,0,1,1,0,0,0
"POINT (6.770597202000030 51.200171660000102)",Unfall 49691 (2022) Kat:3, Licht: 0,49691,3,3,5,09,12,7,0,0,0,1,0,0,0,0
"POINT (6.822584416000040 51.184218817999998)",Unfall 49756 (2022) Kat:3, Licht: 0,49756,3,5,2,09,17,3,0,0,0,1,0,1,0,0
"POINT (6.833276052000030 51.194725988000101)",Unfall 49802 (2022) Kat:3, Licht: 0,49802,3,2,5,09,14,6,0,0,0,1,0,0,0,0
"POINT (6.808005670000060 51.208834256999999)",Unfall 49878 (2022) Kat:3, Licht: 0,49878,3,1,0,09,16,6,0,0,1,0,0,0,0,0
"POINT (6.886243923000050 51.176328110999997)",Unfall 49892 (2022) Kat:3, Licht: 1,49892,3,2,4,09,21,7,0,1,0,1,0,0,0,0
"POINT (6.777048133000050 51.240813674000002)",Unfall 49899 (2022) Kat:3, Licht: 0,49899,3,6,2,09,08,5,1,0,0,1,0,0,0,0
"POINT (6.809331195000030 51.176033343000000)",Unfall 49907 (2022) Kat:3, Licht: 0,49907,3,6,2,09,15,4,0,0,0,1,0,0,1,0
"POINT (6.903107079000050 51.140855410000000)",Unfall 49973 (2022) Kat:3, Licht: 0,49973,3,6,2,09,15,3,0,0,0,1,0,0,0,0
"POINT (6.698521519000050 51.227665926999997)",Unfall 49988 (2022) Kat:3, Licht: 0,49988,3,6,2,09,13,6,0,0,0,1,0,0,0,1
"POINT (6.834598947000070 51.226924272000097)",Unfall 50010 (2022) Kat:2, Licht: 2,50010,2,1,0,09,19,3,1,2,1,0,0,0,0,0
"POINT (6.909546603000020 51.195305400000102)",Unfall 50020 (2022) Kat:3, Licht: 0,50020,3,6,1,09,13,7,0,0,0,1,0,0,0,0
"POINT (6.745140784000060 51.230201157000103)",Unfall 50067 (2022) Kat:3, Licht: 0,50067,3,6,3,09,14,6,1,0,1,1,0,0,0,0
"POINT (6.780184581000070 51.253884444999997)",Unfall 50091 (2022) Kat:3, Licht: 0,50091,3,2,5,09,12,4,0,0,1,1,0,0,0,0
"POINT (6.754269505000020 51.265632502000102)",Unfall 50147 (2022) Kat:3, Licht: 2,50147,3,1,8,09,22,3,1,2,0,1,0,0,0,0
"POINT (6.782502339000080 51.223025759999999)",Unfall 50280 (2022) Kat:3, Licht: 0,50280,3,2,5,09,12,4,1,0,1,1,0,0,0,0
"POINT (6.700950061000070 51.231352332000000)",Unfall 50345 (2022) Kat:3, Licht: 0,50345,3,6,1,09,16,2,0,0,0,1,0,1,0,0
"POINT (6.798969771000030 51.213291785000102)",Unfall 50351 (2022) Kat:3, Licht: 2,50351,3,4,0,09,20,6,1,2,1,0,1,0,0,0
"POINT (6.860195501000020 51.229539623999997)",Unfall 50355 (2022) Kat:3, Licht: 0,50355,3,4,6,09,13,7,0,0,0,1,1,0,0,0
"POINT (6.761765730000040 51.259791794000101)",Unfall 50374 (2022) Kat:2, Licht: 2,50374,2,1,8,09,21,1,1,2,0,1,0,0,0,0
"POINT (6.801860450000050 51.242064132000102)",Unfall 50381 (2022) Kat:3, Licht: 0,50381,3,6,2,09,06,7,0,0,0,1,0,0,0,1
"POINT (6.800699337000030 51.195757236000098)",Unfall 50400 (2022) Kat:3, Licht: 0,50400,3,3,0,09,09,3,1,0,0,1,0,0,0,0
"POINT (6.783902797000050 51.192018253000100)",Unfall 50495 (2022) Kat:3, Licht: 2,50495,3,6,3,09,22,4,1,2,0,1,0,0,1,0
"POINT (6.810366545000020 51.232275131000101)",Unfall 50564 (2022) Kat:3, Licht: 0,50564,3,7,3,10,14,7,1,0,0,1,0,0,0,0
"POINT (6.810610686000080 51.262189883000097)",Unfall 50629 (2022) Kat:3, Licht: 0,50629,3,4,6,09,15,7,0,0,0,1,1,0,0,0
"POINT (6.798662266000060 51.251822060999999)",Unfall 50632 (2022) Kat:3, Licht: 0,50632,3,6,3,09,12,4,1,0,0,1,0,1,0,0
"POINT (6.734957827000070 51.231373994000101)",Unfall 50651 (2022) Kat:2, Licht: 0,50651,2,1,8,10,16,5,0,0,0,1,0,0,0,0
"POINT (6.762740857000040 51.248912681000000)",Unfall 50654 (2022) Kat:2, Licht: 0,50654,2,1,0,10,17,6,0,0,1,0,0,0,0,0
"POINT (6.787446226000040 51.214388036000102)",Unfall 50668 (2022) Kat:3, Licht: 0,50668,3,4,6,10,09,6,0,0,0,1,1,0,0,0
"POINT (6.913010408000050 51.268469248000002)",Unfall 50716 (2022) Kat:3, Licht: 1,50716,3,6,3,10,19,5,1,1,0,1,0,0,1,0
"POINT (6.761865297000040 51.200590754000103)",Unfall 50725 (2022) Kat:3, Licht: 0,50725,3,6,1,10,10,4,0,0,0,1,0,0,0,0
"POINT (6.798776099000070 51.210619176000101)",Unfall 50736 (2022) Kat:3, Licht: 0,50736,3,4,6,10,13,3,0,0,0,1,1,0,0,0
"POINT (6.853084820000050 51.237640560000003)",Unfall 50792 (2022) Kat:3, Licht: 0,50792,3,2,4,10,11,7,0,0,0,1,0,1,0,0
"POINT (6.743908752000040 51.241082425999998)",Unfall 50817 (2022) Kat:3, Licht: 0,50817,3,3,5,10,16,3,0,0,0,1,0,0,0,0
"POINT (6.811383703000050 51.227185814999999)",Unfall 50929 (2022) Kat:3, Licht: 0,50929,3,2,5,10,11,1,1,0,0,1,0,0,0,1
"POINT (6.796518072000030 51.274510335000102)",Unfall 50951 (2022) Kat:3, Licht: 0,50951,3,7,8,10,18,4,0,0,0,1,0,0,0,0
"POINT (6.779369615000060 51.233187362000102)",Unfall 50959 (2022) Kat:3, Licht: 0,50959,3,3,5,10,16,3,0,0,1,1,0,0,0,0
"POINT (6.768632453000070 51.254504752000102)",Unfall 50988 (2022) Kat:3, Licht: 0,50988,3,5,1,10,09,4,0,0,0,1,0,0,0,0
"POINT (6.840070423000040 51.197741661000101)",Unfall 51020 (2022) Kat:3, Licht: 1,51020,3,2,4,10,07,2,0,1,0,1,0,0,0,1