WKT,Name,OBJECTID,UKATEGORIE,UTYP1,UART,UMONAT,USTUNDE,UWOCHENTAG,STRZUSTAND,ULICHTVERH,ISTRAD,ISTPKW,ISTFUSS,ISTKRAD,ISTGKFZ,ISTSONSTIG
"POINT (6.780793925000070 51.230170688000001)",Unfall 51048 (2022) Kat:3, Licht: 2,51048,3,2,5,10,19,2,0,2,0,1,0,0,0,1
"POINT (6.802193369000070 51.215409776999998)",Unfall 51113 (2022) Kat:3, Licht: 0,51113,3,3,5,10,18,6,0,0,0,1,0,0,0,1
"POINT (6.825454911000070 51.269320878000002)",Unfall 51121 (2022) Kat:3, Licht: 0,51121,3,1,8,10,17,5,0,0,0,1,0,1,0,0
"POINT (6.775789144000040 51.187783190000097)",Unfall 51127 (2022) Kat:3, Licht: 1,51127,3,6,0,10,19,6,1,1,0,1,0,0,0,1
"POINT (6.774869529000060 51.265826537000102)",Unfall 51135 (2022) Kat:2, Licht: 0,51135,2,6,2,10,14,5,0,0,0,1,0,0,0,0
"POINT (6.803143508000060 51.287792082000102)",Unfall 51138 (2022) Kat:3, Licht: 0,51138,3,6,3,10,11,6,0,0,0,1,0,0,1,0
"POINT (6.743582289000070 51.311972928000003)",Unfall 51146 (2022) Kat:3, Licht: 0,51146,3,1,9,10,09,5,0,0,0,1,0,0,0,0
"POINT (6.723690689000020 51.270911522000098)",Unfall 51189 (2022) Kat:3, Licht: 0,51189,3,7,9,10,07,1,0,0,0,1,0,0,0,0
"POINT (6.750088083000040 51.271618805999999)",Unfall 51196 (2022) Kat:3, Licht: 0,51196,3,3,5,10,15,3,0,0,0,1,0,0,0,0
"POINT (6.810610686000080 51.262189883000097)",Unfall 51205 (2022) Kat:3, Licht: 0,51205,3,2,8,10,13,3,0,0,0,1,0,0,0,0
"POINT (6.822478310000060 51.238298278999999)",Unfall 51231 (2022) Kat:3, Licht: 0,51231,3,2,6,10,17,5,1,0,0,1,1,0,0,0
"POINT (6.786835805000070 51.243988569000102)",Unfall 51244 (2022) Kat:3, Licht: 0,51244,3,2,5,10,12,1,0,0,0,1,0,0,0,0
"POINT (6.827458790000040 51.241846268000103)",Unfall 51247 (2022) Kat:3, Licht: 0,51247,3,3,5,10,11,3,0,0,0,1,0,0,0,0
"POINT (6.780162483000030 51.254016487000101)",Unfall 51299 (2022) Kat:3, Licht: 0,51299,3,2,5,10,12,1,0,0,1,1,0,0,0,0
"POINT (6.722685093000050 51.249630957000100)",Unfall 51306 (2022) Kat:3, Licht: 1,51306,3,3,0,10,07,3,0,1,1,1,0,0,0,0
"POINT (6.800718403000080 51.214835166000100)",Unfall 51359 (2022) Kat:3, Licht: 0,51359,3,2,5,10,14,2,0,0,1,1,0,0,0,0
"POINT (6.719841339000030 51.233833666000102)",Unfall 51373 (2022) Kat:3, Licht: 0,51373,3,6,2,10,16,5,0,0,0,1,0,0,0,0
"POINT (6.777330200000050 51.253764900000100)",Unfall 51376 (2022) Kat:3, Licht: 0,51376,3,2,2,10,17,6,0,0,0,1,0,0,0,0
"POINT (6.804700085000040 51.216746733999997)",Unfall 51616 (2022) Kat:3, Licht: 1,51616,3,7,5,10,07,4,0,1,1,1,0,0,0,0
"POINT (6.782776407000030 51.215559624000001)",Unfall 51624 (2022) Kat:3, Licht: 0,51624,3,6,2,10,13,3,0,0,0,1,0,0,0,0
"POINT (6.834677269000050 51.239924259000098)",Unfall 51629 (2022) Kat:3, Licht: 0,51629,3,6,2,10,14,4,0,0,0,1,0,0,0,0
"POINT (6.913999035000070 51.257924439000099)",Unfall 51637 (2022) Kat:2, Licht: 0,51637,2,1,9,10,09,5,0,0,0,1,0,0,0,0
"POINT (6.831258583000020 51.241270929999999)",Unfall 51680 (2022) Kat:2, Licht: 0,51680,2,1,0,10,13,1,0,0,1,0,0,0,0,0
"POINT (6.749324721000050 51.200007539000097)",Unfall 51720 (2022) Kat:3, Licht: 0,51720,3,6,2,10,17,5,1,0,0,1,0,0,0,0
"POINT (6.806341068000050 51.218179808000102)",Unfall 51765 (2022) Kat:3, Licht: 0,51765,3,1,0,10,16,4,0,0,0,0,0,1,0,0
"POINT (6.790695926000070 51.245854957000098)",Unfall 51795 (2022) Kat:3, Licht: 0,51795,3,4,6,10,19,3,0,0,0,0,1,0,0,1
"POINT (6.778126033000040 51.253797700000099)",Unfall 51816 (2022) Kat:3, Licht: 0,51816,3,6,3,10,12,1,0,0,0,1,0,1,0,0
"POINT (6.787354664000080 51.227763205000002)",Unfall 51985 (2022) Kat:2, Licht: 2,51985,2,4,6,10,05,3,0,2,0,0,1,0,0,1
"POINT (6.714133081000060 51.274857762000103)",Unfall 52185 (2022) Kat:3, Licht: 0,52185,3,6,2,10,09,5,0,0,0,1,0,0,0,0
"POINT (6.810318089000020 51.262194518000101)",Unfall 52261 (2022) Kat:3, Licht: 0,52261,3,2,5,10,17,5,0,0,1,1,0,0,0,0
"POINT (6.770567190000070 51.200001962000002)",Unfall 52280 (2022) Kat:3, Licht: 0,52280,3,3,5,10,11,6,0,0,1,1,0,0,0,0
"POINT (6.860293858000030 51.156514418000000)",Unfall 52303 (2022) Kat:3, Licht: 0,52303,3,4,6,10,18,7,0,0,0,0,1,0,0,1
"POINT (6.783721679000050 51.218882742000098)",Unfall 52308 (2022) Kat:3, Licht: 0,52308,3,6,3,10,17,7,1,0,0,1,0,0,0,0
"POINT (6.847762183000040 51.200481700000097)",Unfall 52330 (2022) Kat:3, Licht: 0,52330,3,7,0,10,16,4,0,0,0,0,0,0,0,1
"POINT (6.830163763000030 51.205495482000103)",Unfall 52395 (2022) Kat:3, Licht: 0,52395,3,3,5,10,07,6,1,0,0,1,0,0,0,0
"POINT (6.788541316000020 51.225850829000102)",Unfall 52396 (2022) Kat:3, Licht: 2,52396,3,6,2,10,00,1,1,2,0,1,0,1,0,0
"POINT (6.805009006000030 51.193465224000100)",Unfall 52403 (2022) Kat:2, Licht: 2,52403,2,6,3,10,18,4,0,2,0,1,0,0,1,0
"POINT (6.850747841000040 51.231895757000103)",Unfall 52436 (2022) Kat:3, Licht: 2,52436,3,1,0,10,22,5,0,2,1,0,0,0,0,0
"POINT (6.780170062000020 51.253958249000000)",Unfall 52438 (2022) Kat:3, Licht: 0,52438,3,2,5,10,11,1,0,0,0,1,0,1,0,0
"POINT (6.780793925000070 51.230170688000001)",Unfall 52444 (2022) Kat:3, Licht: 1,52444,3,6,4,10,07,4,0,1,1,0,0,0,0,0
"POINT (6.808203990000040 51.259753506999999)",Unfall 52479 (2022) Kat:3, Licht: 2,52479,3,4,6,10,20,2,1,2,0,1,1,0,0,0
"POINT (6.825745282000070 51.206204487000001)",Unfall 52513 (2022) Kat:3, Licht: 0,52513,3,2,0,10,13,5,1,0,1,1,0,0,0,0
"POINT (6.771196750000060 51.253150348000098)",Unfall 52521 (2022) Kat:3, Licht: 0,52521,3,2,2,10,10,4,0,0,0,1,0,0,0,0
"POINT (6.771193406000070 51.313940955000099)",Unfall 52599 (2022) Kat:2, Licht: 2,52599,2,7,7,10,20,7,0,2,0,1,0,0,0,0
"POINT (6.770013497000040 51.252665955000097)",Unfall 52600 (2022) Kat:3, Licht: 0,52600,3,6,4,10,14,3,0,0,1,0,0,0,0,1
"POINT (6.865411111000070 51.221574165000000)",Unfall 52671 (2022) Kat:3, Licht: 0,52671,3,4,6,10,09,3,1,0,0,1,1,0,0,0
"POINT (6.775338151000030 51.186016051000102)",Unfall 52677 (2022) Kat:3, Licht: 1,52677,3,6,3,10,18,4,0,1,0,1,0,0,1,0
"POINT (6.863977570000030 51.213450637000101)",Unfall 52734 (2022) Kat:3, Licht: 2,52734,3,7,5,10,07,4,0,2,0,1,0,0,0,0
"POINT (6.770641462000070 51.253541826999999)",Unfall 52735 (2022) Kat:3, Licht: 2,52735,3,1,8,10,02,2,1,2,0,1,0,0,0,0
"POINT (6.759638641000040 51.247157914000098)",Unfall 52741 (2022) Kat:3, Licht: 0,52741,3,6,6,10,17,5,0,0,1,0,1,0,0,0
"POINT (6.815243797000050 51.259430985999998)",Unfall 52756 (2022) Kat:3, Licht: 0,52756,3,6,2,10,09,2,1,0,0,1,0,1,0,0
"POINT (6.842218444000030 51.197937992000000)",Unfall 52763 (2022) Kat:3, Licht: 0,52763,3,6,2,10,16,4,0,0,1,0,1,0,0,0
"POINT (6.734818644000030 51.236883545000097)",Unfall 52818 (2022) Kat:3, Licht: 0,52818,3,6,2,10,09,4,0,0,0,1,0,0,0,0
"POINT (6.702983063000030 51.234155004999998)",Unfall 52824 (2022) Kat:3, Licht: 0,52824,3,6,2,10,16,5,0,0,0,1,0,0,1,0
"POINT (6.778177293000060 51.235092535000000)",Unfall 52849 (2022) Kat:3, Licht: 0,52849,3,3,5,10,12,5,0,0,0,1,0,0,0,1
"POINT (6.823825363000030 51.229851864000103)",Unfall 52921 (2022) Kat:3, Licht: 0,52921,3,1,0,10,14,6,1,0,0,0,0,1,0,0
"POINT (6.754676719000030 51.231627551000003)",Unfall 53032 (2022) Kat:3, Licht: 2,53032,3,3,5,10,18,5,0,2,1,1,0,0,0,0
"POINT (6.860482287000020 51.209804589000001)",Unfall 53069 (2022) Kat:3, Licht: 2,53069,3,6,3,10,20,7,0,2,0,1,0,0,0,1
"POINT (6.775916865000060 51.200079115999998)",Unfall 53097 (2022) Kat:3, Licht: 0,53097,3,6,2,10,07,4,0,0,0,1,0,0,0,0
"POINT (6.758923641000020 51.211534397000001)",Unfall 53144 (2022) Kat:2, Licht: 0,53144,2,6,2,10,13,6,0,0,0,1,0,1,0,0
"POINT (6.808905937000080 51.231935582000098)",Unfall 53166 (2022) Kat:3, Licht: 0,53166,3,3,5,10,14,2,0,0,0,1,0,0,0,0
"POINT (6.791645214000030 51.333002378000103)",Unfall 53168 (2022) Kat:3, Licht: 0,53168,3,6,4,10,16,4,0,0,0,1,0,0,0,0
"POINT (6.782788573000060 51.215380435999997)",Unfall 53182 (2022) Kat:3, Licht: 0,53182,3,6,2,10,11,6,0,0,0,1,0,1,0,0
"POINT (6.776050407000070 51.200068902000098)",Unfall 53203 (2022) Kat:3, Licht: 0,53203,3,6,2,10,15,5,0,0,0,1,0,0,0,0
"POINT (6.791512454000040 51.246162499999997)",Unfall 53282 (2022) Kat:2, Licht: 0,53282,2,4,0,10,15,1,0,0,0,1,1,0,0,0
"POINT (6.859697458000030 51.224024082000000)",Unfall 53340 (2022) Kat:3, Licht: 0,53340,3,6,2,10,17,2,1,0,0,1,0,0,0,0
"POINT (6.822759481000050 51.206913575000002)",Unfall 53347 (2022) Kat:3, Licht: 0,53347,3,6,2,10,09,4,0,0,0,1,0,0,0,0
"POINT (6.779635257000050 51.273050302000101)",Unfall 53369 (2022) Kat:3, Licht: 2,53369,3,3,5,10,22,1,1,2,0,1,0,1,0,0
"POINT (6.810756591000030 51.222705177000101)",Unfall 53422 (2022) Kat:3, Licht: 2,53422,3,2,5,10,07,2,1,2,0,1,0,0,0,1
"POINT (6.761020072000060 51.231676323000002)",Unfall 53432 (2022) Kat:2, Licht: 2,53432,2,1,0,10,22,7,0,2,1,0,0,0,0,0
"POINT (6.794399875000070 51.252900830000002)",Unfall 53503 (2022) Kat:3, Licht: 0,53503,3,2,5,10,14,4,0,0,1,1,0,0,0,0
"POINT (6.803436750000060 51.230871260000100)",Unfall 53510 (2022) Kat:3, Licht: 0,53510,3,6,3,10,15,5,0,0,1,1,0,0,0,1
"POINT (6.829382182000070 51.205674594000101)",Unfall 53538 (2022) Kat:3, Licht: 0,53538,3,6,2,10,14,1,0,0,0,1,0,0,0,1
"POINT (6.827406744000030 51.267095200000000)",Unfall 53569 (2022) Kat:3, Licht: 2,53569,3,2,6,11,20,6,0,2,0,1,1,0,0,0
"POINT (6.751673061000080 51.338478850999998)",Unfall 53603 (2022) Kat:3, Licht: 0,53603,3,3,5,11,12,7,0,0,1,1,0,0,0,0
"POINT (6.807917421000070 51.219895183000098)",Unfall 53610 (2022) Kat:3, Licht: 0,53610,3,2,5,11,11,6,0,0,1,0,0,0,0,1
"POINT (6.771627100000050 51.253273348000100)",Unfall 53624 (2022) Kat:3, Licht: 1,53624,3,2,5,11,16,6,0,1,0,1,0,1,0,0
"POINT (6.774569141000030 51.239893000999999)",Unfall 53651 (2022) Kat:3, Licht: 2,53651,3,2,5,11,20,5,1,2,0,1,0,0,0,0
"POINT (6.816802248000040 51.258867115999998)",Unfall 53654 (2022) Kat:3, Licht: 0,53654,3,7,4,11,13,3,0,0,0,1,0,0,0,0
"POINT (6.751592436000070 51.242539126000104)",Unfall 53674 (2022) Kat:3, Licht: 0,53674,3,6,3,11,13,2,0,0,0,1,0,0,0,1
"POINT (6.798869135000070 51.220989771000099)",Unfall 53692 (2022) Kat:2, Licht: 0,53692,2,6,3,11,11,4,0,0,0,1,0,0,0,1
"POINT (6.806874625000030 51.218941514999997)",Unfall 53735 (2022) Kat:3, Licht: 0,53735,3,6,2,11,15,3,0,0,0,1,0,0,1,0
"POINT (6.747901585000020 51.234349725000101)",Unfall 53782 (2022) Kat:3, Licht: 0,53782,3,2,5,11,08,6,0,0,1,1,0,0,0,0
"POINT (6.782098789000030 51.242432602000100)",Unfall 53832 (2022) Kat:3, Licht: 0,53832,3,4,6,11,11,6,1,0,0,1,1,0,0,0
"POINT (6.819631043000070 51.250613618999999)",Unfall 53841 (2022) Kat:3, Licht: 0,53841,3,2,6,10,12,2,0,0,0,1,1,0,0,0
"POINT (6.786507412000050 51.222765187999997)",Unfall 53889 (2022) Kat:2, Licht: 0,53889,2,2,4,11,15,5,0,0,0,1,0,1,0,0
"POINT (6.772098736000030 51.252356079999998)",Unfall 53925 (2022) Kat:3, Licht: 0,53925,3,3,5,11,13,7,0,0,0,1,0,0,0,1
"POINT (6.856448042000070 51.193145489000102)",Unfall 53999 (2022) Kat:3, Licht: 2,53999,3,6,4,11,05,1,0,2,1,0,0,0,0,0
"POINT (6.776657508000030 51.237047902000000)",Unfall 54042 (2022) Kat:3, Licht: 2,54042,3,3,5,11,06,6,0,2,0,1,0,0,0,1
"POINT (6.821561201000070 51.239137938000098)",Unfall 54254 (2022) Kat:3, Licht: 0,54254,3,1,0,11,11,6,1,0,0,0,0,1,0,0
"POINT (6.819950990000050 51.235811062000003)",Unfall 54297 (2022) Kat:3, Licht: 2,54297,3,7,0,11,17,7,0,2,0,0,1,0,0,1
"POINT (6.816237486000030 51.192564670000102)",Unfall 54338 (2022) Kat:3, Licht: 1,54338,3,6,2,11,07,5,1,1,0,1,0,0,1,0
"POINT (6.802193369000070 51.215409776999998)",Unfall 54364 (2022) Kat:3, Licht: 0,54364,3,3,5,11,10,4,0,0,1,1,0,0,0,0
"POINT (6.781772352000080 51.218455359000103)",Unfall 54396 (2022) Kat:3, Licht: 0,54396,3,3,0,11,14,6,0,0,1,0,0,0,0,1
"POINT (6.795038724000050 51.273554545000103)",Unfall 54406 (2022) Kat:3, Licht: 0,54406,3,1,9,11,07,4,1,0,0,1,0,0,0,0
"POINT (6.782776407000030 51.215559624000001)",Unfall 54409 (2022) Kat:3, Licht: 0,54409,3,6,2,11,12,3,0,0,0,1,0,0,0,0
"POINT (6.702979052000050 51.236192029999998)",Unfall 54423 (2022) Kat:3, Licht: 0,54423,3,3,5,11,11,3,0,0,0,1,0,0,0,0
"POINT (6.785544263000080 51.191018751999998)",Unfall 54461 (2022) Kat:3, Licht: 0,54461,3,6,2,11,08,3,0,0,0,1,0,0,0,0
"POINT (6.778679708000030 51.234430193999998)",Unfall 54509 (2022) Kat:3, Licht: 2,54509,3,5,0,11,18,3,1,2,1,1,0,0,0,0
"POINT (6.797812346000060 51.351502240000102)",Unfall 54510 (2022) Kat:3, Licht: 0,54510,3,1,0,11,16,7,0,0,0,0,0,1,0,0
"POINT (6.821332553000050 51.169416918000103)",Unfall 54517 (2022) Kat:3, Licht: 0,54517,3,6,2,11,12,3,0,0,0,1,0,0,1,0
"POINT (6.797419249000030 51.269406312000100)",Unfall 54550 (2022) Kat:3, Licht: 0,54550,3,2,4,11,14,2,0,0,0,1,0,0,0,0
"POINT (6.803317764000040 51.230863630999998)",Unfall 54553 (2022) Kat:3, Licht: 0,54553,3,3,5,11,12,6,0,0,0,1,0,0,0,0
"POINT (6.782121681000040 51.219328361000102)",Unfall 54597 (2022) Kat:3, Licht: 0,54597,3,7,0,11,13,2,0,0,0,0,0,1,0,0
"POINT (6.732249086000020 51.234840298000101)",Unfall 54605 (2022) Kat:3, Licht: 2,54605,3,6,2,11,17,3,0,2,0,1,0,0,0,0
"POINT (6.883516550000020 51.161082940000000)",Unfall 54650 (2022) Kat:2, Licht: 2,54650,2,1,8,11,22,6,1,2,0,0,0,1,0,0
"POINT (6.790691580000040 51.199680248999996)",Unfall 54702 (2022) Kat:3, Licht: 2,54702,3,7,0,11,18,6,0,2,0,0,0,1,0,0
"POINT (6.851821566000070 51.231119443000097)",Unfall 54703 (2022) Kat:3, Licht: 1,54703,3,3,5,11,06,3,1,1,1,1,0,0,0,0
"POINT (6.820798838000030 51.236648244000001)",Unfall 54710 (2022) Kat:3, Licht: 0,54710,3,2,5,11,12,3,0,0,1,0,0,0,0,1
"POINT (6.784514050000040 51.203926044000099)",Unfall 54761 (2022) Kat:3, Licht: 0,54761,3,6,2,11,15,5,0,0,0,1,0,0,0,0
"POINT (6.786581511000070 51.240045115000001)",Unfall 54776 (2022) Kat:3, Licht: 0,54776,3,2,0,11,17,6,1,0,1,1,0,0,0,0
"POINT (6.775874384000080 51.262817520000098)",Unfall 54802 (2022) Kat:3, Licht: 2,54802,3,7,0,11,05,2,0,2,0,0,1,0,0,1
"POINT (6.782212794000030 51.226548579000102)",Unfall 54863 (2022) Kat:3, Licht: 0,54863,3,6,2,11,16,1,0,0,0,1,0,1,0,0
"POINT (6.813767779000050 51.260539197000099)",Unfall 54933 (2022) Kat:3, Licht: 0,54933,3,6,2,11,08,3,0,0,0,1,0,0,0,0
"POINT (6.753868516000070 51.200844910999997)",Unfall 55033 (2022) Kat:2, Licht: 2,55033,2,2,5,11,23,7,0,2,0,1,0,0,0,0
"POINT (6.796536714000070 51.259322109999999)",Unfall 55078 (2022) Kat:3, Licht: 0,55078,3,6,2,11,13,6,0,0,0,1,0,0,0,0
"POINT (6.780844202000030 51.230726388000100)",Unfall 55104 (2022) Kat:3, Licht: 2,55104,3,6,2,11,21,6,1,2,0,1,0,0,0,0
"POINT (6.807309697000050 51.253931369000000)",Unfall 55127 (2022) Kat:3, Licht: 0,55127,3,1,0,11,07,6,1,0,0,0,0,1,0,0
"POINT (6.772457168000070 51.243467806000098)",Unfall 55139 (2022) Kat:3, Licht: 0,55139,3,3,5,11,15,4,1,0,1,1,0,0,0,0
"POINT (6.827406744000030 51.267095200000000)",Unfall 55237 (2022) Kat:3, Licht: 0,55237,3,2,5,11,11,4,0,0,1,1,0,0,0,0
"POINT (6.905129161000050 51.138314477000101)",Unfall 55240 (2022) Kat:3, Licht: 2,55240,3,3,5,11,18,5,1,2,1,1,0,0,0,0
"POINT (6.828516734000060 51.227760140000001)",Unfall 55299 (2022) Kat:3, Licht: 2,55299,3,7,0,11,17,3,0,2,0,0,0,0,0,1
"POINT (6.784346961000040 51.203720703000002)",Unfall 55370 (2022) Kat:3, Licht: 2,55370,3,3,5,11,18,1,0,2,0,1,0,0,0,0
"POINT (6.858031124000040 51.243526405000097)",Unfall 55440 (2022) Kat:2, Licht: 0,55440,2,7,7,11,09,1,0,0,0,0,0,0,0,1
"POINT (6.713020209000040 51.236310423000099)",Unfall 55465 (2022) Kat:3, Licht: 0,55465,3,7,5,11,14,4,0,0,0,1,0,0,0,1
"POINT (6.797963014000060 51.212491742000097)",Unfall 55474 (2022) Kat:3, Licht: 0,55474,3,2,3,11,10,2,0,0,0,0,0,0,1,1
"POINT (6.799407148000060 51.230044974000101)",Unfall 55536 (2022) Kat:3, Licht: 0,55536,3,2,2,11,15,5,0,0,0,1,0,0,0,1
"POINT (6.771627100000050 51.253273348000100)",Unfall 55550 (2022) Kat:3, Licht: 0,55550,3,4,6,11,07,6,0,0,0,1,1,0,0,0
"POINT (6.783340196000040 51.247859101000103)",Unfall 55564 (2022) Kat:3, Licht: 0,55564,3,6,4,11,16,5,1,0,0,0,0,1,0,1
"POINT (6.714256241000040 51.235671177000000)",Unfall 55605 (2022) Kat:3, Licht: 2,55605,3,1,4,11,23,7,0,2,0,1,0,0,0,0
"POINT (6.803220910000050 51.216093266000001)",Unfall 55608 (2022) Kat:3, Licht: 0,55608,3,2,5,11,10,4,0,0,1,1,0,0,0,0
"POINT (6.795949594000040 51.211047201000000)",Unfall 55655 (2022) Kat:3, Licht: 0,55655,3,6,2,11,14,6,1,0,0,1,0,0,1,0
"POINT (6.803978284000040 51.237293690000101)",Unfall 55681 (2022) Kat:3, Licht: 0,55681,3,6,0,11,15,2,0,0,1,1,0,0,0,0
"POINT (6.782726893000070 51.208258193000098)",Unfall 55700 (2022) Kat:3, Licht: 2,55700,3,6,2,11,17,7,0,2,0,1,0,0,0,0
"POINT (6.801445136000040 51.218287377000102)",Unfall 55711 (2022) Kat:3, Licht: 2,55711,3,4,6,11,17,6,0,2,0,1,1,0,0,0
"POINT (6.776817751000070 51.230340408000103)",Unfall 55712 (2022) Kat:3, Licht: 2,55712,3,1,9,11,00,3,0,2,0,1,0,0,0,0
"POINT (6.771682475000030 51.232636567000000)",Unfall 55718 (2022) Kat:3, Licht: 0,55718,3,1,0,10,15,1,0,0,0,0,0,1,0,0
"POINT (6.809142565000060 51.262618926000101)",Unfall 55723 (2022) Kat:3, Licht: 0,55723,3,7,5,11,14,5,0,0,0,1,0,0,0,0
"POINT (6.783824591000040 51.204415789000102)",Unfall 55745 (2022) Kat:3, Licht: 2,55745,3,2,6,11,19,2,0,2,0,1,1,0,0,0
"POINT (6.776557670000050 51.253495882999999)",Unfall 55749 (2022) Kat:3, Licht: 0,55749,3,1,0,11,15,3,0,0,1,0,0,0,0,0
"POINT (6.857749442000060 51.191199736999998)",Unfall 55750 (2022) Kat:3, Licht: 2,55750,3,7,0,11,18,2,1,2,1,0,0,0,0,0
"POINT (6.886186938000040 51.176343705000100)",Unfall 55811 (2022) Kat:3, Licht: 2,55811,3,2,4,11,07,5,1,2,0,1,0,1,0,0
"POINT (6.801317070000040 51.230585936000097)",Unfall 55837 (2022) Kat:3, Licht: 2,55837,3,2,6,11,19,4,1,2,0,1,1,0,0,0
"POINT (6.770734344000060 51.241633517000103)",Unfall 55846 (2022) Kat:3, Licht: 2,55846,3,6,2,11,07,3,1,2,0,1,0,0,1,0
"POINT (6.760598707000040 51.261850754000100)",Unfall 55878 (2022) Kat:3, Licht: 0,55878,3,7,2,11,07,4,1,0,0,1,0,0,0,0
"POINT (6.780623459000030 51.202428756000103)",Unfall 55894 (2022) Kat:2, Licht: 2,55894,2,1,0,11,01,1,0,2,0,0,0,1,0,0
"POINT (6.754926330000050 51.324576751999999)",Unfall 55951 (2022) Kat:3, Licht: 2,55951,3,1,3,11,23,3,1,2,0,1,0,0,0,0
"POINT (6.784876182000060 51.220615238000100)",Unfall 55979 (2022) Kat:3, Licht: 2,55979,3,1,0,11,22,3,1,2,0,0,0,0,0,1
"POINT (6.735992454000040 51.296194894999999)",Unfall 55988 (2022) Kat:2, Licht: 2,55988,2,4,6,11,19,1,1,2,0,1,1,0,0,0
"POINT (6.914889041000040 51.259164116000100)",Unfall 56050 (2022) Kat:3, Licht: 0,56050,3,1,9,11,12,6,0,0,0,1,0,0,0,0
"POINT (6.781170671000040 51.273511068000097)",Unfall 56068 (2022) Kat:2, Licht: 2,56068,2,2,6,11,18,4,1,2,0,0,1,0,0,1
"POINT (6.787068746000050 51.230827060000102)",Unfall 56205 (2022) Kat:3, Licht: 2,56205,3,2,5,11,20,2,1,2,0,1,0,0,0,1
"POINT (6.911442320000050 51.130034199000100)",Unfall 56261 (2022) Kat:3, Licht: 2,56261,3,1,8,11,22,7,0,2,0,1,0,0,0,0
"POINT (6.777706952000070 51.235246965999998)",Unfall 56318 (2022) Kat:2, Licht: 2,56318,2,1,0,11,21,3,1,2,0,0,0,0,0,1
"POINT (6.775385740000050 51.200756632999997)",Unfall 56392 (2022) Kat:2, Licht: 0,56392,2,7,8,11,15,3,0,0,0,1,0,0,0,0
"POINT (6.787343572000050 51.227805871000001)",Unfall 56422 (2022) Kat:3, Licht: 2,56422,3,2,5,11,17,5,0,2,0,1,0,1,0,0
"POINT (6.905186438000040 51.138240612000097)",Unfall 56426 (2022) Kat:3, Licht: 2,56426,3,7,0,11,18,3,1,2,0,0,1,0,0,1
"POINT (6.861187153000060 51.251087155000100)",Unfall 56454 (2022) Kat:3, Licht: 2,56454,3,1,0,11,06,3,1,2,1,0,0,0,0,0
"POINT (6.764635451000060 51.250160617000098)",Unfall 56463 (2022) Kat:3, Licht: 2,56463,3,2,5,11,17,1,1,2,0,1,0,0,0,1
"POINT (6.907174861000040 51.132238530000102)",Unfall 56486 (2022) Kat:3, Licht: 2,56486,3,3,5,12,17,5,0,2,0,1,0,0,0,1
"POINT (6.793933616000060 51.252843610000099)",Unfall 56512 (2022) Kat:3, Licht: 2,56512,3,6,2,11,18,2,1,2,0,1,0,0,0,0
"POINT (6.782856919000040 51.206726665000097)",Unfall 56526 (2022) Kat:3, Licht: 2,56526,3,4,6,12,20,6,0,2,0,1,1,0,0,0
"POINT (6.790963514000050 51.192637914000002)",Unfall 56583 (2022) Kat:3, Licht: 0,56583,3,6,2,11,15,3,1,0,0,1,0,0,0,0
"POINT (6.724343349000040 51.232354930000000)",Unfall 56599 (2022) Kat:3, Licht: 1,56599,3,7,2,11,15,1,1,1,0,1,0,0,0,1
"POINT (6.775788915000020 51.240226017000097)",Unfall 56621 (2022) Kat:3, Licht: 2,56621,3,2,6,11,18,4,1,2,0,1,1,0,0,0
"POINT (6.785843788000020 51.253838186999999)",Unfall 56622 (2022) Kat:3, Licht: 1,56622,3,3,5,11,08,3,1,1,0,1,0,0,0,1
"POINT (6.708767340000070 51.238562231000103)",Unfall 56647 (2022) Kat:3, Licht: 2,56647,3,2,5,12,19,5,0,2,1,1,0,0,0,0
"POINT (6.822759481000050 51.206913575000002)",Unfall 56668 (2022) Kat:3, Licht: 0,56668,3,2,3,11,15,4,0,0,0,0,0,0,1,1
"POINT (6.889983645000030 51.161045494000099)",Unfall 56683 (2022) Kat:2, Licht: 2,56683,2,2,5,11,06,2,1,2,0,1,0,1,0,0
"POINT (6.773846236000050 51.271703803000001)",Unfall 56729 (2022) Kat:3, Licht: 0,56729,3,6,2,11,12,4,0,0,0,1,0,0,0,0
"POINT (6.768596121000030 51.322251010999999)",Unfall 56758 (2022) Kat:3, Licht: 2,56758,3,2,5,11,17,6,0,2,1,1,0,0,0,0
"POINT (6.891935493000060 51.150955855000099)",Unfall 56780 (2022) Kat:3, Licht: 0,56780,3,6,3,11,15,4,0,0,0,1,0,0,0,0
"POINT (6.771922565000070 51.243381968000101)",Unfall 56804 (2022) Kat:3, Licht: 2,56804,3,2,5,12,18,6,0,2,0,1,0,1,0,0
"POINT (6.839444829000060 51.236409817000002)",Unfall 56836 (2022) Kat:3, Licht: 1,56836,3,2,6,11,16,3,0,1,0,1,1,0,0,0
"POINT (6.778000932000050 51.235272459999997)",Unfall 56843 (2022) Kat:3, Licht: 2,56843,3,5,1,11,18,4,1,2,1,1,0,0,0,0
"POINT (6.851368024000070 51.231417893000099)",Unfall 56857 (2022) Kat:3, Licht: 0,56857,3,5,1,12,14,6,0,0,0,1,0,0,0,1
"POINT (6.849635544000020 51.238585224000097)",Unfall 56875 (2022) Kat:3, Licht: 2,56875,3,6,2,11,06,2,1,2,0,1,0,0,0,0
"POINT (6.865161807000050 51.214533201000101)",Unfall 57002 (2022) Kat:3, Licht: 0,57002,3,6,0,12,08,6,1,0,0,0,0,1,0,1
"POINT (6.804400127000060 51.216544646999999)",Unfall 57003 (2022) Kat:3, Licht: 0,57003,3,6,2,12,10,4,0,0,0,1,0,0,0,0