WKT,Name,OBJECTID,UKATEGORIE,UTYP1,UART,UMONAT,USTUNDE,UWOCHENTAG,STRZUSTAND,ULICHTVERH,ISTRAD,ISTPKW,ISTFUSS,ISTKRAD,ISTGKFZ,ISTSONSTIG
"POINT (6.788425352000050 51.225464493000104)",Unfall 57031 (2022) Kat:2, Licht: 0,57031,2,4,6,12,12,5,1,0,0,1,1,0,0,0
"POINT (6.802004063000030 51.252555449000099)",Unfall 57160 (2022) Kat:3, Licht: 0,57160,3,5,1,12,16,6,0,0,0,1,0,0,0,0
"POINT (6.839077156000030 51.236585046000101)",Unfall 57236 (2022) Kat:3, Licht: 0,57236,3,3,5,12,16,6,0,0,0,1,0,0,0,0
"POINT (6.781125998000050 51.283113438999997)",Unfall 57244 (2022) Kat:3, Licht: 0,57244,3,6,3,12,10,5,0,0,0,1,0,0,1,0
"POINT (6.724371496000060 51.232362114000097)",Unfall 57245 (2022) Kat:3, Licht: 0,57245,3,7,3,12,08,5,1,0,0,1,0,0,0,1
"POINT (6.752849246000040 51.338501850000100)",Unfall 57289 (2022) Kat:3, Licht: 2,57289,3,3,5,12,20,2,1,2,0,1,0,0,0,0
"POINT (6.883744451000040 51.174772561000097)",Unfall 57291 (2022) Kat:3, Licht: 0,57291,3,6,2,12,15,3,1,0,0,1,0,0,0,0
"POINT (6.703092700000070 51.234393093999998)",Unfall 57352 (2022) Kat:3, Licht: 0,57352,3,6,3,12,14,2,0,0,0,1,0,0,1,0
"POINT (6.854196868000030 51.190243981999998)",Unfall 57362 (2022) Kat:3, Licht: 2,57362,3,6,2,12,16,4,0,2,0,1,0,0,0,0
"POINT (6.879272429000030 51.160382376000001)",Unfall 57363 (2022) Kat:3, Licht: 2,57363,3,1,9,12,00,2,2,2,0,1,0,0,0,0
"POINT (6.907174861000040 51.132238530000102)",Unfall 57411 (2022) Kat:3, Licht: 2,57411,3,2,6,12,17,2,2,2,0,1,1,0,0,0
"POINT (6.806825295000070 51.218854798999999)",Unfall 57426 (2022) Kat:3, Licht: 0,57426,3,2,6,12,08,3,0,0,0,1,1,0,0,0
"POINT (6.853796510000050 51.204475565000102)",Unfall 57433 (2022) Kat:3, Licht: 2,57433,3,1,9,12,23,2,1,2,0,1,0,0,0,0
"POINT (6.784357622000070 51.242552257000099)",Unfall 57481 (2022) Kat:2, Licht: 2,57481,2,3,5,12,19,4,0,2,1,1,0,0,0,0
"POINT (6.860435200000040 51.229144417999997)",Unfall 57527 (2022) Kat:3, Licht: 2,57527,3,3,5,12,19,3,1,2,0,1,0,0,0,0
"POINT (6.811564876000030 51.226049302000000)",Unfall 57571 (2022) Kat:3, Licht: 0,57571,3,6,3,12,12,6,0,0,0,1,0,0,0,0
"POINT (6.801163939000050 51.214899039999999)",Unfall 57594 (2022) Kat:3, Licht: 2,57594,3,7,0,12,03,1,0,2,0,0,0,0,0,1
"POINT (6.914392272000040 51.258568438000097)",Unfall 57665 (2022) Kat:3, Licht: 1,57665,3,1,9,12,07,1,2,1,0,1,0,0,0,0
"POINT (6.821803268000050 51.245599410000104)",Unfall 57719 (2022) Kat:2, Licht: 1,57719,2,4,6,12,16,5,1,1,0,1,1,0,0,0
"POINT (6.802051447000050 51.250129563000002)",Unfall 57748 (2022) Kat:3, Licht: 2,57748,3,5,1,12,19,1,0,2,0,1,0,0,0,0
"POINT (6.822478310000060 51.238298278999999)",Unfall 57775 (2022) Kat:3, Licht: 2,57775,3,2,3,12,19,4,0,2,0,1,0,0,0,1
"POINT (6.782204177000040 51.242452223999997)",Unfall 57783 (2022) Kat:3, Licht: 2,57783,3,3,0,12,19,3,1,2,0,1,0,0,0,1
"POINT (6.791657425000040 51.228496752000098)",Unfall 57790 (2022) Kat:3, Licht: 2,57790,3,3,5,12,23,4,1,2,0,1,0,0,0,0
"POINT (6.822461288000060 51.238281409000102)",Unfall 57946 (2022) Kat:3, Licht: 0,57946,3,2,3,12,14,7,0,0,0,1,0,0,0,1
"POINT (6.854196868000030 51.190243981999998)",Unfall 58113 (2022) Kat:3, Licht: 2,58113,3,6,2,12,16,5,0,2,0,1,0,0,0,0
"POINT (6.793264948000060 51.246830060999997)",Unfall 58238 (2022) Kat:3, Licht: 1,58238,3,6,2,12,17,3,0,1,0,1,0,0,0,0
"POINT (6.784160824000030 51.216407966000098)",Unfall 58262 (2022) Kat:3, Licht: 2,58262,3,5,3,12,22,2,1,2,1,1,0,0,0,0
"POINT (6.821604220000040 51.191372183000098)",Unfall 58302 (2022) Kat:3, Licht: 0,58302,3,3,0,12,12,3,0,0,0,1,0,0,1,1
"POINT (6.911546071000030 51.131632822000000)",Unfall 58312 (2022) Kat:3, Licht: 2,58312,3,6,2,12,07,5,1,2,0,1,0,0,0,0
"POINT (6.864698663000070 51.223265732000101)",Unfall 58321 (2022) Kat:3, Licht: 0,58321,3,1,0,12,10,2,0,0,1,0,0,0,0,0
"POINT (6.808747102000040 51.220923594000098)",Unfall 58351 (2022) Kat:3, Licht: 2,58351,3,3,5,12,00,5,0,2,0,1,0,0,0,0
"POINT (6.763082749000030 51.256931813999998)",Unfall 58386 (2022) Kat:3, Licht: 0,58386,3,7,9,12,12,4,0,0,0,1,0,0,0,0
"POINT (6.834372110000060 51.274072224000101)",Unfall 58419 (2022) Kat:1, Licht: 2,58419,1,3,5,12,05,5,0,2,0,0,0,1,1,0
"POINT (6.803408268000060 51.216201683000101)",Unfall 58463 (2022) Kat:2, Licht: 0,58463,2,4,6,12,09,6,0,0,0,1,1,0,0,0
"POINT (6.783644545000070 51.204908349999997)",Unfall 58468 (2022) Kat:3, Licht: 1,58468,3,6,2,12,07,4,1,1,0,1,0,0,0,0
"POINT (6.766574541000070 51.200520691000101)",Unfall 58476 (2022) Kat:3, Licht: 2,58476,3,6,2,12,16,3,1,2,0,1,0,0,0,1
"POINT (6.801787077000030 51.243443507000102)",Unfall 58483 (2022) Kat:3, Licht: 2,58483,3,6,2,12,18,4,0,2,0,1,0,0,0,0
"POINT (6.758236300000020 51.209451279000099)",Unfall 58494 (2022) Kat:2, Licht: 2,58494,2,6,2,12,21,3,1,2,0,1,0,0,0,0
"POINT (6.845953684000050 51.277141382000103)",Unfall 58534 (2022) Kat:3, Licht: 2,58534,3,6,2,12,07,3,2,2,0,1,0,0,0,0
"POINT (6.860818679000030 51.233120042000103)",Unfall 58601 (2022) Kat:3, Licht: 1,58601,3,6,2,12,07,3,1,1,0,0,0,0,0,1
"POINT (6.698738616000070 51.228747052000102)",Unfall 58602 (2022) Kat:2, Licht: 0,58602,2,3,5,12,14,6,1,0,1,1,0,0,0,0
"POINT (6.814298863000030 51.260272135999998)",Unfall 58651 (2022) Kat:3, Licht: 0,58651,3,6,2,12,12,5,1,0,0,1,0,0,0,0
"POINT (6.862935036000070 51.225325308000002)",Unfall 58842 (2022) Kat:3, Licht: 2,58842,3,4,6,12,19,4,1,2,0,1,1,0,0,0
"POINT (6.797943589000060 51.212476858999999)",Unfall 58914 (2022) Kat:3, Licht: 2,58914,3,6,2,12,02,4,1,2,0,1,0,0,0,0
"POINT (6.856318510000050 51.193282514000003)",Unfall 58965 (2022) Kat:3, Licht: 2,58965,3,1,9,12,17,4,1,2,0,1,0,1,0,0
"POINT (6.794399875000070 51.252900830000002)",Unfall 59025 (2022) Kat:1, Licht: 2,59025,1,2,5,12,07,5,1,2,1,0,0,0,1,0
"POINT (6.905548393000060 51.191574393000103)",Unfall 59069 (2022) Kat:3, Licht: 2,59069,3,1,8,12,03,2,1,2,0,1,0,0,0,0
"POINT (6.782990748000030 51.217731237000102)",Unfall 59231 (2022) Kat:3, Licht: 2,59231,3,4,6,12,20,6,1,2,0,1,1,0,0,0
"POINT (6.839801390000050 51.227619232000102)",Unfall 59239 (2022) Kat:3, Licht: 0,59239,3,3,5,01,15,6,0,0,1,1,0,0,0,0
"POINT (6.786552389000060 51.239711808999999)",Unfall 59389 (2022) Kat:3, Licht: 2,59389,3,2,5,01,07,6,1,2,1,1,0,0,0,0
"POINT (6.789472868000080 51.213312641000101)",Unfall 59465 (2022) Kat:3, Licht: 0,59465,3,2,4,02,15,6,1,0,1,1,0,0,0,0
"POINT (6.782508962000070 51.223048444000000)",Unfall 59483 (2022) Kat:3, Licht: 0,59483,3,3,5,12,10,5,1,0,0,1,0,0,0,1
"POINT (6.792725867000060 51.211453021000104)",Unfall 59607 (2022) Kat:3, Licht: 1,59607,3,3,5,12,16,5,1,1,0,1,0,0,0,1
"POINT (6.782098789000030 51.242432602000100)",Unfall 59649 (2022) Kat:3, Licht: 0,59649,3,7,0,12,15,5,1,0,1,1,0,0,0,0
"POINT (6.779859364000060 51.241570289000002)",Unfall 59731 (2022) Kat:3, Licht: 0,59731,3,5,0,12,16,6,1,0,1,1,0,0,0,0
"POINT (6.821975235000020 51.242233700000000)",Unfall 59733 (2022) Kat:3, Licht: 2,59733,3,2,5,12,21,6,1,2,0,1,0,0,0,1
"POINT (6.753973017000020 51.200938217000001)",Unfall 59830 (2022) Kat:3, Licht: 2,59830,3,2,5,12,20,7,0,2,0,1,0,0,0,0
"POINT (6.775388699000080 51.231808746000098)",Unfall 59883 (2022) Kat:2, Licht: 0,59883,2,1,0,12,12,3,0,0,1,0,0,0,0,0
"POINT (6.806874625000030 51.218941514999997)",Unfall 59926 (2022) Kat:3, Licht: 2,59926,3,2,4,12,16,4,0,2,0,1,0,1,0,0
"POINT (6.736834759000030 51.238957902000003)",Unfall 59928 (2022) Kat:3, Licht: 0,59928,3,7,8,12,09,7,1,0,0,1,0,0,0,1
"POINT (6.825194216000060 51.229285675000000)",Unfall 59979 (2022) Kat:3, Licht: 2,59979,3,1,9,12,02,7,1,2,0,1,0,0,0,0
"POINT (6.750848316000030 51.271752961000097)",Unfall 60081 (2022) Kat:3, Licht: 2,60081,3,3,5,12,07,6,0,2,0,1,0,0,0,0
"POINT (6.843982338000050 51.199601735999998)",Unfall 166200 (2022) Kat:3, Licht: 2,166200,3,2,6,01,17,2,2,2,0,1,1,0,0,0
"POINT (6.782735937000040 51.235104464000102)",Unfall 166258 (2022) Kat:3, Licht: 0,166258,3,2,5,01,14,4,0,0,0,1,0,0,0,1
"POINT (6.714576016000020 51.231841705000100)",Unfall 166260 (2022) Kat:3, Licht: 2,166260,3,6,2,01,18,6,0,2,0,1,0,1,0,0
"POINT (6.823232113000070 51.271057227000000)",Unfall 166277 (2022) Kat:3, Licht: 0,166277,3,1,0,01,08,5,2,0,0,0,0,1,0,0
"POINT (6.786929822000050 51.211135135000099)",Unfall 166317 (2022) Kat:2, Licht: 2,166317,2,7,0,01,21,2,1,2,0,0,0,0,0,1
"POINT (6.839166975000070 51.168104618000001)",Unfall 166341 (2022) Kat:3, Licht: 0,166341,3,3,5,01,14,3,0,0,0,1,0,1,0,0
"POINT (6.782606785000040 51.243482244000099)",Unfall 166395 (2022) Kat:3, Licht: 1,166395,3,4,6,01,07,5,1,1,1,0,1,0,0,0
"POINT (6.791440718000050 51.281662401000098)",Unfall 166464 (2022) Kat:3, Licht: 2,166464,3,5,1,01,22,3,0,2,0,1,0,0,0,1
"POINT (6.838080577000030 51.214928235000102)",Unfall 166492 (2022) Kat:3, Licht: 0,166492,3,6,4,01,15,6,1,0,0,1,0,0,0,0
"POINT (6.757880960000020 51.212209004999998)",Unfall 166532 (2022) Kat:3, Licht: 2,166532,3,2,6,01,17,3,1,2,0,1,1,0,0,0
"POINT (6.800627466000040 51.233584457000099)",Unfall 166574 (2022) Kat:3, Licht: 0,166574,3,7,0,01,14,3,0,0,1,1,0,0,0,0
"POINT (6.768238287000030 51.195685974000099)",Unfall 166583 (2022) Kat:3, Licht: 2,166583,3,3,5,01,06,2,0,2,1,0,0,0,0,1
"POINT (6.780436533000060 51.203686908000101)",Unfall 166613 (2022) Kat:3, Licht: 0,166613,3,1,0,01,14,6,1,0,1,0,0,0,0,0
"POINT (6.799795159000040 51.215031588999999)",Unfall 166648 (2022) Kat:3, Licht: 2,166648,3,2,6,01,20,7,1,2,0,1,1,0,0,0
"POINT (6.772876614000040 51.223075392000098)",Unfall 166680 (2022) Kat:3, Licht: 0,166680,3,6,5,01,12,7,0,0,0,1,0,0,0,1
"POINT (6.856497428000070 51.228292339000099)",Unfall 166890 (2022) Kat:3, Licht: 1,166890,3,4,6,01,07,5,1,1,0,1,1,0,0,0
"POINT (6.787063599000020 51.214591514000098)",Unfall 167059 (2022) Kat:3, Licht: 2,167059,3,2,5,01,19,6,0,2,0,1,0,0,0,0
"POINT (6.841767206000040 51.169730604000101)",Unfall 167108 (2022) Kat:3, Licht: 1,167108,3,7,8,01,07,2,2,1,0,1,0,0,0,0
"POINT (6.801728910000070 51.222510857000003)",Unfall 167169 (2022) Kat:3, Licht: 1,167169,3,5,0,01,17,4,0,1,1,0,0,0,0,1
"POINT (6.860333259000070 51.179501770000101)",Unfall 167183 (2022) Kat:3, Licht: 0,167183,3,6,3,01,15,3,1,0,0,1,0,0,0,0
"POINT (6.791627509000020 51.237092034000099)",Unfall 167362 (2022) Kat:3, Licht: 0,167362,3,1,0,01,15,6,1,0,1,0,0,0,0,0
"POINT (6.890906887000030 51.147309644000103)",Unfall 167400 (2022) Kat:2, Licht: 0,167400,2,1,9,01,11,4,0,0,0,1,0,0,0,0
"POINT (6.794017300000060 51.211305821000103)",Unfall 167465 (2022) Kat:3, Licht: 2,167465,3,6,3,01,18,4,1,2,0,1,0,1,0,0
"POINT (6.775173119000040 51.210805985000000)",Unfall 167498 (2022) Kat:3, Licht: 0,167498,3,2,0,01,14,2,0,0,0,1,1,0,0,0
"POINT (6.842747185000060 51.200090067000097)",Unfall 167511 (2022) Kat:3, Licht: 2,167511,3,3,5,01,19,1,1,2,0,0,0,0,0,1
"POINT (6.776764262000030 51.213970943000000)",Unfall 167526 (2022) Kat:3, Licht: 0,167526,3,2,6,01,13,6,0,0,0,0,1,0,0,1
"POINT (6.816683072000050 51.232174117000099)",Unfall 167578 (2022) Kat:3, Licht: 0,167578,3,1,0,01,14,2,1,0,1,0,0,0,0,0
"POINT (6.821576088000030 51.195331433000000)",Unfall 167650 (2022) Kat:2, Licht: 0,167650,2,3,5,01,14,1,1,0,0,1,0,0,0,1
"POINT (6.810826344000080 51.220078589000103)",Unfall 167679 (2022) Kat:3, Licht: 0,167679,3,2,5,01,14,6,0,0,0,0,0,1,0,1
"POINT (6.802537425000030 51.214213090000001)",Unfall 167698 (2022) Kat:2, Licht: 2,167698,2,3,5,01,17,6,1,2,1,0,0,1,0,0
"POINT (6.822525714000050 51.221644578000102)",Unfall 167726 (2022) Kat:2, Licht: 0,167726,2,2,5,01,10,6,0,0,1,0,0,0,1,0
"POINT (6.795986635000080 51.230530006000002)",Unfall 167734 (2022) Kat:3, Licht: 2,167734,3,4,6,01,07,6,1,2,0,1,1,0,0,0
"POINT (6.727872967000050 51.240980028000102)",Unfall 167774 (2022) Kat:3, Licht: 2,167774,3,6,2,01,20,2,0,2,1,0,0,0,0,0
"POINT (6.805888509000060 51.213591604999998)",Unfall 167777 (2022) Kat:3, Licht: 0,167777,3,6,2,01,10,2,0,0,0,1,0,0,0,1
"POINT (6.838080577000030 51.214928235000102)",Unfall 167781 (2022) Kat:3, Licht: 0,167781,3,3,5,01,16,5,0,0,1,1,0,0,0,0
"POINT (6.766378408000040 51.201234900000003)",Unfall 167785 (2022) Kat:3, Licht: 0,167785,3,3,5,01,11,2,0,0,1,1,0,0,0,0
"POINT (6.820567169000070 51.231996113000001)",Unfall 167789 (2022) Kat:3, Licht: 0,167789,3,3,5,01,10,2,1,0,0,1,0,0,0,1
"POINT (6.885526374000050 51.204052540000099)",Unfall 167865 (2022) Kat:3, Licht: 2,167865,3,3,5,01,17,6,1,2,0,1,1,0,0,0
"POINT (6.823074023000060 51.225865661000100)",Unfall 167871 (2022) Kat:3, Licht: 2,167871,3,1,1,01,01,1,1,2,0,1,0,0,0,1
"POINT (6.769976865000050 51.214056339000102)",Unfall 167880 (2022) Kat:3, Licht: 0,167880,3,2,4,01,16,6,0,0,1,1,0,0,0,0
"POINT (6.749996521000070 51.212693419000097)",Unfall 167884 (2022) Kat:2, Licht: 0,167884,2,1,0,01,11,3,0,0,0,0,0,0,1,0
"POINT (6.858625822000020 51.201078711000001)",Unfall 167928 (2022) Kat:3, Licht: 0,167928,3,6,0,02,16,2,0,0,1,0,0,0,0,1
"POINT (6.802203488000030 51.222148709000102)",Unfall 167934 (2022) Kat:3, Licht: 2,167934,3,4,6,01,06,4,0,2,0,1,1,0,0,0
"POINT (6.772383099000020 51.223077805999999)",Unfall 168029 (2022) Kat:3, Licht: 0,168029,3,4,6,02,15,4,0,0,0,1,1,0,0,0
"POINT (6.808721940000050 51.211319230000100)",Unfall 168034 (2022) Kat:3, Licht: 2,168034,3,4,6,01,18,5,0,2,0,1,1,0,0,0
"POINT (6.734837654000050 51.238982821999997)",Unfall 168045 (2022) Kat:2, Licht: 0,168045,2,3,5,01,13,4,0,0,0,1,0,0,0,1
"POINT (6.776976062000070 51.220681931000101)",Unfall 168061 (2022) Kat:3, Licht: 0,168061,3,6,3,02,12,4,0,0,1,1,0,0,0,0
"POINT (6.839624535000040 51.201050350000102)",Unfall 168075 (2022) Kat:3, Licht: 2,168075,3,7,0,01,07,2,0,2,0,1,1,0,0,0
"POINT (6.773685494000060 51.226497234000099)",Unfall 168076 (2022) Kat:3, Licht: 0,168076,3,7,6,02,12,5,0,0,0,1,1,0,0,0
"POINT (6.835442907000070 51.173263110999997)",Unfall 168088 (2022) Kat:3, Licht: 2,168088,3,2,5,01,22,6,0,2,1,1,0,0,0,0
"POINT (6.782820255000050 51.221768795999999)",Unfall 168096 (2022) Kat:3, Licht: 0,168096,3,2,5,02,08,4,1,0,0,1,0,0,0,1
"POINT (6.789984781000040 51.242449348999997)",Unfall 168117 (2022) Kat:3, Licht: 2,168117,3,5,0,01,19,7,0,2,1,1,0,0,0,0
"POINT (6.755232820000060 51.234530849000102)",Unfall 168154 (2022) Kat:3, Licht: 0,168154,3,7,1,01,08,5,0,0,1,1,0,0,0,0
"POINT (6.816492178000030 51.231541941000003)",Unfall 168174 (2022) Kat:3, Licht: 0,168174,3,5,1,01,10,4,0,0,1,1,0,0,0,1
"POINT (6.789315867000030 51.238146762000000)",Unfall 168195 (2022) Kat:3, Licht: 0,168195,3,1,0,01,15,2,1,0,1,0,0,0,0,0
"POINT (6.775575721000050 51.224076115000102)",Unfall 168202 (2022) Kat:3, Licht: 2,168202,3,1,0,01,05,1,1,2,0,0,0,0,0,1
"POINT (6.807962804000060 51.225688593000001)",Unfall 168222 (2022) Kat:3, Licht: 0,168222,3,7,6,01,10,6,0,0,0,1,1,0,0,0
"POINT (6.770033377000060 51.212425340999999)",Unfall 168229 (2022) Kat:2, Licht: 1,168229,2,4,6,01,17,5,1,1,1,0,1,0,0,0
"POINT (6.763379269000040 51.221234330000101)",Unfall 168369 (2022) Kat:2, Licht: 0,168369,2,6,2,02,08,5,1,0,0,1,0,0,0,0
"POINT (6.762377691000040 51.230206434000102)",Unfall 168377 (2022) Kat:3, Licht: 0,168377,3,3,5,01,12,6,1,0,1,1,0,0,0,0
"POINT (6.783091221000060 51.245028895000097)",Unfall 168408 (2022) Kat:3, Licht: 2,168408,3,3,5,02,17,6,1,2,1,1,0,0,0,0
"POINT (6.776713646000080 51.212331026000101)",Unfall 168451 (2022) Kat:3, Licht: 0,168451,3,2,0,01,13,7,1,0,1,0,0,0,0,0
"POINT (6.762869343000030 51.210674724999997)",Unfall 168478 (2022) Kat:2, Licht: 2,168478,2,1,0,01,22,5,1,2,0,0,0,0,0,1
"POINT (6.785711184000040 51.218880181000003)",Unfall 168495 (2022) Kat:2, Licht: 1,168495,2,3,5,01,16,4,1,1,1,0,0,0,0,1
"POINT (6.797579321000060 51.214647908000103)",Unfall 168503 (2022) Kat:3, Licht: 0,168503,3,3,5,01,12,3,0,0,0,1,0,0,0,1
"POINT (6.862373235000060 51.180192333000001)",Unfall 168507 (2022) Kat:3, Licht: 0,168507,3,4,6,01,15,2,1,0,0,1,1,0,0,0
"POINT (6.769457124000040 51.217172523999999)",Unfall 168594 (2022) Kat:3, Licht: 2,168594,3,1,9,01,21,6,1,2,0,1,0,0,0,0
"POINT (6.721997147000020 51.243388478999996)",Unfall 168622 (2022) Kat:3, Licht: 0,168622,3,7,0,02,15,7,0,0,0,0,1,0,0,1
"POINT (6.776501798000030 51.229671966000097)",Unfall 168633 (2022) Kat:3, Licht: 1,168633,3,2,4,01,07,3,0,1,1,1,0,0,0,0
"POINT (6.777392991000060 51.234119652000103)",Unfall 168634 (2022) Kat:2, Licht: 0,168634,2,3,5,02,16,7,0,0,1,1,0,0,0,0
"POINT (6.786897531000020 51.236816088000097)",Unfall 168639 (2022) Kat:3, Licht: 2,168639,3,6,0,01,19,6,1,2,1,1,0,0,0,0
"POINT (6.766033430000050 51.202490638000000)",Unfall 168655 (2022) Kat:2, Licht: 0,168655,2,7,0,01,07,6,1,0,1,1,0,0,0,0
"POINT (6.820049169000070 51.195784850000102)",Unfall 168677 (2022) Kat:3, Licht: 0,168677,3,4,6,02,08,3,1,0,0,1,1,0,0,0
"POINT (6.758106900000030 51.227783330000101)",Unfall 168678 (2022) Kat:3, Licht: 0,168678,3,3,5,01,14,5,1,0,0,1,0,0,0,0
"POINT (6.779734111000040 51.219778619000103)",Unfall 168717 (2022) Kat:3, Licht: 0,168717,3,5,0,02,15,6,1,0,0,1,0,0,0,0
"POINT (6.793567289000070 51.228934875999997)",Unfall 168720 (2022) Kat:3, Licht: 2,168720,3,5,1,02,21,2,0,2,1,1,0,0,0,0
"POINT (6.821877993000040 51.214492116000002)",Unfall 168729 (2022) Kat:3, Licht: 0,168729,3,2,0,03,15,7,0,0,1,1,0,0,0,0
"POINT (6.758118328000020 51.227792990000097)",Unfall 168739 (2022) Kat:3, Licht: 0,168739,3,3,5,03,09,6,0,0,0,1,0,0,0,0
"POINT (6.742320273000080 51.302333930000003)",Unfall 168744 (2022) Kat:3, Licht: 0,168744,3,3,5,03,08,3,0,0,1,1,0,0,0,0
"POINT (6.750244385000030 51.271042964000102)",Unfall 168757 (2022) Kat:3, Licht: 0,168757,3,5,2,03,17,3,0,0,0,1,0,0,0,0
"POINT (6.808396754000060 51.227029770000101)",Unfall 168765 (2022) Kat:3, Licht: 0,168765,3,6,2,03,12,1,0,0,0,1,0,0,0,0
"POINT (6.785065858000050 51.213951258000101)",Unfall 168770 (2022) Kat:3, Licht: 0,168770,3,6,2,02,16,7,0,0,0,1,0,0,0,0
"POINT (6.790218063000050 51.243078207000103)",Unfall 168780 (2022) Kat:3, Licht: 0,168780,3,2,5,03,15,4,0,0,1,1,0,0,0,0
"POINT (6.832783419000070 51.175423186000003)",Unfall 168789 (2022) Kat:3, Licht: 0,168789,3,6,2,03,10,2,0,0,0,1,0,0,1,0
"POINT (6.810483864000050 51.204500318000001)",Unfall 168815 (2022) Kat:3, Licht: 2,168815,3,7,0,02,01,4,1,2,0,0,0,0,0,1
"POINT (6.848988826000040 51.220499928000002)",Unfall 168822 (2022) Kat:3, Licht: 0,168822,3,3,5,02,16,5,1,0,1,1,0,0,0,0
"POINT (6.777885542000040 51.207129723999998)",Unfall 168828 (2022) Kat:3, Licht: 0,168828,3,1,0,02,12,7,0,0,1,0,0,0,0,0
"POINT (6.862373235000060 51.180192333000001)",Unfall 168847 (2022) Kat:3, Licht: 0,168847,3,2,6,02,16,4,0,0,0,1,1,0,0,0
"POINT (6.788805350000080 51.213288367000096)",Unfall 168904 (2022) Kat:3, Licht: 0,168904,3,4,6,02,17,7,0,0,0,0,1,0,0,1
"POINT (6.883731582000050 51.150019448000101)",Unfall 168925 (2022) Kat:2, Licht: 2,168925,2,3,5,02,06,4,1,2,0,1,0,1,0,0
"POINT (6.860291123000020 51.174060818999997)",Unfall 168939 (2022) Kat:3, Licht: 1,168939,3,3,5,03,07,5,0,1,1,1,0,0,0,0
"POINT (6.729596572000050 51.237146331000098)",Unfall 168983 (2022) Kat:3, Licht: 0,168983,3,3,5,03,15,4,0,0,1,1,0,0,0,0
"POINT (6.796174432000040 51.229462853000001)",Unfall 168988 (2022) Kat:3, Licht: 1,168988,3,7,0,02,21,6,0,1,1,0,0,0,0,0
"POINT (6.752734901000050 51.231209161000002)",Unfall 168992 (2022) Kat:3, Licht: 1,168992,3,2,6,02,17,3,0,1,0,1,1,0,0,0
"POINT (6.809659550000050 51.211747782000003)",Unfall 168994 (2022) Kat:3, Licht: 0,168994,3,6,4,02,12,5,0,0,0,1,0,0,0,0
"POINT (6.759418345000030 51.307336357000104)",Unfall 168995 (2022) Kat:3, Licht: 0,168995,3,7,6,02,12,7,0,0,0,1,1,0,0,0
"POINT (6.763961689000040 51.220937671000101)",Unfall 169002 (2022) Kat:3, Licht: 0,169002,3,6,2,03,08,3,0,0,0,1,0,0,0,0
"POINT (6.845236534000040 51.233521762000102)",Unfall 169009 (2022) Kat:3, Licht: 0,169009,3,4,6,03,15,1,0,0,0,1,1,0,0,0
"POINT (6.819235414000050 51.216598875999999)",Unfall 169028 (2022) Kat:3, Licht: 0,169028,3,2,5,03,08,6,0,0,1,0,0,0,1,0
"POINT (6.809939792000020 51.220424385999998)",Unfall 169045 (2022) Kat:3, Licht: 0,169045,3,1,2,03,08,2,0,0,0,1,0,0,0,0
"POINT (6.851702540000080 51.232363374999998)",Unfall 169092 (2022) Kat:3, Licht: 0,169092,3,6,1,03,17,4,0,0,0,1,0,0,0,0
"POINT (6.775330544000040 51.254931554000102)",Unfall 169105 (2022) Kat:3, Licht: 0,169105,3,2,5,02,08,4,0,0,1,1,0,0,0,0
"POINT (6.788825674000070 51.221887547000101)",Unfall 169114 (2022) Kat:3, Licht: 0,169114,3,3,5,03,14,6,0,0,1,1,0,0,0,0
"POINT (6.818410426000070 51.265774815000000)",Unfall 169132 (2022) Kat:2, Licht: 0,169132,2,6,3,02,13,4,0,0,1,0,0,0,0,0
"POINT (6.806444585000070 51.218420348000102)",Unfall 169180 (2022) Kat:3, Licht: 0,169180,3,3,5,02,13,6,0,0,1,1,0,0,0,0
"POINT (6.898201313000070 51.150996818000102)",Unfall 169215 (2022) Kat:3, Licht: 0,169215,3,3,5,02,11,2,0,0,1,1,0,0,0,0
"POINT (6.782141357000060 51.240729799000100)",Unfall 169217 (2022) Kat:2, Licht: 1,169217,2,3,5,02,18,3,1,1,1,1,0,0,0,0
"POINT (6.776694408000030 51.207547847999997)",Unfall 169230 (2022) Kat:3, Licht: 0,169230,3,6,3,02,15,5,1,0,0,1,0,0,0,1
"POINT (6.802476884000040 51.238074147000098)",Unfall 169243 (2022) Kat:2, Licht: 0,169243,2,3,0,02,11,2,0,0,0,0,0,0,0,1
"POINT (6.776636063000070 51.248337728000102)",Unfall 169275 (2022) Kat:3, Licht: 1,169275,3,5,1,02,07,6,1,1,0,1,0,1,0,0
"POINT (6.834118587000030 51.204577938000099)",Unfall 169305 (2022) Kat:2, Licht: 0,169305,2,1,0,02,11,1,0,0,1,0,0,0,0,0
"POINT (6.810454599000020 51.227092238000097)",Unfall 169310 (2022) Kat:2, Licht: 0,169310,2,7,6,03,18,6,0,0,0,0,1,0,0,1
"POINT (6.788872354000030 51.228146949000099)",Unfall 169316 (2022) Kat:3, Licht: 0,169316,3,6,3,02,12,5,0,0,1,1,0,0,0,0
"POINT (6.821065173000020 51.220088885000102)",Unfall 169340 (2022) Kat:3, Licht: 1,169340,3,3,0,03,07,4,0,1,1,1,0,0,0,0
"POINT (6.799239948000040 51.257849325999999)",Unfall 169358 (2022) Kat:3, Licht: 0,169358,3,2,5,03,10,6,0,0,1,1,0,0,0,0