WKT,Name,OBJECTID,UKATEGORIE,UTYP1,UART,UMONAT,USTUNDE,UWOCHENTAG,STRZUSTAND,ULICHTVERH,ISTRAD,ISTPKW,ISTFUSS,ISTKRAD,ISTGKFZ,ISTSONSTIG
"POINT (6.792819847000030 51.217003873000102)",Unfall 169395 (2022) Kat:2, Licht: 0,169395,2,6,2,03,08,3,0,0,0,1,0,1,0,1
"POINT (6.754706216000050 51.259919476999997)",Unfall 169400 (2022) Kat:2, Licht: 0,169400,2,2,5,02,12,2,1,0,0,1,0,0,0,1
"POINT (6.760018414000060 51.253022901000101)",Unfall 169401 (2022) Kat:2, Licht: 2,169401,2,2,5,02,20,5,0,2,0,0,0,0,0,1
"POINT (6.785834734000050 51.239903238000103)",Unfall 169403 (2022) Kat:3, Licht: 0,169403,3,7,5,02,10,6,0,0,1,1,0,0,0,0
"POINT (6.784999088000060 51.198317631000101)",Unfall 169418 (2022) Kat:3, Licht: 0,169418,3,2,5,02,07,4,1,0,1,1,0,0,0,0
"POINT (6.862451492000050 51.192374271000098)",Unfall 169420 (2022) Kat:3, Licht: 0,169420,3,4,6,03,08,5,0,0,0,1,1,0,0,0
"POINT (6.907086268000060 51.142439912999997)",Unfall 169438 (2022) Kat:3, Licht: 0,169438,3,6,3,03,16,2,0,0,0,0,0,1,0,1
"POINT (6.828385072000060 51.187959761000101)",Unfall 169459 (2022) Kat:3, Licht: 1,169459,3,3,5,02,18,2,0,1,1,1,0,0,0,0
"POINT (6.800504579000060 51.281133644000100)",Unfall 169461 (2022) Kat:3, Licht: 0,169461,3,1,8,03,10,6,0,0,1,0,0,0,0,0
"POINT (6.793275841000020 51.211323168000000)",Unfall 169464 (2022) Kat:3, Licht: 0,169464,3,6,2,02,14,2,0,0,0,1,0,0,0,0
"POINT (6.744779628000060 51.302960203000097)",Unfall 169469 (2022) Kat:3, Licht: 0,169469,3,7,6,03,08,5,0,0,0,1,1,0,0,0
"POINT (6.781673262000030 51.215583169000098)",Unfall 169487 (2022) Kat:2, Licht: 1,169487,2,6,3,02,17,6,0,1,0,1,0,0,0,0
"POINT (6.832499259000030 51.175604087000103)",Unfall 169517 (2022) Kat:3, Licht: 0,169517,3,2,5,03,13,2,0,0,1,1,0,0,0,0
"POINT (6.827729457000030 51.179259039999998)",Unfall 169538 (2022) Kat:3, Licht: 2,169538,3,7,7,02,21,5,0,2,1,0,0,0,0,0
"POINT (6.779374510000030 51.237503758999999)",Unfall 169560 (2022) Kat:3, Licht: 0,169560,3,7,0,02,15,7,0,0,0,1,1,0,0,0
"POINT (6.847520646000020 51.208216538999999)",Unfall 169572 (2022) Kat:2, Licht: 1,169572,2,1,0,02,07,6,2,1,1,0,0,0,0,0
"POINT (6.799305711000040 51.235283120000098)",Unfall 169590 (2022) Kat:3, Licht: 0,169590,3,7,1,03,13,5,0,0,0,1,0,0,0,0
"POINT (6.783170973000040 51.211347009000100)",Unfall 169604 (2022) Kat:3, Licht: 2,169604,3,1,1,02,23,6,0,2,1,1,0,0,0,0
"POINT (6.789625586000060 51.236917706000000)",Unfall 169620 (2022) Kat:3, Licht: 2,169620,3,2,6,02,19,4,1,2,0,1,1,0,0,0
"POINT (6.776606000000070 51.262694344000103)",Unfall 169627 (2022) Kat:3, Licht: 0,169627,3,7,0,02,15,5,1,0,1,0,0,0,0,0
"POINT (6.735100070000040 51.237958994000103)",Unfall 169636 (2022) Kat:3, Licht: 0,169636,3,3,5,02,16,6,0,0,1,1,0,0,0,0
"POINT (6.826673367000070 51.241489577000003)",Unfall 169710 (2022) Kat:3, Licht: 0,169710,3,1,0,03,09,2,1,0,0,0,0,1,0,0
"POINT (6.808470167000050 51.229023068000103)",Unfall 169730 (2022) Kat:3, Licht: 0,169730,3,5,3,03,13,6,0,0,0,1,0,0,0,1
"POINT (6.793238083000060 51.238383448000000)",Unfall 169763 (2022) Kat:3, Licht: 0,169763,3,3,5,03,10,6,0,0,0,1,0,0,0,1
"POINT (6.795153293000060 51.217938478000100)",Unfall 169789 (2022) Kat:3, Licht: 0,169789,3,1,0,03,06,7,0,0,0,0,0,0,0,1
"POINT (6.811645407000070 51.203925214999998)",Unfall 169799 (2022) Kat:3, Licht: 0,169799,3,7,6,03,08,2,0,0,0,0,1,0,0,1
"POINT (6.758510921000040 51.226443439999997)",Unfall 169822 (2022) Kat:3, Licht: 0,169822,3,1,9,03,18,7,0,0,1,0,0,0,0,0
"POINT (6.797696574000040 51.282192573000003)",Unfall 169845 (2022) Kat:3, Licht: 0,169845,3,1,0,03,07,2,1,0,0,1,0,1,0,0
"POINT (6.797356124000030 51.241454924999999)",Unfall 169863 (2022) Kat:3, Licht: 0,169863,3,2,5,03,09,6,0,0,1,1,0,0,0,1
"POINT (6.793933270000030 51.223045343000102)",Unfall 169878 (2022) Kat:2, Licht: 0,169878,2,6,0,03,13,1,0,0,0,0,0,0,0,1
"POINT (6.728969603000050 51.244088148000102)",Unfall 169882 (2022) Kat:2, Licht: 0,169882,2,7,0,03,14,5,0,0,0,1,1,0,0,0
"POINT (6.778000932000050 51.235272459999997)",Unfall 169887 (2022) Kat:3, Licht: 0,169887,3,2,5,03,14,5,0,0,1,1,0,0,0,0
"POINT (6.772103086000070 51.219172833000101)",Unfall 169900 (2022) Kat:2, Licht: 0,169900,2,6,3,03,18,2,0,0,1,0,0,0,0,0
"POINT (6.819503830000030 51.186345931000098)",Unfall 169935 (2022) Kat:3, Licht: 0,169935,3,2,5,03,11,3,0,0,1,1,0,0,0,0
"POINT (6.790187293000030 51.232431196000100)",Unfall 169936 (2022) Kat:3, Licht: 0,169936,3,3,5,03,12,5,0,0,1,1,0,0,0,0
"POINT (6.822525714000050 51.221644578000102)",Unfall 169950 (2022) Kat:3, Licht: 2,169950,3,2,4,03,20,6,0,2,0,1,0,0,0,0
"POINT (6.762668110000050 51.199486559000000)",Unfall 169953 (2022) Kat:3, Licht: 0,169953,3,3,5,03,14,1,1,0,1,1,0,0,0,0
"POINT (6.777058838000070 51.224404989000000)",Unfall 169985 (2022) Kat:3, Licht: 0,169985,3,2,5,03,16,5,0,0,1,0,0,1,0,0
"POINT (6.776399605000050 51.233844097000002)",Unfall 170003 (2022) Kat:3, Licht: 2,170003,3,1,1,03,03,4,0,2,0,1,0,0,0,0
"POINT (6.727931484000070 51.244279784000099)",Unfall 170007 (2022) Kat:3, Licht: 0,170007,3,3,5,03,18,4,0,0,1,0,0,0,0,0
"POINT (6.819359470000050 51.263453056000102)",Unfall 170026 (2022) Kat:3, Licht: 0,170026,3,2,3,03,13,5,0,0,1,1,0,0,0,0
"POINT (6.798294019000020 51.225864199999997)",Unfall 170063 (2022) Kat:2, Licht: 1,170063,2,5,1,03,19,6,0,1,0,1,0,1,0,0
"POINT (6.819192751000060 51.216356460999997)",Unfall 170121 (2022) Kat:3, Licht: 0,170121,3,2,5,03,16,6,0,0,1,1,0,0,0,0
"POINT (6.829703083000030 51.207884840000098)",Unfall 170135 (2022) Kat:3, Licht: 0,170135,3,4,6,03,13,6,0,0,0,1,1,0,0,0
"POINT (6.797095248000060 51.192496419000101)",Unfall 170149 (2022) Kat:2, Licht: 0,170149,2,2,4,03,16,5,0,0,0,1,0,1,0,0
"POINT (6.806490416000030 51.212954981999999)",Unfall 170170 (2022) Kat:3, Licht: 0,170170,3,6,3,03,09,4,0,0,0,1,0,0,0,1
"POINT (6.862373235000060 51.180192333000001)",Unfall 170178 (2022) Kat:3, Licht: 0,170178,3,6,2,03,14,3,1,0,0,1,0,0,0,0
"POINT (6.864435731000070 51.224053756000004)",Unfall 170208 (2022) Kat:3, Licht: 0,170208,3,7,6,03,18,7,0,0,0,1,1,0,0,0
"POINT (6.787973780000070 51.251327308000000)",Unfall 170214 (2022) Kat:3, Licht: 0,170214,3,5,6,03,15,5,0,0,1,0,1,0,0,0
"POINT (6.790336645000020 51.244147065000000)",Unfall 170216 (2022) Kat:3, Licht: 2,170216,3,7,0,03,21,6,0,2,1,1,0,0,0,0
"POINT (6.777885542000040 51.207129723999998)",Unfall 170228 (2022) Kat:3, Licht: 0,170228,3,7,0,03,13,7,0,0,1,0,0,0,0,0
"POINT (6.740621593000070 51.280004007999999)",Unfall 170240 (2022) Kat:3, Licht: 0,170240,3,6,2,03,14,7,0,0,0,1,0,0,0,0
"POINT (6.766271797000060 51.306259380000000)",Unfall 170241 (2022) Kat:3, Licht: 0,170241,3,1,0,03,10,6,0,0,1,0,0,0,0,0
"POINT (6.770266838000050 51.217689636999999)",Unfall 170270 (2022) Kat:3, Licht: 0,170270,3,1,0,03,16,3,0,0,0,0,0,0,0,1
"POINT (6.784954346000060 51.231884917000102)",Unfall 170272 (2022) Kat:3, Licht: 0,170272,3,4,6,03,14,7,0,0,0,1,1,0,0,0
"POINT (6.798460367000080 51.215284894000000)",Unfall 170305 (2022) Kat:3, Licht: 0,170305,3,5,1,03,16,2,0,0,1,0,0,0,0,1
"POINT (6.803786477000070 51.215805907000103)",Unfall 170329 (2022) Kat:3, Licht: 0,170329,3,6,3,03,10,6,0,0,1,1,0,0,0,0
"POINT (6.775342215000020 51.216225840000000)",Unfall 170345 (2022) Kat:3, Licht: 2,170345,3,3,5,03,01,1,0,2,0,1,0,0,0,1
"POINT (6.809960662000040 51.209286678000097)",Unfall 170415 (2022) Kat:3, Licht: 0,170415,3,3,5,03,18,4,0,0,1,1,0,0,0,0
"POINT (6.761305148000080 51.254367905000002)",Unfall 170416 (2022) Kat:2, Licht: 0,170416,2,7,0,03,11,5,0,0,0,1,1,0,0,0
"POINT (6.819228892000070 51.216428269000097)",Unfall 170471 (2022) Kat:2, Licht: 0,170471,2,2,5,03,09,3,0,0,0,1,0,0,0,0
"POINT (6.741876245000070 51.204526436999998)",Unfall 170477 (2022) Kat:2, Licht: 0,170477,2,3,5,03,12,7,0,0,1,1,0,0,0,0
"POINT (6.845137024000050 51.199022014000001)",Unfall 170500 (2022) Kat:3, Licht: 2,170500,3,1,0,03,23,4,0,2,0,0,0,0,0,1
"POINT (6.746873317000050 51.229122132000001)",Unfall 170512 (2022) Kat:3, Licht: 0,170512,3,7,0,03,12,1,0,0,1,0,0,0,0,0
"POINT (6.797356124000030 51.241454924999999)",Unfall 170525 (2022) Kat:3, Licht: 0,170525,3,2,4,03,11,3,0,0,1,1,0,0,0,0
"POINT (6.782020145000050 51.241760396000103)",Unfall 170558 (2022) Kat:3, Licht: 0,170558,3,2,5,03,08,3,0,0,0,1,0,0,0,1
"POINT (6.864952204000080 51.219497987000103)",Unfall 170559 (2022) Kat:3, Licht: 0,170559,3,7,0,03,09,5,0,0,1,0,1,0,0,0
"POINT (6.738301163000070 51.301079172000101)",Unfall 170638 (2022) Kat:3, Licht: 0,170638,3,2,5,03,08,5,0,0,1,1,0,0,0,0
"POINT (6.843743296000070 51.199765763000102)",Unfall 170659 (2022) Kat:3, Licht: 0,170659,3,5,1,03,14,7,0,0,1,1,0,0,0,0
"POINT (6.778666696000070 51.236022558999998)",Unfall 170685 (2022) Kat:3, Licht: 0,170685,3,1,0,03,16,5,0,0,1,0,0,0,0,0
"POINT (6.790652267000040 51.239373614999998)",Unfall 170699 (2022) Kat:3, Licht: 2,170699,3,7,1,03,19,5,0,2,1,1,0,0,0,0
"POINT (6.786199687000020 51.222090491000102)",Unfall 170750 (2022) Kat:3, Licht: 2,170750,3,7,0,03,21,2,0,2,0,1,1,0,0,0
"POINT (6.750519883000040 51.268334377000002)",Unfall 170770 (2022) Kat:3, Licht: 0,170770,3,7,6,04,09,5,0,0,0,1,1,0,0,0
"POINT (6.886204643000040 51.149120262000103)",Unfall 170775 (2022) Kat:2, Licht: 0,170775,2,3,5,04,16,2,0,0,1,1,0,0,0,0
"POINT (6.780280169000040 51.219778572000102)",Unfall 170802 (2022) Kat:3, Licht: 0,170802,3,3,5,04,10,3,0,0,0,1,0,1,0,0
"POINT (6.837258712000050 51.201940645999997)",Unfall 170803 (2022) Kat:3, Licht: 0,170803,3,7,6,03,18,2,0,0,0,0,1,0,0,1
"POINT (6.758979712000040 51.228548696000097)",Unfall 170814 (2022) Kat:3, Licht: 2,170814,3,5,1,04,21,4,1,2,0,1,0,0,0,1
"POINT (6.800920004000030 51.236403146000001)",Unfall 170846 (2022) Kat:3, Licht: 0,170846,3,2,6,03,10,5,1,0,0,1,1,0,0,0
"POINT (6.761541990000070 51.265616735000002)",Unfall 170850 (2022) Kat:3, Licht: 0,170850,3,3,5,04,13,3,1,0,1,1,0,0,0,0
"POINT (6.802767623000020 51.227140358000000)",Unfall 170856 (2022) Kat:3, Licht: 0,170856,3,5,1,04,18,1,0,0,0,1,0,0,0,1
"POINT (6.832029624000030 51.200102110000003)",Unfall 170876 (2022) Kat:2, Licht: 0,170876,2,6,4,04,18,3,0,0,0,1,0,0,0,0
"POINT (6.874453818000060 51.161012591000002)",Unfall 170893 (2022) Kat:3, Licht: 2,170893,3,7,0,04,22,1,0,2,0,0,0,0,0,1
"POINT (6.816901571000070 51.214162883000000)",Unfall 170910 (2022) Kat:3, Licht: 0,170910,3,2,5,03,15,4,0,0,0,1,0,0,0,0
"POINT (6.828447499000050 51.209692572999998)",Unfall 170913 (2022) Kat:2, Licht: 0,170913,2,2,6,04,16,5,0,0,0,1,1,0,0,0
"POINT (6.796612478000040 51.227098598000097)",Unfall 170961 (2022) Kat:2, Licht: 0,170961,2,6,2,03,12,4,0,0,0,1,0,1,0,0
"POINT (6.809960662000040 51.209286678000097)",Unfall 170969 (2022) Kat:3, Licht: 1,170969,3,7,1,04,19,1,0,1,0,1,0,0,0,0
"POINT (6.827100345000080 51.185869062999998)",Unfall 170975 (2022) Kat:3, Licht: 0,170975,3,3,5,04,09,4,0,0,0,1,0,0,0,0
"POINT (6.778374639000050 51.220362135000101)",Unfall 170981 (2022) Kat:3, Licht: 2,170981,3,7,6,04,01,7,0,2,0,1,1,0,0,0
"POINT (6.808228459000080 51.210948960000103)",Unfall 170992 (2022) Kat:3, Licht: 0,170992,3,6,0,04,16,4,0,0,1,0,0,0,0,0
"POINT (6.789863364000040 51.235629901000003)",Unfall 171000 (2022) Kat:3, Licht: 0,171000,3,1,1,04,15,5,0,0,1,1,0,0,0,0
"POINT (6.775392399000050 51.249501033999998)",Unfall 171075 (2022) Kat:3, Licht: 0,171075,3,2,6,03,15,2,0,0,0,1,1,0,0,0
"POINT (6.869664854000060 51.191253052999997)",Unfall 171094 (2022) Kat:3, Licht: 0,171094,3,7,0,04,13,2,0,0,0,0,0,1,0,0
"POINT (6.743548919000030 51.305319140999998)",Unfall 171098 (2022) Kat:3, Licht: 0,171098,3,3,5,04,17,7,0,0,1,1,0,0,0,0
"POINT (6.721761324000060 51.242229938999998)",Unfall 171106 (2022) Kat:3, Licht: 0,171106,3,2,5,04,12,5,0,0,0,1,0,0,0,1
"POINT (6.801432148000060 51.227564550000103)",Unfall 171123 (2022) Kat:3, Licht: 2,171123,3,2,4,04,00,7,0,2,0,1,0,1,0,0
"POINT (6.782454896000050 51.218801065999997)",Unfall 171150 (2022) Kat:2, Licht: 0,171150,2,7,0,04,07,3,0,0,1,0,0,0,0,0
"POINT (6.825020642000030 51.263643965000000)",Unfall 171177 (2022) Kat:3, Licht: 2,171177,3,7,0,04,22,1,0,2,0,0,1,0,0,1
"POINT (6.787436544000060 51.224117916000097)",Unfall 171182 (2022) Kat:3, Licht: 0,171182,3,1,3,04,14,7,0,0,0,0,0,1,0,1
"POINT (6.775309655000060 51.215642623000100)",Unfall 171185 (2022) Kat:3, Licht: 0,171185,3,3,5,04,11,1,0,0,0,1,0,0,0,0
"POINT (6.775474194000030 51.219931144000000)",Unfall 171186 (2022) Kat:3, Licht: 2,171186,3,1,0,04,23,7,0,2,0,0,0,0,0,1
"POINT (6.707579179000050 51.231469873000002)",Unfall 171194 (2022) Kat:3, Licht: 2,171194,3,3,5,04,20,4,1,2,1,1,0,0,0,0
"POINT (6.822525714000050 51.221644578000102)",Unfall 171198 (2022) Kat:3, Licht: 0,171198,3,3,5,04,12,4,0,0,1,1,0,0,0,0
"POINT (6.781541867000040 51.235863687000098)",Unfall 171241 (2022) Kat:2, Licht: 0,171241,2,2,5,04,17,3,0,0,0,1,1,0,0,0
"POINT (6.901260763000040 51.202863824000097)",Unfall 171248 (2022) Kat:3, Licht: 0,171248,3,7,0,04,06,4,1,0,0,0,0,1,0,0
"POINT (6.770168006000060 51.242541683000098)",Unfall 171253 (2022) Kat:3, Licht: 0,171253,3,7,5,04,09,5,0,0,0,1,0,0,0,0
"POINT (6.780851465000070 51.235427910000098)",Unfall 171282 (2022) Kat:3, Licht: 0,171282,3,4,6,04,16,4,0,0,0,1,1,0,0,0
"POINT (6.789409117000050 51.238746501000001)",Unfall 171292 (2022) Kat:3, Licht: 0,171292,3,7,5,03,12,4,0,0,1,0,0,0,0,1
"POINT (6.798217022000070 51.234548545000102)",Unfall 171298 (2022) Kat:3, Licht: 0,171298,3,4,6,04,07,7,0,0,0,1,1,0,0,0
"POINT (6.777058839000060 51.207889017000099)",Unfall 171315 (2022) Kat:3, Licht: 2,171315,3,6,6,03,04,5,1,2,1,0,1,0,0,0
"POINT (6.779151287000050 51.218959703000102)",Unfall 171330 (2022) Kat:2, Licht: 0,171330,2,4,6,04,16,7,0,0,0,1,1,0,0,0
"POINT (6.803083839000070 51.214052685000098)",Unfall 171336 (2022) Kat:2, Licht: 0,171336,2,4,6,04,14,4,0,0,0,1,1,0,0,0
"POINT (6.777634523000070 51.247416040000097)",Unfall 171342 (2022) Kat:3, Licht: 0,171342,3,2,0,03,07,4,0,0,0,1,0,0,0,1
"POINT (6.782721284000050 51.241984966000103)",Unfall 171368 (2022) Kat:3, Licht: 0,171368,3,6,3,04,13,5,0,0,0,1,0,0,0,1
"POINT (6.764852980000060 51.206773083000002)",Unfall 171377 (2022) Kat:3, Licht: 0,171377,3,7,0,04,09,4,0,0,0,0,0,0,0,1
"POINT (6.796612478000040 51.227098598000097)",Unfall 171387 (2022) Kat:3, Licht: 0,171387,3,2,4,04,12,4,0,0,0,1,0,1,0,0
"POINT (6.788330280000030 51.244148926000001)",Unfall 171417 (2022) Kat:2, Licht: 0,171417,2,2,6,04,07,5,1,0,1,0,1,0,0,0
"POINT (6.874182016000020 51.161964570000102)",Unfall 171418 (2022) Kat:3, Licht: 0,171418,3,6,1,04,15,6,0,0,0,1,0,0,0,0
"POINT (6.897218585000080 51.143019752000001)",Unfall 171433 (2022) Kat:3, Licht: 0,171433,3,3,5,04,11,5,0,0,1,1,0,0,0,0
"POINT (6.776241284000040 51.209648286000103)",Unfall 171468 (2022) Kat:3, Licht: 0,171468,3,2,6,03,08,4,0,0,0,1,1,0,0,0
"POINT (6.868027003000070 51.167956523999997)",Unfall 171490 (2022) Kat:3, Licht: 0,171490,3,6,3,04,15,5,0,0,0,1,0,0,1,0
"POINT (6.779557384000040 51.225539896999997)",Unfall 171492 (2022) Kat:3, Licht: 0,171492,3,6,6,04,15,3,0,0,0,0,1,0,0,1
"POINT (6.874171088000030 51.162078377999997)",Unfall 171535 (2022) Kat:3, Licht: 0,171535,3,3,5,04,14,4,0,0,0,1,0,1,0,0
"POINT (6.775309655000060 51.215642623000100)",Unfall 171539 (2022) Kat:3, Licht: 0,171539,3,2,5,03,10,5,1,0,0,1,0,0,0,0
"POINT (6.767834748000040 51.218328912000104)",Unfall 171546 (2022) Kat:2, Licht: 2,171546,2,1,8,04,17,4,0,2,0,0,0,1,0,0
"POINT (6.770211053000030 51.306439910999998)",Unfall 171556 (2022) Kat:3, Licht: 0,171556,3,6,2,04,17,5,0,0,0,1,0,0,0,0
"POINT (6.787449907000050 51.217015889999999)",Unfall 171582 (2022) Kat:3, Licht: 0,171582,3,4,6,04,19,4,1,0,0,1,1,0,0,1
"POINT (6.831115754000050 51.207550887000103)",Unfall 171587 (2022) Kat:3, Licht: 0,171587,3,6,6,03,17,3,0,0,1,0,1,0,0,0
"POINT (6.720150292000030 51.227404827000001)",Unfall 171606 (2022) Kat:3, Licht: 0,171606,3,7,6,04,15,2,0,0,1,0,1,0,0,0
"POINT (6.803186302000030 51.227058127000099)",Unfall 171608 (2022) Kat:3, Licht: 0,171608,3,5,1,04,17,5,0,0,1,1,0,0,0,0
"POINT (6.790201669000060 51.218495332000003)",Unfall 171631 (2022) Kat:2, Licht: 0,171631,2,6,3,04,13,6,0,0,1,0,0,0,0,1
"POINT (6.832783419000070 51.175423186000003)",Unfall 171650 (2022) Kat:3, Licht: 0,171650,3,6,6,03,18,4,0,0,0,0,1,0,0,1
"POINT (6.815573509000050 51.262919433999997)",Unfall 171678 (2022) Kat:3, Licht: 0,171678,3,7,1,04,16,1,0,0,1,0,0,0,0,1
"POINT (6.828447499000050 51.209692572999998)",Unfall 171694 (2022) Kat:3, Licht: 0,171694,3,2,6,04,13,7,0,0,0,0,1,0,0,1
"POINT (6.775309655000060 51.215642623000100)",Unfall 171699 (2022) Kat:3, Licht: 0,171699,3,7,0,04,09,4,0,0,0,0,0,0,0,1
"POINT (6.820309287000040 51.218075686000098)",Unfall 171709 (2022) Kat:3, Licht: 0,171709,3,4,6,04,07,5,0,0,0,1,1,0,0,0
"POINT (6.767500493000060 51.194241435999999)",Unfall 171729 (2022) Kat:3, Licht: 0,171729,3,1,0,04,18,3,1,0,1,0,0,0,0,0
"POINT (6.808174260000040 51.211053885000098)",Unfall 171741 (2022) Kat:3, Licht: 0,171741,3,2,2,04,16,2,0,0,0,1,0,0,0,0
"POINT (6.792936614000040 51.223962223999997)",Unfall 171752 (2022) Kat:3, Licht: 0,171752,3,3,5,03,15,5,1,0,0,1,0,0,0,1
"POINT (6.801076862000060 51.282689243999997)",Unfall 171759 (2022) Kat:3, Licht: 0,171759,3,7,6,04,11,4,0,0,0,0,1,0,0,1
"POINT (6.757515348000030 51.215565998000002)",Unfall 171766 (2022) Kat:3, Licht: 0,171766,3,3,5,04,14,5,0,0,1,0,0,0,0,1
"POINT (6.851590813000030 51.168990958999998)",Unfall 171771 (2022) Kat:3, Licht: 0,171771,3,2,3,04,12,4,0,0,0,1,0,0,1,0
"POINT (6.861347617000040 51.187741045000102)",Unfall 171784 (2022) Kat:3, Licht: 2,171784,3,5,1,04,22,7,0,2,0,1,0,0,0,0
"POINT (6.777048143000060 51.225553827000098)",Unfall 171813 (2022) Kat:2, Licht: 0,171813,2,3,5,04,10,2,0,0,0,1,0,1,0,0
"POINT (6.785050496000050 51.213869762999998)",Unfall 171818 (2022) Kat:3, Licht: 2,171818,3,2,6,04,22,6,1,2,0,1,1,0,0,0
"POINT (6.778518369000040 51.225555737000001)",Unfall 171837 (2022) Kat:3, Licht: 0,171837,3,1,0,05,14,3,0,0,0,0,0,0,0,1
"POINT (6.764003580000060 51.220903102000101)",Unfall 171856 (2022) Kat:3, Licht: 0,171856,3,6,2,05,08,2,0,0,0,1,0,0,0,0
"POINT (6.780598813000040 51.239373733999997)",Unfall 171863 (2022) Kat:3, Licht: 0,171863,3,7,6,04,10,7,0,0,0,1,1,0,0,0
"POINT (6.786262139000030 51.224518408000101)",Unfall 171884 (2022) Kat:3, Licht: 0,171884,3,4,6,05,14,4,0,0,0,0,1,0,0,1
"POINT (6.828385072000060 51.187959761000101)",Unfall 171892 (2022) Kat:3, Licht: 1,171892,3,7,6,04,17,6,0,1,0,0,1,0,0,1
"POINT (6.810408759000040 51.237118903000102)",Unfall 171920 (2022) Kat:3, Licht: 0,171920,3,3,5,05,18,6,0,0,1,1,0,0,0,0
"POINT (6.791565048000050 51.222163332999997)",Unfall 171929 (2022) Kat:3, Licht: 0,171929,3,6,2,04,17,4,0,0,0,1,0,0,0,0
"POINT (6.805832037000070 51.223212015000101)",Unfall 171987 (2022) Kat:3, Licht: 0,171987,3,7,0,05,07,3,0,0,1,0,0,1,0,0
"POINT (6.780122174000040 51.240900209000102)",Unfall 171996 (2022) Kat:3, Licht: 2,171996,3,7,0,05,22,3,0,2,0,0,0,0,0,1
"POINT (6.775218662000040 51.211708016999999)",Unfall 172004 (2022) Kat:3, Licht: 0,172004,3,6,3,04,13,3,0,0,1,1,0,0,0,1
"POINT (6.825809220000050 51.264692562000100)",Unfall 172068 (2022) Kat:3, Licht: 0,172068,3,4,6,05,16,4,0,0,0,1,1,0,0,0
"POINT (6.745327080000040 51.232882894000099)",Unfall 172125 (2022) Kat:3, Licht: 0,172125,3,7,0,05,10,3,0,0,1,0,0,0,0,0
"POINT (6.776765297000050 51.210262903999997)",Unfall 172131 (2022) Kat:3, Licht: 0,172131,3,6,3,05,13,7,0,0,1,1,0,0,0,0
"POINT (6.775353272000070 51.227856320999997)",Unfall 172164 (2022) Kat:3, Licht: 2,172164,3,1,0,05,03,7,0,2,0,0,0,0,0,1
"POINT (6.829827810000040 51.173624021000101)",Unfall 172195 (2022) Kat:3, Licht: 0,172195,3,1,5,05,17,5,0,0,0,1,0,0,0,0
"POINT (6.785118675000040 51.193571625000097)",Unfall 172203 (2022) Kat:3, Licht: 0,172203,3,2,5,05,09,6,0,0,1,1,0,0,0,0
"POINT (6.804778405000040 51.214761644000099)",Unfall 172217 (2022) Kat:3, Licht: 1,172217,3,6,0,05,19,3,0,1,0,0,0,1,0,0
"POINT (6.757369790000040 51.205447336000098)",Unfall 172221 (2022) Kat:2, Licht: 0,172221,2,6,1,05,07,2,0,0,0,1,0,0,1,0
"POINT (6.833329466000070 51.178344279999997)",Unfall 172249 (2022) Kat:3, Licht: 0,172249,3,3,5,05,17,1,0,0,1,1,0,0,0,0
"POINT (6.820641121000050 51.184746023999999)",Unfall 172267 (2022) Kat:3, Licht: 0,172267,3,2,3,05,16,3,0,0,1,1,0,0,0,0
"POINT (6.839492274000070 51.220067817000000)",Unfall 172275 (2022) Kat:3, Licht: 0,172275,3,3,5,04,12,1,0,0,0,1,0,0,0,0
"POINT (6.844968881000060 51.225393723000103)",Unfall 172305 (2022) Kat:3, Licht: 0,172305,3,1,8,05,17,2,0,0,1,0,0,0,0,0
"POINT (6.858551721000030 51.236094024000103)",Unfall 172310 (2022) Kat:3, Licht: 0,172310,3,7,0,05,13,2,0,0,0,1,0,1,0,0
"POINT (6.777087542000060 51.227891554999999)",Unfall 172316 (2022) Kat:3, Licht: 0,172316,3,6,2,04,15,7,0,0,0,1,0,0,0,0
"POINT (6.716733777000060 51.232032047000096)",Unfall 172322 (2022) Kat:2, Licht: 0,172322,2,7,5,04,11,5,0,0,0,1,0,0,0,1
"POINT (6.789052693000030 51.218248603000099)",Unfall 172330 (2022) Kat:2, Licht: 0,172330,2,1,0,04,10,3,0,0,1,0,0,0,0,0
"POINT (6.800531614000020 51.243585354000103)",Unfall 172364 (2022) Kat:3, Licht: 0,172364,3,5,1,04,17,3,1,0,1,1,0,0,0,0
"POINT (6.763455334000070 51.184646172000001)",Unfall 172414 (2022) Kat:2, Licht: 0,172414,2,5,5,05,15,4,0,0,1,0,0,0,0,0
"POINT (6.864577797000040 51.224338215000003)",Unfall 172427 (2022) Kat:3, Licht: 0,172427,3,4,6,05,10,4,0,0,0,1,1,0,0,0
"POINT (6.763162453000060 51.197968738999997)",Unfall 172458 (2022) Kat:3, Licht: 0,172458,3,3,5,05,13,2,0,0,1,1,0,0,0,0
"POINT (6.817181073000030 51.204130459000098)",Unfall 172489 (2022) Kat:3, Licht: 0,172489,3,1,0,05,14,3,0,0,0,0,0,1,0,0
"POINT (6.864964018000020 51.163509309000098)",Unfall 172513 (2022) Kat:3, Licht: 0,172513,3,5,1,05,16,5,0,0,1,1,0,0,0,0
"POINT (6.734524103000070 51.257524119000003)",Unfall 172521 (2022) Kat:3, Licht: 2,172521,3,7,0,05,21,6,0,2,0,0,0,0,0,1