WKT,Name,OBJECTID,UKATEGORIE,UTYP1,UART,UMONAT,USTUNDE,UWOCHENTAG,STRZUSTAND,ULICHTVERH,ISTRAD,ISTPKW,ISTFUSS,ISTKRAD,ISTGKFZ,ISTSONSTIG
"POINT (6.775575721000050 51.224076115000102)",Unfall 172526 (2022) Kat:3, Licht: 0,172526,3,5,1,05,10,7,0,0,1,1,0,0,0,0
"POINT (6.794956107000080 51.222707755000002)",Unfall 172543 (2022) Kat:3, Licht: 0,172543,3,3,5,05,15,4,0,0,1,1,0,0,0,0
"POINT (6.882011621000060 51.162424596000101)",Unfall 172562 (2022) Kat:3, Licht: 0,172562,3,7,0,04,13,5,0,0,0,1,0,1,0,0
"POINT (6.853681684000040 51.180857658000001)",Unfall 172575 (2022) Kat:2, Licht: 0,172575,2,7,0,04,11,4,0,0,0,1,0,0,0,0
"POINT (6.891098824000040 51.147167979000102)",Unfall 172587 (2022) Kat:2, Licht: 0,172587,2,2,5,04,11,5,0,0,1,1,0,0,0,0
"POINT (6.746169545000040 51.270770320000103)",Unfall 172590 (2022) Kat:3, Licht: 0,172590,3,7,0,05,12,3,0,0,1,0,0,0,0,0
"POINT (6.902281765000050 51.202395488000001)",Unfall 172604 (2022) Kat:3, Licht: 0,172604,3,3,5,05,07,5,0,0,0,1,0,0,0,0
"POINT (6.786126416000060 51.253894096000103)",Unfall 172606 (2022) Kat:3, Licht: 0,172606,3,6,2,04,15,3,1,0,0,1,0,0,0,1
"POINT (6.767864417000060 51.254285889000101)",Unfall 172648 (2022) Kat:3, Licht: 0,172648,3,7,6,05,14,6,0,0,1,0,1,0,0,0
"POINT (6.792179620000070 51.239507999000097)",Unfall 172652 (2022) Kat:3, Licht: 0,172652,3,3,1,05,11,2,0,0,1,1,0,0,0,1
"POINT (6.862003892000080 51.256451625000103)",Unfall 172657 (2022) Kat:3, Licht: 1,172657,3,7,0,04,05,4,0,1,1,0,0,0,0,0
"POINT (6.763787840000020 51.214544002000103)",Unfall 172660 (2022) Kat:3, Licht: 2,172660,3,1,8,05,00,1,1,2,1,0,0,0,0,0
"POINT (6.771588842000030 51.219087479000102)",Unfall 172662 (2022) Kat:3, Licht: 0,172662,3,3,5,05,18,3,0,0,0,0,0,1,0,1
"POINT (6.800058296000030 51.195023630000001)",Unfall 172691 (2022) Kat:3, Licht: 0,172691,3,6,2,04,08,3,1,0,0,1,0,0,0,0
"POINT (6.827885755000070 51.210370771000001)",Unfall 172704 (2022) Kat:3, Licht: 0,172704,3,6,3,05,12,2,0,0,0,0,0,1,0,1
"POINT (6.769972983000060 51.196159372000103)",Unfall 172737 (2022) Kat:3, Licht: 0,172737,3,4,6,05,10,7,0,0,0,1,1,0,0,0
"POINT (6.785685814000030 51.217386807000103)",Unfall 172744 (2022) Kat:3, Licht: 0,172744,3,7,1,05,19,2,0,0,1,0,0,0,0,1
"POINT (6.893286058000060 51.148550831000101)",Unfall 172819 (2022) Kat:2, Licht: 1,172819,2,7,4,05,20,4,0,1,0,1,0,0,0,0
"POINT (6.805998053000050 51.221198594999997)",Unfall 172872 (2022) Kat:3, Licht: 0,172872,3,3,5,05,13,4,0,0,0,1,0,1,0,0
"POINT (6.811982836000030 51.198342755000098)",Unfall 172889 (2022) Kat:3, Licht: 0,172889,3,2,5,05,14,7,0,0,0,1,0,0,0,0
"POINT (6.800920004000030 51.236403146000001)",Unfall 172890 (2022) Kat:2, Licht: 2,172890,2,1,8,05,23,3,0,2,1,0,0,0,0,0
"POINT (6.780344642000050 51.199816154000104)",Unfall 172900 (2022) Kat:2, Licht: 0,172900,2,1,0,05,11,6,0,0,1,0,0,0,0,0
"POINT (6.804079656000060 51.220356129000002)",Unfall 172902 (2022) Kat:3, Licht: 2,172902,3,7,0,05,19,7,0,2,0,0,1,0,0,1
"POINT (6.787740798000070 51.223767941000098)",Unfall 172910 (2022) Kat:3, Licht: 0,172910,3,3,5,05,11,4,0,0,0,1,0,0,0,0
"POINT (6.914468489000060 51.131747516000097)",Unfall 172982 (2022) Kat:3, Licht: 0,172982,3,1,0,05,19,6,0,0,1,0,0,0,0,0
"POINT (6.816731332000070 51.194888563000099)",Unfall 172994 (2022) Kat:3, Licht: 0,172994,3,6,2,05,20,5,0,0,1,1,0,0,0,0
"POINT (6.765759631000040 51.219452599000100)",Unfall 173039 (2022) Kat:3, Licht: 0,173039,3,1,8,05,13,5,0,0,1,0,0,0,0,0
"POINT (6.896087854000030 51.204024265000001)",Unfall 173064 (2022) Kat:2, Licht: 0,173064,2,3,0,05,14,4,0,0,1,0,0,0,0,0
"POINT (6.777885542000040 51.207129723999998)",Unfall 173075 (2022) Kat:3, Licht: 0,173075,3,3,0,05,18,6,0,0,1,0,0,0,0,0
"POINT (6.833926826000040 51.174360642000103)",Unfall 173084 (2022) Kat:3, Licht: 0,173084,3,6,2,05,16,3,0,0,0,1,0,1,0,0
"POINT (6.788136680000040 51.211138874000000)",Unfall 173118 (2022) Kat:3, Licht: 0,173118,3,2,5,05,17,7,0,0,1,1,0,0,0,0
"POINT (6.716694981000050 51.232118176000000)",Unfall 173119 (2022) Kat:3, Licht: 0,173119,3,3,3,05,16,2,0,0,0,1,0,0,0,1
"POINT (6.782787946000040 51.239914865999999)",Unfall 173135 (2022) Kat:3, Licht: 0,173135,3,3,5,05,18,2,0,0,1,1,0,0,0,0
"POINT (6.808167839000020 51.211065961000003)",Unfall 173186 (2022) Kat:3, Licht: 1,173186,3,3,5,05,19,4,0,1,0,1,0,0,0,0
"POINT (6.775891476000030 51.206820003000097)",Unfall 173189 (2022) Kat:3, Licht: 0,173189,3,1,0,05,15,4,0,0,1,0,0,0,0,0
"POINT (6.756466463000040 51.202174000000099)",Unfall 173195 (2022) Kat:3, Licht: 2,173195,3,6,2,05,22,7,0,2,0,1,0,0,0,0
"POINT (6.799459942000060 51.223559034000097)",Unfall 173197 (2022) Kat:3, Licht: 0,173197,3,3,5,05,19,4,0,0,1,1,0,0,0,0
"POINT (6.797700730000030 51.223627898000103)",Unfall 173228 (2022) Kat:3, Licht: 0,173228,3,1,0,05,17,7,0,0,1,0,0,0,0,0
"POINT (6.787256153000040 51.236854578000099)",Unfall 173236 (2022) Kat:3, Licht: 0,173236,3,3,5,05,07,5,0,0,1,1,0,0,0,0
"POINT (6.799864603000060 51.223547173000000)",Unfall 173242 (2022) Kat:3, Licht: 0,173242,3,7,0,05,16,2,0,0,1,0,0,0,0,0
"POINT (6.762046061000040 51.215305839000102)",Unfall 173266 (2022) Kat:3, Licht: 0,173266,3,7,7,05,19,6,0,0,1,0,0,0,0,0
"POINT (6.798862907000060 51.226270663000001)",Unfall 173268 (2022) Kat:3, Licht: 2,173268,3,7,0,05,02,7,0,2,0,0,0,1,0,0
"POINT (6.791745335000030 51.211247816000103)",Unfall 173316 (2022) Kat:3, Licht: 0,173316,3,5,1,05,08,3,1,0,0,1,0,0,0,0
"POINT (6.760872116000030 51.311485449000003)",Unfall 173325 (2022) Kat:3, Licht: 0,173325,3,3,5,05,18,4,0,0,1,1,0,0,0,0
"POINT (6.843877751000040 51.199677819000001)",Unfall 173332 (2022) Kat:3, Licht: 0,173332,3,1,0,05,20,7,0,0,0,0,0,0,0,1
"POINT (6.761367695000050 51.265642338000099)",Unfall 173343 (2022) Kat:3, Licht: 0,173343,3,7,0,05,17,2,0,0,1,0,0,0,0,0
"POINT (6.763662824000050 51.212482401000003)",Unfall 173347 (2022) Kat:3, Licht: 2,173347,3,1,0,05,01,4,1,2,0,0,0,1,0,0
"POINT (6.800888397000050 51.261491319000100)",Unfall 173354 (2022) Kat:3, Licht: 0,173354,3,1,0,05,14,7,0,0,1,0,0,0,0,0
"POINT (6.849016968000060 51.218452071999998)",Unfall 173362 (2022) Kat:3, Licht: 0,173362,3,3,5,05,16,5,0,0,1,1,0,0,0,0
"POINT (6.826263649000050 51.241011736000097)",Unfall 173370 (2022) Kat:3, Licht: 0,173370,3,5,0,05,07,5,0,0,0,0,0,0,1,1
"POINT (6.788825674000070 51.221887547000101)",Unfall 173379 (2022) Kat:3, Licht: 0,173379,3,1,0,05,15,7,0,0,1,0,0,0,0,0
"POINT (6.867709587000040 51.181531040000003)",Unfall 173398 (2022) Kat:3, Licht: 0,173398,3,7,0,05,19,6,0,0,1,0,0,0,0,0
"POINT (6.789315867000030 51.238146762000000)",Unfall 173402 (2022) Kat:3, Licht: 0,173402,3,4,6,05,07,4,0,0,0,1,1,0,0,0
"POINT (6.761076232000050 51.266806718000097)",Unfall 173407 (2022) Kat:3, Licht: 0,173407,3,3,5,05,13,5,0,0,1,1,0,0,0,0
"POINT (6.741361085000050 51.186580542000101)",Unfall 173438 (2022) Kat:3, Licht: 0,173438,3,4,6,05,18,3,0,0,1,0,1,0,0,0
"POINT (6.871087999000050 51.154345846000098)",Unfall 173448 (2022) Kat:3, Licht: 0,173448,3,2,5,05,11,7,0,0,1,1,0,0,0,0
"POINT (6.812026336000030 51.227508215999997)",Unfall 173471 (2022) Kat:2, Licht: 0,173471,2,7,0,05,19,3,0,0,1,0,0,0,0,0
"POINT (6.885681618000040 51.165079898000002)",Unfall 173473 (2022) Kat:3, Licht: 0,173473,3,3,4,05,18,4,0,0,1,1,0,0,0,0
"POINT (6.775309655000060 51.215642623000100)",Unfall 173485 (2022) Kat:3, Licht: 2,173485,3,2,5,05,03,5,0,2,0,1,0,1,0,0
"POINT (6.842567831000050 51.207428059999998)",Unfall 173491 (2022) Kat:3, Licht: 0,173491,3,3,5,05,15,2,0,0,0,1,0,1,0,0
"POINT (6.796909808000070 51.225139593999998)",Unfall 173525 (2022) Kat:3, Licht: 0,173525,3,4,6,05,13,4,0,0,0,1,1,0,0,0
"POINT (6.789933337000040 51.220657683000098)",Unfall 173535 (2022) Kat:3, Licht: 0,173535,3,2,5,05,18,4,0,0,1,1,0,0,0,0
"POINT (6.859398544000040 51.236739497000002)",Unfall 173553 (2022) Kat:2, Licht: 2,173553,2,7,0,05,01,7,0,2,1,0,0,0,0,0
"POINT (6.769674932000040 51.217702328000001)",Unfall 173561 (2022) Kat:3, Licht: 2,173561,3,6,2,05,15,6,1,2,0,1,0,0,0,0
"POINT (6.789429680000070 51.248217013000001)",Unfall 173564 (2022) Kat:3, Licht: 2,173564,3,7,0,05,21,3,0,2,1,0,0,0,0,0
"POINT (6.765759631000040 51.219452599000100)",Unfall 173580 (2022) Kat:3, Licht: 0,173580,3,3,5,05,17,2,0,0,1,0,0,0,0,1
"POINT (6.781917026000030 51.226130110000000)",Unfall 173601 (2022) Kat:3, Licht: 2,173601,3,3,5,05,00,4,0,2,1,0,0,0,0,1
"POINT (6.897507371000070 51.142709828000100)",Unfall 173614 (2022) Kat:2, Licht: 0,173614,2,1,0,05,10,5,0,0,1,0,0,0,0,0
"POINT (6.860281198000050 51.238613462000004)",Unfall 173653 (2022) Kat:2, Licht: 0,173653,2,4,6,05,16,5,0,0,0,1,1,0,0,0
"POINT (6.771157689000060 51.210764889000103)",Unfall 173699 (2022) Kat:3, Licht: 0,173699,3,1,0,05,12,7,0,0,1,0,0,0,0,0
"POINT (6.786193460000050 51.253608645000000)",Unfall 173700 (2022) Kat:3, Licht: 1,173700,3,1,0,05,06,3,0,1,1,0,0,0,0,0
"POINT (6.828385072000060 51.187959761000101)",Unfall 173701 (2022) Kat:3, Licht: 0,173701,3,3,5,05,15,4,0,0,0,1,0,0,0,0
"POINT (6.847713187000070 51.239346635000103)",Unfall 173749 (2022) Kat:3, Licht: 0,173749,3,7,6,05,17,6,0,0,0,1,1,0,0,0
"POINT (6.792579993000060 51.246177533999997)",Unfall 173779 (2022) Kat:3, Licht: 0,173779,3,2,4,05,16,2,0,0,1,0,0,0,0,0
"POINT (6.778528446000050 51.264384316000097)",Unfall 173790 (2022) Kat:2, Licht: 0,173790,2,3,1,05,09,3,1,0,1,1,0,0,0,0
"POINT (6.787175144000060 51.215339114000102)",Unfall 173813 (2022) Kat:3, Licht: 0,173813,3,5,3,05,15,7,0,0,1,1,0,0,0,0
"POINT (6.799844738000050 51.244806955999998)",Unfall 173864 (2022) Kat:3, Licht: 0,173864,3,7,1,06,13,2,0,0,0,1,0,0,0,0
"POINT (6.792708730000070 51.243247107999998)",Unfall 173871 (2022) Kat:3, Licht: 0,173871,3,5,1,06,07,5,0,0,0,0,0,1,0,0
"POINT (6.802490586000030 51.227208890000000)",Unfall 173880 (2022) Kat:3, Licht: 0,173880,3,6,3,06,12,6,0,0,0,1,0,1,0,0
"POINT (6.812455686000020 51.265375043000098)",Unfall 173911 (2022) Kat:3, Licht: 0,173911,3,2,5,05,15,6,0,0,0,0,0,1,0,1
"POINT (6.739761038000040 51.268073915999999)",Unfall 173914 (2022) Kat:2, Licht: 0,173914,2,3,5,05,18,3,0,0,0,1,0,0,0,0
"POINT (6.815281819000060 51.192424010000103)",Unfall 173918 (2022) Kat:3, Licht: 0,173918,3,3,5,06,13,2,0,0,1,0,0,0,0,1
"POINT (6.780643110000030 51.240768527000100)",Unfall 173922 (2022) Kat:3, Licht: 0,173922,3,4,6,06,13,5,0,0,0,1,1,0,0,0
"POINT (6.776850330000060 51.205309780000100)",Unfall 173927 (2022) Kat:3, Licht: 0,173927,3,6,2,05,14,2,0,0,1,1,0,0,0,0
"POINT (6.792755902000070 51.241436579999998)",Unfall 173945 (2022) Kat:2, Licht: 0,173945,2,3,0,06,15,4,1,0,1,1,0,0,0,0
"POINT (6.785959827000060 51.232958543000102)",Unfall 173957 (2022) Kat:3, Licht: 0,173957,3,3,5,06,09,7,0,0,1,1,0,0,0,0
"POINT (6.886811362000060 51.200964104999997)",Unfall 173975 (2022) Kat:3, Licht: 2,173975,3,1,0,06,00,4,1,2,1,0,0,0,0,0
"POINT (6.883001277000060 51.155184624000100)",Unfall 173990 (2022) Kat:2, Licht: 0,173990,2,3,5,06,07,6,0,0,1,1,0,0,0,0
"POINT (6.775309655000060 51.215642623000100)",Unfall 174024 (2022) Kat:2, Licht: 0,174024,2,3,5,06,20,2,0,0,1,1,0,0,0,0
"POINT (6.791777396000040 51.222061748999998)",Unfall 174026 (2022) Kat:3, Licht: 0,174026,3,2,5,06,16,4,1,0,0,1,0,0,0,1
"POINT (6.716188756000070 51.231076794000003)",Unfall 174044 (2022) Kat:3, Licht: 0,174044,3,6,2,05,11,6,0,0,0,1,0,0,0,0
"POINT (6.864690182000060 51.162235214000098)",Unfall 174047 (2022) Kat:2, Licht: 1,174047,2,1,0,06,05,1,0,1,0,0,0,0,0,1
"POINT (6.798420992000050 51.244315078000099)",Unfall 174060 (2022) Kat:3, Licht: 0,174060,3,4,0,06,12,2,0,0,1,0,1,0,0,0
"POINT (6.773552903000050 51.227465546000097)",Unfall 174082 (2022) Kat:3, Licht: 2,174082,3,6,6,06,02,1,0,2,0,0,1,0,0,1
"POINT (6.740565436000050 51.302196939000098)",Unfall 174096 (2022) Kat:3, Licht: 0,174096,3,3,5,05,16,3,0,0,0,1,0,1,0,0
"POINT (6.867372977000060 51.183088295000097)",Unfall 174106 (2022) Kat:3, Licht: 0,174106,3,6,2,06,16,3,0,0,0,1,0,1,0,0
"POINT (6.770844548000070 51.201289772000102)",Unfall 174114 (2022) Kat:3, Licht: 0,174114,3,1,0,06,16,1,1,0,1,0,0,0,0,0
"POINT (6.744572221000060 51.279465201999997)",Unfall 174138 (2022) Kat:3, Licht: 0,174138,3,5,1,05,09,2,0,0,1,1,0,0,0,0
"POINT (6.804360994000040 51.223405722000102)",Unfall 174156 (2022) Kat:3, Licht: 0,174156,3,3,5,06,16,4,1,0,1,1,0,0,0,0
"POINT (6.831496845000060 51.207269263000100)",Unfall 174166 (2022) Kat:3, Licht: 0,174166,3,7,8,06,16,7,0,0,1,0,0,0,0,0
"POINT (6.760483819000060 51.207071492000097)",Unfall 174177 (2022) Kat:3, Licht: 0,174177,3,2,6,06,15,3,1,0,0,1,1,0,0,0
"POINT (6.762170781000070 51.298441555000103)",Unfall 174196 (2022) Kat:3, Licht: 0,174196,3,6,4,06,12,7,0,0,0,1,0,0,0,0
"POINT (6.769716136000060 51.210823822000101)",Unfall 174216 (2022) Kat:3, Licht: 1,174216,3,2,4,06,21,3,0,1,0,1,0,1,0,0
"POINT (6.754291412000040 51.259871810000000)",Unfall 174234 (2022) Kat:3, Licht: 0,174234,3,2,5,06,12,2,0,0,1,0,0,0,0,1
"POINT (6.781990821000020 51.240898395000002)",Unfall 174235 (2022) Kat:2, Licht: 0,174235,2,7,0,05,17,7,0,0,1,0,0,0,0,0
"POINT (6.813730500000080 51.194300041000098)",Unfall 174241 (2022) Kat:3, Licht: 0,174241,3,3,5,06,09,4,0,0,0,1,0,0,0,1
"POINT (6.788825674000070 51.221887547000101)",Unfall 174253 (2022) Kat:3, Licht: 2,174253,3,3,5,06,21,1,0,2,0,1,0,0,0,0
"POINT (6.823965456000050 51.179394936999998)",Unfall 174292 (2022) Kat:3, Licht: 0,174292,3,5,1,05,10,2,0,0,1,1,0,0,0,0
"POINT (6.839492274000070 51.220067817000000)",Unfall 174307 (2022) Kat:3, Licht: 0,174307,3,3,5,05,12,2,0,0,1,1,0,0,0,0
"POINT (6.778758747000040 51.216075987000103)",Unfall 174405 (2022) Kat:3, Licht: 0,174405,3,6,3,06,19,4,0,0,1,1,0,0,0,0
"POINT (6.795122100000070 51.224143502000103)",Unfall 174423 (2022) Kat:3, Licht: 0,174423,3,4,6,06,15,3,1,0,0,0,1,0,0,1
"POINT (6.780149708000070 51.236777317000097)",Unfall 174441 (2022) Kat:3, Licht: 0,174441,3,1,0,05,09,6,1,0,1,0,0,0,0,0
"POINT (6.781263933000050 51.218836047000103)",Unfall 174445 (2022) Kat:3, Licht: 0,174445,3,6,3,06,13,1,1,0,0,1,0,1,0,0
"POINT (6.775544258000020 51.210141287000098)",Unfall 174453 (2022) Kat:3, Licht: 2,174453,3,6,3,06,22,4,0,2,0,1,0,0,0,1
"POINT (6.789566840000020 51.239349969000003)",Unfall 174483 (2022) Kat:1, Licht: 0,174483,1,1,0,06,14,4,1,0,0,1,0,1,0,0
"POINT (6.779800660000030 51.219778614000099)",Unfall 174487 (2022) Kat:3, Licht: 0,174487,3,7,6,05,14,6,0,0,0,0,1,0,0,1
"POINT (6.754505350000040 51.232239417000102)",Unfall 174507 (2022) Kat:3, Licht: 0,174507,3,7,6,06,11,3,0,0,1,0,1,0,0,0
"POINT (6.789681831000050 51.236622560000100)",Unfall 174527 (2022) Kat:2, Licht: 0,174527,2,1,0,06,18,2,0,0,1,0,0,0,0,0
"POINT (6.839838928000060 51.183757544000102)",Unfall 174528 (2022) Kat:2, Licht: 0,174528,2,3,5,05,15,7,0,0,0,1,0,0,0,0
"POINT (6.746757063000080 51.229149316000097)",Unfall 174550 (2022) Kat:3, Licht: 0,174550,3,2,2,06,17,2,0,0,0,1,0,0,0,1
"POINT (6.818663074000030 51.187652510000099)",Unfall 174559 (2022) Kat:3, Licht: 0,174559,3,3,5,05,10,6,0,0,1,0,0,0,0,1
"POINT (6.885719092000040 51.156264213000000)",Unfall 174561 (2022) Kat:2, Licht: 0,174561,2,2,4,05,13,2,0,0,0,1,0,1,0,0
"POINT (6.821666873000030 51.189020212999999)",Unfall 174608 (2022) Kat:3, Licht: 0,174608,3,2,3,06,15,6,0,0,1,0,0,0,0,1
"POINT (6.819424083000060 51.216348804000098)",Unfall 174611 (2022) Kat:3, Licht: 0,174611,3,6,4,05,08,3,1,0,1,0,0,0,0,0
"POINT (6.762510691000050 51.232818584000000)",Unfall 174642 (2022) Kat:3, Licht: 0,174642,3,1,9,06,17,5,0,0,0,1,0,0,0,0
"POINT (6.869705438000040 51.189331607000000)",Unfall 174672 (2022) Kat:3, Licht: 0,174672,3,6,3,06,16,4,1,0,0,1,0,0,0,0
"POINT (6.774240784000030 51.224069665000101)",Unfall 174687 (2022) Kat:3, Licht: 0,174687,3,7,6,06,14,6,0,0,0,0,1,0,1,0
"POINT (6.789885583000060 51.237826659000099)",Unfall 174692 (2022) Kat:2, Licht: 0,174692,2,4,6,06,13,2,0,0,0,1,1,0,0,0
"POINT (6.795657817000060 51.281920350000100)",Unfall 174704 (2022) Kat:3, Licht: 0,174704,3,4,6,06,08,4,0,0,0,1,1,0,0,0
"POINT (6.782141357000060 51.240729799000100)",Unfall 174767 (2022) Kat:3, Licht: 0,174767,3,3,5,06,17,5,0,0,1,1,0,0,0,0
"POINT (6.741306075000070 51.321277521000098)",Unfall 174783 (2022) Kat:2, Licht: 0,174783,2,4,6,06,17,1,1,0,0,1,1,0,0,0
"POINT (6.886811362000060 51.200964104999997)",Unfall 174815 (2022) Kat:3, Licht: 1,174815,3,7,0,06,05,5,0,1,1,0,0,0,0,0
"POINT (6.780030029000050 51.217364885999999)",Unfall 174867 (2022) Kat:3, Licht: 0,174867,3,3,1,05,13,6,0,0,0,1,0,0,0,0
"POINT (6.793588742000050 51.283420159000102)",Unfall 174873 (2022) Kat:3, Licht: 0,174873,3,3,5,06,14,3,1,0,0,0,0,1,0,1
"POINT (6.818211692000030 51.263291761000097)",Unfall 174878 (2022) Kat:3, Licht: 2,174878,3,1,0,06,22,4,0,2,1,0,0,0,0,0
"POINT (6.819284397000050 51.258823386000103)",Unfall 174880 (2022) Kat:3, Licht: 0,174880,3,3,5,06,15,6,0,0,1,1,0,0,0,0
"POINT (6.765861796000020 51.251987200000002)",Unfall 174940 (2022) Kat:3, Licht: 0,174940,3,4,6,06,12,3,0,0,0,0,1,0,0,1
"POINT (6.808774739000060 51.223579532000002)",Unfall 174968 (2022) Kat:3, Licht: 0,174968,3,4,6,06,19,2,0,0,0,1,1,0,0,0
"POINT (6.818663074000030 51.187652510000099)",Unfall 175011 (2022) Kat:3, Licht: 0,175011,3,4,6,06,19,2,0,0,0,1,1,0,0,0
"POINT (6.744903871000080 51.273688562000103)",Unfall 175024 (2022) Kat:3, Licht: 0,175024,3,1,1,06,13,4,0,0,0,1,0,1,0,1
"POINT (6.729299036000040 51.239696139000003)",Unfall 175042 (2022) Kat:3, Licht: 0,175042,3,6,3,06,09,6,0,0,1,1,0,0,0,0
"POINT (6.778794382000060 51.217403746999999)",Unfall 175058 (2022) Kat:3, Licht: 0,175058,3,3,5,06,12,3,0,0,1,1,0,0,0,1
"POINT (6.776824584000050 51.227817019000000)",Unfall 175071 (2022) Kat:3, Licht: 0,175071,3,6,4,06,19,4,0,0,1,0,0,0,0,1
"POINT (6.774179181000020 51.222329701000000)",Unfall 175072 (2022) Kat:3, Licht: 1,175072,3,1,0,06,21,5,0,1,1,0,0,0,0,0
"POINT (6.708431644000030 51.227968979000103)",Unfall 175080 (2022) Kat:3, Licht: 0,175080,3,3,5,07,15,6,0,0,0,1,0,1,0,0
"POINT (6.833531979000040 51.174022201000099)",Unfall 175111 (2022) Kat:3, Licht: 0,175111,3,1,0,06,08,6,0,0,1,0,0,0,0,0
"POINT (6.844203061000030 51.188319426000099)",Unfall 175122 (2022) Kat:2, Licht: 0,175122,2,2,3,06,14,3,0,0,0,0,0,1,1,0
"POINT (6.811982836000030 51.198342755000098)",Unfall 175152 (2022) Kat:3, Licht: 0,175152,3,3,5,06,20,5,1,0,0,1,0,0,0,0
"POINT (6.816923112000040 51.189862599999998)",Unfall 175174 (2022) Kat:3, Licht: 0,175174,3,7,6,06,07,5,0,0,1,0,1,0,0,0
"POINT (6.782141357000060 51.240729799000100)",Unfall 175192 (2022) Kat:3, Licht: 0,175192,3,3,5,06,21,4,0,0,1,1,0,0,0,0
"POINT (6.830427299000060 51.208059638000101)",Unfall 175199 (2022) Kat:3, Licht: 0,175199,3,2,6,06,08,2,1,0,0,1,1,0,0,0
"POINT (6.786033330000070 51.213714755000098)",Unfall 175212 (2022) Kat:3, Licht: 0,175212,3,4,0,06,17,2,1,0,0,0,1,1,0,0
"POINT (6.792898844000040 51.332219866000102)",Unfall 175241 (2022) Kat:3, Licht: 0,175241,3,6,4,06,10,7,0,0,1,0,0,0,0,1
"POINT (6.771304498000060 51.218603960999999)",Unfall 175253 (2022) Kat:3, Licht: 0,175253,3,2,3,06,12,3,0,0,1,1,0,0,0,0
"POINT (6.808245097000050 51.248971548000000)",Unfall 175254 (2022) Kat:3, Licht: 0,175254,3,2,6,06,13,2,0,0,0,1,1,0,0,0
"POINT (6.773230092000060 51.204342456000099)",Unfall 175283 (2022) Kat:2, Licht: 0,175283,2,2,6,06,08,5,0,0,0,1,1,0,0,0
"POINT (6.765555207000030 51.219429993000098)",Unfall 175286 (2022) Kat:3, Licht: 0,175286,3,7,5,06,15,5,0,0,1,0,0,0,0,1
"POINT (6.828586576000020 51.180296220000102)",Unfall 175288 (2022) Kat:3, Licht: 0,175288,3,2,5,06,16,5,0,0,1,1,0,0,0,0
"POINT (6.884561470000050 51.155821834000101)",Unfall 175289 (2022) Kat:2, Licht: 0,175289,2,3,5,07,17,6,0,0,1,1,0,0,0,0
"POINT (6.834627907000030 51.204158307999997)",Unfall 175317 (2022) Kat:3, Licht: 0,175317,3,4,6,06,13,5,0,0,0,1,1,0,0,0
"POINT (6.775309655000060 51.215642623000100)",Unfall 175336 (2022) Kat:3, Licht: 1,175336,3,3,5,06,05,1,0,1,0,1,0,0,0,1
"POINT (6.808721887000050 51.211319205999999)",Unfall 175352 (2022) Kat:3, Licht: 0,175352,3,3,5,06,15,6,0,0,0,1,0,0,0,0
"POINT (6.737722572000050 51.241846295000101)",Unfall 175382 (2022) Kat:3, Licht: 0,175382,3,3,5,06,07,4,0,0,1,0,0,0,0,0
"POINT (6.776907226000050 51.218748533999999)",Unfall 175386 (2022) Kat:3, Licht: 0,175386,3,6,3,06,17,6,0,0,0,1,0,1,0,0
"POINT (6.815846957000080 51.229506231000101)",Unfall 175429 (2022) Kat:3, Licht: 0,175429,3,2,4,06,08,4,0,0,0,1,0,0,0,0
"POINT (6.776798228000080 51.215648026000103)",Unfall 175483 (2022) Kat:3, Licht: 0,175483,3,2,6,06,16,7,0,0,0,1,1,0,0,0
"POINT (6.808880615000020 51.227042406000102)",Unfall 175484 (2022) Kat:3, Licht: 0,175484,3,7,6,06,18,5,0,0,1,0,1,0,0,0
"POINT (6.803527807000020 51.213983055000000)",Unfall 175485 (2022) Kat:2, Licht: 0,175485,2,4,6,07,20,6,0,0,0,1,1,0,0,0
"POINT (6.793732414000030 51.223872836000098)",Unfall 175520 (2022) Kat:3, Licht: 2,175520,3,4,6,06,23,2,0,2,0,1,1,0,0,0
"POINT (6.763019326000060 51.210891265999997)",Unfall 175527 (2022) Kat:3, Licht: 0,175527,3,7,0,06,10,6,1,0,1,1,0,0,0,0
"POINT (6.821395689000040 51.169445637000102)",Unfall 175530 (2022) Kat:2, Licht: 0,175530,2,3,5,06,12,5,0,0,1,0,0,0,1,0
"POINT (6.807486104000020 51.229918419000100)",Unfall 175539 (2022) Kat:3, Licht: 0,175539,3,2,5,06,17,4,0,0,1,1,0,0,0,0
"POINT (6.825106672000060 51.225890688000000)",Unfall 175601 (2022) Kat:3, Licht: 0,175601,3,7,0,06,21,7,0,0,0,0,0,0,0,1
"POINT (6.836102494000040 51.202931260000099)",Unfall 175602 (2022) Kat:3, Licht: 0,175602,3,1,0,06,07,7,0,0,1,0,0,0,0,0
"POINT (6.763831185000070 51.215471833999999)",Unfall 175612 (2022) Kat:3, Licht: 0,175612,3,1,0,06,07,3,0,0,1,0,0,0,0,0
"POINT (6.796857488000060 51.284982734000003)",Unfall 175625 (2022) Kat:3, Licht: 0,175625,3,4,5,06,08,4,0,0,0,1,1,0,0,0