WKT,Name,OBJECTID,UKATEGORIE,UTYP1,UART,UMONAT,USTUNDE,UWOCHENTAG,STRZUSTAND,ULICHTVERH,ISTRAD,ISTPKW,ISTFUSS,ISTKRAD,ISTGKFZ,ISTSONSTIG
"POINT (6.740206667000050 51.187273544000000)",Unfall 175627 (2022) Kat:3, Licht: 1,175627,3,6,6,06,20,3,0,1,1,0,1,0,0,0
"POINT (6.803873281000050 51.225601303000097)",Unfall 175630 (2022) Kat:3, Licht: 0,175630,3,7,0,06,16,4,0,0,1,0,0,0,0,0
"POINT (6.780128538000040 51.208888815000101)",Unfall 175640 (2022) Kat:3, Licht: 0,175640,3,7,4,06,11,3,0,0,1,1,0,0,0,0
"POINT (6.753053553000030 51.210406128999999)",Unfall 175656 (2022) Kat:3, Licht: 0,175656,3,3,5,07,16,6,0,0,1,1,0,0,0,0
"POINT (6.752091556000040 51.265069533000002)",Unfall 175659 (2022) Kat:3, Licht: 0,175659,3,3,5,06,18,3,0,0,1,1,0,0,0,0
"POINT (6.797815639000020 51.225595206999998)",Unfall 175673 (2022) Kat:3, Licht: 0,175673,3,1,0,06,18,4,0,0,1,0,0,0,0,0
"POINT (6.830245359000060 51.208201070000001)",Unfall 175714 (2022) Kat:3, Licht: 2,175714,3,6,0,06,02,6,0,2,1,1,0,0,0,0
"POINT (6.786629671000070 51.227611963000101)",Unfall 175725 (2022) Kat:2, Licht: 0,175725,2,4,0,06,18,3,0,0,1,0,1,0,0,0
"POINT (6.762329743000070 51.248534328000098)",Unfall 175749 (2022) Kat:3, Licht: 0,175749,3,3,5,06,19,4,0,0,1,1,0,0,0,0
"POINT (6.769842667000030 51.196695134999999)",Unfall 175773 (2022) Kat:2, Licht: 0,175773,2,1,8,06,13,5,0,0,0,1,0,0,0,0
"POINT (6.769654865000060 51.217269621000099)",Unfall 175789 (2022) Kat:2, Licht: 0,175789,2,1,0,06,11,6,0,0,0,0,0,1,0,0
"POINT (6.820592287000070 51.195711054000100)",Unfall 175866 (2022) Kat:3, Licht: 0,175866,3,6,2,06,13,1,0,0,0,1,0,1,0,0
"POINT (6.875835477000070 51.163319817999998)",Unfall 175876 (2022) Kat:2, Licht: 2,175876,2,5,0,06,22,4,0,2,1,1,0,0,0,0
"POINT (6.832987148000030 51.205907482000001)",Unfall 175889 (2022) Kat:3, Licht: 0,175889,3,2,0,07,11,6,0,0,0,1,0,0,0,1
"POINT (6.722143898000070 51.242345323000102)",Unfall 175906 (2022) Kat:3, Licht: 0,175906,3,6,3,06,15,6,0,0,1,1,0,0,0,0
"POINT (6.778154688000030 51.223052344000102)",Unfall 175934 (2022) Kat:3, Licht: 0,175934,3,6,3,07,17,6,0,0,0,1,0,0,0,1
"POINT (6.816424020000060 51.228696905000000)",Unfall 175964 (2022) Kat:3, Licht: 0,175964,3,6,2,07,13,2,0,0,1,1,0,0,0,0
"POINT (6.790444010000040 51.234016117000102)",Unfall 175997 (2022) Kat:3, Licht: 0,175997,3,1,0,07,16,7,0,0,0,0,0,1,0,0
"POINT (6.780104240000070 51.218865119999997)",Unfall 176002 (2022) Kat:3, Licht: 0,176002,3,4,6,07,09,4,0,0,0,0,1,0,0,1
"POINT (6.776740627000040 51.210772086000098)",Unfall 176013 (2022) Kat:3, Licht: 0,176013,3,2,3,07,08,3,0,0,0,0,0,0,0,1
"POINT (6.870744385000020 51.188833783000099)",Unfall 176018 (2022) Kat:2, Licht: 0,176018,2,7,9,07,16,2,0,0,0,1,0,0,0,0
"POINT (6.830427299000060 51.208059638000101)",Unfall 176026 (2022) Kat:3, Licht: 0,176026,3,6,2,07,20,1,0,0,0,1,0,0,0,0
"POINT (6.809659550000050 51.211747782000003)",Unfall 176085 (2022) Kat:3, Licht: 0,176085,3,2,5,07,09,4,0,0,0,1,0,0,0,0
"POINT (6.804091490000080 51.215485618999999)",Unfall 176165 (2022) Kat:3, Licht: 0,176165,3,2,5,07,13,4,0,0,0,1,0,1,0,1
"POINT (6.836141089000020 51.202897626999999)",Unfall 176181 (2022) Kat:3, Licht: 2,176181,3,1,0,07,22,7,0,2,1,0,0,0,0,0
"POINT (6.858296989000050 51.211194759000101)",Unfall 176183 (2022) Kat:3, Licht: 0,176183,3,3,5,07,10,3,0,0,0,0,0,1,0,1
"POINT (6.708431644000030 51.227968979000103)",Unfall 176202 (2022) Kat:3, Licht: 0,176202,3,3,5,07,06,7,0,0,0,1,0,0,0,1
"POINT (6.816164984000070 51.230475394999999)",Unfall 176220 (2022) Kat:3, Licht: 0,176220,3,7,0,07,16,3,0,0,0,1,0,1,0,0
"POINT (6.742704954000030 51.305532546999999)",Unfall 176223 (2022) Kat:3, Licht: 0,176223,3,7,0,07,16,2,0,0,0,0,0,0,0,1
"POINT (6.744810923000050 51.273489534000099)",Unfall 176228 (2022) Kat:3, Licht: 0,176228,3,7,9,07,16,6,0,0,0,1,0,0,0,0
"POINT (6.763130877000040 51.211550132000099)",Unfall 176230 (2022) Kat:3, Licht: 0,176230,3,7,3,07,17,5,1,0,1,0,0,0,0,1
"POINT (6.777053729000040 51.224939839000101)",Unfall 176240 (2022) Kat:2, Licht: 2,176240,2,1,0,07,23,7,0,2,0,0,0,0,0,1
"POINT (6.898746329000060 51.143953867999997)",Unfall 176246 (2022) Kat:3, Licht: 0,176246,3,7,0,07,15,3,0,0,1,0,0,0,0,0
"POINT (6.785555343000060 51.263152071000000)",Unfall 176255 (2022) Kat:3, Licht: 0,176255,3,1,0,07,13,4,0,0,0,0,0,0,0,1
"POINT (6.790144478000060 51.217319518000103)",Unfall 176267 (2022) Kat:2, Licht: 0,176267,2,1,0,07,18,2,0,0,0,0,0,0,0,1
"POINT (6.789868523000050 51.199951372000001)",Unfall 176284 (2022) Kat:3, Licht: 0,176284,3,2,5,07,08,5,0,0,1,1,0,0,0,0
"POINT (6.764003580000060 51.220903102000101)",Unfall 176295 (2022) Kat:3, Licht: 2,176295,3,7,8,07,22,6,0,2,0,0,0,0,0,1
"POINT (6.780728201000040 51.213976090000102)",Unfall 176297 (2022) Kat:3, Licht: 1,176297,3,1,0,07,04,2,0,1,0,0,0,0,0,1
"POINT (6.778489951000040 51.224381989999998)",Unfall 176303 (2022) Kat:3, Licht: 0,176303,3,6,1,07,16,3,0,0,0,1,0,0,0,1
"POINT (6.729653061000020 51.265803746000103)",Unfall 176323 (2022) Kat:3, Licht: 0,176323,3,3,5,07,11,3,0,0,0,1,0,0,0,0
"POINT (6.809866912000070 51.209378078999997)",Unfall 176325 (2022) Kat:3, Licht: 0,176325,3,2,2,07,15,4,0,0,0,1,0,1,0,0
"POINT (6.734933700000060 51.240988628000103)",Unfall 176338 (2022) Kat:3, Licht: 0,176338,3,2,5,07,16,4,0,0,1,0,0,0,0,1
"POINT (6.804052490000060 51.215526723000004)",Unfall 176340 (2022) Kat:3, Licht: 0,176340,3,4,6,07,14,6,0,0,0,1,1,0,0,0
"POINT (6.765099281000060 51.205295314000097)",Unfall 176385 (2022) Kat:2, Licht: 2,176385,2,6,3,07,01,6,0,2,1,0,0,0,0,0
"POINT (6.812338287000050 51.227677311000001)",Unfall 176402 (2022) Kat:3, Licht: 0,176402,3,4,6,07,20,2,0,0,0,0,1,0,0,1
"POINT (6.816840976000040 51.214096954000098)",Unfall 176408 (2022) Kat:3, Licht: 0,176408,3,2,5,07,08,2,0,0,0,1,0,0,0,0
"POINT (6.765100196000050 51.215020091000000)",Unfall 176430 (2022) Kat:3, Licht: 2,176430,3,3,5,07,00,3,0,2,0,1,0,0,0,1
"POINT (6.777039229000020 51.226468946000097)",Unfall 176433 (2022) Kat:2, Licht: 0,176433,2,1,9,07,14,2,0,0,0,1,0,0,0,0
"POINT (6.765464115000040 51.246765220999997)",Unfall 176437 (2022) Kat:3, Licht: 0,176437,3,3,5,07,13,6,0,0,1,1,0,0,0,0
"POINT (6.755388192000050 51.209971097999997)",Unfall 176449 (2022) Kat:3, Licht: 2,176449,3,7,5,07,23,7,0,2,0,1,0,1,0,0
"POINT (6.738499744000020 51.301058052000002)",Unfall 176451 (2022) Kat:3, Licht: 0,176451,3,7,0,07,09,5,0,0,0,0,1,0,0,1
"POINT (6.810325174000070 51.237129818000000)",Unfall 176495 (2022) Kat:3, Licht: 0,176495,3,3,5,07,11,5,1,0,0,1,0,0,0,0
"POINT (6.776820577000020 51.216179566999998)",Unfall 176503 (2022) Kat:3, Licht: 0,176503,3,6,2,07,11,4,0,0,1,0,0,0,0,0
"POINT (6.796118470000070 51.224936562000003)",Unfall 176525 (2022) Kat:2, Licht: 0,176525,2,6,3,07,19,1,0,0,1,1,0,0,0,1
"POINT (6.795119340000040 51.229295200000102)",Unfall 176574 (2022) Kat:3, Licht: 2,176574,3,5,1,07,22,4,0,2,0,0,0,1,0,1
"POINT (6.837954187000040 51.201015239000100)",Unfall 176638 (2022) Kat:3, Licht: 0,176638,3,6,0,07,16,6,0,0,0,0,1,0,0,1
"POINT (6.794037158000040 51.223535341000101)",Unfall 176640 (2022) Kat:3, Licht: 0,176640,3,6,5,07,11,2,0,0,0,0,0,0,0,1
"POINT (6.817019626000050 51.187312924000103)",Unfall 176642 (2022) Kat:3, Licht: 0,176642,3,5,1,07,13,2,0,0,1,1,0,0,0,0
"POINT (6.785982221000040 51.240066429000102)",Unfall 176644 (2022) Kat:2, Licht: 0,176644,2,1,0,07,17,6,0,0,1,0,0,0,0,0
"POINT (6.787440867000040 51.221603248000100)",Unfall 176686 (2022) Kat:3, Licht: 0,176686,3,5,4,07,20,2,0,0,1,1,0,0,0,0
"POINT (6.779085679000050 51.236901426000003)",Unfall 176703 (2022) Kat:3, Licht: 0,176703,3,1,0,07,12,7,0,0,1,0,0,0,0,0
"POINT (6.778764424000030 51.236223784000103)",Unfall 176708 (2022) Kat:2, Licht: 0,176708,2,1,0,07,11,3,0,0,1,0,0,0,0,0
"POINT (6.776741593000050 51.208792955000000)",Unfall 176744 (2022) Kat:3, Licht: 0,176744,3,6,3,07,15,3,0,0,0,1,0,1,0,0
"POINT (6.772873327000070 51.222973868000103)",Unfall 176763 (2022) Kat:2, Licht: 1,176763,2,2,6,07,21,6,0,1,0,1,1,0,0,0
"POINT (6.865287782000050 51.162231565000098)",Unfall 176766 (2022) Kat:3, Licht: 0,176766,3,7,0,07,21,1,0,0,1,0,0,0,0,0
"POINT (6.883731582000050 51.150019448000101)",Unfall 176777 (2022) Kat:3, Licht: 0,176777,3,2,5,07,18,2,0,0,1,1,0,0,0,0
"POINT (6.811982836000030 51.198342755000098)",Unfall 176792 (2022) Kat:3, Licht: 0,176792,3,2,5,07,15,5,1,0,1,1,0,0,0,0
"POINT (6.751864945000020 51.252786331000003)",Unfall 176809 (2022) Kat:3, Licht: 0,176809,3,3,5,07,13,2,0,0,0,1,0,0,0,0
"POINT (6.777054488000030 51.224209066000100)",Unfall 176814 (2022) Kat:3, Licht: 0,176814,3,3,5,07,12,6,0,0,1,1,0,0,0,0
"POINT (6.858689484000020 51.238108308000101)",Unfall 176835 (2022) Kat:3, Licht: 0,176835,3,3,5,07,06,3,0,0,1,1,0,0,0,0
"POINT (6.766470604000060 51.243203928000099)",Unfall 176856 (2022) Kat:3, Licht: 0,176856,3,1,0,07,21,6,0,0,0,1,0,0,0,0
"POINT (6.869108129000040 51.191075976000000)",Unfall 176860 (2022) Kat:3, Licht: 0,176860,3,1,8,07,19,5,1,0,0,1,0,0,0,0
"POINT (6.763130877000040 51.211550132000099)",Unfall 176870 (2022) Kat:3, Licht: 1,176870,3,7,0,07,21,5,0,1,0,0,0,0,0,1
"POINT (6.812650556000050 51.263666866000101)",Unfall 176873 (2022) Kat:3, Licht: 0,176873,3,3,5,07,14,2,0,0,0,1,0,1,0,0
"POINT (6.767446940000070 51.198803523000002)",Unfall 176899 (2022) Kat:3, Licht: 0,176899,3,3,5,07,18,3,0,0,0,1,0,0,0,0
"POINT (6.800440709000040 51.236015923000103)",Unfall 176904 (2022) Kat:3, Licht: 0,176904,3,6,2,07,15,5,0,0,0,1,0,0,0,0
"POINT (6.808279565000020 51.248958381000101)",Unfall 176975 (2022) Kat:3, Licht: 2,176975,3,6,6,08,22,4,0,2,0,1,1,0,0,0
"POINT (6.761940451000040 51.265088732000002)",Unfall 176988 (2022) Kat:3, Licht: 0,176988,3,3,5,07,09,3,0,0,0,1,0,0,0,0
"POINT (6.809659550000050 51.211747782000003)",Unfall 177030 (2022) Kat:2, Licht: 0,177030,2,2,1,08,16,4,0,0,0,1,0,1,0,0
"POINT (6.764121306000050 51.212507266999999)",Unfall 177043 (2022) Kat:3, Licht: 0,177043,3,4,6,08,07,4,0,0,0,1,1,0,0,0
"POINT (6.774246507000040 51.241571543000099)",Unfall 177062 (2022) Kat:2, Licht: 2,177062,2,3,5,07,22,7,0,2,1,0,0,1,0,0
"POINT (6.777215362000050 51.253903129999998)",Unfall 177066 (2022) Kat:3, Licht: 0,177066,3,7,5,08,07,5,0,0,1,1,0,0,0,0
"POINT (6.828447499000050 51.209692572999998)",Unfall 177142 (2022) Kat:3, Licht: 0,177142,3,6,2,08,17,5,0,0,0,1,0,0,0,0
"POINT (6.791627509000020 51.237092034000099)",Unfall 177145 (2022) Kat:3, Licht: 0,177145,3,1,0,07,11,3,0,0,1,0,0,0,0,0
"POINT (6.874171088000030 51.162078377999997)",Unfall 177217 (2022) Kat:3, Licht: 0,177217,3,1,0,07,13,1,0,0,1,0,0,0,0,0
"POINT (6.816361289000040 51.241884777000102)",Unfall 177231 (2022) Kat:3, Licht: 0,177231,3,6,3,08,12,5,0,0,1,0,0,0,0,0
"POINT (6.764003580000060 51.220903102000101)",Unfall 177236 (2022) Kat:3, Licht: 0,177236,3,1,9,07,18,2,0,0,1,0,0,0,0,0
"POINT (6.758491380000070 51.215955505000103)",Unfall 177272 (2022) Kat:3, Licht: 1,177272,3,3,5,07,21,2,0,1,1,1,0,0,0,0
"POINT (6.862598913000060 51.180292554000097)",Unfall 177298 (2022) Kat:3, Licht: 0,177298,3,2,0,07,15,7,0,0,0,0,0,0,0,1
"POINT (6.760827761000030 51.247583460000001)",Unfall 177300 (2022) Kat:3, Licht: 2,177300,3,1,0,08,04,1,0,2,1,0,0,0,0,0
"POINT (6.776961368000060 51.219809659000099)",Unfall 177303 (2022) Kat:3, Licht: 0,177303,3,2,3,08,15,5,0,0,0,1,0,0,0,0
"POINT (6.730841436000050 51.331727251000103)",Unfall 177307 (2022) Kat:3, Licht: 0,177307,3,7,0,07,20,7,0,0,1,0,0,0,0,0
"POINT (6.822525714000050 51.221644578000102)",Unfall 177320 (2022) Kat:2, Licht: 1,177320,2,2,5,07,05,6,1,1,0,1,0,1,0,0
"POINT (6.849634538000030 51.201549448999998)",Unfall 177379 (2022) Kat:3, Licht: 0,177379,3,7,0,07,11,7,0,0,1,0,1,0,0,0
"POINT (6.778655312000070 51.212388018000098)",Unfall 177380 (2022) Kat:3, Licht: 0,177380,3,3,5,08,12,5,0,0,0,1,0,1,0,0
"POINT (6.793475035000030 51.211327484999998)",Unfall 177433 (2022) Kat:3, Licht: 0,177433,3,3,5,08,11,6,1,0,1,0,0,0,1,0
"POINT (6.859490125000040 51.184271400999997)",Unfall 177440 (2022) Kat:3, Licht: 0,177440,3,6,3,08,19,7,0,0,0,0,0,0,0,1
"POINT (6.752809675000040 51.265729084000000)",Unfall 177459 (2022) Kat:3, Licht: 0,177459,3,3,5,07,15,7,0,0,0,1,0,0,0,0
"POINT (6.754706216000050 51.259919476999997)",Unfall 177484 (2022) Kat:2, Licht: 0,177484,2,2,5,08,09,5,0,0,0,1,0,0,0,1
"POINT (6.746427925000030 51.298569465000099)",Unfall 177495 (2022) Kat:2, Licht: 0,177495,2,3,5,08,13,3,0,0,0,1,0,1,0,0
"POINT (6.838224073000050 51.208860999000102)",Unfall 177509 (2022) Kat:3, Licht: 0,177509,3,2,5,08,10,4,0,0,1,1,0,0,0,0
"POINT (6.737212459000030 51.213858291000101)",Unfall 177512 (2022) Kat:3, Licht: 0,177512,3,2,5,07,05,4,0,0,0,1,0,1,0,0
"POINT (6.777135312000040 51.207238384000000)",Unfall 177528 (2022) Kat:3, Licht: 0,177528,3,3,5,07,12,1,0,0,1,1,0,0,0,0
"POINT (6.789526080000030 51.211189305000097)",Unfall 177532 (2022) Kat:2, Licht: 0,177532,2,5,1,07,05,2,0,0,0,1,0,1,0,0
"POINT (6.794835442000020 51.211211283000097)",Unfall 177538 (2022) Kat:3, Licht: 0,177538,3,3,5,08,16,3,0,0,0,1,0,0,0,1
"POINT (6.731936431000070 51.258267021000101)",Unfall 177600 (2022) Kat:3, Licht: 0,177600,3,2,5,08,19,1,0,0,1,1,0,0,0,0
"POINT (6.715073381000020 51.231878933000097)",Unfall 177605 (2022) Kat:3, Licht: 0,177605,3,6,3,08,10,4,0,0,1,0,0,0,1,0
"POINT (6.776832399000060 51.216523622000103)",Unfall 177627 (2022) Kat:3, Licht: 0,177627,3,1,1,07,12,1,0,0,1,1,0,0,0,0
"POINT (6.830131079000070 51.201121489999998)",Unfall 177653 (2022) Kat:3, Licht: 0,177653,3,3,5,08,17,5,0,0,1,1,0,0,0,0
"POINT (6.808021145000050 51.211231683000101)",Unfall 177700 (2022) Kat:3, Licht: 0,177700,3,6,6,08,21,3,0,0,0,0,1,0,0,1
"POINT (6.770989321000060 51.201632453000101)",Unfall 177709 (2022) Kat:2, Licht: 0,177709,2,1,0,08,16,1,0,0,1,0,0,0,0,0
"POINT (6.792668004000060 51.221789539000000)",Unfall 177716 (2022) Kat:3, Licht: 0,177716,3,1,0,07,17,3,0,0,1,0,0,0,0,0
"POINT (6.794719525000060 51.276068905000002)",Unfall 177773 (2022) Kat:3, Licht: 0,177773,3,6,2,08,12,5,0,0,0,1,0,1,0,0
"POINT (6.764943153000050 51.249887145000102)",Unfall 177777 (2022) Kat:3, Licht: 1,177777,3,3,5,07,21,7,0,1,0,1,0,1,0,0
"POINT (6.757716374000040 51.206840947000003)",Unfall 177825 (2022) Kat:3, Licht: 0,177825,3,6,2,07,15,3,0,0,0,1,0,0,0,0
"POINT (6.740855262000030 51.229680127000101)",Unfall 177842 (2022) Kat:3, Licht: 0,177842,3,6,3,07,15,3,0,0,0,1,0,0,0,0
"POINT (6.844979660000040 51.219883570000000)",Unfall 177866 (2022) Kat:3, Licht: 0,177866,3,1,0,08,12,6,0,0,0,0,0,0,0,1
"POINT (6.821173170000070 51.215031009000000)",Unfall 177879 (2022) Kat:3, Licht: 0,177879,3,2,5,07,16,3,0,0,1,1,0,0,0,0
"POINT (6.838507183000050 51.188497089000101)",Unfall 177892 (2022) Kat:2, Licht: 0,177892,2,1,0,07,19,7,0,0,1,0,0,0,0,0
"POINT (6.780282999000060 51.220483231000102)",Unfall 177908 (2022) Kat:3, Licht: 0,177908,3,3,2,08,12,5,0,0,1,1,0,0,0,1
"POINT (6.766672193000030 51.218467220000001)",Unfall 177911 (2022) Kat:3, Licht: 0,177911,3,1,0,08,05,5,0,0,0,0,0,0,0,1
"POINT (6.833886705000050 51.176733093999999)",Unfall 177914 (2022) Kat:3, Licht: 0,177914,3,3,5,07,13,4,0,0,1,1,0,0,0,0
"POINT (6.788136680000040 51.211138874000000)",Unfall 177919 (2022) Kat:3, Licht: 1,177919,3,3,5,08,21,3,0,1,1,1,0,0,0,0
"POINT (6.832403501000040 51.176718499000103)",Unfall 177940 (2022) Kat:2, Licht: 0,177940,2,3,5,08,18,2,0,0,0,1,0,1,0,0
"POINT (6.787664996000050 51.329664781000098)",Unfall 178019 (2022) Kat:3, Licht: 0,178019,3,3,5,08,16,4,0,0,1,1,0,0,0,0
"POINT (6.849062586000060 51.219530397000000)",Unfall 178084 (2022) Kat:3, Licht: 0,178084,3,3,5,08,17,5,0,0,1,1,0,0,0,0
"POINT (6.742850652000070 51.215018443000098)",Unfall 178098 (2022) Kat:3, Licht: 0,178098,3,1,1,08,09,3,0,0,0,1,0,0,1,0
"POINT (6.783059089000060 51.235347058999999)",Unfall 178122 (2022) Kat:3, Licht: 2,178122,3,1,0,08,22,7,0,2,1,0,0,0,0,0
"POINT (6.781018809000050 51.236209986000098)",Unfall 178150 (2022) Kat:3, Licht: 0,178150,3,5,1,08,18,5,0,0,1,1,0,0,0,0
"POINT (6.753729667000070 51.213635363000002)",Unfall 178160 (2022) Kat:3, Licht: 0,178160,3,7,0,08,11,4,0,0,0,0,0,1,0,1
"POINT (6.744657874000040 51.273563205000102)",Unfall 178194 (2022) Kat:3, Licht: 0,178194,3,4,6,08,18,6,0,0,0,1,1,0,0,0
"POINT (6.760578584000030 51.207850060000098)",Unfall 178241 (2022) Kat:3, Licht: 2,178241,3,1,0,08,21,4,0,2,1,0,0,0,0,0
"POINT (6.738511760000050 51.300457207000100)",Unfall 178246 (2022) Kat:3, Licht: 0,178246,3,7,1,08,19,4,0,0,0,1,1,0,0,1
"POINT (6.776650240000040 51.210768979000100)",Unfall 178283 (2022) Kat:3, Licht: 0,178283,3,6,4,08,10,2,0,0,0,0,0,0,1,1
"POINT (6.760869257000020 51.233642256000103)",Unfall 178289 (2022) Kat:3, Licht: 2,178289,3,4,6,08,22,4,0,2,0,1,1,0,0,0
"POINT (6.782440783000030 51.248644755999997)",Unfall 178293 (2022) Kat:3, Licht: 0,178293,3,5,0,08,11,1,0,0,1,1,0,0,0,0
"POINT (6.822444276000060 51.238264548000103)",Unfall 178300 (2022) Kat:3, Licht: 0,178300,3,6,3,08,09,3,0,0,0,1,0,0,0,1
"POINT (6.800544608000050 51.210372180000000)",Unfall 178319 (2022) Kat:2, Licht: 2,178319,2,1,7,08,02,7,0,2,1,0,0,0,0,0
"POINT (6.803831828000060 51.243592175000103)",Unfall 178328 (2022) Kat:3, Licht: 0,178328,3,5,1,08,07,5,0,0,0,1,0,0,0,0
"POINT (6.721856125000040 51.242200092000097)",Unfall 178361 (2022) Kat:3, Licht: 0,178361,3,2,3,08,11,4,0,0,1,0,0,0,1,0
"POINT (6.735296286000050 51.325352172000102)",Unfall 178362 (2022) Kat:3, Licht: 0,178362,3,4,6,08,15,5,0,0,0,1,1,0,0,0
"POINT (6.783285538000030 51.234669783000101)",Unfall 178390 (2022) Kat:3, Licht: 0,178390,3,5,1,08,13,7,0,0,1,1,0,0,0,0
"POINT (6.764003580000060 51.220903102000101)",Unfall 178417 (2022) Kat:3, Licht: 2,178417,3,1,0,08,02,2,0,2,0,0,0,0,0,1
"POINT (6.788699831000030 51.219402270000003)",Unfall 178423 (2022) Kat:3, Licht: 0,178423,3,1,0,08,13,7,0,0,1,0,0,0,0,0
"POINT (6.816065268000050 51.190740646000101)",Unfall 178429 (2022) Kat:3, Licht: 0,178429,3,2,5,08,14,6,0,0,0,1,0,1,0,0
"POINT (6.705684417000040 51.230361252000101)",Unfall 178437 (2022) Kat:2, Licht: 0,178437,2,6,1,08,16,4,0,0,0,1,0,1,0,1
"POINT (6.879085048000040 51.176631864000100)",Unfall 178455 (2022) Kat:3, Licht: 0,178455,3,3,5,08,14,4,0,0,1,0,0,0,0,0
"POINT (6.794586355000040 51.281527167000000)",Unfall 178476 (2022) Kat:3, Licht: 1,178476,3,1,0,08,21,6,1,1,1,0,0,0,0,0
"POINT (6.780705380000030 51.239463740000097)",Unfall 178601 (2022) Kat:3, Licht: 0,178601,3,4,6,08,17,6,0,0,1,0,1,0,0,0
"POINT (6.789687365000020 51.242862463999998)",Unfall 178650 (2022) Kat:3, Licht: 0,178650,3,6,2,08,16,6,0,0,0,1,0,1,0,0
"POINT (6.742357230000040 51.299811888000100)",Unfall 178691 (2022) Kat:2, Licht: 0,178691,2,1,0,08,17,5,0,0,1,0,0,0,0,0
"POINT (6.832348412000040 51.213809625000103)",Unfall 178693 (2022) Kat:3, Licht: 0,178693,3,3,5,08,16,6,0,0,1,1,0,0,0,0
"POINT (6.759799926000030 51.231824295000102)",Unfall 178720 (2022) Kat:3, Licht: 0,178720,3,1,0,08,19,6,0,0,1,0,0,0,0,0
"POINT (6.811225245000060 51.231360410999997)",Unfall 178726 (2022) Kat:3, Licht: 2,178726,3,1,0,08,23,7,0,2,1,0,0,0,0,0
"POINT (6.790000661000020 51.233748957000003)",Unfall 178732 (2022) Kat:3, Licht: 0,178732,3,7,5,08,20,7,0,0,1,1,0,0,0,0
"POINT (6.760397361000060 51.207549946000000)",Unfall 178740 (2022) Kat:3, Licht: 0,178740,3,7,1,08,08,5,0,0,1,0,0,0,1,0
"POINT (6.875601343000030 51.160915908000000)",Unfall 178770 (2022) Kat:2, Licht: 0,178770,2,3,6,08,07,4,0,0,1,1,1,0,0,0
"POINT (6.833311660000050 51.206030998000102)",Unfall 178776 (2022) Kat:3, Licht: 0,178776,3,2,4,08,17,5,0,0,0,1,0,1,0,0
"POINT (6.777056645000070 51.274333061999997)",Unfall 178823 (2022) Kat:3, Licht: 0,178823,3,2,5,08,08,5,0,0,1,0,0,0,0,0
"POINT (6.816443313000040 51.234602288000097)",Unfall 178851 (2022) Kat:3, Licht: 0,178851,3,3,5,08,13,4,0,0,0,1,0,0,0,1
"POINT (6.762065981000030 51.215831381000001)",Unfall 178870 (2022) Kat:3, Licht: 0,178870,3,6,1,08,18,1,0,0,0,1,0,0,0,0
"POINT (6.772652566000030 51.226068767000100)",Unfall 178873 (2022) Kat:3, Licht: 2,178873,3,7,6,08,01,7,0,2,0,0,1,0,0,1
"POINT (6.811807698000050 51.229638609000098)",Unfall 178903 (2022) Kat:3, Licht: 0,178903,3,3,5,08,09,1,0,0,0,1,0,1,0,0
"POINT (6.785118675000040 51.193571625000097)",Unfall 178939 (2022) Kat:3, Licht: 1,178939,3,2,5,08,19,6,0,1,1,1,0,0,0,0
"POINT (6.775618677000070 51.272124198000000)",Unfall 178942 (2022) Kat:3, Licht: 0,178942,3,2,5,08,15,6,0,0,0,0,0,1,0,0
"POINT (6.875323422000060 51.154543031999999)",Unfall 178969 (2022) Kat:3, Licht: 0,178969,3,5,1,08,14,1,0,0,1,0,0,0,0,1
"POINT (6.791949808000030 51.220640189000100)",Unfall 178998 (2022) Kat:3, Licht: 0,178998,3,4,0,08,16,7,0,0,0,0,1,0,0,1
"POINT (6.877382583000040 51.161139461000097)",Unfall 179012 (2022) Kat:3, Licht: 0,179012,3,6,2,08,17,6,0,0,0,1,0,1,0,0
"POINT (6.846440110000060 51.220545686000001)",Unfall 179017 (2022) Kat:3, Licht: 0,179017,3,6,0,08,16,5,0,0,1,0,0,0,0,1
"POINT (6.800439029000070 51.226201631999999)",Unfall 179018 (2022) Kat:3, Licht: 0,179018,3,5,1,08,11,7,0,0,1,1,0,0,0,0
"POINT (6.836692380000040 51.208294145000103)",Unfall 179061 (2022) Kat:3, Licht: 0,179061,3,3,5,09,15,6,1,0,1,1,0,0,0,0
"POINT (6.732788901000050 51.240892101000000)",Unfall 179124 (2022) Kat:3, Licht: 0,179124,3,5,1,09,08,7,0,0,1,1,0,0,0,0
"POINT (6.782757665000080 51.197905504000097)",Unfall 179137 (2022) Kat:2, Licht: 2,179137,2,1,0,09,00,1,0,2,0,1,0,0,0,1
"POINT (6.787042821000060 51.263140902000004)",Unfall 179160 (2022) Kat:3, Licht: 0,179160,3,2,5,09,08,7,0,0,0,1,0,1,0,0
"POINT (6.830131079000070 51.201121489999998)",Unfall 179188 (2022) Kat:3, Licht: 0,179188,3,3,5,09,07,2,0,0,1,1,0,0,0,0
"POINT (6.789687365000020 51.242862463999998)",Unfall 179193 (2022) Kat:3, Licht: 0,179193,3,2,5,09,17,6,0,0,1,1,0,0,0,0