WKT,Name,OBJECTID,UKATEGORIE,UTYP1,UART,UMONAT,USTUNDE,UWOCHENTAG,STRZUSTAND,ULICHTVERH,ISTRAD,ISTPKW,ISTFUSS,ISTKRAD,ISTGKFZ,ISTSONSTIG
"POINT (6.810822966000050 51.251704253000099)",Unfall 179209 (2022) Kat:3, Licht: 0,179209,3,6,0,08,09,3,0,0,1,0,0,0,0,1
"POINT (6.776744475000040 51.219098844000001)",Unfall 179222 (2022) Kat:2, Licht: 0,179222,2,1,7,09,13,7,1,0,0,0,0,1,0,0
"POINT (6.701633377000060 51.229312098000001)",Unfall 179231 (2022) Kat:3, Licht: 0,179231,3,2,5,09,09,6,0,0,0,1,0,0,0,1
"POINT (6.800550289000060 51.232511731999999)",Unfall 179247 (2022) Kat:3, Licht: 0,179247,3,7,5,09,17,7,0,0,0,1,0,0,0,1
"POINT (6.789942485000040 51.280954146000099)",Unfall 179264 (2022) Kat:2, Licht: 2,179264,2,3,5,09,03,6,1,2,0,1,0,0,0,1
"POINT (6.735109140000080 51.237719830000103)",Unfall 179267 (2022) Kat:3, Licht: 0,179267,3,4,6,09,15,5,0,0,0,1,1,0,0,0
"POINT (6.797095248000060 51.192496419000101)",Unfall 179272 (2022) Kat:3, Licht: 0,179272,3,2,3,09,16,3,0,0,1,1,0,0,0,0
"POINT (6.785201797000070 51.209233153000099)",Unfall 179290 (2022) Kat:3, Licht: 0,179290,3,3,0,09,20,5,0,0,1,0,0,0,0,1
"POINT (6.798209158000020 51.236214559000103)",Unfall 179296 (2022) Kat:3, Licht: 0,179296,3,1,0,08,18,7,0,0,1,0,0,0,0,0
"POINT (6.793475035000030 51.211327484999998)",Unfall 179299 (2022) Kat:3, Licht: 0,179299,3,3,5,08,09,2,0,0,1,1,0,0,0,0
"POINT (6.854015399000050 51.172942806999998)",Unfall 179318 (2022) Kat:3, Licht: 0,179318,3,7,6,09,11,2,0,0,0,1,1,0,0,0
"POINT (6.827735908000020 51.271737201000100)",Unfall 179334 (2022) Kat:3, Licht: 0,179334,3,5,1,09,19,2,0,0,1,1,0,0,0,0
"POINT (6.788448156000070 51.263219360000100)",Unfall 179343 (2022) Kat:3, Licht: 2,179343,3,1,0,09,05,4,1,2,0,0,0,1,0,0
"POINT (6.782429280000030 51.240976291999999)",Unfall 179366 (2022) Kat:2, Licht: 0,179366,2,1,0,09,20,3,0,0,1,0,0,0,0,0
"POINT (6.845879548000030 51.198429174000097)",Unfall 179444 (2022) Kat:3, Licht: 0,179444,3,4,6,09,07,5,0,0,0,0,1,0,0,1
"POINT (6.819284397000050 51.258823386000103)",Unfall 179482 (2022) Kat:3, Licht: 0,179482,3,3,5,09,10,5,1,0,1,1,0,0,0,0
"POINT (6.765759631000040 51.219452599000100)",Unfall 179505 (2022) Kat:3, Licht: 0,179505,3,6,6,09,17,1,0,0,1,0,1,0,0,0
"POINT (6.809659550000050 51.211747782000003)",Unfall 179525 (2022) Kat:2, Licht: 0,179525,2,4,6,09,12,6,0,0,0,1,1,0,0,0
"POINT (6.795737521000040 51.229393501000096)",Unfall 179531 (2022) Kat:3, Licht: 0,179531,3,4,6,09,18,6,1,0,0,1,1,0,0,0
"POINT (6.796174432000040 51.229462853000001)",Unfall 179553 (2022) Kat:3, Licht: 0,179553,3,6,2,08,13,3,0,0,0,1,0,0,0,0
"POINT (6.789283889000050 51.224576415999998)",Unfall 179557 (2022) Kat:3, Licht: 0,179557,3,7,6,09,08,2,0,0,1,0,1,0,0,0
"POINT (6.789909185000060 51.234381333999998)",Unfall 179572 (2022) Kat:3, Licht: 2,179572,3,1,0,08,23,7,0,2,1,0,0,0,0,0
"POINT (6.865174780000070 51.178432940000100)",Unfall 179578 (2022) Kat:3, Licht: 0,179578,3,1,0,09,14,7,1,0,0,0,0,1,0,0
"POINT (6.890403929000060 51.159041355000099)",Unfall 179579 (2022) Kat:3, Licht: 0,179579,3,2,3,08,17,3,0,0,1,0,0,0,0,0
"POINT (6.742323674000030 51.302084710000003)",Unfall 179596 (2022) Kat:3, Licht: 0,179596,3,3,5,08,13,1,0,0,1,1,0,0,0,0
"POINT (6.769716136000060 51.210823822000101)",Unfall 179599 (2022) Kat:3, Licht: 0,179599,3,2,2,09,10,7,1,0,1,0,0,1,0,0
"POINT (6.825970976000060 51.184467312000002)",Unfall 179601 (2022) Kat:3, Licht: 0,179601,3,3,4,08,19,4,0,0,1,1,0,0,0,0
"POINT (6.799459942000060 51.223559034000097)",Unfall 179602 (2022) Kat:3, Licht: 2,179602,3,1,0,09,03,1,0,2,0,0,0,0,0,1
"POINT (6.762201065000060 51.200660847999998)",Unfall 179604 (2022) Kat:3, Licht: 0,179604,3,3,5,09,16,2,0,0,1,0,0,0,0,1
"POINT (6.772613904000020 51.216281592000001)",Unfall 179616 (2022) Kat:3, Licht: 0,179616,3,2,5,08,09,2,0,0,1,1,0,0,0,0
"POINT (6.735713854000040 51.296233242000000)",Unfall 179635 (2022) Kat:3, Licht: 0,179635,3,3,5,09,12,6,0,0,1,1,0,0,0,0
"POINT (6.741675023000030 51.212275722000101)",Unfall 179646 (2022) Kat:3, Licht: 0,179646,3,6,3,09,09,5,0,0,0,1,0,0,1,0
"POINT (6.804014640000050 51.215566447000100)",Unfall 179655 (2022) Kat:3, Licht: 0,179655,3,7,6,09,11,2,0,0,0,1,1,0,0,0
"POINT (6.819403977000040 51.216878668000000)",Unfall 179662 (2022) Kat:3, Licht: 0,179662,3,2,5,09,08,5,0,0,1,1,0,0,0,0
"POINT (6.779703893000030 51.238380780000099)",Unfall 179671 (2022) Kat:3, Licht: 0,179671,3,5,0,09,07,4,1,0,1,1,0,0,0,0
"POINT (6.714006959000070 51.242385555000098)",Unfall 179675 (2022) Kat:3, Licht: 0,179675,3,3,5,08,08,3,0,0,1,1,0,0,0,0
"POINT (6.761076232000050 51.266806718000097)",Unfall 179734 (2022) Kat:3, Licht: 0,179734,3,1,3,09,18,5,0,0,1,1,0,0,0,0
"POINT (6.896200578000050 51.144075393999998)",Unfall 179754 (2022) Kat:3, Licht: 0,179754,3,2,5,09,15,2,0,0,1,1,0,0,0,0
"POINT (6.825701184000020 51.266908601000097)",Unfall 179774 (2022) Kat:2, Licht: 0,179774,2,4,6,09,13,1,0,0,1,0,1,0,0,0
"POINT (6.870257892000040 51.191275317000098)",Unfall 179787 (2022) Kat:2, Licht: 0,179787,2,1,8,09,16,2,0,0,0,1,0,0,0,0
"POINT (6.843802538000030 51.190797055000097)",Unfall 179808 (2022) Kat:3, Licht: 0,179808,3,1,0,09,17,7,1,0,0,0,0,1,0,0
"POINT (6.782668873000030 51.198379674000101)",Unfall 179818 (2022) Kat:3, Licht: 0,179818,3,3,5,09,13,6,0,0,1,1,0,0,0,0
"POINT (6.789910195000060 51.234976001000099)",Unfall 179835 (2022) Kat:3, Licht: 0,179835,3,1,0,08,16,3,0,0,1,0,0,0,0,0
"POINT (6.890404812000040 51.159087193000097)",Unfall 179846 (2022) Kat:2, Licht: 0,179846,2,6,8,09,13,7,0,0,0,0,0,1,0,1
"POINT (6.802943499000040 51.214093882999997)",Unfall 179862 (2022) Kat:3, Licht: 0,179862,3,4,6,09,13,2,0,0,0,1,1,0,0,0
"POINT (6.779685296000030 51.210538336000099)",Unfall 179881 (2022) Kat:3, Licht: 0,179881,3,6,2,09,14,2,0,0,1,1,0,0,0,1
"POINT (6.818099736000020 51.217058053000102)",Unfall 179891 (2022) Kat:3, Licht: 0,179891,3,6,4,09,16,6,0,0,0,0,0,0,0,1
"POINT (6.808017466000020 51.225679840000097)",Unfall 179892 (2022) Kat:3, Licht: 0,179892,3,1,0,09,14,6,0,0,0,0,0,1,0,0
"POINT (6.894613484000050 51.204059944999997)",Unfall 179907 (2022) Kat:3, Licht: 0,179907,3,2,5,09,11,6,0,0,0,1,0,1,0,0
"POINT (6.812148916000070 51.222446068000103)",Unfall 179909 (2022) Kat:3, Licht: 0,179909,3,1,0,08,18,4,0,0,0,0,0,1,0,0
"POINT (6.799459942000060 51.223559034000097)",Unfall 179918 (2022) Kat:3, Licht: 0,179918,3,2,3,09,08,5,0,0,1,1,0,0,0,0
"POINT (6.852023214000040 51.203523101000002)",Unfall 179970 (2022) Kat:3, Licht: 2,179970,3,1,0,08,21,1,0,2,1,0,0,0,0,0
"POINT (6.747933596000050 51.238620162000103)",Unfall 179995 (2022) Kat:3, Licht: 0,179995,3,7,3,09,13,6,0,0,1,0,0,0,0,1
"POINT (6.864663491000040 51.227299629000100)",Unfall 180000 (2022) Kat:3, Licht: 0,180000,3,7,0,08,17,3,0,0,1,1,0,0,0,0
"POINT (6.785021014000050 51.198271554000002)",Unfall 180013 (2022) Kat:3, Licht: 0,180013,3,3,5,09,17,2,0,0,1,1,0,0,0,0
"POINT (6.788136680000040 51.211138874000000)",Unfall 180036 (2022) Kat:3, Licht: 0,180036,3,2,4,09,10,5,0,0,0,1,0,0,0,0
"POINT (6.801935556000050 51.238568274000002)",Unfall 180047 (2022) Kat:3, Licht: 0,180047,3,6,3,09,14,7,0,0,1,1,0,0,0,0
"POINT (6.758653374000060 51.260980369999999)",Unfall 180060 (2022) Kat:3, Licht: 0,180060,3,3,5,08,07,4,0,0,1,0,0,0,0,1
"POINT (6.819662422000020 51.263494538000003)",Unfall 180121 (2022) Kat:3, Licht: 0,180121,3,3,5,10,12,7,1,0,0,1,0,0,0,1
"POINT (6.820451647000030 51.195753782000097)",Unfall 180144 (2022) Kat:3, Licht: 0,180144,3,3,5,09,17,3,0,0,0,1,0,1,0,0
"POINT (6.786779477000040 51.219161845000002)",Unfall 180159 (2022) Kat:3, Licht: 0,180159,3,7,6,09,17,7,0,0,0,0,1,0,0,1
"POINT (6.781719297000050 51.215582199000004)",Unfall 180215 (2022) Kat:3, Licht: 0,180215,3,1,0,09,13,6,1,0,1,0,0,0,0,0
"POINT (6.771616863000080 51.220134342000101)",Unfall 180235 (2022) Kat:3, Licht: 0,180235,3,6,4,09,17,5,0,0,1,1,0,0,0,0
"POINT (6.833926826000040 51.174360642000103)",Unfall 180237 (2022) Kat:3, Licht: 0,180237,3,3,0,09,06,6,0,0,1,0,0,0,0,1
"POINT (6.768471263000040 51.214699000000103)",Unfall 180243 (2022) Kat:3, Licht: 0,180243,3,2,6,09,12,4,0,0,0,1,1,0,0,0
"POINT (6.866733636000050 51.182704601000097)",Unfall 180250 (2022) Kat:3, Licht: 0,180250,3,2,5,09,16,6,0,0,0,1,0,0,0,0
"POINT (6.817984121000050 51.221954625000102)",Unfall 180266 (2022) Kat:3, Licht: 2,180266,3,3,5,09,21,5,0,2,0,1,0,0,0,1
"POINT (6.762472217000040 51.215693424000101)",Unfall 180283 (2022) Kat:3, Licht: 0,180283,3,2,5,09,08,5,0,0,0,1,0,0,0,1
"POINT (6.768854351000070 51.240058583000099)",Unfall 180284 (2022) Kat:3, Licht: 0,180284,3,1,8,09,16,6,0,0,1,0,0,0,0,0
"POINT (6.822283834000070 51.190014097000102)",Unfall 180286 (2022) Kat:3, Licht: 0,180286,3,4,6,09,13,4,0,0,0,1,1,0,0,0
"POINT (6.811907095000040 51.199833672000103)",Unfall 180291 (2022) Kat:3, Licht: 0,180291,3,3,5,09,13,4,1,0,0,1,0,0,0,1
"POINT (6.787360658000070 51.216460767000100)",Unfall 180320 (2022) Kat:3, Licht: 0,180320,3,5,2,09,17,6,0,0,0,1,0,0,0,0
"POINT (6.862679434000030 51.234685988000102)",Unfall 180334 (2022) Kat:3, Licht: 0,180334,3,1,0,09,15,6,0,0,0,0,0,1,0,0
"POINT (6.846680522000040 51.230239519000101)",Unfall 180338 (2022) Kat:3, Licht: 0,180338,3,5,1,09,15,3,0,0,1,1,0,0,0,0
"POINT (6.802011259000040 51.227352294000099)",Unfall 180346 (2022) Kat:3, Licht: 2,180346,3,5,1,09,21,2,1,2,1,1,0,0,0,0
"POINT (6.764003580000060 51.220903102000101)",Unfall 180355 (2022) Kat:2, Licht: 2,180355,2,6,3,09,22,1,0,2,0,1,0,1,0,0
"POINT (6.786230037000050 51.277995537999999)",Unfall 180366 (2022) Kat:3, Licht: 1,180366,3,3,5,09,06,4,1,1,0,1,0,1,0,0
"POINT (6.804871777000070 51.222943278999999)",Unfall 180370 (2022) Kat:3, Licht: 0,180370,3,5,1,09,16,6,0,0,0,0,0,1,0,1
"POINT (6.810116719000060 51.275914942000000)",Unfall 180401 (2022) Kat:3, Licht: 0,180401,3,5,1,09,17,5,0,0,0,1,0,0,0,0
"POINT (6.784688427000050 51.226982007000103)",Unfall 180406 (2022) Kat:3, Licht: 0,180406,3,4,6,09,15,5,0,0,0,1,1,0,0,0
"POINT (6.829703083000030 51.207884840000098)",Unfall 180422 (2022) Kat:2, Licht: 0,180422,2,5,0,09,16,2,1,0,0,1,0,1,0,0
"POINT (6.825019843000060 51.225660470000001)",Unfall 180440 (2022) Kat:3, Licht: 0,180440,3,2,5,09,14,6,0,0,0,1,0,0,0,0
"POINT (6.856266426000050 51.234973377000102)",Unfall 180453 (2022) Kat:3, Licht: 2,180453,3,6,4,09,06,6,0,2,1,0,0,0,0,1
"POINT (6.769807857000050 51.262010670999999)",Unfall 180487 (2022) Kat:3, Licht: 0,180487,3,3,5,09,14,6,0,0,1,1,0,0,0,0
"POINT (6.805219119000070 51.168024902000099)",Unfall 180492 (2022) Kat:3, Licht: 0,180492,3,4,6,09,15,3,0,0,0,1,1,0,0,0
"POINT (6.726757958000060 51.265782552000097)",Unfall 180513 (2022) Kat:2, Licht: 2,180513,2,2,6,09,06,6,0,2,0,0,1,0,1,0
"POINT (6.766023870000030 51.218225372000099)",Unfall 180527 (2022) Kat:2, Licht: 0,180527,2,7,6,10,13,2,0,0,0,0,1,0,0,1
"POINT (6.762334580000070 51.251769344000103)",Unfall 180529 (2022) Kat:3, Licht: 0,180529,3,3,5,09,15,3,0,0,1,1,0,0,0,0
"POINT (6.836103072000070 51.202930756000100)",Unfall 180547 (2022) Kat:2, Licht: 0,180547,2,1,0,10,11,7,1,0,1,0,0,0,0,0
"POINT (6.793668056000060 51.186831191000103)",Unfall 180560 (2022) Kat:3, Licht: 0,180560,3,5,1,09,10,5,0,0,0,1,0,1,0,0
"POINT (6.813939939000020 51.242800466000098)",Unfall 180565 (2022) Kat:3, Licht: 1,180565,3,6,1,09,19,3,0,1,0,1,0,0,0,0
"POINT (6.816443313000040 51.234602288000097)",Unfall 180587 (2022) Kat:3, Licht: 0,180587,3,5,6,09,15,6,0,0,0,0,1,0,0,1
"POINT (6.739186008000050 51.207180915999999)",Unfall 180609 (2022) Kat:2, Licht: 0,180609,2,7,0,09,17,5,0,0,1,0,0,0,0,0
"POINT (6.778972357000040 51.219058406000002)",Unfall 180611 (2022) Kat:2, Licht: 2,180611,2,1,0,09,04,5,0,2,0,0,0,1,0,0
"POINT (6.897507371000070 51.142709828000100)",Unfall 180641 (2022) Kat:3, Licht: 0,180641,3,3,5,09,11,3,1,0,1,1,0,0,0,0
"POINT (6.837022135000040 51.203672531000102)",Unfall 180662 (2022) Kat:3, Licht: 0,180662,3,5,1,09,17,6,0,0,1,1,0,0,0,0
"POINT (6.772876614000040 51.223075392000098)",Unfall 180668 (2022) Kat:3, Licht: 0,180668,3,2,6,09,08,4,0,0,0,0,1,0,0,1
"POINT (6.809483040000030 51.211667106000000)",Unfall 180692 (2022) Kat:2, Licht: 0,180692,2,2,5,09,14,7,0,0,1,1,0,0,0,0
"POINT (6.780035154000070 51.276358604999999)",Unfall 180697 (2022) Kat:3, Licht: 1,180697,3,1,0,09,06,6,0,1,0,0,0,1,0,0
"POINT (6.817035087000020 51.233362749999998)",Unfall 180701 (2022) Kat:3, Licht: 1,180701,3,1,0,09,06,3,1,1,0,0,0,1,0,0
"POINT (6.854987187000060 51.170772970000002)",Unfall 180714 (2022) Kat:3, Licht: 0,180714,3,3,5,09,08,4,0,0,0,0,0,1,0,1
"POINT (6.742323674000030 51.302084710000003)",Unfall 180728 (2022) Kat:3, Licht: 0,180728,3,3,5,09,10,2,0,0,1,1,0,0,0,0
"POINT (6.781705562000070 51.200145559000099)",Unfall 180741 (2022) Kat:3, Licht: 2,180741,3,1,0,09,20,3,1,2,1,1,0,0,0,0
"POINT (6.786824452000080 51.219169119000099)",Unfall 180755 (2022) Kat:3, Licht: 1,180755,3,3,5,09,08,4,1,1,0,1,0,0,0,1
"POINT (6.824081755000070 51.200740875000101)",Unfall 180776 (2022) Kat:3, Licht: 0,180776,3,3,5,09,13,6,1,0,0,1,0,0,0,1
"POINT (6.775167980000050 51.210704208999999)",Unfall 180813 (2022) Kat:2, Licht: 2,180813,2,3,4,09,04,1,1,2,0,1,0,0,0,0
"POINT (6.787566070000030 51.323560354999998)",Unfall 180834 (2022) Kat:3, Licht: 0,180834,3,3,0,09,16,4,0,0,1,1,0,0,0,0
"POINT (6.780333081000040 51.240666376000000)",Unfall 180874 (2022) Kat:3, Licht: 0,180874,3,3,5,09,14,6,0,0,1,0,0,0,0,1
"POINT (6.782668873000030 51.198379674000101)",Unfall 180888 (2022) Kat:2, Licht: 0,180888,2,1,0,09,07,6,1,0,1,0,0,0,0,0
"POINT (6.847606299000060 51.236236912999999)",Unfall 180931 (2022) Kat:3, Licht: 0,180931,3,3,5,09,17,4,1,0,1,1,0,0,0,0
"POINT (6.748939759000050 51.268547462000100)",Unfall 180970 (2022) Kat:3, Licht: 0,180970,3,2,3,09,10,5,0,0,1,1,0,0,0,0
"POINT (6.835427468000030 51.208705379000001)",Unfall 180974 (2022) Kat:3, Licht: 0,180974,3,3,5,09,09,6,0,0,0,1,0,1,0,0
"POINT (6.787323741000020 51.211134462000103)",Unfall 180986 (2022) Kat:3, Licht: 0,180986,3,3,5,09,15,2,1,0,1,0,0,0,0,1
"POINT (6.762924116000020 51.210644365000100)",Unfall 180988 (2022) Kat:3, Licht: 0,180988,3,6,2,09,11,7,0,0,0,1,0,1,0,0
"POINT (6.798422669000050 51.215422570000001)",Unfall 181009 (2022) Kat:3, Licht: 0,181009,3,7,0,09,13,6,0,0,0,0,1,0,0,1
"POINT (6.796433952000030 51.217323477000001)",Unfall 181045 (2022) Kat:2, Licht: 0,181045,2,7,0,09,17,6,0,0,0,0,0,0,0,1
"POINT (6.792998154000030 51.214056132000103)",Unfall 181064 (2022) Kat:2, Licht: 0,181064,2,7,6,09,17,1,1,0,0,0,1,0,0,1
"POINT (6.856871248000060 51.215683658000003)",Unfall 181097 (2022) Kat:2, Licht: 0,181097,2,3,5,09,16,5,0,0,1,1,0,0,0,0
"POINT (6.789283484000070 51.247401110000098)",Unfall 181108 (2022) Kat:3, Licht: 0,181108,3,1,4,09,09,2,1,0,1,0,0,0,0,1
"POINT (6.761076232000050 51.266806718000097)",Unfall 181124 (2022) Kat:3, Licht: 2,181124,3,3,0,09,22,7,0,2,0,1,0,1,0,0
"POINT (6.781804390000050 51.240428393000101)",Unfall 181128 (2022) Kat:2, Licht: 0,181128,2,4,0,09,10,6,0,0,0,0,1,0,0,1
"POINT (6.822525714000050 51.221644578000102)",Unfall 181171 (2022) Kat:3, Licht: 0,181171,3,1,3,10,15,6,0,0,0,0,0,1,0,0
"POINT (6.796241261000030 51.218549787000001)",Unfall 181186 (2022) Kat:3, Licht: 0,181186,3,2,5,10,09,5,0,0,1,1,0,0,0,0
"POINT (6.829734378000070 51.208598494000100)",Unfall 181200 (2022) Kat:3, Licht: 0,181200,3,2,6,10,15,6,0,0,0,1,1,0,0,0
"POINT (6.791183055000030 51.221641180000098)",Unfall 181202 (2022) Kat:3, Licht: 0,181202,3,3,5,10,12,4,0,0,0,1,0,0,0,0
"POINT (6.826673367000070 51.241489577000003)",Unfall 181235 (2022) Kat:3, Licht: 0,181235,3,6,1,10,16,7,1,0,0,1,0,0,0,0
"POINT (6.816166950000020 51.197297852000098)",Unfall 181250 (2022) Kat:3, Licht: 0,181250,3,4,6,10,15,3,0,0,1,0,1,0,0,0
"POINT (6.814424041000050 51.211554636000102)",Unfall 181254 (2022) Kat:3, Licht: 0,181254,3,3,5,10,16,6,1,0,1,1,0,0,0,0
"POINT (6.775473258000030 51.219779791000100)",Unfall 181259 (2022) Kat:3, Licht: 0,181259,3,6,3,10,16,3,0,0,1,0,0,0,1,0
"POINT (6.781526536000060 51.243026016999998)",Unfall 181278 (2022) Kat:3, Licht: 0,181278,3,6,5,10,14,5,1,0,0,1,0,0,0,0
"POINT (6.788062469000070 51.219593989000003)",Unfall 181290 (2022) Kat:3, Licht: 0,181290,3,6,2,10,19,6,0,0,0,1,0,0,0,0
"POINT (6.792796709000070 51.188080872999997)",Unfall 181293 (2022) Kat:3, Licht: 0,181293,3,6,2,10,16,3,0,0,0,1,0,1,0,0
"POINT (6.796265667000060 51.229203072000097)",Unfall 181299 (2022) Kat:3, Licht: 0,181299,3,6,3,10,15,5,0,0,0,1,0,1,0,0
"POINT (6.768582788000060 51.251666977000099)",Unfall 181302 (2022) Kat:3, Licht: 0,181302,3,6,2,10,18,3,0,0,0,1,0,0,0,0
"POINT (6.790165616000020 51.217640797999998)",Unfall 181312 (2022) Kat:3, Licht: 0,181312,3,4,6,10,10,2,0,0,0,0,1,0,0,1
"POINT (6.816257847000030 51.214312898000102)",Unfall 181313 (2022) Kat:3, Licht: 0,181313,3,2,2,10,13,6,0,0,0,1,0,0,0,0
"POINT (6.819082252000040 51.186242003000103)",Unfall 181314 (2022) Kat:3, Licht: 0,181314,3,3,5,10,10,6,1,0,0,1,0,1,0,0
"POINT (6.789524381000040 51.249313903000001)",Unfall 181327 (2022) Kat:3, Licht: 2,181327,3,3,0,10,06,3,1,2,0,1,0,1,0,0
"POINT (6.811795467000020 51.219674601000101)",Unfall 181364 (2022) Kat:3, Licht: 0,181364,3,7,5,10,16,4,0,0,0,1,0,0,0,0
"POINT (6.768104024000020 51.219031321000003)",Unfall 181368 (2022) Kat:3, Licht: 0,181368,3,6,2,10,13,6,0,0,0,1,0,0,0,0
"POINT (6.780439483000070 51.203809767999999)",Unfall 181432 (2022) Kat:2, Licht: 0,181432,2,1,0,10,11,7,0,0,1,0,0,0,0,0
"POINT (6.770168692000030 51.224961616000002)",Unfall 181454 (2022) Kat:3, Licht: 2,181454,3,1,0,10,01,1,0,2,0,0,0,0,0,1
"POINT (6.801859489000040 51.225878021000000)",Unfall 181475 (2022) Kat:2, Licht: 0,181475,2,2,5,10,12,3,0,0,1,1,0,0,0,0
"POINT (6.776728964000030 51.212832239000100)",Unfall 181476 (2022) Kat:3, Licht: 0,181476,3,5,1,10,14,7,0,0,0,1,0,0,0,1
"POINT (6.764003580000060 51.220903102000101)",Unfall 181492 (2022) Kat:3, Licht: 0,181492,3,1,0,10,16,1,0,0,1,0,0,0,0,0
"POINT (6.775744968000030 51.227865856000101)",Unfall 181496 (2022) Kat:3, Licht: 0,181496,3,7,5,10,17,5,0,0,1,1,0,0,0,0
"POINT (6.797730457000060 51.236643910000097)",Unfall 181498 (2022) Kat:3, Licht: 2,181498,3,5,3,10,06,5,0,2,1,1,0,0,0,0
"POINT (6.835438913000080 51.203489966000099)",Unfall 181505 (2022) Kat:2, Licht: 2,181505,2,1,0,10,19,6,1,2,1,0,0,0,0,0
"POINT (6.814620160000060 51.228369133000101)",Unfall 181506 (2022) Kat:3, Licht: 0,181506,3,2,2,10,14,5,0,0,0,1,0,0,0,0
"POINT (6.805065316000030 51.222157842000101)",Unfall 181519 (2022) Kat:3, Licht: 2,181519,3,6,4,10,05,7,0,2,0,1,0,0,0,0
"POINT (6.859711464000040 51.187479215000103)",Unfall 181525 (2022) Kat:3, Licht: 0,181525,3,3,5,10,16,4,0,0,1,1,0,0,0,0
"POINT (6.833606938000060 51.273047574000003)",Unfall 181535 (2022) Kat:3, Licht: 0,181535,3,6,2,10,16,1,1,0,1,0,0,0,0,0
"POINT (6.783298412000020 51.237581611000103)",Unfall 181555 (2022) Kat:3, Licht: 0,181555,3,5,1,10,14,1,0,0,0,1,0,1,0,0
"POINT (6.788825674000070 51.221887547000101)",Unfall 181559 (2022) Kat:3, Licht: 1,181559,3,4,6,10,19,4,0,1,0,0,1,0,0,1
"POINT (6.737272335000060 51.200463908000103)",Unfall 181569 (2022) Kat:3, Licht: 0,181569,3,6,6,10,11,6,0,0,0,1,1,0,0,0
"POINT (6.872780767000050 51.156860520000102)",Unfall 181574 (2022) Kat:3, Licht: 0,181574,3,7,1,10,17,4,0,0,1,1,0,0,0,0
"POINT (6.870806024000050 51.163234917000104)",Unfall 181575 (2022) Kat:3, Licht: 0,181575,3,6,2,10,14,4,0,0,0,1,0,0,0,0
"POINT (6.797203703000040 51.219801946000103)",Unfall 181585 (2022) Kat:3, Licht: 0,181585,3,4,6,10,15,3,0,0,0,1,1,0,0,0
"POINT (6.895749341000060 51.142910189000098)",Unfall 181591 (2022) Kat:3, Licht: 0,181591,3,7,6,10,10,5,0,0,0,1,1,0,0,0
"POINT (6.871369228000050 51.171527284000000)",Unfall 181601 (2022) Kat:3, Licht: 2,181601,3,7,2,10,19,1,0,2,0,1,0,1,0,0
"POINT (6.812793390000020 51.263259450000099)",Unfall 181609 (2022) Kat:3, Licht: 0,181609,3,4,6,10,17,4,0,0,0,1,1,0,0,0
"POINT (6.761028140000060 51.231905491000099)",Unfall 181629 (2022) Kat:3, Licht: 0,181629,3,3,5,10,08,2,0,0,0,1,0,0,0,1
"POINT (6.788261106000050 51.219470043000101)",Unfall 181690 (2022) Kat:3, Licht: 0,181690,3,4,6,10,13,4,0,0,0,1,1,0,0,0
"POINT (6.810418839000020 51.222758824000003)",Unfall 181706 (2022) Kat:3, Licht: 0,181706,3,2,5,10,07,5,1,0,1,1,0,0,0,0
"POINT (6.764843893000030 51.216247455000001)",Unfall 181720 (2022) Kat:3, Licht: 0,181720,3,1,0,10,08,2,1,0,1,0,0,0,0,0
"POINT (6.867292040000050 51.148987512000097)",Unfall 181721 (2022) Kat:3, Licht: 0,181721,3,7,6,10,14,6,0,0,0,1,1,0,0,0
"POINT (6.776017432000060 51.206934182000097)",Unfall 181722 (2022) Kat:3, Licht: 0,181722,3,1,0,10,11,6,1,0,1,1,0,0,0,0
"POINT (6.792936614000040 51.223962223999997)",Unfall 181741 (2022) Kat:3, Licht: 0,181741,3,3,5,10,16,7,0,0,0,1,0,0,0,1
"POINT (6.814707176000070 51.193339654000098)",Unfall 181751 (2022) Kat:3, Licht: 0,181751,3,3,5,10,16,4,0,0,1,0,0,0,0,1
"POINT (6.776716264000070 51.212395517000097)",Unfall 181800 (2022) Kat:3, Licht: 0,181800,3,6,3,10,14,2,0,0,0,0,0,1,0,1
"POINT (6.765661651000070 51.190111412000100)",Unfall 181860 (2022) Kat:3, Licht: 0,181860,3,1,0,10,09,7,1,0,1,0,0,0,0,0
"POINT (6.773863504000080 51.213985681000104)",Unfall 181864 (2022) Kat:2, Licht: 0,181864,2,3,5,10,12,3,1,0,0,1,1,0,0,0
"POINT (6.754571920000050 51.259904285000097)",Unfall 181903 (2022) Kat:3, Licht: 0,181903,3,2,5,10,09,4,0,0,0,1,0,0,0,1
"POINT (6.812148916000070 51.222446068000103)",Unfall 181921 (2022) Kat:3, Licht: 0,181921,3,7,0,10,14,6,0,0,0,0,0,1,0,0
"POINT (6.784511866000060 51.202432504000100)",Unfall 181925 (2022) Kat:3, Licht: 0,181925,3,2,5,10,14,5,1,0,0,1,0,0,0,1
"POINT (6.804059374000080 51.227463478000097)",Unfall 181930 (2022) Kat:3, Licht: 0,181930,3,6,0,10,10,1,0,0,0,1,1,0,0,0