WKT,Name,OBJECTID,UKATEGORIE,UTYP1,UART,UMONAT,USTUNDE,UWOCHENTAG,STRZUSTAND,ULICHTVERH,ISTRAD,ISTPKW,ISTFUSS,ISTKRAD,ISTGKFZ,ISTSONSTIG
"POINT (6.790678766000040 51.219737038000098)",Unfall 181935 (2022) Kat:3, Licht: 2,181935,3,5,1,10,18,3,1,2,0,1,0,0,0,1
"POINT (6.794117734000050 51.216622920000098)",Unfall 182058 (2022) Kat:3, Licht: 0,182058,3,7,6,10,10,2,0,0,0,0,1,0,0,1
"POINT (6.754710304000070 51.231022690000003)",Unfall 182061 (2022) Kat:3, Licht: 0,182061,3,4,1,10,11,6,1,0,1,0,1,0,0,0
"POINT (6.851626698000080 51.168985628000001)",Unfall 182064 (2022) Kat:3, Licht: 2,182064,3,3,5,10,06,4,0,2,0,1,0,0,0,0
"POINT (6.757715308000060 51.250815099000100)",Unfall 182119 (2022) Kat:3, Licht: 0,182119,3,3,5,10,18,3,0,0,1,1,0,0,0,0
"POINT (6.891238501000030 51.147629780999999)",Unfall 182141 (2022) Kat:2, Licht: 0,182141,2,6,2,10,14,7,0,0,0,1,0,0,0,0
"POINT (6.776964321000040 51.209625307000103)",Unfall 182148 (2022) Kat:3, Licht: 0,182148,3,6,2,10,15,5,0,0,0,1,0,1,0,0
"POINT (6.776144218000070 51.228433881999997)",Unfall 182160 (2022) Kat:3, Licht: 2,182160,3,1,0,11,03,3,1,2,0,0,0,0,0,1
"POINT (6.810981075000030 51.190286749999999)",Unfall 182180 (2022) Kat:3, Licht: 0,182180,3,1,0,11,13,2,1,0,0,0,0,1,0,0
"POINT (6.774262270000070 51.205342089000098)",Unfall 182181 (2022) Kat:3, Licht: 0,182181,3,7,0,10,10,6,0,0,0,1,0,0,0,1
"POINT (6.831649212000060 51.176309477000103)",Unfall 182237 (2022) Kat:3, Licht: 2,182237,3,5,0,11,17,5,0,2,1,1,0,0,0,1
"POINT (6.833459948000040 51.208554923000101)",Unfall 182253 (2022) Kat:3, Licht: 0,182253,3,3,5,10,10,2,0,0,0,1,0,0,0,1
"POINT (6.783286815000050 51.241705663000097)",Unfall 182284 (2022) Kat:3, Licht: 1,182284,3,2,5,11,18,4,0,1,1,1,0,0,0,0
"POINT (6.898415398000050 51.203925503000100)",Unfall 182300 (2022) Kat:3, Licht: 0,182300,3,4,6,11,15,2,0,0,0,0,1,0,0,1
"POINT (6.859473628000050 51.185844089000099)",Unfall 182322 (2022) Kat:2, Licht: 0,182322,2,3,5,10,13,5,0,0,1,1,0,0,0,0
"POINT (6.793393449000060 51.243708941000101)",Unfall 182327 (2022) Kat:3, Licht: 0,182327,3,2,5,11,07,6,1,0,1,1,0,0,0,0
"POINT (6.772045266000020 51.203445321000103)",Unfall 182334 (2022) Kat:3, Licht: 0,182334,3,3,5,11,16,2,0,0,0,1,0,0,0,0
"POINT (6.788773155000060 51.236897431999999)",Unfall 182335 (2022) Kat:3, Licht: 0,182335,3,7,1,10,12,6,0,0,1,1,0,0,0,0
"POINT (6.795917642000060 51.230523232000102)",Unfall 182344 (2022) Kat:3, Licht: 0,182344,3,3,5,11,08,4,0,0,1,1,0,0,0,0
"POINT (6.831085343000040 51.200615091000003)",Unfall 182356 (2022) Kat:3, Licht: 0,182356,3,3,5,11,16,5,1,0,1,1,0,0,0,0
"POINT (6.801423045000040 51.238535178000099)",Unfall 182366 (2022) Kat:3, Licht: 0,182366,3,7,6,11,11,4,0,0,0,1,1,0,0,0
"POINT (6.796474725000050 51.231900797999998)",Unfall 182376 (2022) Kat:3, Licht: 2,182376,3,6,3,11,21,6,1,2,0,1,0,0,0,0
"POINT (6.875636388000030 51.162207283000001)",Unfall 182398 (2022) Kat:2, Licht: 2,182398,2,3,5,10,19,2,1,2,0,1,0,0,0,1
"POINT (6.819503830000030 51.186345931000098)",Unfall 182407 (2022) Kat:3, Licht: 0,182407,3,1,0,11,15,5,1,0,0,0,0,1,0,0
"POINT (6.815709720000030 51.229359653000103)",Unfall 182457 (2022) Kat:3, Licht: 0,182457,3,2,5,10,10,2,0,0,1,1,0,0,0,0
"POINT (6.811982836000030 51.198342755000098)",Unfall 182467 (2022) Kat:3, Licht: 0,182467,3,3,5,10,07,2,0,0,1,1,0,0,0,0
"POINT (6.710924798000060 51.231353694000099)",Unfall 182503 (2022) Kat:3, Licht: 0,182503,3,2,5,10,14,6,0,0,0,1,0,0,0,0
"POINT (6.796056215000020 51.216107274000102)",Unfall 182517 (2022) Kat:3, Licht: 2,182517,3,3,5,11,22,6,0,2,0,1,0,0,0,0
"POINT (6.789502329000070 51.246204449000103)",Unfall 182553 (2022) Kat:3, Licht: 0,182553,3,5,1,10,16,3,0,0,1,1,0,0,0,0
"POINT (6.836235749000020 51.212188201000103)",Unfall 182568 (2022) Kat:3, Licht: 0,182568,3,2,3,11,15,4,0,0,1,1,0,0,0,0
"POINT (6.807077588000030 51.210805939000103)",Unfall 182597 (2022) Kat:3, Licht: 2,182597,3,7,0,11,06,4,0,2,1,0,0,0,0,0
"POINT (6.749084627000060 51.239573014000001)",Unfall 182603 (2022) Kat:3, Licht: 1,182603,3,5,1,11,16,5,0,1,1,1,0,0,0,0
"POINT (6.812148916000070 51.222446068000103)",Unfall 182659 (2022) Kat:3, Licht: 0,182659,3,6,2,11,14,5,0,0,0,1,0,0,0,0
"POINT (6.795873486000060 51.214740882999997)",Unfall 182661 (2022) Kat:3, Licht: 0,182661,3,7,6,11,15,7,0,0,0,1,1,0,0,0
"POINT (6.816610100000050 51.190235461999997)",Unfall 182708 (2022) Kat:3, Licht: 2,182708,3,7,3,11,16,1,1,2,0,1,0,0,0,1
"POINT (6.859133679000020 51.179179521000002)",Unfall 182716 (2022) Kat:3, Licht: 0,182716,3,7,2,10,14,2,0,0,0,1,0,0,0,1
"POINT (6.776912551000070 51.218837888000103)",Unfall 182729 (2022) Kat:3, Licht: 0,182729,3,2,6,10,14,6,0,0,0,1,1,0,0,0
"POINT (6.767708046000050 51.221169077000098)",Unfall 182811 (2022) Kat:3, Licht: 2,182811,3,7,0,10,02,1,0,2,1,0,0,0,0,0
"POINT (6.880510788000040 51.151554804000099)",Unfall 182826 (2022) Kat:2, Licht: 0,182826,2,2,4,10,15,2,0,0,0,1,0,1,0,0
"POINT (6.832014298000050 51.274602281000099)",Unfall 182829 (2022) Kat:3, Licht: 2,182829,3,7,0,11,17,6,1,2,1,0,1,0,0,0
"POINT (6.778729580000060 51.236152040000000)",Unfall 182875 (2022) Kat:3, Licht: 0,182875,3,1,0,11,11,2,1,0,1,0,0,0,0,0
"POINT (6.792302220000070 51.228619999999999)",Unfall 182877 (2022) Kat:3, Licht: 2,182877,3,6,2,11,18,6,0,2,0,1,0,0,0,0
"POINT (6.768509281000040 51.217152693000102)",Unfall 182878 (2022) Kat:3, Licht: 1,182878,3,1,0,10,18,3,0,1,1,0,0,0,0,0
"POINT (6.762971124000050 51.210802702000102)",Unfall 182897 (2022) Kat:3, Licht: 0,182897,3,1,1,10,16,1,0,0,1,1,0,0,0,0
"POINT (6.802767623000020 51.227140358000000)",Unfall 182909 (2022) Kat:3, Licht: 2,182909,3,1,1,11,20,7,0,2,0,1,0,1,0,1
"POINT (6.830195573000030 51.184041258000001)",Unfall 182924 (2022) Kat:3, Licht: 0,182924,3,3,5,11,15,1,0,0,1,1,0,0,0,0
"POINT (6.881297214000030 51.154571857000100)",Unfall 182933 (2022) Kat:3, Licht: 0,182933,3,5,1,11,07,5,0,0,0,1,0,0,0,0
"POINT (6.881967593000070 51.162797355000102)",Unfall 182939 (2022) Kat:3, Licht: 0,182939,3,5,1,11,13,6,0,0,1,1,0,0,0,0
"POINT (6.837541217000020 51.203733081000102)",Unfall 182945 (2022) Kat:3, Licht: 0,182945,3,6,6,10,09,7,0,0,0,1,1,0,0,0
"POINT (6.742601752000040 51.300780246999999)",Unfall 182955 (2022) Kat:3, Licht: 2,182955,3,3,5,10,00,3,1,2,0,1,0,0,0,0
"POINT (6.788136680000040 51.211138874000000)",Unfall 182979 (2022) Kat:3, Licht: 0,182979,3,3,5,11,09,6,0,0,1,1,0,0,0,0
"POINT (6.808167839000020 51.211065961000003)",Unfall 182983 (2022) Kat:2, Licht: 2,182983,2,2,6,11,17,5,1,2,0,1,1,0,0,0
"POINT (6.765877968000040 51.217035537000100)",Unfall 182994 (2022) Kat:3, Licht: 0,182994,3,2,3,11,12,4,0,0,0,0,0,0,0,1
"POINT (6.789544411000070 51.237612185000003)",Unfall 183011 (2022) Kat:3, Licht: 2,183011,3,4,6,11,22,2,0,2,0,1,1,0,0,0
"POINT (6.776738926000060 51.200907653000101)",Unfall 183026 (2022) Kat:3, Licht: 1,183026,3,6,3,11,16,2,0,1,0,1,0,0,0,1
"POINT (6.811213857000040 51.249310123999997)",Unfall 183042 (2022) Kat:3, Licht: 2,183042,3,7,0,11,18,3,0,2,0,1,1,0,0,0
"POINT (6.769716136000060 51.210823822000101)",Unfall 183048 (2022) Kat:3, Licht: 0,183048,3,2,4,10,13,5,0,0,1,1,0,0,0,0
"POINT (6.775309655000060 51.215642623000100)",Unfall 183093 (2022) Kat:2, Licht: 0,183093,2,4,6,10,09,2,0,0,0,1,1,0,0,0
"POINT (6.903222462000030 51.132236440000000)",Unfall 183115 (2022) Kat:3, Licht: 0,183115,3,2,5,11,14,7,0,0,1,0,0,0,0,0
"POINT (6.782401541000070 51.329075492000101)",Unfall 183124 (2022) Kat:3, Licht: 2,183124,3,6,3,10,07,5,0,2,1,1,0,0,0,0
"POINT (6.900241451000060 51.139961177000004)",Unfall 183192 (2022) Kat:2, Licht: 0,183192,2,1,2,11,08,4,1,0,0,1,0,1,0,0
"POINT (6.785002466000040 51.222988334000000)",Unfall 183227 (2022) Kat:3, Licht: 2,183227,3,6,2,11,17,7,0,2,0,1,0,0,0,0
"POINT (6.800998083000020 51.231400184000101)",Unfall 183250 (2022) Kat:3, Licht: 0,183250,3,1,0,11,08,4,1,0,0,0,0,0,0,1
"POINT (6.763661485000060 51.212167070000099)",Unfall 183253 (2022) Kat:3, Licht: 2,183253,3,2,6,11,16,5,0,2,0,1,1,0,0,0
"POINT (6.779335406000030 51.210458084000003)",Unfall 183254 (2022) Kat:3, Licht: 2,183254,3,2,6,11,17,7,0,2,0,1,1,0,0,0
"POINT (6.809424970000070 51.227059456000099)",Unfall 183256 (2022) Kat:3, Licht: 0,183256,3,5,1,11,08,6,1,0,1,1,0,0,0,0
"POINT (6.769993152000040 51.196874821999998)",Unfall 183278 (2022) Kat:3, Licht: 0,183278,3,1,1,11,10,5,0,0,0,0,0,0,0,1
"POINT (6.792975561000050 51.216390632000099)",Unfall 183304 (2022) Kat:3, Licht: 2,183304,3,2,6,12,17,5,1,2,0,1,1,0,0,0
"POINT (6.835016111000070 51.195810172000101)",Unfall 183320 (2022) Kat:3, Licht: 2,183320,3,7,2,11,20,4,1,2,0,1,0,1,0,0
"POINT (6.764003580000060 51.220903102000101)",Unfall 183368 (2022) Kat:3, Licht: 0,183368,3,6,2,11,09,4,0,0,0,1,0,0,0,0
"POINT (6.782522015000040 51.241055683000098)",Unfall 183426 (2022) Kat:3, Licht: 2,183426,3,5,0,11,17,2,0,2,1,1,0,0,0,0
"POINT (6.776710861000030 51.200978933000002)",Unfall 183447 (2022) Kat:3, Licht: 0,183447,3,2,5,11,16,3,0,0,1,1,0,0,0,0
"POINT (6.860680812000060 51.181754394000102)",Unfall 183463 (2022) Kat:3, Licht: 2,183463,3,6,2,11,17,2,1,2,0,1,0,0,0,0
"POINT (6.722432885000050 51.242247110000100)",Unfall 183465 (2022) Kat:2, Licht: 0,183465,2,7,0,12,10,6,0,0,0,0,0,0,0,1
"POINT (6.831791305000020 51.185581335999998)",Unfall 183486 (2022) Kat:3, Licht: 0,183486,3,6,3,11,10,4,0,0,1,1,0,0,0,0
"POINT (6.731238197000040 51.280400495000002)",Unfall 183529 (2022) Kat:3, Licht: 2,183529,3,1,7,11,23,3,1,2,1,0,0,0,0,0
"POINT (6.775172972000060 51.210803080000098)",Unfall 183554 (2022) Kat:3, Licht: 0,183554,3,6,2,11,14,6,0,0,0,1,0,0,0,0
"POINT (6.900204396000050 51.139966059000102)",Unfall 183572 (2022) Kat:3, Licht: 1,183572,3,3,5,12,07,6,0,1,1,1,0,0,0,0
"POINT (6.791768721000040 51.243317613999999)",Unfall 183597 (2022) Kat:2, Licht: 0,183597,2,6,2,12,15,6,0,0,0,0,0,1,0,1
"POINT (6.751138774000030 51.266139271000000)",Unfall 183629 (2022) Kat:3, Licht: 0,183629,3,3,5,11,15,7,0,0,0,1,0,1,0,0
"POINT (6.744455355000070 51.318337245000102)",Unfall 183650 (2022) Kat:3, Licht: 0,183650,3,3,5,11,15,5,0,0,1,1,0,0,0,0
"POINT (6.849303191000050 51.209277774000000)",Unfall 183652 (2022) Kat:3, Licht: 0,183652,3,3,5,11,13,6,1,0,0,1,0,0,0,0
"POINT (6.812440282000070 51.211508274000003)",Unfall 183666 (2022) Kat:3, Licht: 0,183666,3,6,8,11,11,2,1,0,0,1,0,0,0,0
"POINT (6.768386000000020 51.197788076000101)",Unfall 183702 (2022) Kat:3, Licht: 0,183702,3,6,3,11,15,4,0,0,1,1,0,0,0,0
"POINT (6.779737254000050 51.205783910000001)",Unfall 183732 (2022) Kat:3, Licht: 2,183732,3,1,0,11,02,3,1,2,1,0,0,0,0,0
"POINT (6.835438913000080 51.203489966000099)",Unfall 183745 (2022) Kat:3, Licht: 0,183745,3,7,0,11,14,7,0,0,0,0,0,0,0,1
"POINT (6.779334472000070 51.225464190000103)",Unfall 183759 (2022) Kat:2, Licht: 2,183759,2,3,5,11,17,3,1,2,1,1,1,1,0,1
"POINT (6.782820255000050 51.221768795999999)",Unfall 183803 (2022) Kat:3, Licht: 2,183803,3,3,5,11,19,3,1,2,1,1,0,0,0,0
"POINT (6.783216505000040 51.245199610999997)",Unfall 183935 (2022) Kat:3, Licht: 2,183935,3,3,5,11,21,4,1,2,0,1,0,0,0,1
"POINT (6.777587065000030 51.247396842000100)",Unfall 183960 (2022) Kat:3, Licht: 0,183960,3,3,5,11,09,4,1,0,1,1,0,0,0,0
"POINT (6.776165669000020 51.226701114999997)",Unfall 183968 (2022) Kat:3, Licht: 0,183968,3,7,6,11,09,2,1,0,0,0,1,0,1,0
"POINT (6.775278832000030 51.213978999000098)",Unfall 183980 (2022) Kat:3, Licht: 2,183980,3,3,5,11,17,3,1,2,1,1,0,0,0,0
"POINT (6.782020145000050 51.241760396000103)",Unfall 183991 (2022) Kat:3, Licht: 0,183991,3,2,5,11,10,6,1,0,0,1,0,0,0,1
"POINT (6.732998857000040 51.258081488000101)",Unfall 184054 (2022) Kat:2, Licht: 0,184054,2,6,4,11,11,2,1,0,0,0,0,0,0,1
"POINT (6.776704092000050 51.212095648999998)",Unfall 184066 (2022) Kat:3, Licht: 0,184066,3,4,6,11,11,3,1,0,1,0,1,0,0,0
"POINT (6.776650240000040 51.210768979000100)",Unfall 184067 (2022) Kat:3, Licht: 2,184067,3,3,5,11,22,1,1,2,0,1,0,0,0,0
"POINT (6.831835811000080 51.185058824000102)",Unfall 184084 (2022) Kat:3, Licht: 2,184084,3,3,5,11,18,6,0,2,0,1,0,0,0,0
"POINT (6.808971234000070 51.220829520000102)",Unfall 184093 (2022) Kat:3, Licht: 0,184093,3,6,2,11,12,2,1,0,0,1,0,0,0,1
"POINT (6.882954098000030 51.150319266000103)",Unfall 184135 (2022) Kat:3, Licht: 0,184135,3,3,5,12,13,7,0,0,1,1,0,0,0,0
"POINT (6.859473628000050 51.185844089000099)",Unfall 184152 (2022) Kat:3, Licht: 0,184152,3,3,0,11,07,2,0,0,1,0,0,0,0,1
"POINT (6.809048085000030 51.225514791000101)",Unfall 184153 (2022) Kat:3, Licht: 0,184153,3,1,0,11,15,7,0,0,0,0,0,0,0,1
"POINT (6.879409736000070 51.160469329000101)",Unfall 184157 (2022) Kat:3, Licht: 2,184157,3,7,8,11,18,4,1,2,0,1,0,0,0,0
"POINT (6.838080577000030 51.214928235000102)",Unfall 184163 (2022) Kat:3, Licht: 2,184163,3,6,2,11,17,3,1,2,0,1,0,0,0,0
"POINT (6.776534746000040 51.201427656000099)",Unfall 184179 (2022) Kat:3, Licht: 0,184179,3,5,0,11,11,3,0,0,0,0,0,0,0,1
"POINT (6.823914088000040 51.182029538999998)",Unfall 184181 (2022) Kat:2, Licht: 2,184181,2,5,1,11,21,1,0,2,0,1,0,0,0,1
"POINT (6.777087542000060 51.227891554999999)",Unfall 184194 (2022) Kat:3, Licht: 2,184194,3,2,6,12,22,6,0,2,0,1,1,0,0,0
"POINT (6.735428165000030 51.264973497000000)",Unfall 184199 (2022) Kat:3, Licht: 0,184199,3,7,6,11,08,5,1,0,0,1,0,0,0,1
"POINT (6.840786810000050 51.200626433000103)",Unfall 184229 (2022) Kat:3, Licht: 1,184229,3,2,6,11,16,3,1,1,0,0,1,0,0,1
"POINT (6.764566216000050 51.207143426000101)",Unfall 184230 (2022) Kat:3, Licht: 2,184230,3,2,6,11,18,2,1,2,0,1,1,0,0,0
"POINT (6.855056615000020 51.175736245000103)",Unfall 184232 (2022) Kat:3, Licht: 2,184232,3,7,0,12,20,7,0,2,0,0,0,0,0,1
"POINT (6.814356724000050 51.193252639000001)",Unfall 184249 (2022) Kat:3, Licht: 0,184249,3,6,2,11,15,6,0,0,0,1,0,0,0,0
"POINT (6.782319645000030 51.272058905000101)",Unfall 184252 (2022) Kat:3, Licht: 2,184252,3,3,5,11,17,4,1,2,0,1,0,1,0,0
"POINT (6.792559371000040 51.222765443000100)",Unfall 184269 (2022) Kat:3, Licht: 0,184269,3,2,4,11,08,3,1,0,1,1,0,0,0,0
"POINT (6.732624749000020 51.258642600000002)",Unfall 184294 (2022) Kat:3, Licht: 2,184294,3,1,8,12,06,7,0,2,0,1,0,0,0,0
"POINT (6.744628747000040 51.233812140000097)",Unfall 184298 (2022) Kat:2, Licht: 2,184298,2,5,1,12,20,7,0,2,0,1,0,0,0,0
"POINT (6.816418236000060 51.228696060000097)",Unfall 184307 (2022) Kat:3, Licht: 0,184307,3,1,0,12,11,4,1,0,1,0,0,0,0,0
"POINT (6.818370016000070 51.263315627000097)",Unfall 184311 (2022) Kat:3, Licht: 2,184311,3,2,5,12,06,3,0,2,1,1,0,0,0,0
"POINT (6.764003580000060 51.220903102000101)",Unfall 184340 (2022) Kat:3, Licht: 1,184340,3,1,0,12,16,7,0,1,1,0,0,0,0,0
"POINT (6.850913779000050 51.168407119999998)",Unfall 184342 (2022) Kat:3, Licht: 0,184342,3,2,4,12,12,2,0,0,0,1,0,0,1,0
"POINT (6.795678115000040 51.222993353000000)",Unfall 184404 (2022) Kat:3, Licht: 2,184404,3,4,6,12,02,2,0,2,0,1,1,0,0,0
"POINT (6.777634523000070 51.247416040000097)",Unfall 184406 (2022) Kat:3, Licht: 0,184406,3,3,5,12,16,3,0,0,0,1,0,0,0,0
"POINT (6.875620017000070 51.161143236000001)",Unfall 184411 (2022) Kat:3, Licht: 2,184411,3,2,3,12,16,5,1,2,0,1,0,0,0,1
"POINT (6.774533669000050 51.214434283000102)",Unfall 184418 (2022) Kat:2, Licht: 0,184418,2,1,0,12,13,3,1,0,0,0,0,1,0,0
"POINT (6.782592193000030 51.198496433000102)",Unfall 184420 (2022) Kat:3, Licht: 0,184420,3,2,3,12,12,5,0,0,1,1,0,0,0,0
"POINT (6.785768120000060 51.253155392000103)",Unfall 184427 (2022) Kat:3, Licht: 2,184427,3,3,5,12,18,2,0,2,0,1,0,0,0,1
"POINT (6.795629962000020 51.229540606000100)",Unfall 184437 (2022) Kat:3, Licht: 0,184437,3,2,3,12,12,3,1,0,0,1,0,0,0,1
"POINT (6.839828190000050 51.172389479000103)",Unfall 184449 (2022) Kat:3, Licht: 2,184449,3,7,0,12,23,1,2,2,0,1,0,0,0,0
"POINT (6.774238425000020 51.224023705999997)",Unfall 184450 (2022) Kat:3, Licht: 1,184450,3,7,6,12,08,3,1,1,0,1,1,0,0,0
"POINT (6.843977774000050 51.215495296000000)",Unfall 184464 (2022) Kat:2, Licht: 2,184464,2,5,1,12,18,3,1,2,0,1,0,0,0,1
"POINT (6.851590813000030 51.168990958999998)",Unfall 184468 (2022) Kat:3, Licht: 1,184468,3,6,2,12,16,6,1,1,0,1,0,0,0,0
"POINT (6.862598913000060 51.180292554000097)",Unfall 184537 (2022) Kat:3, Licht: 2,184537,3,2,6,12,18,3,1,2,0,1,1,0,0,0
"POINT (6.876041913000050 51.163705688999997)",Unfall 184543 (2022) Kat:3, Licht: 0,184543,3,3,5,12,15,2,1,0,1,1,0,0,0,0
"POINT (6.800659748000040 51.227867162999999)",Unfall 184548 (2022) Kat:3, Licht: 0,184548,3,1,1,12,15,5,0,0,0,1,1,0,0,0
"POINT (6.780747340000060 51.217084296000102)",Unfall 184558 (2022) Kat:3, Licht: 2,184558,3,4,6,12,19,3,0,2,0,1,1,0,0,1
"POINT (6.800020906000040 51.240047779000101)",Unfall 184561 (2022) Kat:3, Licht: 0,184561,3,7,6,12,14,2,1,0,0,1,1,0,0,0
"POINT (6.727543805000040 51.237477460000001)",Unfall 184595 (2022) Kat:2, Licht: 0,184595,2,4,6,12,12,1,1,0,0,1,1,0,0,0
"POINT (6.823537498000060 51.213455824000100)",Unfall 184612 (2022) Kat:3, Licht: 2,184612,3,3,5,12,21,7,0,2,0,1,0,0,0,0
"POINT (6.842747185000060 51.200090067000097)",Unfall 184643 (2022) Kat:2, Licht: 2,184643,2,2,6,12,18,6,0,2,0,0,1,0,0,1
"POINT (6.814613678000060 51.228418191999999)",Unfall 184658 (2022) Kat:2, Licht: 2,184658,2,2,6,12,06,3,1,2,0,1,1,0,0,0
"POINT (6.786604201000050 51.214210750000099)",Unfall 184666 (2022) Kat:3, Licht: 0,184666,3,4,6,12,10,4,0,0,0,1,1,0,0,0
"POINT (6.769493500000070 51.196557534000100)",Unfall 184685 (2022) Kat:3, Licht: 2,184685,3,3,5,12,07,5,1,2,1,1,0,0,0,0
"POINT (6.771466106000050 51.218993585000099)",Unfall 184687 (2022) Kat:2, Licht: 2,184687,2,1,8,12,07,7,1,2,0,1,0,0,0,0
"POINT (6.844203061000030 51.188319426000099)",Unfall 184695 (2022) Kat:3, Licht: 2,184695,3,3,5,12,05,2,1,2,0,1,0,0,0,0
"POINT (6.768671157000030 51.254772826000099)",Unfall 184697 (2022) Kat:3, Licht: 2,184697,3,6,2,12,18,5,1,2,0,1,0,0,0,0
"POINT (6.765055175000040 51.206511909000000)",Unfall 184703 (2022) Kat:3, Licht: 2,184703,3,2,0,12,20,5,1,2,0,0,0,1,0,0
"POINT (6.780363614000070 51.210684534000102)",Unfall 184720 (2022) Kat:2, Licht: 0,184720,2,1,0,12,09,6,1,0,1,0,0,0,0,0
"POINT (6.775261364000070 51.229495552000103)",Unfall 184735 (2022) Kat:3, Licht: 0,184735,3,7,6,12,13,7,0,0,0,1,1,0,0,0
"POINT (6.793167786000030 51.223208117000098)",Unfall 184739 (2022) Kat:3, Licht: 0,184739,3,3,5,12,12,4,1,0,0,1,0,0,0,1
"POINT (6.829095202000080 51.209137172000098)",Unfall 184750 (2022) Kat:3, Licht: 2,184750,3,4,6,12,18,2,0,2,0,0,1,0,0,1
"POINT (6.777084004000070 51.209239205000102)",Unfall 184752 (2022) Kat:3, Licht: 2,184752,3,6,1,12,07,3,1,2,0,1,0,0,0,0
"POINT (6.770771125000070 51.187280508000100)",Unfall 184755 (2022) Kat:3, Licht: 2,184755,3,1,0,12,05,2,2,2,1,0,0,0,0,0
"POINT (6.788980201000070 51.218315408000102)",Unfall 184787 (2022) Kat:3, Licht: 0,184787,3,1,0,12,09,2,1,0,0,0,0,0,0,1
"POINT (6.761871552000060 51.248801577999998)",Unfall 184800 (2022) Kat:3, Licht: 1,184800,3,3,5,12,07,3,1,1,1,1,0,0,0,0
"POINT (6.871188847000040 51.184528587999999)",Unfall 184812 (2022) Kat:2, Licht: 2,184812,2,2,6,12,17,5,1,2,0,1,1,0,0,0
"POINT (6.872743881000080 51.167892006999999)",Unfall 184844 (2022) Kat:3, Licht: 2,184844,3,7,0,12,16,3,0,2,1,0,0,0,0,0
"POINT (6.804292022000030 51.223335007000102)",Unfall 184858 (2022) Kat:3, Licht: 0,184858,3,3,5,12,10,3,1,0,1,1,0,0,0,0
"POINT (6.823808780000040 51.191172377999997)",Unfall 184863 (2022) Kat:3, Licht: 0,184863,3,6,6,12,09,6,0,0,1,0,1,0,0,0
"POINT (6.777029146000070 51.223067650000097)",Unfall 184869 (2022) Kat:3, Licht: 0,184869,3,3,5,12,10,4,1,0,0,1,0,0,0,0
"POINT (6.783286815000050 51.241705663000097)",Unfall 184890 (2022) Kat:3, Licht: 0,184890,3,2,5,12,15,7,0,0,1,1,0,0,0,0
"POINT (6.811054722000050 51.201238877999998)",Unfall 184909 (2022) Kat:3, Licht: 2,184909,3,7,5,12,19,6,1,2,0,1,0,0,0,1
"POINT (6.860291123000020 51.174060818999997)",Unfall 184913 (2022) Kat:3, Licht: 0,184913,3,1,9,12,15,5,0,0,0,1,0,0,0,0
"POINT (6.776786035000040 51.204768042000097)",Unfall 184924 (2022) Kat:3, Licht: 0,184924,3,2,6,12,10,5,0,0,0,1,1,0,0,0
"POINT (6.879409736000070 51.160469329000101)",Unfall 184930 (2022) Kat:2, Licht: 2,184930,2,7,0,12,17,5,1,2,0,0,0,0,0,1
"POINT (6.732576464000030 51.259339372000099)",Unfall 184937 (2022) Kat:3, Licht: 2,184937,3,7,0,12,18,6,0,2,0,1,1,0,0,0
"POINT (6.767209768000040 51.210920395000102)",Unfall 184949 (2022) Kat:3, Licht: 0,184949,3,5,3,12,12,2,1,0,1,0,0,0,0,1
"POINT (6.795737521000040 51.229393501000096)",Unfall 184987 (2022) Kat:3, Licht: 0,184987,3,6,2,12,15,4,0,0,0,1,0,0,0,0
"POINT (6.808167839000020 51.211065961000003)",Unfall 185002 (2022) Kat:3, Licht: 0,185002,3,3,5,12,15,6,1,0,0,1,0,0,0,0
"POINT (6.786788005000060 51.226215873000100)",Unfall 185014 (2022) Kat:3, Licht: 0,185014,3,6,6,12,12,2,1,0,0,0,1,0,0,1
"POINT (6.753943472000060 51.227513768000101)",Unfall 185027 (2022) Kat:3, Licht: 0,185027,3,7,6,12,12,5,0,0,0,1,1,0,0,0
"POINT (6.752373059000040 51.264863924000103)",Unfall 185046 (2022) Kat:3, Licht: 2,185046,3,3,5,12,07,3,1,2,1,1,0,0,0,0
"POINT (6.858468458000060 51.212478294000100)",Unfall 185081 (2022) Kat:3, Licht: 0,185081,3,2,6,12,11,2,0,0,0,1,1,0,0,0
"POINT (6.800920004000030 51.236403146000001)",Unfall 185085 (2022) Kat:3, Licht: 2,185085,3,2,6,12,07,6,1,2,0,1,1,0,0,0
"POINT (6.822473488000070 51.221633874000098)",Unfall 185128 (2022) Kat:2, Licht: 2,185128,2,2,6,12,19,4,1,2,0,1,1,0,0,0
"POINT (6.796437162000070 51.231175785000097)",Unfall 185140 (2022) Kat:3, Licht: 2,185140,3,7,0,12,18,6,2,2,1,1,0,0,0,0
"POINT (6.795016577000070 51.243660084000098)",Unfall 185151 (2022) Kat:3, Licht: 1,185151,3,2,4,12,16,2,1,1,1,1,0,0,0,0
"POINT (6.780890729000020 51.219770660000101)",Unfall 185161 (2022) Kat:3, Licht: 0,185161,3,5,6,12,14,3,0,0,0,1,1,0,0,0