WKT,Name,OBJECTID,UKATEGORIE,UTYP1,UART,UMONAT,USTUNDE,UWOCHENTAG,STRZUSTAND,ULICHTVERH,ISTRAD,ISTPKW,ISTFUSS,ISTKRAD,ISTGKFZ,ISTSONSTIG
"POINT (6.858962646000070 51.234633025000100)",Unfall 185188 (2022) Kat:3, Licht: 0,185188,3,3,5,12,09,5,1,0,0,1,0,0,0,1
"POINT (6.757002904000050 51.311709189000098)",Unfall 185189 (2022) Kat:3, Licht: 2,185189,3,5,1,12,18,7,1,2,0,1,0,0,0,0
"POINT (6.806148769000060 51.221968054000101)",Unfall 185195 (2022) Kat:3, Licht: 2,185195,3,2,6,12,19,1,0,2,0,1,1,0,0,0
"POINT (6.751990365000040 51.274166403999999)",Unfall 185199 (2022) Kat:3, Licht: 0,185199,3,7,9,12,09,2,0,0,0,1,0,0,0,0
"POINT (6.785711184000040 51.218880181000003)",Unfall 185220 (2022) Kat:3, Licht: 0,185220,3,4,6,12,11,5,0,0,0,1,1,0,0,0
"POINT (6.754173631000070 51.240820409999998)",Unfall 185227 (2022) Kat:2, Licht: 0,185227,2,7,7,12,15,6,0,0,1,0,0,0,0,0
"POINT (6.777029146000070 51.223067650000097)",Unfall 185271 (2022) Kat:3, Licht: 0,185271,3,3,5,12,09,7,0,0,1,1,0,0,0,0
"POINT (6.821663887000060 51.229313865999998)",Unfall 185273 (2022) Kat:3, Licht: 1,185273,3,2,6,12,16,6,0,1,0,1,1,0,0,0
"POINT (6.746592740000040 51.311815639000002)",Unfall 185276 (2022) Kat:2, Licht: 0,185276,2,4,6,12,13,4,1,0,0,0,1,0,0,1
"POINT (6.820804248000060 51.218699346999998)",Unfall 185287 (2022) Kat:3, Licht: 0,185287,3,1,0,12,11,6,1,0,0,0,0,1,0,0
"POINT (6.870766761000030 51.163236627000103)",Unfall 185314 (2022) Kat:3, Licht: 0,185314,3,6,5,01,12,4,0,0,0,1,0,1,0,0
"POINT (6.793287852000050 51.205547571000103)",Unfall 185467 (2022) Kat:3, Licht: 0,185467,3,3,5,03,17,2,0,0,1,1,0,0,0,0
"POINT (6.735845233000020 51.204029013000103)",Unfall 185553 (2022) Kat:3, Licht: 0,185553,3,2,4,01,14,2,1,0,1,1,0,0,0,0
"POINT (6.794570963000070 51.230973628000100)",Unfall 185599 (2022) Kat:3, Licht: 0,185599,3,6,6,05,08,6,0,0,0,1,1,0,0,0
"POINT (6.775456183000070 51.219079873000098)",Unfall 185679 (2022) Kat:3, Licht: 0,185679,3,6,2,03,09,4,0,0,0,1,0,0,0,0
"POINT (6.779750616000060 51.238273429000103)",Unfall 185801 (2022) Kat:3, Licht: 0,185801,3,2,6,04,12,5,0,0,0,1,1,0,0,0
"POINT (6.783780125000020 51.235888338999999)",Unfall 185835 (2022) Kat:3, Licht: 0,185835,3,2,4,02,10,3,1,0,1,1,0,0,0,0
"POINT (6.779150135000070 51.218954469000003)",Unfall 185847 (2022) Kat:3, Licht: 0,185847,3,7,5,03,11,6,0,0,0,1,0,0,0,1
"POINT (6.781516701000040 51.235847803000098)",Unfall 185931 (2022) Kat:3, Licht: 0,185931,3,3,5,07,16,2,0,0,1,0,0,0,0,1
"POINT (6.809587101000030 51.216920958000102)",Unfall 185957 (2022) Kat:3, Licht: 2,185957,3,2,6,02,07,6,1,2,0,1,1,0,0,0
"POINT (6.789521973000030 51.216652990000100)",Unfall 186055 (2022) Kat:3, Licht: 2,186055,3,7,1,01,17,5,1,2,1,1,0,0,0,0
"POINT (6.853084820000050 51.237640560000003)",Unfall 186102 (2022) Kat:3, Licht: 0,186102,3,7,1,01,13,4,1,0,0,1,0,0,0,0
"POINT (6.802942833000030 51.224579703000103)",Unfall 186152 (2022) Kat:3, Licht: 0,186152,3,3,3,01,10,2,1,0,1,1,0,0,0,0
"POINT (6.836441694000030 51.197160035000081)",Unfall 22296 (2023) Kat:3, Licht: 2,22296,3,3,5,01,17,4,1,2,0,1,0,0,0,0
"POINT (6.793785336000042 51.247032112000056)",Unfall 22297 (2023) Kat:3, Licht: 1,22297,3,2,5,01,07,4,0,1,0,1,1,0,0,0
"POINT (6.796491114000048 51.259494366000069)",Unfall 22338 (2023) Kat:3, Licht: 2,22338,3,7,4,01,18,3,0,2,0,1,0,0,0,0
"POINT (6.785672299000055 51.192092454000033)",Unfall 22382 (2023) Kat:2, Licht: 2,22382,2,6,3,01,21,2,1,2,0,1,0,0,1,0
"POINT (6.790003047000027 51.230866622000065)",Unfall 22383 (2023) Kat:3, Licht: 0,22383,3,6,3,01,13,2,0,0,0,1,0,0,0,1
"POINT (6.786880940000060 51.331628191000050)",Unfall 22384 (2023) Kat:1, Licht: 2,22384,1,7,2,01,17,2,1,2,1,1,0,0,0,0
"POINT (6.700986973000056 51.231400462000067)",Unfall 22385 (2023) Kat:3, Licht: 0,22385,3,6,2,01,11,2,1,0,0,1,0,0,0,0
"POINT (6.800582863000045 51.250816423000060)",Unfall 22547 (2023) Kat:3, Licht: 0,22547,3,3,5,01,16,4,1,0,1,1,0,0,0,0
"POINT (6.783171778000053 51.202971691000073)",Unfall 22776 (2023) Kat:3, Licht: 0,22776,3,2,5,01,12,3,0,0,0,1,0,0,0,0
"POINT (6.823289419000048 51.229902131000074)",Unfall 25367 (2023) Kat:3, Licht: 2,25367,3,2,6,01,18,2,1,2,0,1,1,0,0,0
"POINT (6.790966631000060 51.192638463000037)",Unfall 25572 (2023) Kat:3, Licht: 2,25572,3,6,3,01,08,3,0,2,0,1,0,0,0,0
"POINT (6.782588736000037 51.215543348000040)",Unfall 25573 (2023) Kat:3, Licht: 2,25573,3,3,5,01,18,3,0,2,0,1,0,0,0,0
"POINT (6.733648679000055 51.235632606000081)",Unfall 25574 (2023) Kat:2, Licht: 0,25574,2,2,6,01,12,3,0,0,0,1,1,0,0,0
"POINT (6.771875023000064 51.277446258000055)",Unfall 25675 (2023) Kat:3, Licht: 2,25675,3,6,5,01,07,2,0,2,0,1,0,0,1,0
"POINT (6.770597202000033 51.200171660000080)",Unfall 25685 (2023) Kat:3, Licht: 2,25685,3,3,5,01,18,2,1,2,0,1,0,0,0,0
"POINT (6.770728898000073 51.199986874000047)",Unfall 25686 (2023) Kat:3, Licht: 2,25686,3,2,6,01,18,2,1,2,0,1,1,0,0,0
"POINT (6.877026803000035 51.208963828000037)",Unfall 25687 (2023) Kat:2, Licht: 0,25687,2,7,4,01,16,2,1,0,0,1,0,0,0,0
"POINT (6.773841405000042 51.271050618000061)",Unfall 25688 (2023) Kat:3, Licht: 0,25688,3,3,5,01,16,2,1,0,0,1,0,0,0,1
"POINT (6.803505682000036 51.216258050000079)",Unfall 25689 (2023) Kat:3, Licht: 0,25689,3,4,6,01,09,2,1,0,0,1,1,0,0,0
"POINT (6.888794628000028 51.260830118000058)",Unfall 25832 (2023) Kat:3, Licht: 0,25832,3,6,2,01,12,3,1,0,0,1,0,0,0,0
"POINT (6.796930455000052 51.257842086000039)",Unfall 25924 (2023) Kat:3, Licht: 2,25924,3,6,3,01,07,6,1,2,0,1,0,0,1,0
"POINT (6.721482729000058 51.234040414000049)",Unfall 25925 (2023) Kat:3, Licht: 0,25925,3,1,8,01,15,6,0,0,0,1,0,0,0,0
"POINT (6.902771685000062 51.139348954000070)",Unfall 25969 (2023) Kat:3, Licht: 2,25969,3,6,2,01,02,2,1,2,0,1,0,0,0,1
"POINT (6.780056997000031 51.253795576000073)",Unfall 26038 (2023) Kat:3, Licht: 0,26038,3,2,5,01,08,3,0,0,1,0,0,0,0,1
"POINT (6.770785747000048 51.199981715000035)",Unfall 26054 (2023) Kat:2, Licht: 2,26054,2,2,5,01,06,5,1,2,1,1,0,0,0,0
"POINT (6.820729775000075 51.269504096000048)",Unfall 26055 (2023) Kat:3, Licht: 2,26055,3,2,6,01,19,5,1,2,0,1,1,0,0,0
"POINT (6.814792428000032 51.243047357000080)",Unfall 26056 (2023) Kat:3, Licht: 2,26056,3,3,5,01,21,5,1,2,0,1,0,0,0,0
"POINT (6.806282144000022 51.253248126000074)",Unfall 26057 (2023) Kat:3, Licht: 2,26057,3,4,0,01,07,5,0,2,0,1,1,0,0,0
"POINT (6.724371496000060 51.232362114000068)",Unfall 26058 (2023) Kat:3, Licht: 2,26058,3,2,5,01,19,5,1,2,1,1,0,0,0,0
"POINT (6.793065877000060 51.227171931000044)",Unfall 26059 (2023) Kat:3, Licht: 2,26059,3,6,2,01,16,5,1,2,0,1,0,1,0,0
"POINT (6.824276293000025 51.229665571000055)",Unfall 26176 (2023) Kat:2, Licht: 0,26176,2,6,3,01,13,4,0,0,1,1,0,0,0,0
"POINT (6.805678793000027 51.257405988000073)",Unfall 26177 (2023) Kat:3, Licht: 1,26177,3,3,5,01,07,4,0,1,1,1,0,0,0,0
"POINT (6.771575022000036 51.239475043000027)",Unfall 26178 (2023) Kat:3, Licht: 0,26178,3,6,2,01,12,4,0,0,0,1,0,0,0,0
"POINT (6.788217733000067 51.224842663000061)",Unfall 26179 (2023) Kat:3, Licht: 0,26179,3,2,6,01,09,4,1,0,0,1,1,0,0,0
"POINT (6.762351206000062 51.217104560000053)",Unfall 26316 (2023) Kat:3, Licht: 0,26316,3,6,2,01,09,3,0,0,0,1,0,0,0,0
"POINT (6.792022258000031 51.246356206000030)",Unfall 26317 (2023) Kat:3, Licht: 2,26317,3,7,0,01,07,3,0,2,1,0,0,0,0,0
"POINT (6.756848085000058 51.245649669000045)",Unfall 26419 (2023) Kat:3, Licht: 2,26419,3,6,4,01,18,2,1,2,1,0,0,0,0,0
"POINT (6.802249585000027 51.239995695000061)",Unfall 26493 (2023) Kat:3, Licht: 2,26493,3,1,0,01,23,1,1,2,0,0,0,1,0,0
"POINT (6.768843456000070 51.223073546000080)",Unfall 26494 (2023) Kat:3, Licht: 2,26494,3,6,0,01,18,1,0,2,0,0,0,1,0,0
"POINT (6.775056930000062 51.277137206000077)",Unfall 26546 (2023) Kat:3, Licht: 0,26546,3,1,9,01,09,7,0,0,0,1,0,0,0,0
"POINT (6.786034663000066 51.222155325000074)",Unfall 26550 (2023) Kat:3, Licht: 2,26550,3,2,6,01,22,7,1,2,0,0,1,0,0,1
"POINT (6.782117415000073 51.221496104000039)",Unfall 26551 (2023) Kat:2, Licht: 0,26551,2,2,3,01,10,7,0,0,0,1,0,0,0,1
"POINT (6.797209885000029 51.259065135000071)",Unfall 26628 (2023) Kat:3, Licht: 2,26628,3,3,5,01,17,6,1,2,0,1,0,0,0,0
"POINT (6.753182606000053 51.266957200000036)",Unfall 26629 (2023) Kat:3, Licht: 2,26629,3,1,8,01,18,6,1,2,0,1,0,0,0,0
"POINT (6.780270683000026 51.253697171000056)",Unfall 26630 (2023) Kat:3, Licht: 0,26630,3,2,5,01,13,6,0,0,1,1,0,0,0,0
"POINT (6.905288661000043 51.201597504000063)",Unfall 26831 (2023) Kat:3, Licht: 0,26831,3,6,2,02,07,2,0,0,1,1,0,0,0,0
"POINT (6.775404032000040 51.264171645000033)",Unfall 26927 (2023) Kat:3, Licht: 2,26927,3,5,3,02,19,7,1,2,1,1,0,0,0,0
"POINT (6.830419497000037 51.227180730000043)",Unfall 26928 (2023) Kat:3, Licht: 0,26928,3,2,1,02,14,7,0,0,0,1,0,0,0,0
"POINT (6.792042401000060 51.228158679000046)",Unfall 26929 (2023) Kat:3, Licht: 0,26929,3,6,0,02,13,7,0,0,0,1,0,0,0,1
"POINT (6.788541316000021 51.225850829000080)",Unfall 26930 (2023) Kat:3, Licht: 2,26930,3,6,2,02,01,7,0,2,0,1,0,0,0,0
"POINT (6.799846566000042 51.219960667000066)",Unfall 26996 (2023) Kat:3, Licht: 2,26996,3,6,2,02,20,6,1,2,0,1,0,0,0,0
"POINT (6.800749002000032 51.250739530000033)",Unfall 27086 (2023) Kat:3, Licht: 0,27086,3,6,2,02,14,5,1,0,0,1,0,0,0,0
"POINT (6.793825567000056 51.275576875000070)",Unfall 27087 (2023) Kat:3, Licht: 2,27087,3,3,5,02,19,5,1,2,1,1,0,0,0,0
"POINT (6.808005670000057 51.208834257000035)",Unfall 27088 (2023) Kat:3, Licht: 2,27088,3,4,6,02,21,5,0,2,0,1,1,0,0,0
"POINT (6.788368374000072 51.225294421000058)",Unfall 27089 (2023) Kat:2, Licht: 2,27089,2,1,0,02,22,5,1,2,0,0,0,1,0,0
"POINT (6.914362633000053 51.256493580000040)",Unfall 27242 (2023) Kat:3, Licht: 0,27242,3,1,8,01,13,3,1,0,0,1,0,0,0,0
"POINT (6.852755119000051 51.196145514000079)",Unfall 27246 (2023) Kat:3, Licht: 2,27246,3,2,1,01,18,3,1,2,0,1,0,0,0,1
"POINT (6.838621843000055 51.227561208000054)",Unfall 27247 (2023) Kat:3, Licht: 2,27247,3,6,2,01,06,3,0,2,0,1,0,0,0,0
"POINT (6.727532063000069 51.233040921000054)",Unfall 27248 (2023) Kat:3, Licht: 0,27248,3,2,5,01,10,3,1,0,0,1,0,0,0,0
"POINT (6.857634777000044 51.206895138000050)",Unfall 27345 (2023) Kat:3, Licht: 0,27345,3,3,5,01,08,2,1,0,0,1,0,0,0,0
"POINT (6.800185598000041 51.230400816000042)",Unfall 27346 (2023) Kat:3, Licht: 0,27346,3,6,3,01,07,2,1,0,0,1,0,1,0,0
"POINT (6.781852877000063 51.219758184000057)",Unfall 27347 (2023) Kat:3, Licht: 2,27347,3,2,6,01,07,2,1,2,0,0,1,0,0,1
"POINT (6.801548385000046 51.210537982000062)",Unfall 27348 (2023) Kat:2, Licht: 2,27348,2,4,6,01,07,2,1,2,0,1,1,0,0,0
"POINT (6.838699929000029 51.198607023000079)",Unfall 27393 (2023) Kat:3, Licht: 0,27393,3,5,1,02,12,1,1,0,0,1,0,0,0,0
"POINT (6.811517392000042 51.225264872000082)",Unfall 27398 (2023) Kat:3, Licht: 2,27398,3,6,2,01,23,1,0,2,0,1,0,0,0,0
"POINT (6.793742034000047 51.247015063000049)",Unfall 27441 (2023) Kat:3, Licht: 0,27441,3,2,5,01,10,7,0,0,0,1,0,0,0,0
"POINT (6.698301808000053 51.228542932000039)",Unfall 27476 (2023) Kat:3, Licht: 2,27476,3,6,2,02,01,7,0,2,0,1,0,0,0,0
"POINT (6.775407877000021 51.200777378000055)",Unfall 27506 (2023) Kat:3, Licht: 0,27506,3,3,5,01,13,6,0,0,1,1,0,0,0,0
"POINT (6.783765020000033 51.218955102000052)",Unfall 27507 (2023) Kat:2, Licht: 1,27507,2,4,6,01,17,6,0,1,0,1,1,0,0,0
"POINT (6.800564278000024 51.195798239000055)",Unfall 27592 (2023) Kat:3, Licht: 0,27592,3,2,1,01,08,5,1,0,0,1,0,0,0,0
"POINT (6.845773066000049 51.234448396000062)",Unfall 27593 (2023) Kat:3, Licht: 0,27593,3,6,2,01,08,5,1,0,0,1,0,0,0,0
"POINT (6.756154573000060 51.201005731000066)",Unfall 27677 (2023) Kat:3, Licht: 2,27677,3,6,2,01,05,4,0,2,0,1,0,0,0,0
"POINT (6.882320123000056 51.177497179000056)",Unfall 27678 (2023) Kat:3, Licht: 2,27678,3,3,0,01,07,4,0,2,0,1,0,1,0,0
"POINT (6.767433086000040 51.251011884000036)",Unfall 27679 (2023) Kat:3, Licht: 2,27679,3,6,3,01,00,4,0,2,0,1,0,0,0,1
"POINT (6.797156868000059 51.210774626000045)",Unfall 27680 (2023) Kat:3, Licht: 0,27680,3,2,2,01,13,4,0,0,0,1,0,1,0,0
"POINT (6.858770455000069 51.237228608000066)",Unfall 27825 (2023) Kat:3, Licht: 0,27825,3,3,5,01,11,3,1,0,0,1,0,0,0,0
"POINT (6.799341004000041 51.220494041000052)",Unfall 27849 (2023) Kat:3, Licht: 2,27849,3,2,5,01,18,2,0,2,0,1,0,1,0,0
"POINT (6.865800181000054 51.220101604000035)",Unfall 27866 (2023) Kat:2, Licht: 2,27866,2,1,0,01,21,4,0,2,1,0,0,0,0,0
"POINT (6.782781046000025 51.215618910000046)",Unfall 27897 (2023) Kat:3, Licht: 0,27897,3,3,5,01,14,1,1,0,0,1,0,0,0,0
"POINT (6.803408268000055 51.216201683000065)",Unfall 27914 (2023) Kat:3, Licht: 2,27914,3,2,5,01,23,4,0,2,0,1,0,0,0,0
"POINT (6.774336081000058 51.240016856000068)",Unfall 27945 (2023) Kat:2, Licht: 2,27945,2,3,5,01,18,7,0,2,0,1,0,0,0,0
"POINT (6.742177774000027 51.305448128000080)",Unfall 27976 (2023) Kat:3, Licht: 2,27976,3,2,6,01,19,2,0,2,0,1,1,0,0,0
"POINT (6.822321812000041 51.250980944000048)",Unfall 27994 (2023) Kat:2, Licht: 2,27994,2,4,6,01,18,6,0,2,0,1,1,0,0,0
"POINT (6.792642625000042 51.208650264000028)",Unfall 28041 (2023) Kat:3, Licht: 0,28041,3,6,2,01,12,6,0,0,0,1,0,0,0,0
"POINT (6.806567050000069 51.276839403000054)",Unfall 28042 (2023) Kat:3, Licht: 2,28042,3,2,2,01,22,6,0,2,0,1,0,0,0,0
"POINT (6.805606096000076 51.236010437000061)",Unfall 28044 (2023) Kat:2, Licht: 0,28044,2,1,2,01,14,6,0,0,0,1,0,0,0,0
"POINT (6.838311847000057 51.199038621000057)",Unfall 28165 (2023) Kat:3, Licht: 0,28165,3,3,5,01,14,4,0,0,0,1,0,0,0,1
"POINT (6.810372142000062 51.262287690000051)",Unfall 28187 (2023) Kat:3, Licht: 1,28187,3,2,5,01,16,5,1,1,0,1,0,0,0,1
"POINT (6.772124593000058 51.252414552000062)",Unfall 28188 (2023) Kat:2, Licht: 2,28188,2,3,5,01,06,5,2,2,0,1,0,0,1,0
"POINT (6.715958546000024 51.233374823000077)",Unfall 28189 (2023) Kat:3, Licht: 0,28189,3,6,2,01,08,5,1,0,0,1,0,0,0,0
"POINT (6.792913395000028 51.211365394000040)",Unfall 28190 (2023) Kat:3, Licht: 2,28190,3,3,5,01,07,5,1,2,0,1,0,0,0,0
"POINT (6.875434099000074 51.179558378000081)",Unfall 28279 (2023) Kat:3, Licht: 0,28279,3,2,0,01,16,6,1,0,0,1,0,0,0,1
"POINT (6.834543998000072 51.202010850000079)",Unfall 28303 (2023) Kat:3, Licht: 0,28303,3,6,3,01,18,3,1,0,0,1,0,1,1,0
"POINT (6.821682067000040 51.242256437000037)",Unfall 28320 (2023) Kat:3, Licht: 1,28320,3,2,5,01,07,5,1,1,0,1,0,0,0,0
"POINT (6.786178612000072 51.253822739000043)",Unfall 28329 (2023) Kat:3, Licht: 1,28329,3,2,5,01,18,4,0,1,0,1,0,0,0,0
"POINT (6.786853569000073 51.214722571000038)",Unfall 28426 (2023) Kat:3, Licht: 0,28426,3,7,0,02,15,5,0,0,0,0,0,0,0,1
"POINT (6.758600416000036 51.271684834000041)",Unfall 28473 (2023) Kat:3, Licht: 0,28473,3,6,2,03,12,3,1,0,0,1,0,0,0,0
"POINT (6.784362133000059 51.203710672000057)",Unfall 28479 (2023) Kat:2, Licht: 0,28479,2,3,5,03,09,3,1,0,0,1,0,0,0,1
"POINT (6.783721679000053 51.218882742000062)",Unfall 28480 (2023) Kat:2, Licht: 0,28480,2,3,5,03,09,3,1,0,0,1,1,0,0,0
"POINT (6.783353999000042 51.254022360000079)",Unfall 28481 (2023) Kat:3, Licht: 0,28481,3,6,3,03,07,3,1,0,0,1,0,0,1,1
"POINT (6.806852773000060 51.231453487000067)",Unfall 28482 (2023) Kat:2, Licht: 0,28482,2,3,5,03,13,3,1,0,1,1,0,0,0,0
"POINT (6.813986838000062 51.231864752000035)",Unfall 28483 (2023) Kat:3, Licht: 0,28483,3,6,2,03,13,3,1,0,0,1,0,0,0,0
"POINT (6.833828890000063 51.202680778000058)",Unfall 28552 (2023) Kat:3, Licht: 0,28552,3,2,5,03,12,2,0,0,0,1,0,0,0,1
"POINT (6.797803877000035 51.290334207000058)",Unfall 28587 (2023) Kat:3, Licht: 2,28587,3,1,0,03,21,1,1,2,0,1,0,0,0,0
"POINT (6.796681849000038 51.197057481000058)",Unfall 28588 (2023) Kat:3, Licht: 0,28588,3,1,0,03,16,1,0,0,1,0,0,0,0,0
"POINT (6.868488472000024 51.189866924000057)",Unfall 28620 (2023) Kat:3, Licht: 2,28620,3,6,2,03,21,7,0,2,0,1,0,0,0,0
"POINT (6.813068312000041 51.173770203000061)",Unfall 28621 (2023) Kat:2, Licht: 2,28621,2,7,8,03,23,7,0,2,0,1,0,0,0,0
"POINT (6.800666808000074 51.219106831000033)",Unfall 28622 (2023) Kat:3, Licht: 0,28622,3,3,9,03,15,7,0,0,1,1,0,0,0,0
"POINT (6.771951596000065 51.238017572000047)",Unfall 28623 (2023) Kat:3, Licht: 0,28623,3,6,3,03,16,7,0,0,1,1,0,0,0,0
"POINT (6.774483575000033 51.267154682000069)",Unfall 28683 (2023) Kat:3, Licht: 0,28683,3,5,3,03,08,6,0,0,0,1,0,0,0,0
"POINT (6.766938960000061 51.251301487000035)",Unfall 28684 (2023) Kat:3, Licht: 0,28684,3,3,5,03,08,6,0,0,1,1,0,0,0,0
"POINT (6.757215936000023 51.207048612000051)",Unfall 28766 (2023) Kat:3, Licht: 0,28766,3,2,5,03,12,5,0,0,1,1,0,0,0,0
"POINT (6.858735451000030 51.242637295000065)",Unfall 28767 (2023) Kat:3, Licht: 0,28767,3,3,5,03,15,5,0,0,1,1,0,0,0,0
"POINT (6.807860904000052 51.208862793000037)",Unfall 28768 (2023) Kat:2, Licht: 2,28768,2,2,5,03,22,5,0,2,0,1,0,0,0,1
"POINT (6.811041783000064 51.232434132000037)",Unfall 28844 (2023) Kat:3, Licht: 0,28844,3,5,0,03,12,4,0,0,0,1,0,0,0,0
"POINT (6.782840735000036 51.222970091000036)",Unfall 28845 (2023) Kat:3, Licht: 0,28845,3,2,3,03,11,4,0,0,0,1,0,1,0,0
"POINT (6.776916864000043 51.229721690000076)",Unfall 28846 (2023) Kat:3, Licht: 0,28846,3,2,5,03,11,4,0,0,1,1,0,0,0,0
"POINT (6.810045554000055 51.261814304000040)",Unfall 28925 (2023) Kat:2, Licht: 2,28925,2,1,0,02,18,3,0,2,0,0,0,0,0,1
"POINT (6.860826615000065 51.228499523000039)",Unfall 28926 (2023) Kat:3, Licht: 0,28926,3,7,6,02,13,3,0,0,0,0,1,0,0,1
"POINT (6.787218888000041 51.241897495000046)",Unfall 28927 (2023) Kat:3, Licht: 0,28927,3,4,0,02,08,3,0,0,1,0,1,0,0,0
"POINT (6.791691994000075 51.253367228000059)",Unfall 28928 (2023) Kat:3, Licht: 0,28928,3,6,2,02,08,3,0,0,0,1,0,0,0,1
"POINT (6.772893237000062 51.231194520000031)",Unfall 28929 (2023) Kat:3, Licht: 0,28929,3,3,5,02,07,3,0,0,1,1,0,0,0,0
"POINT (6.783521253000060 51.225324370000067)",Unfall 29014 (2023) Kat:3, Licht: 0,29014,3,3,5,02,10,2,0,0,1,1,0,0,0,0
"POINT (6.810797507000075 51.228205616000082)",Unfall 29054 (2023) Kat:3, Licht: 2,29054,3,3,5,02,00,1,0,2,1,1,0,0,0,0
"POINT (6.868496085000061 51.189914429000055)",Unfall 29164 (2023) Kat:3, Licht: 0,29164,3,7,3,03,17,6,0,0,0,1,0,0,0,0
"POINT (6.799915585000065 51.251377234000074)",Unfall 29192 (2023) Kat:3, Licht: 0,29192,3,6,5,02,14,6,1,0,1,1,0,0,0,0
"POINT (6.815635101000055 51.259624872000074)",Unfall 29194 (2023) Kat:3, Licht: 2,29194,3,2,5,02,22,6,1,2,0,1,0,0,0,0
"POINT (6.891295527000068 51.190799645000027)",Unfall 29280 (2023) Kat:3, Licht: 2,29280,3,6,2,02,06,5,1,2,0,1,0,0,0,0
"POINT (6.783721679000053 51.218882742000062)",Unfall 29282 (2023) Kat:3, Licht: 0,29282,3,3,5,02,14,5,0,0,0,1,0,0,0,0
"POINT (6.795626256000048 51.229816216000074)",Unfall 29283 (2023) Kat:2, Licht: 0,29283,2,2,5,02,07,5,1,0,1,1,0,0,0,0
"POINT (6.806891105000034 51.218970484000067)",Unfall 29284 (2023) Kat:3, Licht: 0,29284,3,2,5,02,16,5,0,0,1,1,0,0,0,0
"POINT (6.790147774000047 51.231526597000027)",Unfall 29367 (2023) Kat:2, Licht: 2,29367,2,1,7,02,18,4,0,2,1,0,0,0,0,0
"POINT (6.773944160000042 51.200070551000067)",Unfall 29447 (2023) Kat:3, Licht: 2,29447,3,6,2,02,19,3,0,2,0,1,0,0,0,0
"POINT (6.782787868000071 51.215360053000040)",Unfall 29448 (2023) Kat:3, Licht: 0,29448,3,6,2,02,14,3,0,0,0,1,0,0,0,0
"POINT (6.865776032000042 51.189983344000041)",Unfall 29504 (2023) Kat:3, Licht: 0,29504,3,1,2,02,11,2,0,0,0,1,0,0,1,0
"POINT (6.723790873000041 51.234228183000027)",Unfall 29505 (2023) Kat:3, Licht: 2,29505,3,6,2,02,18,2,0,2,0,1,0,0,0,0
"POINT (6.774527537000040 51.308425525000075)",Unfall 29549 (2023) Kat:3, Licht: 0,29549,3,1,9,02,11,1,1,0,0,1,0,0,0,0
"POINT (6.856312277000029 51.193461993000028)",Unfall 29570 (2023) Kat:3, Licht: 2,29570,3,3,5,02,19,7,0,2,1,1,0,0,0,0
"POINT (6.896959752000043 51.145509369000081)",Unfall 29610 (2023) Kat:3, Licht: 0,29610,3,6,3,02,15,7,1,0,0,1,0,0,0,0
"POINT (6.817915180000057 51.182689138000057)",Unfall 29611 (2023) Kat:3, Licht: 2,29611,3,1,8,02,04,7,1,2,0,1,0,0,0,0
"POINT (6.809711489000051 51.176047071000028)",Unfall 29612 (2023) Kat:3, Licht: 2,29612,3,6,2,02,19,7,1,2,0,1,0,0,0,0
"POINT (6.862184852000041 51.211435633000065)",Unfall 29687 (2023) Kat:3, Licht: 0,29687,3,6,3,02,14,6,0,0,0,1,0,0,0,1
"POINT (6.810464122000042 51.222793798000055)",Unfall 29701 (2023) Kat:2, Licht: 0,29701,2,2,4,02,09,4,0,0,0,1,0,1,0,0
"POINT (6.848315400000047 51.200852499000064)",Unfall 29777 (2023) Kat:2, Licht: 0,29777,2,3,5,02,08,5,0,0,1,1,0,0,0,0
"POINT (6.755632895000076 51.201033493000068)",Unfall 29778 (2023) Kat:2, Licht: 0,29778,2,3,5,02,12,5,0,0,1,1,0,0,0,0
"POINT (6.845398963000036 51.228476535000027)",Unfall 29779 (2023) Kat:3, Licht: 1,29779,3,1,6,02,17,5,0,1,1,0,1,0,0,0
"POINT (6.753504655000029 51.265405717000078)",Unfall 29781 (2023) Kat:3, Licht: 0,29781,3,6,2,02,08,5,0,0,0,1,0,0,0,1
"POINT (6.801904730000047 51.245243425000069)",Unfall 29782 (2023) Kat:3, Licht: 0,29782,3,7,5,02,09,5,0,0,0,1,0,0,0,1
"POINT (6.720119531000023 51.232290399000078)",Unfall 29783 (2023) Kat:3, Licht: 0,29783,3,7,3,02,12,5,0,0,0,1,0,0,0,1
"POINT (6.910664976000021 51.242293687000029)",Unfall 29891 (2023) Kat:3, Licht: 0,29891,3,6,2,02,14,4,0,0,0,1,0,0,0,0
"POINT (6.914056235000032 51.192305062000059)",Unfall 29893 (2023) Kat:3, Licht: 0,29893,3,3,3,02,07,4,0,0,0,1,0,0,1,0
"POINT (6.795671214000038 51.247791800000073)",Unfall 29894 (2023) Kat:3, Licht: 2,29894,3,6,1,02,20,4,0,2,0,1,0,0,0,0
"POINT (6.803408268000055 51.216201683000065)",Unfall 29895 (2023) Kat:3, Licht: 0,29895,3,2,5,02,10,4,0,0,0,1,0,0,0,1
"POINT (6.782785775000036 51.213987593000070)",Unfall 29973 (2023) Kat:3, Licht: 2,29973,3,2,0,02,05,5,0,2,1,1,0,0,0,0
"POINT (6.776259132000064 51.201790780000067)",Unfall 30002 (2023) Kat:3, Licht: 2,30002,3,6,2,02,18,3,0,2,0,1,0,0,0,0
"POINT (6.846065885000030 51.276964536000037)",Unfall 30028 (2023) Kat:3, Licht: 0,30028,3,6,2,02,16,3,0,0,0,1,0,0,0,0