WKT,Name,OBJECTID,UKATEGORIE,UTYP1,UART,UMONAT,USTUNDE,UWOCHENTAG,STRZUSTAND,ULICHTVERH,ISTRAD,ISTPKW,ISTFUSS,ISTKRAD,ISTGKFZ,ISTSONSTIG
"POINT (6.741793764000022 51.286367090000056)",Unfall 35718 (2023) Kat:3, Licht: 0,35718,3,6,2,04,14,5,0,0,0,1,0,0,1,1
"POINT (6.712324444000046 51.236675222000031)",Unfall 35719 (2023) Kat:3, Licht: 0,35719,3,3,5,04,12,5,0,0,0,1,0,0,0,1
"POINT (6.857749442000056 51.191199737000034)",Unfall 35823 (2023) Kat:3, Licht: 2,35823,3,6,2,04,21,4,1,2,0,1,0,0,0,0
"POINT (6.822609244000034 51.238446364000026)",Unfall 35824 (2023) Kat:3, Licht: 0,35824,3,2,5,04,13,4,0,0,0,0,0,0,1,1
"POINT (6.775929536000035 51.262682172000041)",Unfall 35825 (2023) Kat:3, Licht: 0,35825,3,2,5,04,16,6,0,0,0,1,0,0,0,1
"POINT (6.800727165000069 51.214844259000074)",Unfall 35826 (2023) Kat:2, Licht: 0,35826,2,4,0,04,14,4,0,0,1,0,1,0,0,0
"POINT (6.744057518000034 51.229844252000078)",Unfall 35829 (2023) Kat:3, Licht: 0,35829,3,7,0,04,17,4,1,0,0,1,0,0,0,1
"POINT (6.783637217000035 51.204930407000063)",Unfall 35923 (2023) Kat:3, Licht: 0,35923,3,2,5,04,19,3,0,0,0,1,0,0,0,0
"POINT (6.773474959000055 51.242103273000055)",Unfall 35924 (2023) Kat:3, Licht: 2,35924,3,1,1,04,23,3,0,2,0,1,0,0,0,0
"POINT (6.758066478000046 51.209078394000073)",Unfall 35945 (2023) Kat:3, Licht: 0,35945,3,6,4,04,16,4,0,0,1,0,0,0,0,1
"POINT (6.808333595000022 51.231800995000071)",Unfall 36040 (2023) Kat:3, Licht: 0,36040,3,4,6,05,10,2,0,0,0,0,1,1,0,0
"POINT (6.822088390000033 51.245535002000054)",Unfall 36041 (2023) Kat:3, Licht: 0,36041,3,4,0,05,11,2,0,0,0,0,1,0,0,1
"POINT (6.914326480000057 51.257973380000067)",Unfall 36337 (2023) Kat:2, Licht: 0,36337,2,1,8,05,15,6,0,0,0,1,0,0,0,0
"POINT (6.872867869000061 51.224265373000037)",Unfall 36342 (2023) Kat:3, Licht: 0,36342,3,6,0,05,08,6,1,0,1,1,0,0,0,0
"POINT (6.776650730000028 51.237058522000041)",Unfall 36343 (2023) Kat:3, Licht: 1,36343,3,6,2,05,20,6,0,1,0,1,0,0,0,0
"POINT (6.776204656000061 51.262179393000054)",Unfall 36454 (2023) Kat:3, Licht: 0,36454,3,1,0,05,18,5,1,0,0,0,0,1,0,0
"POINT (6.829978896000057 51.241623545000039)",Unfall 36455 (2023) Kat:3, Licht: 0,36455,3,3,5,05,07,5,1,0,0,1,0,0,0,0
"POINT (6.783849980000070 51.247253836000027)",Unfall 36456 (2023) Kat:3, Licht: 0,36456,3,6,2,05,18,5,1,0,0,1,0,0,0,0
"POINT (6.728811181000026 51.234366761000047)",Unfall 36457 (2023) Kat:3, Licht: 0,36457,3,6,3,05,08,5,1,0,0,1,0,0,1,0
"POINT (6.792739882000035 51.227517627000054)",Unfall 36458 (2023) Kat:2, Licht: 2,36458,2,1,0,05,22,5,1,2,0,0,0,1,0,0
"POINT (6.842458917000044 51.198015405000035)",Unfall 36565 (2023) Kat:3, Licht: 2,36565,3,7,9,05,22,4,1,2,0,1,0,0,0,0
"POINT (6.802964432000067 51.254382854000028)",Unfall 36566 (2023) Kat:3, Licht: 0,36566,3,7,0,05,20,4,0,0,0,0,0,0,0,1
"POINT (6.743928474000029 51.241082354000071)",Unfall 36567 (2023) Kat:3, Licht: 0,36567,3,3,5,05,13,4,0,0,0,1,0,0,0,0
"POINT (6.792955971000026 51.211350249000077)",Unfall 36568 (2023) Kat:2, Licht: 1,36568,2,3,5,05,20,4,0,1,0,1,0,0,0,0
"POINT (6.748913903000073 51.337993903000040)",Unfall 36669 (2023) Kat:3, Licht: 2,36669,3,6,4,05,22,3,1,2,0,1,0,0,0,0
"POINT (6.899047248000045 51.143152189000034)",Unfall 36779 (2023) Kat:3, Licht: 0,36779,3,1,2,05,16,2,0,0,0,1,0,0,0,0
"POINT (6.835767620000070 51.200872301000061)",Unfall 36780 (2023) Kat:3, Licht: 0,36780,3,6,2,05,08,2,0,0,0,1,0,0,0,0
"POINT (6.790675200000067 51.199587881000070)",Unfall 36782 (2023) Kat:2, Licht: 0,36782,2,2,5,05,09,2,0,0,1,1,0,0,0,0
"POINT (6.809987768000042 51.221697483000071)",Unfall 36783 (2023) Kat:3, Licht: 0,36783,3,6,2,05,11,2,0,0,0,1,0,0,1,0
"POINT (6.821867820000023 51.237696461000041)",Unfall 36784 (2023) Kat:3, Licht: 0,36784,3,7,3,05,09,2,0,0,0,1,0,0,0,1
"POINT (6.807153516000028 51.231522304000066)",Unfall 36785 (2023) Kat:2, Licht: 0,36785,2,6,3,05,08,2,0,0,1,1,0,0,0,0
"POINT (6.787564117000045 51.224077112000032)",Unfall 36786 (2023) Kat:3, Licht: 0,36786,3,3,5,05,09,2,0,0,0,1,0,0,0,0
"POINT (6.797030932000041 51.211799968000037)",Unfall 36787 (2023) Kat:3, Licht: 0,36787,3,6,2,05,16,2,0,0,0,1,0,0,0,0
"POINT (6.810795497000072 51.223638820000076)",Unfall 36966 (2023) Kat:2, Licht: 0,36966,2,1,7,05,15,7,1,0,0,0,0,1,0,0
"POINT (6.793877149000025 51.247068280000065)",Unfall 36967 (2023) Kat:3, Licht: 0,36967,3,3,5,05,12,7,0,0,0,1,0,0,0,0
"POINT (6.774707666000040 51.239907075000076)",Unfall 36968 (2023) Kat:3, Licht: 0,36968,3,2,5,05,15,7,0,0,0,1,0,0,0,0
"POINT (6.698303598000052 51.225735757000052)",Unfall 36969 (2023) Kat:3, Licht: 0,36969,3,6,2,05,15,7,0,0,0,1,0,0,0,0
"POINT (6.802794327000072 51.238622213000042)",Unfall 37011 (2023) Kat:3, Licht: 0,37011,3,6,3,05,09,6,1,0,0,1,0,1,0,0
"POINT (6.749262920000035 51.334556812000073)",Unfall 37046 (2023) Kat:3, Licht: 0,37046,3,1,0,05,10,6,1,0,1,0,0,0,0,0
"POINT (6.775713884000027 51.231011891000037)",Unfall 37073 (2023) Kat:2, Licht: 0,37073,2,1,0,05,09,4,1,0,1,0,0,0,0,0
"POINT (6.861133488000064 51.189015821000055)",Unfall 37096 (2023) Kat:2, Licht: 0,37096,2,4,6,05,13,6,1,0,0,1,1,0,0,0
"POINT (6.760432596000044 51.231486359000030)",Unfall 37097 (2023) Kat:3, Licht: 2,37097,3,1,0,05,22,6,1,2,1,0,0,0,0,0
"POINT (6.907202446000042 51.132240162000073)",Unfall 37269 (2023) Kat:3, Licht: 0,37269,3,2,5,05,16,2,0,0,0,1,0,0,0,0
"POINT (6.777560500000050 51.259968188000073)",Unfall 37270 (2023) Kat:3, Licht: 0,37270,3,7,0,05,16,2,0,0,0,1,0,0,0,1
"POINT (6.774343302000034 51.240003265000041)",Unfall 37271 (2023) Kat:3, Licht: 0,37271,3,2,5,05,12,2,0,0,0,1,0,0,0,0
"POINT (6.866044782000074 51.190177231000064)",Unfall 37354 (2023) Kat:3, Licht: 1,37354,3,1,9,05,05,1,0,1,0,1,0,0,0,0
"POINT (6.773826099000075 51.271381518000055)",Unfall 37355 (2023) Kat:3, Licht: 0,37355,3,1,9,05,06,1,0,0,0,1,0,0,0,0
"POINT (6.791673404000051 51.275296392000030)",Unfall 37356 (2023) Kat:3, Licht: 0,37356,3,1,0,05,06,1,0,0,0,0,0,0,0,1
"POINT (6.771528049000040 51.231793542000048)",Unfall 37357 (2023) Kat:3, Licht: 0,37357,3,6,2,05,13,1,0,0,1,0,0,0,0,0
"POINT (6.832146397000031 51.204287515000033)",Unfall 37463 (2023) Kat:3, Licht: 0,37463,3,6,2,05,18,7,0,0,1,1,0,0,0,0
"POINT (6.803408268000055 51.216201683000065)",Unfall 37464 (2023) Kat:3, Licht: 0,37464,3,2,5,05,15,7,0,0,1,1,0,0,0,0
"POINT (6.799603547000061 51.230305961000056)",Unfall 37591 (2023) Kat:2, Licht: 0,37591,2,3,5,05,12,6,0,0,1,0,0,0,0,1
"POINT (6.805005462000054 51.217290371000047)",Unfall 37592 (2023) Kat:3, Licht: 0,37592,3,3,5,05,11,6,0,0,1,1,0,0,0,0
"POINT (6.809482396000021 51.230471547000036)",Unfall 37705 (2023) Kat:3, Licht: 0,37705,3,1,0,05,16,5,0,0,0,0,0,0,0,1
"POINT (6.805678632000024 51.209301192000055)",Unfall 37706 (2023) Kat:3, Licht: 0,37706,3,7,0,05,15,5,0,0,1,0,1,0,0,0
"POINT (6.808257373000060 51.208783356000026)",Unfall 37707 (2023) Kat:3, Licht: 0,37707,3,6,2,05,10,5,0,0,0,1,0,1,0,0
"POINT (6.802036069000053 51.247299788000078)",Unfall 37722 (2023) Kat:3, Licht: 0,37722,3,6,1,05,18,7,0,0,0,1,0,0,0,0
"POINT (6.758451808000075 51.271696395000049)",Unfall 37785 (2023) Kat:3, Licht: 2,37785,3,6,0,05,22,4,0,2,0,1,0,0,0,0
"POINT (6.772711662000063 51.199988714000028)",Unfall 37974 (2023) Kat:3, Licht: 0,37974,3,6,2,05,19,2,0,0,0,1,0,0,0,0
"POINT (6.814399764000029 51.258605814000077)",Unfall 37975 (2023) Kat:3, Licht: 0,37975,3,2,5,05,06,2,0,0,1,1,0,0,0,0
"POINT (6.801232263000031 51.230571650000059)",Unfall 37976 (2023) Kat:3, Licht: 0,37976,3,1,8,05,19,2,0,0,0,1,0,0,0,1
"POINT (6.808005670000057 51.208834257000035)",Unfall 38075 (2023) Kat:3, Licht: 0,38075,3,3,5,05,16,1,0,0,1,1,0,0,0,0
"POINT (6.780170062000025 51.253958249000050)",Unfall 38120 (2023) Kat:3, Licht: 0,38120,3,6,2,05,14,6,0,0,0,1,0,0,0,0
"POINT (6.720101316000068 51.232487420000041)",Unfall 38155 (2023) Kat:3, Licht: 0,38155,3,2,2,05,15,7,0,0,1,1,0,0,0,0
"POINT (6.790650390000053 51.229912318000061)",Unfall 38157 (2023) Kat:3, Licht: 2,38157,3,6,0,05,02,7,0,2,1,0,0,0,0,0
"POINT (6.817092516000059 51.258685617000026)",Unfall 38266 (2023) Kat:3, Licht: 0,38266,3,5,1,05,17,6,0,0,0,1,0,1,0,0
"POINT (6.903155458000072 51.140799862000051)",Unfall 38391 (2023) Kat:3, Licht: 0,38391,3,6,2,05,12,5,0,0,0,1,0,1,0,0
"POINT (6.771015852000062 51.241035440000076)",Unfall 38392 (2023) Kat:3, Licht: 0,38392,3,7,6,05,15,5,0,0,0,1,1,0,0,0
"POINT (6.771684480000033 51.233570726000039)",Unfall 38393 (2023) Kat:2, Licht: 0,38393,2,1,0,05,18,5,0,0,1,0,0,0,0,0
"POINT (6.782786399000031 51.214775155000041)",Unfall 38425 (2023) Kat:3, Licht: 0,38425,3,2,2,05,11,7,0,0,0,1,0,0,0,0
"POINT (6.913053598000033 51.252517222000051)",Unfall 38535 (2023) Kat:3, Licht: 0,38535,3,6,2,05,18,4,0,0,0,1,0,0,0,0
"POINT (6.739148733000036 51.300999207000075)",Unfall 38536 (2023) Kat:3, Licht: 0,38536,3,4,6,05,13,4,0,0,0,1,1,0,0,0
"POINT (6.761844279000059 51.248508642000047)",Unfall 38537 (2023) Kat:3, Licht: 0,38537,3,7,0,05,08,4,0,0,1,0,0,0,0,0
"POINT (6.864989756000057 51.222930075000079)",Unfall 38540 (2023) Kat:3, Licht: 0,38540,3,7,1,05,17,4,0,0,0,1,0,0,0,1
"POINT (6.795741368000051 51.229761339000049)",Unfall 38541 (2023) Kat:3, Licht: 0,38541,3,6,2,05,17,4,0,0,1,1,0,0,0,0
"POINT (6.800911456000051 51.214708784000038)",Unfall 38542 (2023) Kat:3, Licht: 0,38542,3,1,0,05,19,4,0,0,1,0,0,0,0,0
"POINT (6.802741282000056 51.250866184000074)",Unfall 38685 (2023) Kat:3, Licht: 0,38685,3,3,0,05,13,3,0,0,0,1,0,0,0,1
"POINT (6.811089124000034 51.224619678000067)",Unfall 38686 (2023) Kat:2, Licht: 0,38686,2,6,3,05,13,3,0,0,0,1,0,0,1,0
"POINT (6.793914817000029 51.247083114000077)",Unfall 38687 (2023) Kat:3, Licht: 0,38687,3,6,2,05,08,3,0,0,0,1,0,0,0,0
"POINT (6.808905937000077 51.231935582000062)",Unfall 38713 (2023) Kat:2, Licht: 0,38713,2,2,8,05,06,4,0,0,0,1,0,1,0,0
"POINT (6.864975140000070 51.214374851000059)",Unfall 38790 (2023) Kat:3, Licht: 0,38790,3,4,6,06,14,5,0,0,1,0,1,0,0,0
"POINT (6.898846080000055 51.145133243000032)",Unfall 38791 (2023) Kat:2, Licht: 0,38791,2,7,0,06,17,5,0,0,0,0,0,0,0,1
"POINT (6.772021210000048 51.237712233000082)",Unfall 38792 (2023) Kat:3, Licht: 0,38792,3,6,2,06,17,5,0,0,0,1,0,0,0,0
"POINT (6.787299394000058 51.228823703000046)",Unfall 38793 (2023) Kat:2, Licht: 0,38793,2,7,3,06,08,5,0,0,0,1,0,0,0,1
"POINT (6.698984254000038 51.228787688000068)",Unfall 38794 (2023) Kat:3, Licht: 0,38794,3,6,2,06,14,5,0,0,0,0,0,1,1,0
"POINT (6.826374895000072 51.206065824000063)",Unfall 38912 (2023) Kat:3, Licht: 0,38912,3,6,2,06,19,4,0,0,0,1,0,1,0,0
"POINT (6.884035516000040 51.155976441000064)",Unfall 38913 (2023) Kat:3, Licht: 0,38913,3,6,2,06,17,4,0,0,0,1,0,0,0,0
"POINT (6.902882061000071 51.140980932000048)",Unfall 38914 (2023) Kat:3, Licht: 0,38914,3,6,2,06,14,4,0,0,0,1,0,0,0,0
"POINT (6.787068746000045 51.230827060000081)",Unfall 38915 (2023) Kat:3, Licht: 0,38915,3,1,0,06,13,4,0,0,1,0,0,0,0,0
"POINT (6.756194435000054 51.231637905000071)",Unfall 38916 (2023) Kat:3, Licht: 0,38916,3,7,3,06,13,4,0,0,0,1,0,0,0,1
"POINT (6.766941649000046 51.231697657000041)",Unfall 38917 (2023) Kat:3, Licht: 0,38917,3,6,6,06,11,4,0,0,1,0,1,0,0,0
"POINT (6.872031300000060 51.211822027000039)",Unfall 39039 (2023) Kat:3, Licht: 0,39039,3,6,2,06,16,3,0,0,0,1,0,0,0,1
"POINT (6.786077519000060 51.204546456000060)",Unfall 39040 (2023) Kat:3, Licht: 0,39040,3,2,5,06,10,3,0,0,1,1,0,0,0,0
"POINT (6.776390038000045 51.236773636000066)",Unfall 39041 (2023) Kat:3, Licht: 0,39041,3,6,2,06,16,3,0,0,0,1,0,0,0,0
"POINT (6.781530744000065 51.251417931000049)",Unfall 39042 (2023) Kat:3, Licht: 0,39042,3,2,5,06,11,3,0,0,1,1,0,0,0,0
"POINT (6.834309143000041 51.240107764000072)",Unfall 39043 (2023) Kat:3, Licht: 0,39043,3,1,0,06,09,3,0,0,1,0,0,0,0,0
"POINT (6.799092696000059 51.249277245000030)",Unfall 39175 (2023) Kat:2, Licht: 0,39175,2,6,5,06,09,2,0,0,0,0,0,0,0,1
"POINT (6.810853143000031 51.222887954000043)",Unfall 39176 (2023) Kat:3, Licht: 0,39176,3,2,6,06,16,2,0,0,0,0,1,0,0,1
"POINT (6.853743708000025 51.204449106000027)",Unfall 39255 (2023) Kat:3, Licht: 0,39255,3,3,5,06,19,1,0,0,0,1,0,0,0,1
"POINT (6.911608784000066 51.131580923000058)",Unfall 39256 (2023) Kat:2, Licht: 0,39256,2,1,0,06,16,1,0,0,0,0,0,0,0,1
"POINT (6.775893894000035 51.201409256000034)",Unfall 39257 (2023) Kat:3, Licht: 0,39257,3,6,3,06,16,1,0,0,1,1,0,0,0,0
"POINT (6.795678209000073 51.224437399000067)",Unfall 39258 (2023) Kat:3, Licht: 0,39258,3,6,3,06,16,1,0,0,1,0,0,0,0,1
"POINT (6.795662091000054 51.224455171000045)",Unfall 39260 (2023) Kat:3, Licht: 2,39260,3,4,6,06,00,1,0,2,0,1,1,0,0,0
"POINT (6.823370381000075 51.229868296000063)",Unfall 39351 (2023) Kat:2, Licht: 0,39351,2,2,5,06,08,7,0,0,0,1,0,0,0,1
"POINT (6.803676965000022 51.216116607000060)",Unfall 39352 (2023) Kat:3, Licht: 0,39352,3,4,6,06,15,7,0,0,0,1,1,0,0,1
"POINT (6.785303309000028 51.287812167000027)",Unfall 39462 (2023) Kat:3, Licht: 0,39462,3,6,3,06,20,6,0,0,0,1,0,0,1,0
"POINT (6.859659524000051 51.237132857000063)",Unfall 39465 (2023) Kat:3, Licht: 0,39465,3,2,2,06,15,6,0,0,0,1,0,0,0,0
"POINT (6.779891651000071 51.256803243000036)",Unfall 39466 (2023) Kat:3, Licht: 0,39466,3,1,1,06,15,6,0,0,1,0,0,0,0,1
"POINT (6.755247287000032 51.231449726000051)",Unfall 39467 (2023) Kat:3, Licht: 0,39467,3,7,6,06,10,6,0,0,0,1,1,0,0,0
"POINT (6.742685175000076 51.198320529000057)",Unfall 39489 (2023) Kat:3, Licht: 0,39489,3,1,0,06,07,2,0,0,1,0,0,0,0,0
"POINT (6.796941667000056 51.257800162000080)",Unfall 39497 (2023) Kat:3, Licht: 0,39497,3,6,3,06,06,3,0,0,0,1,0,0,1,0
"POINT (6.771256060000042 51.253073909000079)",Unfall 39572 (2023) Kat:3, Licht: 0,39572,3,2,5,06,12,5,0,0,1,1,0,0,0,0
"POINT (6.770479409000075 51.323177661000045)",Unfall 39573 (2023) Kat:3, Licht: 0,39573,3,3,5,06,11,5,0,0,0,1,0,1,0,0
"POINT (6.771529168000029 51.239612195000063)",Unfall 39606 (2023) Kat:3, Licht: 0,39606,3,3,5,06,16,4,0,0,1,1,0,0,0,0
"POINT (6.760589278000054 51.213962919000039)",Unfall 39684 (2023) Kat:3, Licht: 0,39684,3,6,2,06,12,4,1,0,0,1,0,0,0,0
"POINT (6.789757905000045 51.200001224000061)",Unfall 39685 (2023) Kat:3, Licht: 0,39685,3,6,1,06,10,4,1,0,0,1,0,0,1,0
"POINT (6.808830894000039 51.220727633000081)",Unfall 39687 (2023) Kat:3, Licht: 0,39687,3,3,0,06,17,4,0,0,1,0,0,0,0,1
"POINT (6.805603414000075 51.263885422000044)",Unfall 39688 (2023) Kat:3, Licht: 0,39688,3,1,2,06,13,4,0,0,0,1,0,0,0,0
"POINT (6.806370506000064 51.209156565000058)",Unfall 39731 (2023) Kat:3, Licht: 0,39731,3,7,3,06,13,3,0,0,0,1,0,0,0,1
"POINT (6.859744595000052 51.237108652000074)",Unfall 39810 (2023) Kat:3, Licht: 0,39810,3,6,2,06,15,3,0,0,0,1,0,0,0,0
"POINT (6.779891651000071 51.256803243000036)",Unfall 39811 (2023) Kat:3, Licht: 0,39811,3,6,1,06,18,3,0,0,0,1,0,0,0,0
"POINT (6.772299761000056 51.245402022000064)",Unfall 39812 (2023) Kat:3, Licht: 0,39812,3,1,2,06,15,3,0,0,0,1,0,0,0,1
"POINT (6.740559282000049 51.244921419000036)",Unfall 39813 (2023) Kat:3, Licht: 0,39813,3,5,1,06,18,3,0,0,1,1,0,0,0,0
"POINT (6.744582563000051 51.237889864000067)",Unfall 39814 (2023) Kat:3, Licht: 0,39814,3,2,5,06,12,3,0,0,0,1,0,0,0,0
"POINT (6.801870779000069 51.265417904000060)",Unfall 39956 (2023) Kat:3, Licht: 0,39956,3,6,2,06,18,2,0,0,0,1,0,0,0,0
"POINT (6.823818269000071 51.264435701000082)",Unfall 39957 (2023) Kat:3, Licht: 0,39957,3,5,1,06,17,2,0,0,0,1,0,0,0,0
"POINT (6.806739111000070 51.209083911000050)",Unfall 39958 (2023) Kat:2, Licht: 0,39958,2,2,5,06,13,2,0,0,0,1,0,0,0,0
"POINT (6.789393862000054 51.206430436000062)",Unfall 39959 (2023) Kat:2, Licht: 0,39959,2,3,5,06,19,2,0,0,0,1,0,0,0,1
"POINT (6.771551213000066 51.232011259000046)",Unfall 39960 (2023) Kat:3, Licht: 2,39960,3,7,0,06,01,2,0,2,1,0,0,0,0,0
"POINT (6.780968184000074 51.202487362000056)",Unfall 39997 (2023) Kat:3, Licht: 0,39997,3,3,5,06,19,3,0,0,0,1,0,0,0,1
"POINT (6.774789068000075 51.239297204000081)",Unfall 40009 (2023) Kat:3, Licht: 0,40009,3,7,0,06,11,4,1,0,0,0,0,1,0,0
"POINT (6.808062452000058 51.208822774000055)",Unfall 40059 (2023) Kat:3, Licht: 0,40059,3,6,2,06,16,6,0,0,0,1,0,1,0,0
"POINT (6.774364059000050 51.325033466000036)",Unfall 40084 (2023) Kat:3, Licht: 0,40084,3,1,0,06,16,1,0,0,1,0,0,0,0,0
"POINT (6.851549428000055 51.231293290000053)",Unfall 40147 (2023) Kat:3, Licht: 0,40147,3,7,0,06,16,7,0,0,0,0,0,0,0,1
"POINT (6.807107217000066 51.168174851000060)",Unfall 40227 (2023) Kat:3, Licht: 0,40227,3,3,5,06,13,7,0,0,1,0,0,0,0,0
"POINT (6.848757930000033 51.201186376000067)",Unfall 40228 (2023) Kat:3, Licht: 0,40228,3,7,0,06,13,7,0,0,0,1,0,0,0,0
"POINT (6.785716453000020 51.202873536000027)",Unfall 40229 (2023) Kat:3, Licht: 0,40229,3,7,5,06,11,7,0,0,0,1,0,0,0,0
"POINT (6.744807588000072 51.326038918000052)",Unfall 40230 (2023) Kat:2, Licht: 0,40230,2,6,1,06,10,7,0,0,0,1,0,0,0,0
"POINT (6.782857301000035 51.223023387000069)",Unfall 40231 (2023) Kat:2, Licht: 2,40231,2,3,5,06,03,7,0,2,0,1,0,0,0,0
"POINT (6.847485958000050 51.229851118000056)",Unfall 40350 (2023) Kat:3, Licht: 0,40350,3,2,5,06,17,4,0,0,1,1,0,0,0,0
"POINT (6.882707168000024 51.161024245000078)",Unfall 40380 (2023) Kat:3, Licht: 0,40380,3,1,0,06,15,6,0,0,1,0,0,0,0,0
"POINT (6.795029272000022 51.247523801000057)",Unfall 40382 (2023) Kat:2, Licht: 0,40382,2,4,6,06,14,6,0,0,0,1,1,0,0,0
"POINT (6.853987173000064 51.237412729000027)",Unfall 40383 (2023) Kat:3, Licht: 0,40383,3,5,1,06,12,6,0,0,1,1,0,0,0,0
"POINT (6.804925730000036 51.209532706000061)",Unfall 40385 (2023) Kat:3, Licht: 0,40385,3,4,6,06,20,6,0,0,0,1,1,0,0,0
"POINT (6.875983579000035 51.267984310000031)",Unfall 40535 (2023) Kat:3, Licht: 0,40535,3,6,1,06,07,5,0,0,1,1,0,0,0,0
"POINT (6.786276401000066 51.215082715000051)",Unfall 40536 (2023) Kat:3, Licht: 0,40536,3,6,2,06,14,5,0,0,0,1,0,0,1,0
"POINT (6.865673078000043 51.219978143000048)",Unfall 40537 (2023) Kat:3, Licht: 0,40537,3,7,5,06,15,5,0,0,1,1,0,0,0,0
"POINT (6.800939728000060 51.250966631000040)",Unfall 40539 (2023) Kat:2, Licht: 0,40539,2,2,3,06,09,5,0,0,0,1,0,1,0,0
"POINT (6.800922706000051 51.214720334000049)",Unfall 40541 (2023) Kat:3, Licht: 0,40541,3,2,5,06,18,5,0,0,1,1,0,0,0,0
"POINT (6.752312972000027 51.231435778000048)",Unfall 40543 (2023) Kat:3, Licht: 0,40543,3,1,0,06,12,5,0,0,0,0,0,1,0,0
"POINT (6.719051914000033 51.273027653000042)",Unfall 40566 (2023) Kat:2, Licht: 2,40566,2,6,2,06,22,3,0,2,0,1,0,0,0,0
"POINT (6.911831000000063 51.247195659000056)",Unfall 40662 (2023) Kat:3, Licht: 0,40662,3,6,3,06,15,3,0,0,0,1,0,0,0,1
"POINT (6.770567190000065 51.200001962000044)",Unfall 40715 (2023) Kat:2, Licht: 0,40715,2,2,2,05,18,4,0,0,0,1,0,0,0,0
"POINT (6.771922565000068 51.243381968000051)",Unfall 40716 (2023) Kat:3, Licht: 0,40716,3,3,5,05,10,4,0,0,1,1,0,0,0,0
"POINT (6.790647483000043 51.229916586000058)",Unfall 40718 (2023) Kat:1, Licht: 0,40718,1,4,6,05,17,4,0,0,0,1,1,1,0,0
"POINT (6.810032798000066 51.229517936000036)",Unfall 40734 (2023) Kat:3, Licht: 0,40734,3,6,2,05,14,4,0,0,0,1,0,0,0,0
"POINT (6.810983722000060 51.224267592000047)",Unfall 40835 (2023) Kat:3, Licht: 0,40835,3,6,5,06,11,7,0,0,0,1,0,0,0,1
"POINT (6.779988474000049 51.232150905000026)",Unfall 40863 (2023) Kat:3, Licht: 0,40863,3,3,5,06,13,6,0,0,0,1,0,0,0,1
"POINT (6.829983769000023 51.205536732000041)",Unfall 40876 (2023) Kat:2, Licht: 0,40876,2,3,5,05,08,3,0,0,1,1,0,0,0,0
"POINT (6.740426138000032 51.303001632000075)",Unfall 40877 (2023) Kat:3, Licht: 0,40877,3,2,5,05,20,3,0,0,1,1,0,0,0,0
"POINT (6.759638641000038 51.247157913000080)",Unfall 40878 (2023) Kat:3, Licht: 1,40878,3,1,0,05,22,3,0,1,1,0,0,0,0,0
"POINT (6.773247037000033 51.253240821000077)",Unfall 40879 (2023) Kat:3, Licht: 0,40879,3,3,5,05,16,3,0,0,1,1,0,0,0,0
"POINT (6.783116633000020 51.224104367000052)",Unfall 40881 (2023) Kat:3, Licht: 0,40881,3,6,2,05,16,3,0,0,0,1,0,1,0,0
"POINT (6.789880078000067 51.231073100000060)",Unfall 40882 (2023) Kat:3, Licht: 0,40882,3,7,9,05,07,3,0,0,0,1,0,0,0,0
"POINT (6.797663442000044 51.248655747000043)",Unfall 40969 (2023) Kat:3, Licht: 0,40969,3,7,6,06,10,7,0,0,1,0,1,0,0,0
"POINT (6.878405826000062 51.181910979000065)",Unfall 41045 (2023) Kat:3, Licht: 0,41045,3,6,2,06,16,6,0,0,0,1,0,0,0,0
"POINT (6.810610686000075 51.262189883000076)",Unfall 41047 (2023) Kat:3, Licht: 0,41047,3,4,6,06,15,6,0,0,0,1,1,0,0,0
"POINT (6.793900365000070 51.247077423000064)",Unfall 41048 (2023) Kat:2, Licht: 0,41048,2,3,5,06,07,6,0,0,0,1,0,0,0,0
"POINT (6.795596643000067 51.224522974000081)",Unfall 41049 (2023) Kat:2, Licht: 0,41049,2,4,6,06,13,6,0,0,0,1,1,0,0,0
"POINT (6.793116542000064 51.253119220000031)",Unfall 41161 (2023) Kat:3, Licht: 0,41161,3,6,2,06,15,5,0,0,0,1,0,0,0,0
"POINT (6.810404828000060 51.232284145000051)",Unfall 41162 (2023) Kat:3, Licht: 0,41162,3,3,5,06,17,5,0,0,1,1,0,0,0,0
"POINT (6.763367609000056 51.318021542000054)",Unfall 41163 (2023) Kat:3, Licht: 0,41163,3,2,5,06,08,5,0,0,1,1,0,0,0,0
"POINT (6.743203961000063 51.308223178000048)",Unfall 41295 (2023) Kat:3, Licht: 0,41295,3,7,0,06,19,4,0,0,0,1,0,1,0,0
"POINT (6.796777953000060 51.248262467000075)",Unfall 41296 (2023) Kat:3, Licht: 0,41296,3,2,5,06,13,4,0,0,1,1,0,0,0,0
"POINT (6.802193369000065 51.215409777000048)",Unfall 41297 (2023) Kat:3, Licht: 2,41297,3,1,0,06,23,4,0,2,1,0,0,0,0,0
"POINT (6.743988797000043 51.241058599000041)",Unfall 41298 (2023) Kat:3, Licht: 0,41298,3,6,2,06,18,4,0,0,0,1,0,0,0,0
"POINT (6.736158890000070 51.198352829000044)",Unfall 41434 (2023) Kat:2, Licht: 2,41434,2,6,2,06,22,3,0,2,0,1,0,0,0,0
"POINT (6.774498374000075 51.280374624000046)",Unfall 41435 (2023) Kat:3, Licht: 0,41435,3,6,0,06,16,3,0,0,0,1,0,0,0,1
"POINT (6.791980980000062 51.253177190000031)",Unfall 41436 (2023) Kat:3, Licht: 0,41436,3,2,5,06,08,3,0,0,1,0,0,0,1,0