WKT,Name,OBJECTID,UKATEGORIE,UTYP1,UART,UMONAT,USTUNDE,UWOCHENTAG,STRZUSTAND,ULICHTVERH,ISTRAD,ISTPKW,ISTFUSS,ISTKRAD,ISTGKFZ,ISTSONSTIG
"POINT (6.901038859000039 51.142885431000082)",Unfall 41566 (2023) Kat:3, Licht: 0,41566,3,6,1,06,08,2,0,0,0,1,0,0,0,0
"POINT (6.862137206000057 51.211381295000081)",Unfall 41567 (2023) Kat:3, Licht: 0,41567,3,2,4,06,19,2,0,0,0,1,0,0,0,0
"POINT (6.817289429000027 51.231038207000040)",Unfall 41568 (2023) Kat:3, Licht: 0,41568,3,7,6,06,14,2,0,0,0,1,1,0,0,0
"POINT (6.836168440000051 51.253379348000067)",Unfall 41661 (2023) Kat:3, Licht: 0,41661,3,1,0,06,09,1,0,0,1,0,0,0,0,0
"POINT (6.765541866000035 51.250322609000079)",Unfall 41664 (2023) Kat:2, Licht: 0,41664,2,1,0,06,13,6,0,0,1,0,0,0,0,0
"POINT (6.862042818000020 51.246744353000054)",Unfall 41788 (2023) Kat:3, Licht: 0,41788,3,5,2,06,12,7,0,0,0,1,0,0,0,0
"POINT (6.783047342000032 51.280396824000036)",Unfall 41789 (2023) Kat:3, Licht: 0,41789,3,2,4,06,11,7,0,0,0,1,0,0,0,0
"POINT (6.801571844000023 51.250674977000074)",Unfall 41790 (2023) Kat:3, Licht: 0,41790,3,2,4,06,13,7,0,0,0,1,0,1,0,0
"POINT (6.762139433000073 51.200749372000075)",Unfall 41952 (2023) Kat:2, Licht: 0,41952,2,2,5,06,11,6,0,0,1,1,0,0,0,0
"POINT (6.790565334000064 51.199637686000074)",Unfall 41953 (2023) Kat:3, Licht: 0,41953,3,3,5,06,06,6,0,0,1,0,0,0,0,1
"POINT (6.808956895000051 51.220819109000047)",Unfall 41954 (2023) Kat:3, Licht: 2,41954,3,3,5,06,22,6,0,2,0,1,0,0,0,0
"POINT (6.800185910000039 51.251278810000031)",Unfall 42049 (2023) Kat:3, Licht: 0,42049,3,6,3,06,07,4,0,0,0,1,0,1,0,0
"POINT (6.894851829000061 51.149171685000056)",Unfall 42115 (2023) Kat:3, Licht: 0,42115,3,3,5,07,08,4,0,0,0,1,0,0,1,0
"POINT (6.779893146000063 51.256786990000080)",Unfall 42116 (2023) Kat:3, Licht: 0,42116,3,3,5,07,16,4,0,0,1,1,0,0,0,0
"POINT (6.809994893000066 51.261749108000060)",Unfall 42117 (2023) Kat:3, Licht: 0,42117,3,2,3,07,08,4,0,0,1,1,0,0,0,0
"POINT (6.825759358000028 51.241953219000038)",Unfall 42118 (2023) Kat:3, Licht: 0,42118,3,5,1,07,13,4,0,0,0,1,0,0,1,0
"POINT (6.826405851000061 51.241904056000067)",Unfall 42119 (2023) Kat:3, Licht: 0,42119,3,5,1,07,13,4,0,0,0,1,0,0,1,0
"POINT (6.797032070000057 51.211800818000029)",Unfall 42120 (2023) Kat:2, Licht: 0,42120,2,1,0,07,15,4,0,0,0,0,0,0,0,1
"POINT (6.905150267000067 51.138287258000048)",Unfall 42131 (2023) Kat:2, Licht: 1,42131,2,2,5,07,21,4,0,1,0,1,0,1,0,0
"POINT (6.774249025000074 51.304303782000034)",Unfall 42216 (2023) Kat:2, Licht: 0,42216,2,7,1,07,18,3,0,0,0,1,0,0,0,0
"POINT (6.850708516000054 51.231871763000072)",Unfall 42217 (2023) Kat:3, Licht: 0,42217,3,2,5,07,08,3,0,0,0,1,0,0,0,0
"POINT (6.724371496000060 51.232362114000068)",Unfall 42218 (2023) Kat:3, Licht: 0,42218,3,2,3,07,14,3,0,0,0,1,0,0,0,1
"POINT (6.803718774000060 51.216138325000031)",Unfall 42219 (2023) Kat:3, Licht: 0,42219,3,2,5,07,16,3,0,0,0,1,0,0,0,1
"POINT (6.800854807000064 51.250690570000074)",Unfall 42310 (2023) Kat:3, Licht: 1,42310,3,7,0,07,21,2,0,1,0,0,0,1,0,0
"POINT (6.737533388000031 51.289213839000070)",Unfall 42311 (2023) Kat:3, Licht: 0,42311,3,5,0,07,10,2,0,0,1,0,0,0,0,1
"POINT (6.794048374000056 51.209561612000073)",Unfall 42312 (2023) Kat:3, Licht: 1,42312,3,7,0,07,20,2,0,1,0,0,1,0,0,1
"POINT (6.747108717000060 51.231668187000082)",Unfall 42387 (2023) Kat:3, Licht: 0,42387,3,3,5,07,20,1,0,0,0,1,0,0,0,1
"POINT (6.913914727000076 51.266790169000046)",Unfall 42455 (2023) Kat:3, Licht: 2,42455,3,6,2,07,00,7,0,2,0,1,0,0,0,0
"POINT (6.783644545000072 51.204908350000039)",Unfall 42459 (2023) Kat:3, Licht: 0,42459,3,2,4,07,12,7,0,0,0,1,0,0,0,0
"POINT (6.834111216000053 51.239843287000042)",Unfall 42460 (2023) Kat:3, Licht: 0,42460,3,7,4,07,09,7,0,0,0,1,0,0,0,0
"POINT (6.820464429000026 51.269542024000032)",Unfall 42461 (2023) Kat:3, Licht: 0,42461,3,3,5,07,21,7,0,0,1,0,0,0,0,1
"POINT (6.840075253000066 51.197645314000056)",Unfall 42562 (2023) Kat:3, Licht: 0,42562,3,6,1,07,10,6,0,0,0,1,0,0,0,1
"POINT (6.771672699000021 51.236023409000040)",Unfall 42563 (2023) Kat:3, Licht: 1,42563,3,6,4,07,21,6,0,1,1,0,0,0,0,0
"POINT (6.791942663000043 51.253183785000033)",Unfall 42564 (2023) Kat:3, Licht: 0,42564,3,6,2,07,14,6,0,0,0,1,0,0,0,0
"POINT (6.798085645000072 51.221809430000064)",Unfall 42565 (2023) Kat:3, Licht: 2,42565,3,1,0,07,23,6,0,2,0,0,0,1,0,0
"POINT (6.750255099000071 51.231602283000029)",Unfall 42566 (2023) Kat:2, Licht: 0,42566,2,7,6,07,12,6,0,0,0,1,1,0,0,0
"POINT (6.762784732000057 51.200719332000062)",Unfall 42663 (2023) Kat:3, Licht: 0,42663,3,7,1,07,11,7,0,0,0,1,0,1,0,0
"POINT (6.787333295000053 51.236883184000078)",Unfall 42690 (2023) Kat:3, Licht: 2,42690,3,1,0,07,23,5,0,2,1,0,0,0,0,0
"POINT (6.810140456000056 51.221870332000037)",Unfall 42691 (2023) Kat:3, Licht: 0,42691,3,5,3,07,16,5,0,0,0,1,0,0,0,0
"POINT (6.771689822000042 51.239039190000028)",Unfall 42692 (2023) Kat:3, Licht: 0,42692,3,6,3,07,15,5,0,0,0,1,0,1,0,0
"POINT (6.794112653000070 51.230379972000037)",Unfall 42693 (2023) Kat:3, Licht: 2,42693,3,1,9,07,02,5,0,2,0,1,0,0,0,0
"POINT (6.771672745000046 51.236027216000082)",Unfall 42694 (2023) Kat:3, Licht: 2,42694,3,1,0,07,23,5,0,2,0,0,0,0,0,1
"POINT (6.793076950000057 51.211314012000059)",Unfall 42695 (2023) Kat:3, Licht: 0,42695,3,6,3,07,17,5,0,0,0,1,0,0,0,0
"POINT (6.857060974000035 51.190342660000056)",Unfall 42721 (2023) Kat:3, Licht: 0,42721,3,6,2,07,18,1,0,0,0,1,0,0,0,0
"POINT (6.810277696000071 51.262320138000064)",Unfall 42783 (2023) Kat:3, Licht: 0,42783,3,2,5,07,18,4,0,0,1,1,0,0,0,0
"POINT (6.807941154000048 51.208846975000029)",Unfall 42821 (2023) Kat:3, Licht: 0,42821,3,2,5,07,16,3,0,0,1,1,0,0,0,0
"POINT (6.783647260000066 51.204899339000065)",Unfall 42891 (2023) Kat:3, Licht: 0,42891,3,2,5,07,11,3,0,0,0,1,0,0,0,0
"POINT (6.782090134000043 51.218809172000078)",Unfall 42892 (2023) Kat:3, Licht: 2,42892,3,2,5,07,22,3,1,2,0,1,0,0,0,0
"POINT (6.795038182000042 51.193522511000026)",Unfall 42952 (2023) Kat:3, Licht: 0,42952,3,6,2,07,15,2,0,0,0,1,0,0,0,1
"POINT (6.802841066000042 51.264906439000072)",Unfall 42953 (2023) Kat:3, Licht: 0,42953,3,1,0,07,18,2,0,0,0,0,0,1,0,0
"POINT (6.787082524000027 51.232388320000041)",Unfall 42954 (2023) Kat:3, Licht: 0,42954,3,4,0,07,15,2,0,0,1,0,1,0,0,0
"POINT (6.759817078000026 51.231481902000041)",Unfall 42955 (2023) Kat:3, Licht: 0,42955,3,3,5,07,10,2,0,0,1,1,0,0,0,0
"POINT (6.812147798000069 51.208234548000064)",Unfall 42956 (2023) Kat:3, Licht: 0,42956,3,6,5,07,18,2,0,0,1,0,0,0,0,1
"POINT (6.796602188000065 51.275289252000050)",Unfall 43024 (2023) Kat:3, Licht: 0,43024,3,2,4,07,10,1,0,0,0,1,0,0,0,0
"POINT (6.799683405000053 51.253150172000062)",Unfall 43025 (2023) Kat:3, Licht: 2,43025,3,1,0,07,01,1,1,2,0,1,0,0,0,0
"POINT (6.744177357000069 51.240551464000077)",Unfall 43026 (2023) Kat:3, Licht: 0,43026,3,3,5,07,15,1,0,0,0,1,0,0,0,1
"POINT (6.786104503000047 51.202639124000029)",Unfall 43122 (2023) Kat:2, Licht: 0,43122,2,6,8,07,09,7,0,0,0,1,0,0,0,0
"POINT (6.824932454000020 51.265200613000047)",Unfall 43240 (2023) Kat:3, Licht: 0,43240,3,3,5,06,18,6,0,0,1,1,0,0,0,0
"POINT (6.781867064000039 51.254017925000028)",Unfall 43241 (2023) Kat:3, Licht: 0,43241,3,6,2,06,12,6,0,0,0,1,0,0,0,1
"POINT (6.774340592000044 51.239837833000081)",Unfall 43321 (2023) Kat:3, Licht: 0,43321,3,6,6,06,16,5,0,0,1,0,1,0,0,0
"POINT (6.796766329000036 51.248257157000069)",Unfall 43394 (2023) Kat:3, Licht: 0,43394,3,3,5,07,20,4,1,0,1,1,0,0,0,0
"POINT (6.877062377000073 51.189889591000053)",Unfall 43504 (2023) Kat:2, Licht: 0,43504,2,6,2,06,15,3,0,0,0,1,0,1,0,0
"POINT (6.795843849000050 51.211095293000028)",Unfall 43505 (2023) Kat:3, Licht: 0,43505,3,2,5,06,12,3,0,0,1,1,0,0,0,0
"POINT (6.743994563000058 51.241082068000026)",Unfall 43507 (2023) Kat:3, Licht: 0,43507,3,3,5,06,07,3,0,0,0,1,0,0,0,0
"POINT (6.809665443000029 51.176279566000062)",Unfall 43510 (2023) Kat:3, Licht: 0,43510,3,6,4,07,15,2,0,0,1,0,0,0,0,0
"POINT (6.790474103000065 51.276720693000073)",Unfall 43626 (2023) Kat:3, Licht: 0,43626,3,6,2,06,12,2,0,0,0,1,0,0,0,0
"POINT (6.816337901000054 51.231180646000041)",Unfall 43627 (2023) Kat:3, Licht: 0,43627,3,2,5,06,16,2,0,0,0,1,0,0,0,0
"POINT (6.853736041000047 51.204445265000061)",Unfall 43735 (2023) Kat:3, Licht: 0,43735,3,3,5,06,18,1,0,0,0,1,0,0,0,0
"POINT (6.793877149000025 51.247068280000065)",Unfall 43737 (2023) Kat:3, Licht: 2,43737,3,6,4,06,22,1,0,2,1,0,0,0,0,0
"POINT (6.774707666000040 51.239907075000076)",Unfall 43895 (2023) Kat:3, Licht: 1,43895,3,6,2,08,20,4,1,1,0,1,0,0,0,0
"POINT (6.794101795000074 51.252814323000052)",Unfall 43896 (2023) Kat:3, Licht: 0,43896,3,6,2,08,17,4,1,0,0,1,0,0,0,0
"POINT (6.803552189000072 51.216051792000030)",Unfall 43897 (2023) Kat:3, Licht: 0,43897,3,4,6,08,19,4,0,0,0,1,1,0,0,0
"POINT (6.904122081000025 51.191482595000082)",Unfall 44043 (2023) Kat:3, Licht: 0,44043,3,6,3,07,18,2,1,0,0,1,0,0,0,0
"POINT (6.870218464000061 51.184052460000032)",Unfall 44112 (2023) Kat:3, Licht: 0,44112,3,2,5,07,17,1,0,0,0,1,0,0,0,1
"POINT (6.781040674000053 51.202676139000062)",Unfall 44113 (2023) Kat:3, Licht: 0,44113,3,6,2,07,19,1,0,0,0,1,0,0,0,0
"POINT (6.740317728000036 51.302854512000067)",Unfall 44115 (2023) Kat:3, Licht: 0,44115,3,2,4,07,14,1,0,0,1,0,0,0,0,1
"POINT (6.782587881000040 51.215549966000026)",Unfall 44182 (2023) Kat:3, Licht: 2,44182,3,6,2,07,22,7,0,2,0,1,0,0,0,0
"POINT (6.801538456000060 51.265662057000043)",Unfall 44183 (2023) Kat:3, Licht: 0,44183,3,4,6,07,15,7,0,0,0,1,1,0,0,0
"POINT (6.792958408000061 51.192994408000061)",Unfall 44280 (2023) Kat:3, Licht: 0,44280,3,5,0,07,08,6,1,0,0,1,0,0,0,0
"POINT (6.803408268000055 51.216201683000065)",Unfall 44283 (2023) Kat:3, Licht: 1,44283,3,2,6,07,21,6,0,1,0,1,1,0,0,0
"POINT (6.770967279000047 51.200138136000078)",Unfall 44284 (2023) Kat:3, Licht: 0,44284,3,6,2,07,15,6,1,0,0,1,0,0,0,0
"POINT (6.760525184000073 51.213492355000028)",Unfall 44285 (2023) Kat:3, Licht: 0,44285,3,6,2,07,15,6,1,0,0,1,0,0,1,1
"POINT (6.814333604000069 51.193117612000037)",Unfall 44286 (2023) Kat:2, Licht: 0,44286,2,2,5,07,19,6,0,0,1,1,0,0,0,0
"POINT (6.841350423000051 51.189886259000048)",Unfall 44379 (2023) Kat:2, Licht: 0,44379,2,7,0,07,07,5,1,0,0,1,0,0,1,0
"POINT (6.849869674000047 51.190229855000041)",Unfall 44380 (2023) Kat:3, Licht: 0,44380,3,1,0,07,10,5,1,0,0,1,0,0,0,0
"POINT (6.801860450000049 51.242064132000053)",Unfall 44385 (2023) Kat:3, Licht: 0,44385,3,7,0,07,17,5,1,0,0,0,0,1,0,0
"POINT (6.821963015000051 51.254904520000082)",Unfall 44387 (2023) Kat:3, Licht: 0,44387,3,6,3,07,12,5,1,0,0,1,0,0,0,1
"POINT (6.834567834000040 51.239491523000027)",Unfall 44388 (2023) Kat:3, Licht: 0,44388,3,6,3,07,13,5,1,0,0,1,0,1,0,0
"POINT (6.808842642000059 51.231837140000039)",Unfall 44389 (2023) Kat:3, Licht: 0,44389,3,2,6,07,15,5,1,0,0,1,1,0,0,0
"POINT (6.793655060000049 51.226551933000053)",Unfall 44390 (2023) Kat:3, Licht: 0,44390,3,1,0,07,18,5,1,0,0,0,0,1,0,0
"POINT (6.782780921000040 51.215512324000031)",Unfall 44502 (2023) Kat:3, Licht: 0,44502,3,6,2,07,14,4,1,0,0,1,0,0,0,0
"POINT (6.809103812000046 51.220902691000049)",Unfall 44503 (2023) Kat:3, Licht: 0,44503,3,1,0,07,20,4,0,0,0,0,0,1,0,0
"POINT (6.911219178000067 51.243606295000063)",Unfall 44557 (2023) Kat:3, Licht: 0,44557,3,6,2,08,16,5,1,0,0,1,0,0,0,0
"POINT (6.779601060000061 51.232785842000055)",Unfall 44601 (2023) Kat:3, Licht: 0,44601,3,1,2,07,15,3,1,0,0,1,0,0,0,0
"POINT (6.755535562000034 51.201067950000038)",Unfall 44713 (2023) Kat:3, Licht: 1,44713,3,2,5,07,05,2,1,1,0,1,0,0,0,0
"POINT (6.822150553000029 51.184089499000038)",Unfall 44714 (2023) Kat:3, Licht: 0,44714,3,1,0,07,08,2,1,0,0,0,0,1,0,0
"POINT (6.771196750000058 51.253150348000077)",Unfall 44715 (2023) Kat:3, Licht: 0,44715,3,6,2,07,08,2,1,0,0,1,0,0,0,0
"POINT (6.793918084000040 51.247084401000052)",Unfall 44716 (2023) Kat:2, Licht: 0,44716,2,2,6,07,08,2,1,0,0,1,1,0,0,0
"POINT (6.771914265000021 51.238173399000061)",Unfall 44796 (2023) Kat:3, Licht: 0,44796,3,3,5,07,13,1,0,0,1,1,0,0,0,0
"POINT (6.786034663000066 51.222155325000074)",Unfall 44797 (2023) Kat:3, Licht: 0,44797,3,6,6,07,10,1,0,0,0,1,1,0,0,0
"POINT (6.698887784000021 51.228649426000061)",Unfall 44798 (2023) Kat:3, Licht: 0,44798,3,2,4,07,12,1,0,0,0,1,0,0,0,1
"POINT (6.772858937000024 51.231550483000035)",Unfall 44799 (2023) Kat:3, Licht: 2,44799,3,7,0,07,23,1,1,2,1,0,0,0,1,0
"POINT (6.782751149000035 51.248723927000071)",Unfall 44850 (2023) Kat:3, Licht: 0,44850,3,2,5,08,10,4,1,0,1,1,0,0,0,0
"POINT (6.795705762000068 51.247806481000055)",Unfall 44863 (2023) Kat:3, Licht: 0,44863,3,3,5,07,13,7,0,0,1,1,0,0,0,0
"POINT (6.790082235000057 51.231544977000055)",Unfall 44961 (2023) Kat:3, Licht: 2,44961,3,7,0,07,22,6,0,2,1,0,0,0,0,0
"POINT (6.735723810000025 51.296240062000038)",Unfall 44962 (2023) Kat:3, Licht: 0,44962,3,7,0,07,19,6,0,0,0,0,0,1,0,0
"POINT (6.821716175000063 51.242253840000046)",Unfall 44963 (2023) Kat:3, Licht: 0,44963,3,2,5,07,16,6,1,0,0,1,0,0,0,0
"POINT (6.821682067000040 51.242256437000037)",Unfall 45046 (2023) Kat:3, Licht: 0,45046,3,2,5,07,18,5,0,0,0,1,0,1,0,0
"POINT (6.770750931000066 51.241781554000056)",Unfall 45086 (2023) Kat:3, Licht: 0,45086,3,4,6,07,14,1,0,0,1,0,1,0,0,0
"POINT (6.913399552000044 51.268338235000044)",Unfall 45154 (2023) Kat:3, Licht: 0,45154,3,6,3,07,15,4,0,0,0,1,0,0,0,0
"POINT (6.852340826000045 51.196200566000073)",Unfall 45156 (2023) Kat:3, Licht: 0,45156,3,6,2,07,10,4,1,0,0,1,0,0,0,0
"POINT (6.771683365000058 51.233013567000057)",Unfall 45157 (2023) Kat:3, Licht: 0,45157,3,6,3,07,17,4,0,0,1,0,0,0,0,0
"POINT (6.857659102000071 51.191803555000035)",Unfall 45168 (2023) Kat:3, Licht: 0,45168,3,1,9,07,11,4,1,0,0,1,0,0,0,0
"POINT (6.836833139000021 51.199945077000052)",Unfall 45256 (2023) Kat:3, Licht: 0,45256,3,6,2,07,13,1,0,0,0,1,0,1,0,0
"POINT (6.841061086000025 51.169902677000039)",Unfall 45270 (2023) Kat:2, Licht: 2,45270,2,7,0,07,22,3,0,2,1,0,0,0,0,0
"POINT (6.833828890000063 51.202680778000058)",Unfall 45271 (2023) Kat:2, Licht: 0,45271,2,2,5,07,10,3,0,0,1,1,0,0,0,0
"POINT (6.797948899000062 51.212690792000046)",Unfall 45272 (2023) Kat:3, Licht: 0,45272,3,6,2,07,09,3,0,0,0,1,0,0,0,0
"POINT (6.800960894000070 51.250997102000042)",Unfall 45273 (2023) Kat:3, Licht: 0,45273,3,3,5,07,19,3,0,0,0,1,0,0,0,0
"POINT (6.829578980000065 51.241594341000052)",Unfall 45274 (2023) Kat:3, Licht: 0,45274,3,6,3,07,09,3,0,0,0,1,0,0,0,0
"POINT (6.767295821000062 51.231699817000049)",Unfall 45276 (2023) Kat:3, Licht: 0,45276,3,6,4,07,19,3,0,0,1,0,0,0,0,0
"POINT (6.788342821000072 51.225217791000034)",Unfall 45277 (2023) Kat:3, Licht: 0,45277,3,7,4,07,18,3,0,0,0,1,0,1,0,0
"POINT (6.903273296000066 51.140664564000076)",Unfall 45388 (2023) Kat:3, Licht: 0,45388,3,6,2,07,14,2,0,0,0,1,0,0,0,0
"POINT (6.824083262000045 51.251443154000071)",Unfall 45389 (2023) Kat:3, Licht: 0,45389,3,7,0,07,13,2,0,0,1,0,0,0,0,1
"POINT (6.798030400000073 51.301887491000059)",Unfall 45390 (2023) Kat:1, Licht: 0,45390,1,3,5,07,05,2,0,0,1,1,0,0,0,0
"POINT (6.805783477000034 51.257505350000031)",Unfall 45391 (2023) Kat:3, Licht: 0,45391,3,6,2,07,11,2,0,0,0,1,0,0,0,0
"POINT (6.835920993000059 51.227080247000060)",Unfall 45534 (2023) Kat:3, Licht: 0,45534,3,6,4,07,07,2,1,0,1,0,0,0,0,0
"POINT (6.775340592000020 51.186026276000064)",Unfall 45541 (2023) Kat:3, Licht: 0,45541,3,6,2,07,11,5,1,0,0,1,0,0,0,0
"POINT (6.775929536000035 51.262682172000041)",Unfall 45578 (2023) Kat:3, Licht: 0,45578,3,3,0,07,12,7,0,0,1,1,0,0,0,0
"POINT (6.802961191000065 51.230840662000048)",Unfall 45606 (2023) Kat:2, Licht: 0,45606,2,4,6,08,16,4,1,0,0,1,1,0,0,0
"POINT (6.822013252000033 51.250910034000071)",Unfall 45705 (2023) Kat:3, Licht: 0,45705,3,2,5,07,16,6,0,0,1,1,0,0,0,0
"POINT (6.779099698000039 51.272909669000057)",Unfall 45706 (2023) Kat:3, Licht: 0,45706,3,6,3,07,05,6,0,0,0,1,0,1,0,0
"POINT (6.774655316000064 51.239993111000047)",Unfall 45707 (2023) Kat:3, Licht: 0,45707,3,3,5,07,18,6,0,0,1,1,0,0,0,0
"POINT (6.760581697000021 51.231487268000080)",Unfall 45708 (2023) Kat:3, Licht: 0,45708,3,1,0,07,07,6,0,0,1,0,0,0,0,0
"POINT (6.708767340000065 51.238562231000060)",Unfall 45710 (2023) Kat:2, Licht: 0,45710,2,2,4,07,19,6,0,0,0,1,0,0,0,0
"POINT (6.723651625000059 51.249346496000044)",Unfall 45711 (2023) Kat:3, Licht: 0,45711,3,6,2,07,17,6,0,0,0,1,0,0,0,0
"POINT (6.782787174000021 51.215340064000031)",Unfall 45837 (2023) Kat:3, Licht: 0,45837,3,6,2,07,17,5,1,0,0,1,0,1,0,0
"POINT (6.789749011000026 51.200005233000070)",Unfall 45838 (2023) Kat:3, Licht: 0,45838,3,4,6,07,15,5,0,0,1,0,1,0,0,0
"POINT (6.808780604000049 51.220947738000064)",Unfall 45839 (2023) Kat:3, Licht: 0,45839,3,2,5,07,18,5,0,0,1,1,0,0,0,0
"POINT (6.773862803000043 51.272010885000043)",Unfall 45841 (2023) Kat:3, Licht: 0,45841,3,3,0,07,17,5,0,0,1,0,0,0,0,1
"POINT (6.782950184000072 51.223415607000049)",Unfall 45842 (2023) Kat:2, Licht: 0,45842,2,4,6,07,06,5,0,0,0,0,1,0,0,1
"POINT (6.772425226000053 51.244177230000048)",Unfall 45980 (2023) Kat:3, Licht: 2,45980,3,6,3,08,21,2,0,2,0,1,0,0,1,0
"POINT (6.785195690000023 51.221034327000041)",Unfall 45981 (2023) Kat:3, Licht: 0,45981,3,5,1,08,12,2,0,0,1,1,0,0,0,0
"POINT (6.797957990000043 51.248873193000065)",Unfall 46059 (2023) Kat:2, Licht: 2,46059,2,6,6,08,22,1,0,2,1,0,1,0,0,0
"POINT (6.808747102000041 51.220923594000055)",Unfall 46060 (2023) Kat:3, Licht: 0,46060,3,3,5,08,17,1,0,0,0,1,0,0,0,0
"POINT (6.760313996000036 51.213420624000037)",Unfall 46164 (2023) Kat:3, Licht: 0,46164,3,6,2,08,11,7,1,0,0,1,0,0,0,0
"POINT (6.752051007000034 51.269168652000076)",Unfall 46165 (2023) Kat:3, Licht: 0,46165,3,1,8,08,15,7,0,0,0,1,0,0,0,0
"POINT (6.808999291000021 51.231694529000038)",Unfall 46276 (2023) Kat:3, Licht: 0,46276,3,6,2,08,11,6,0,0,0,1,0,1,0,0
"POINT (6.787577907000070 51.224091920000035)",Unfall 46277 (2023) Kat:3, Licht: 0,46277,3,2,4,08,19,6,0,0,0,1,0,0,0,0
"POINT (6.743951793000065 51.241138534000072)",Unfall 46278 (2023) Kat:3, Licht: 0,46278,3,3,5,08,13,6,0,0,0,1,0,0,0,1
"POINT (6.791381584000021 51.228825772000050)",Unfall 46280 (2023) Kat:3, Licht: 0,46280,3,7,0,08,14,6,0,0,0,0,1,0,0,1
"POINT (6.800162953000040 51.210584180000069)",Unfall 46281 (2023) Kat:3, Licht: 0,46281,3,4,6,08,13,6,0,0,0,1,1,0,0,0
"POINT (6.849922285000048 51.190086194000060)",Unfall 46438 (2023) Kat:3, Licht: 0,46438,3,6,2,08,15,5,0,0,0,1,0,0,0,0
"POINT (6.782558912000070 51.215624728000080)",Unfall 46439 (2023) Kat:3, Licht: 0,46439,3,3,5,08,16,5,0,0,0,1,0,0,0,1
"POINT (6.802036069000053 51.247299788000078)",Unfall 46440 (2023) Kat:2, Licht: 2,46440,2,1,0,08,01,5,0,2,0,0,0,0,0,1
"POINT (6.810111326000026 51.229382675000068)",Unfall 46570 (2023) Kat:3, Licht: 0,46570,3,3,5,08,13,4,0,0,0,1,0,0,0,0
"POINT (6.783673365000027 51.230442667000034)",Unfall 46571 (2023) Kat:3, Licht: 0,46571,3,6,2,08,14,4,0,0,0,1,0,1,0,0
"POINT (6.892136292000032 51.260769705000030)",Unfall 46572 (2023) Kat:3, Licht: 0,46572,3,6,3,08,17,4,0,0,1,0,0,0,0,0
"POINT (6.781850904000066 51.219729439000048)",Unfall 46690 (2023) Kat:3, Licht: 0,46690,3,5,1,08,17,3,0,0,1,0,0,0,0,1
"POINT (6.787495725000042 51.243292359000066)",Unfall 46810 (2023) Kat:3, Licht: 1,46810,3,6,2,08,06,2,1,1,0,1,0,0,0,0
"POINT (6.810427799000024 51.262266397000076)",Unfall 46812 (2023) Kat:3, Licht: 0,46812,3,2,5,08,11,2,1,0,1,1,0,0,0,0
"POINT (6.754200563000040 51.201030766000031)",Unfall 46895 (2023) Kat:3, Licht: 0,46895,3,2,5,08,14,1,1,0,0,1,0,0,0,0
"POINT (6.779886069000042 51.256832448000068)",Unfall 46896 (2023) Kat:3, Licht: 0,46896,3,2,3,08,16,1,1,0,0,1,0,0,0,1
"POINT (6.820965237000053 51.236810713000068)",Unfall 46916 (2023) Kat:3, Licht: 0,46916,3,7,0,08,11,6,0,0,0,0,0,0,1,1
"POINT (6.698710220000066 51.228708616000063)",Unfall 46995 (2023) Kat:3, Licht: 0,46995,3,6,2,08,20,7,1,0,0,1,0,0,0,0
"POINT (6.792587700000070 51.253073305000044)",Unfall 47114 (2023) Kat:3, Licht: 0,47114,3,6,2,08,14,6,0,0,0,1,0,0,0,0
"POINT (6.808935271000053 51.220803412000066)",Unfall 47115 (2023) Kat:3, Licht: 0,47115,3,2,5,08,09,6,0,0,1,0,0,0,1,0
"POINT (6.771569787000033 51.252430848000074)",Unfall 47116 (2023) Kat:2, Licht: 0,47116,2,3,5,08,12,6,0,0,0,1,0,0,0,0
"POINT (6.796927675000063 51.211926068000082)",Unfall 47117 (2023) Kat:3, Licht: 0,47117,3,6,2,08,13,6,0,0,0,1,0,0,0,0
"POINT (6.872765654000034 51.189936232000036)",Unfall 47194 (2023) Kat:3, Licht: 0,47194,3,6,2,08,17,1,1,0,0,1,0,0,0,0
"POINT (6.782053729000040 51.218246411000052)",Unfall 47196 (2023) Kat:3, Licht: 0,47196,3,7,6,08,18,1,0,0,1,0,1,0,0,0
"POINT (6.776662119000036 51.237040679000074)",Unfall 47197 (2023) Kat:3, Licht: 0,47197,3,2,5,08,15,1,0,0,0,1,0,0,0,1
"POINT (6.789562971000066 51.200089074000061)",Unfall 47290 (2023) Kat:3, Licht: 1,47290,3,6,2,08,20,7,0,1,0,1,0,0,0,0
"POINT (6.870223566000050 51.184045912000045)",Unfall 47291 (2023) Kat:3, Licht: 0,47291,3,6,1,08,15,7,0,0,0,1,0,1,0,0
"POINT (6.888626257000055 51.175617052000064)",Unfall 47292 (2023) Kat:3, Licht: 0,47292,3,6,2,08,11,7,0,0,0,1,0,0,0,0
"POINT (6.811517392000042 51.225264872000082)",Unfall 47293 (2023) Kat:3, Licht: 0,47293,3,2,3,08,19,7,0,0,0,1,0,0,0,1
"POINT (6.779418612000029 51.232646858000066)",Unfall 47294 (2023) Kat:3, Licht: 0,47294,3,7,0,08,18,7,0,0,1,0,1,0,0,0
"POINT (6.822007873000075 51.242231065000055)",Unfall 47331 (2023) Kat:3, Licht: 0,47331,3,3,5,08,09,1,0,0,0,1,0,0,0,1
"POINT (6.755844210000021 51.264823625000076)",Unfall 47412 (2023) Kat:2, Licht: 0,47412,2,6,2,08,14,6,1,0,0,1,0,0,0,0
"POINT (6.873693392000064 51.224382489000050)",Unfall 47413 (2023) Kat:3, Licht: 0,47413,3,1,4,08,16,6,1,0,0,1,0,0,0,0