WKT,Name,OBJECTID,UKATEGORIE,UTYP1,UART,UMONAT,USTUNDE,UWOCHENTAG,STRZUSTAND,ULICHTVERH,ISTRAD,ISTPKW,ISTFUSS,ISTKRAD,ISTGKFZ,ISTSONSTIG
"POINT (6.751869761000023 51.338976654000078)",Unfall 47414 (2023) Kat:3, Licht: 0,47414,3,1,9,08,11,6,1,0,0,1,0,0,0,0
"POINT (6.760208657000021 51.247486330000072)",Unfall 47415 (2023) Kat:3, Licht: 0,47415,3,6,2,08,16,6,1,0,0,1,0,0,0,0
"POINT (6.887038748000066 51.190390011000034)",Unfall 47548 (2023) Kat:3, Licht: 0,47548,3,6,2,08,16,5,1,0,0,1,0,0,0,0
"POINT (6.907207716000073 51.132290526000077)",Unfall 47549 (2023) Kat:3, Licht: 0,47549,3,3,5,08,10,5,0,0,1,1,0,0,0,0
"POINT (6.786139506000040 51.253955718000043)",Unfall 47550 (2023) Kat:3, Licht: 0,47550,3,2,5,08,10,5,0,0,1,0,0,0,0,1
"POINT (6.752940265000063 51.267348262000041)",Unfall 47551 (2023) Kat:3, Licht: 0,47551,3,6,2,08,16,5,1,0,0,1,0,0,0,0
"POINT (6.743494858000076 51.240586363000034)",Unfall 47552 (2023) Kat:3, Licht: 0,47552,3,6,2,08,16,5,1,0,0,1,0,0,0,0
"POINT (6.738288490000059 51.231139123000048)",Unfall 47553 (2023) Kat:3, Licht: 0,47553,3,4,6,08,10,5,0,0,0,1,1,0,0,0
"POINT (6.774641704000032 51.240078645000040)",Unfall 47612 (2023) Kat:3, Licht: 2,47612,3,3,5,08,05,7,0,2,0,1,0,0,0,0
"POINT (6.804215748000047 51.248849767000081)",Unfall 47683 (2023) Kat:3, Licht: 0,47683,3,1,0,08,09,4,0,0,1,0,0,0,0,0
"POINT (6.726777789000039 51.234364744000061)",Unfall 47684 (2023) Kat:3, Licht: 0,47684,3,6,3,08,07,4,0,0,0,1,0,0,1,0
"POINT (6.782567964000066 51.222061172000053)",Unfall 47792 (2023) Kat:3, Licht: 0,47792,3,1,0,08,17,1,1,0,0,0,0,1,0,0
"POINT (6.759638641000038 51.247157913000080)",Unfall 47800 (2023) Kat:3, Licht: 0,47800,3,6,3,08,08,3,0,0,0,1,0,0,0,1
"POINT (6.743940261000034 51.321523819000049)",Unfall 47892 (2023) Kat:3, Licht: 0,47892,3,6,2,08,08,6,0,0,0,1,0,0,0,0
"POINT (6.762459985000021 51.200562973000046)",Unfall 47925 (2023) Kat:3, Licht: 0,47925,3,3,5,08,19,2,0,0,1,1,0,0,0,0
"POINT (6.755856136000034 51.202751819000071)",Unfall 47926 (2023) Kat:2, Licht: 0,47926,2,1,0,08,17,2,0,0,0,0,0,0,0,1
"POINT (6.772487969000053 51.243304781000063)",Unfall 47927 (2023) Kat:2, Licht: 0,47927,2,2,3,08,10,2,0,0,0,1,0,1,0,0
"POINT (6.787256941000066 51.276705311000057)",Unfall 47928 (2023) Kat:3, Licht: 0,47928,3,6,3,08,10,2,0,0,0,1,0,0,0,1
"POINT (6.808947038000042 51.221069942000042)",Unfall 47929 (2023) Kat:3, Licht: 0,47929,3,4,6,08,15,2,0,0,0,1,1,0,0,0
"POINT (6.776097240000070 51.231060381000077)",Unfall 47930 (2023) Kat:3, Licht: 0,47930,3,6,2,08,08,2,0,0,0,1,0,0,0,0
"POINT (6.769850940000026 51.224604696000029)",Unfall 47931 (2023) Kat:3, Licht: 0,47931,3,4,6,08,19,2,0,0,1,0,1,0,0,0
"POINT (6.854664835000051 51.195117999000047)",Unfall 48123 (2023) Kat:2, Licht: 2,48123,2,1,0,08,02,7,0,2,0,0,0,0,0,1
"POINT (6.810372604000065 51.222649596000053)",Unfall 48124 (2023) Kat:3, Licht: 0,48124,3,2,5,08,10,7,0,0,1,1,0,0,0,0
"POINT (6.802024536000033 51.241223215000048)",Unfall 48217 (2023) Kat:3, Licht: 0,48217,3,6,2,08,17,1,0,0,0,1,0,0,0,0
"POINT (6.858465221000074 51.191644051000026)",Unfall 48271 (2023) Kat:2, Licht: 0,48271,2,3,5,08,06,6,0,0,0,1,0,1,0,0
"POINT (6.806845951000071 51.235139163000042)",Unfall 48273 (2023) Kat:3, Licht: 0,48273,3,2,6,08,15,6,0,0,0,1,1,0,0,0
"POINT (6.820809734000022 51.236658884000065)",Unfall 48274 (2023) Kat:3, Licht: 0,48274,3,6,3,08,10,6,0,0,1,0,0,0,0,0
"POINT (6.806568076000076 51.276835926000047)",Unfall 48379 (2023) Kat:3, Licht: 0,48379,3,6,1,08,16,7,0,0,0,1,0,0,0,0
"POINT (6.809046459000058 51.231596836000051)",Unfall 48390 (2023) Kat:3, Licht: 0,48390,3,5,3,08,07,5,0,0,1,1,0,0,0,1
"POINT (6.921357570000055 51.269299362000027)",Unfall 48391 (2023) Kat:3, Licht: 0,48391,3,3,5,08,18,5,0,0,0,1,0,1,0,0
"POINT (6.796560136000039 51.223472066000056)",Unfall 48392 (2023) Kat:3, Licht: 0,48392,3,4,6,08,19,5,0,0,1,0,1,0,0,0
"POINT (6.746516458000031 51.230780492000065)",Unfall 48393 (2023) Kat:3, Licht: 0,48393,3,5,1,08,10,5,0,0,0,0,0,0,1,1
"POINT (6.825921487000073 51.206291721000071)",Unfall 48541 (2023) Kat:3, Licht: 0,48541,3,1,0,08,18,4,0,0,1,0,0,0,0,0
"POINT (6.820598530000041 51.250740417000031)",Unfall 48542 (2023) Kat:3, Licht: 0,48542,3,4,6,08,15,4,0,0,1,0,1,0,0,0
"POINT (6.786835805000067 51.243988569000066)",Unfall 48543 (2023) Kat:3, Licht: 0,48543,3,2,5,08,11,4,0,0,0,1,0,0,0,0
"POINT (6.826638651000053 51.266456901000026)",Unfall 48544 (2023) Kat:3, Licht: 0,48544,3,6,4,08,07,4,0,0,1,0,0,0,0,0
"POINT (6.804912982000076 51.256706676000078)",Unfall 48545 (2023) Kat:3, Licht: 0,48545,3,6,2,08,07,4,0,0,0,1,0,0,0,0
"POINT (6.749537383000074 51.233405808000043)",Unfall 48547 (2023) Kat:3, Licht: 0,48547,3,7,4,08,10,4,0,0,0,1,0,0,0,0
"POINT (6.752732236000043 51.231439626000054)",Unfall 48548 (2023) Kat:3, Licht: 0,48548,3,4,6,08,16,4,0,0,0,1,1,0,0,0
"POINT (6.854190325000047 51.190389020000055)",Unfall 48663 (2023) Kat:3, Licht: 2,48663,3,1,2,08,05,3,1,2,0,1,0,0,1,0
"POINT (6.865800181000054 51.220101604000035)",Unfall 48664 (2023) Kat:3, Licht: 0,48664,3,3,5,08,17,3,0,0,1,1,0,0,0,0
"POINT (6.762048644000060 51.200582176000069)",Unfall 48665 (2023) Kat:2, Licht: 0,48665,2,1,6,08,21,3,0,0,1,0,1,0,0,0
"POINT (6.784346961000040 51.203720703000045)",Unfall 48666 (2023) Kat:3, Licht: 0,48666,3,6,2,08,17,3,0,0,0,1,0,1,1,0
"POINT (6.781051714000057 51.242130844000030)",Unfall 48667 (2023) Kat:3, Licht: 2,48667,3,7,9,08,22,3,0,2,0,1,0,0,0,0
"POINT (6.785845922000021 51.253968511000039)",Unfall 48668 (2023) Kat:3, Licht: 0,48668,3,2,6,08,12,3,0,0,0,1,1,0,0,0
"POINT (6.806976764000069 51.219105636000052)",Unfall 48669 (2023) Kat:3, Licht: 1,48669,3,3,5,08,05,3,1,1,0,1,0,0,0,1
"POINT (6.808380448000037 51.231812012000034)",Unfall 48679 (2023) Kat:3, Licht: 2,48679,3,7,0,08,22,5,0,2,0,1,1,0,0,0
"POINT (6.767961730000025 51.251563541000053)",Unfall 48717 (2023) Kat:3, Licht: 0,48717,3,6,2,08,14,3,0,0,0,1,0,0,0,0
"POINT (6.885585850000041 51.190300269000033)",Unfall 48829 (2023) Kat:3, Licht: 2,48829,3,1,8,09,02,3,0,2,0,1,0,0,0,1
"POINT (6.888684970000043 51.161064780000061)",Unfall 48830 (2023) Kat:3, Licht: 0,48830,3,3,5,09,11,3,0,0,1,1,0,0,0,0
"POINT (6.741849928000022 51.286224877000052)",Unfall 48831 (2023) Kat:3, Licht: 0,48831,3,6,1,09,10,3,1,0,0,1,0,0,0,0
"POINT (6.796313209000061 51.223739521000027)",Unfall 48832 (2023) Kat:3, Licht: 0,48832,3,4,6,09,16,3,0,0,0,1,1,0,0,0
"POINT (6.835882354000034 51.196768863000045)",Unfall 48956 (2023) Kat:3, Licht: 0,48956,3,5,1,09,11,2,0,0,0,1,0,0,0,0
"POINT (6.848999366000044 51.233315848000075)",Unfall 48957 (2023) Kat:3, Licht: 0,48957,3,6,2,09,12,2,0,0,0,1,0,1,0,0
"POINT (6.807427257000029 51.274352598000064)",Unfall 48958 (2023) Kat:3, Licht: 0,48958,3,2,0,09,19,2,0,0,0,1,0,1,0,0
"POINT (6.750244820000034 51.232949748000067)",Unfall 48959 (2023) Kat:3, Licht: 0,48959,3,5,1,09,06,2,0,0,0,1,0,1,0,0
"POINT (6.800277758000050 51.219510927000044)",Unfall 48960 (2023) Kat:2, Licht: 0,48960,2,3,5,09,08,2,0,0,1,0,0,0,0,0
"POINT (6.751252359000034 51.231429980000030)",Unfall 49051 (2023) Kat:3, Licht: 0,49051,3,6,0,09,13,1,0,0,0,1,0,1,0,0
"POINT (6.783060322000040 51.248244157000045)",Unfall 49151 (2023) Kat:3, Licht: 0,49151,3,1,1,09,12,7,0,0,0,1,0,0,0,0
"POINT (6.771748249000041 51.232635758000072)",Unfall 49152 (2023) Kat:3, Licht: 2,49152,3,3,5,09,23,7,0,2,1,1,0,0,0,0
"POINT (6.809961656000041 51.230043186000046)",Unfall 49285 (2023) Kat:3, Licht: 0,49285,3,2,5,09,18,6,0,0,1,1,0,0,0,0
"POINT (6.810842970000067 51.222868216000052)",Unfall 49286 (2023) Kat:3, Licht: 0,49286,3,2,5,09,13,6,0,0,1,1,0,0,0,0
"POINT (6.809036720000051 51.220865661000062)",Unfall 49287 (2023) Kat:3, Licht: 2,49287,3,6,1,09,05,6,0,2,0,1,0,1,0,0
"POINT (6.825423131000036 51.269523146000040)",Unfall 49288 (2023) Kat:3, Licht: 0,49288,3,6,2,09,14,6,0,0,0,1,0,1,0,0
"POINT (6.791785090000076 51.276280810000060)",Unfall 49459 (2023) Kat:3, Licht: 0,49459,3,6,3,09,16,5,0,0,0,1,0,0,0,0
"POINT (6.756621261000021 51.204722504000074)",Unfall 49594 (2023) Kat:3, Licht: 0,49594,3,7,0,09,15,4,0,0,1,0,0,0,0,0
"POINT (6.805105554000022 51.256882804000043)",Unfall 49595 (2023) Kat:2, Licht: 0,49595,2,6,3,09,18,4,0,0,1,0,0,0,0,0
"POINT (6.745295773000066 51.279615141000079)",Unfall 49596 (2023) Kat:3, Licht: 0,49596,3,6,3,09,17,4,0,0,0,1,0,1,0,0
"POINT (6.804294793000054 51.250752143000057)",Unfall 49597 (2023) Kat:3, Licht: 0,49597,3,7,0,09,09,4,0,0,1,0,0,0,0,0
"POINT (6.782862129000023 51.217082292000043)",Unfall 49766 (2023) Kat:3, Licht: 2,49766,3,3,5,09,21,3,0,2,0,1,0,0,0,0
"POINT (6.896211096000059 51.147790801000042)",Unfall 49767 (2023) Kat:2, Licht: 0,49767,2,7,0,09,10,3,0,0,0,0,0,0,0,1
"POINT (6.810610686000075 51.262189883000076)",Unfall 49768 (2023) Kat:3, Licht: 0,49768,3,7,0,09,08,3,0,0,0,0,0,0,0,1
"POINT (6.799738669000021 51.250168900000062)",Unfall 49769 (2023) Kat:3, Licht: 0,49769,3,7,6,09,11,3,0,0,0,1,1,0,0,0
"POINT (6.821433788000036 51.183877522000046)",Unfall 49935 (2023) Kat:3, Licht: 1,49935,3,2,5,09,20,2,0,1,1,1,0,0,0,0
"POINT (6.771317961000022 51.242643158000078)",Unfall 49937 (2023) Kat:3, Licht: 0,49937,3,3,5,09,08,2,0,0,1,1,0,0,0,0
"POINT (6.797078182000064 51.248399627000026)",Unfall 49938 (2023) Kat:2, Licht: 0,49938,2,1,0,09,11,2,0,0,1,0,0,0,0,0
"POINT (6.765129292000040 51.256011327000067)",Unfall 49939 (2023) Kat:3, Licht: 2,49939,3,6,3,09,05,2,0,2,0,1,0,0,1,0
"POINT (6.803028219000055 51.216595978000043)",Unfall 49940 (2023) Kat:2, Licht: 0,49940,2,3,5,09,17,2,0,0,0,0,0,1,0,1
"POINT (6.698556114000041 51.225760636000075)",Unfall 49942 (2023) Kat:3, Licht: 0,49942,3,2,5,09,08,2,0,0,1,0,0,0,0,1
"POINT (6.776612518000036 51.193918455000073)",Unfall 50060 (2023) Kat:3, Licht: 0,50060,3,6,1,09,12,1,0,0,0,1,0,0,0,0
"POINT (6.905032382000059 51.138439647000041)",Unfall 50061 (2023) Kat:3, Licht: 0,50061,3,3,5,09,13,1,0,0,0,1,0,1,0,0
"POINT (6.781887329000028 51.230259770000032)",Unfall 50062 (2023) Kat:3, Licht: 0,50062,3,3,5,09,11,1,0,0,1,1,0,0,0,0
"POINT (6.771794192000073 51.236549364000041)",Unfall 50107 (2023) Kat:3, Licht: 0,50107,3,3,5,09,08,7,0,0,0,1,0,0,0,0
"POINT (6.786135581000053 51.253955947000065)",Unfall 50167 (2023) Kat:3, Licht: 0,50167,3,6,2,09,12,7,0,0,0,1,0,0,0,0
"POINT (6.775929536000035 51.262682172000041)",Unfall 50168 (2023) Kat:3, Licht: 0,50168,3,6,4,09,15,7,0,0,1,0,0,0,0,0
"POINT (6.917570626000042 51.258508124000059)",Unfall 50211 (2023) Kat:2, Licht: 0,50211,2,1,8,09,17,1,0,0,0,1,0,0,0,0
"POINT (6.809331195000027 51.176033342000039)",Unfall 50227 (2023) Kat:2, Licht: 0,50227,2,2,5,09,16,3,0,0,0,1,0,0,0,0
"POINT (6.757413508000070 51.207567071000028)",Unfall 50288 (2023) Kat:2, Licht: 0,50288,2,2,5,09,13,6,1,0,1,1,0,0,0,0
"POINT (6.754453246000026 51.200851329000045)",Unfall 50289 (2023) Kat:3, Licht: 0,50289,3,6,3,09,19,6,0,0,0,1,0,1,0,0
"POINT (6.800382771000045 51.230432947000054)",Unfall 50290 (2023) Kat:2, Licht: 0,50290,2,7,5,09,11,6,1,0,0,1,0,0,0,1
"POINT (6.866107931000045 51.223302949000072)",Unfall 50293 (2023) Kat:3, Licht: 0,50293,3,6,1,09,12,6,1,0,0,1,0,0,0,0
"POINT (6.774021808000043 51.241096254000070)",Unfall 50303 (2023) Kat:3, Licht: 0,50303,3,6,0,09,08,3,1,0,0,0,0,1,0,0
"POINT (6.856059392000020 51.245488469000065)",Unfall 50442 (2023) Kat:3, Licht: 0,50442,3,3,1,08,14,5,0,0,0,1,0,0,1,0
"POINT (6.767183646000035 51.200305679000053)",Unfall 50478 (2023) Kat:2, Licht: 0,50478,2,3,5,09,12,6,0,0,0,0,0,1,1,0
"POINT (6.770775224000033 51.199982671000043)",Unfall 50600 (2023) Kat:2, Licht: 0,50600,2,7,8,08,13,4,1,0,0,1,0,0,0,0
"POINT (6.783116945000074 51.217906984000081)",Unfall 50601 (2023) Kat:3, Licht: 0,50601,3,6,3,08,13,4,1,0,0,1,0,1,0,0
"POINT (6.772642833000020 51.300918946000081)",Unfall 50602 (2023) Kat:3, Licht: 2,50602,3,7,9,08,20,4,1,2,0,1,0,0,0,0
"POINT (6.780617603000053 51.253974565000078)",Unfall 50603 (2023) Kat:3, Licht: 1,50603,3,6,3,08,05,4,0,1,0,1,0,0,1,0
"POINT (6.786174762000030 51.253953661000025)",Unfall 50604 (2023) Kat:3, Licht: 0,50604,3,6,2,08,13,4,1,0,0,1,0,0,0,1
"POINT (6.760568894000073 51.231671328000061)",Unfall 50606 (2023) Kat:3, Licht: 0,50606,3,6,3,08,08,4,0,0,1,0,0,0,0,0
"POINT (6.848038644000042 51.196897310000054)",Unfall 50683 (2023) Kat:3, Licht: 0,50683,3,6,1,09,09,3,1,0,0,1,0,0,0,0
"POINT (6.857829547000051 51.207217716000059)",Unfall 50741 (2023) Kat:2, Licht: 2,50741,2,1,8,08,00,3,0,2,0,1,0,0,0,0
"POINT (6.782121516000075 51.249881120000055)",Unfall 50742 (2023) Kat:3, Licht: 0,50742,3,7,4,08,12,3,0,0,0,1,0,1,0,0
"POINT (6.810624777000044 51.262184378000029)",Unfall 50743 (2023) Kat:3, Licht: 0,50743,3,3,0,08,13,3,0,0,1,0,0,0,0,1
"POINT (6.799331542000061 51.213561290000030)",Unfall 50744 (2023) Kat:3, Licht: 0,50744,3,6,3,08,09,3,0,0,1,0,0,0,0,0
"POINT (6.790888800000062 51.212565691000066)",Unfall 50745 (2023) Kat:3, Licht: 0,50745,3,7,6,08,17,3,0,0,1,0,1,0,0,0
"POINT (6.775339842000051 51.200715397000067)",Unfall 50793 (2023) Kat:3, Licht: 0,50793,3,3,5,09,08,6,0,0,0,1,0,0,0,1
"POINT (6.786507412000049 51.222765188000039)",Unfall 50856 (2023) Kat:3, Licht: 0,50856,3,4,6,09,14,1,0,0,0,1,1,0,0,0
"POINT (6.804377838000050 51.216784313000062)",Unfall 50866 (2023) Kat:3, Licht: 0,50866,3,7,6,09,12,3,0,0,1,0,1,0,0,0
"POINT (6.799915585000065 51.251377234000074)",Unfall 50885 (2023) Kat:3, Licht: 0,50885,3,6,2,08,17,2,0,0,0,1,0,0,1,0
"POINT (6.719759390000036 51.233722554000053)",Unfall 50886 (2023) Kat:3, Licht: 0,50886,3,6,2,08,08,2,0,0,0,1,0,0,0,0
"POINT (6.720108420000031 51.232353510000053)",Unfall 50889 (2023) Kat:3, Licht: 0,50889,3,2,5,08,10,2,0,0,0,1,0,0,0,1
"POINT (6.820921525000074 51.183749890000058)",Unfall 50976 (2023) Kat:2, Licht: 0,50976,2,7,9,09,10,6,0,0,0,0,0,1,1,0
"POINT (6.834279022000032 51.202259368000057)",Unfall 50977 (2023) Kat:3, Licht: 0,50977,3,1,0,09,09,6,0,0,1,0,0,0,0,0
"POINT (6.909570703000043 51.133327356000052)",Unfall 50978 (2023) Kat:3, Licht: 0,50978,3,1,0,09,17,6,1,0,1,0,0,0,0,0
"POINT (6.786202447000051 51.253952045000062)",Unfall 50979 (2023) Kat:3, Licht: 0,50979,3,6,2,09,16,6,0,0,0,1,0,0,0,0
"POINT (6.800749556000028 51.230492569000035)",Unfall 50980 (2023) Kat:3, Licht: 0,50980,3,7,0,09,17,6,0,0,1,0,0,0,0,1
"POINT (6.822245719000023 51.254677026000081)",Unfall 50981 (2023) Kat:2, Licht: 0,50981,2,7,6,09,12,6,0,0,0,0,1,0,0,1
"POINT (6.764635451000061 51.250160617000063)",Unfall 50982 (2023) Kat:3, Licht: 0,50982,3,2,4,09,11,6,0,0,0,1,0,0,0,1
"POINT (6.816647292000027 51.258968539000080)",Unfall 51081 (2023) Kat:3, Licht: 1,51081,3,7,0,09,16,5,1,1,1,0,0,0,0,1
"POINT (6.793304854000041 51.226918510000075)",Unfall 51086 (2023) Kat:2, Licht: 0,51086,2,4,6,09,16,6,0,0,0,0,1,0,0,1
"POINT (6.803436750000060 51.230871260000072)",Unfall 51186 (2023) Kat:3, Licht: 0,51186,3,3,5,09,08,4,0,0,1,1,0,0,0,0
"POINT (6.806409647000066 51.274497802000042)",Unfall 51187 (2023) Kat:3, Licht: 0,51187,3,6,2,09,07,4,0,0,0,1,0,0,0,0
"POINT (6.786536585000022 51.214920366000058)",Unfall 51291 (2023) Kat:2, Licht: 0,51291,2,6,2,09,15,3,0,0,0,1,0,0,0,0
"POINT (6.796431188000042 51.223610572000041)",Unfall 51292 (2023) Kat:3, Licht: 0,51292,3,6,2,09,15,3,0,0,1,1,0,0,0,0
"POINT (6.762872459000050 51.200715250000030)",Unfall 51418 (2023) Kat:2, Licht: 2,51418,2,7,0,09,19,2,1,2,1,0,0,0,0,0
"POINT (6.760845501000063 51.214632459000029)",Unfall 51419 (2023) Kat:3, Licht: 0,51419,3,6,2,09,10,2,0,0,0,1,0,1,0,0
"POINT (6.802136915000062 51.249045640000077)",Unfall 51420 (2023) Kat:2, Licht: 1,51420,2,7,0,09,19,2,0,1,1,0,0,0,0,0
"POINT (6.803613140000039 51.255357278000076)",Unfall 51421 (2023) Kat:3, Licht: 0,51421,3,2,5,09,15,2,0,0,1,0,0,0,0,1
"POINT (6.739496218000056 51.198515409000038)",Unfall 51510 (2023) Kat:3, Licht: 0,51510,3,3,5,09,17,1,0,0,1,1,0,0,0,0
"POINT (6.862280972000065 51.246773065000070)",Unfall 51511 (2023) Kat:3, Licht: 2,51511,3,6,4,09,01,1,1,2,0,1,0,0,0,0
"POINT (6.754574461000061 51.231626986000038)",Unfall 51606 (2023) Kat:3, Licht: 0,51606,3,1,0,09,14,4,0,0,0,0,0,0,0,1
"POINT (6.885176266000030 51.174357193000048)",Unfall 51635 (2023) Kat:3, Licht: 0,51635,3,1,0,09,19,7,1,0,0,1,0,0,0,0
"POINT (6.782527908000077 51.209011130000079)",Unfall 51636 (2023) Kat:3, Licht: 2,51636,3,6,2,09,20,7,1,2,0,1,0,0,0,0
"POINT (6.826525473000061 51.206037275000028)",Unfall 51637 (2023) Kat:3, Licht: 2,51637,3,1,0,09,20,7,1,2,0,0,0,1,0,0
"POINT (6.774257407000050 51.268297700000062)",Unfall 51638 (2023) Kat:3, Licht: 2,51638,3,5,8,09,19,7,1,2,0,1,0,0,0,0
"POINT (6.819201496000062 51.257223074000080)",Unfall 51639 (2023) Kat:3, Licht: 0,51639,3,3,5,09,12,7,0,0,0,1,0,0,0,0
"POINT (6.912645223000027 51.250751290000039)",Unfall 51788 (2023) Kat:3, Licht: 0,51788,3,6,2,09,16,6,0,0,0,1,0,0,0,0
"POINT (6.795128398000031 51.247565183000063)",Unfall 51790 (2023) Kat:3, Licht: 2,51790,3,1,0,09,21,6,0,2,1,0,0,0,0,0
"POINT (6.771830814000054 51.276924016000066)",Unfall 51919 (2023) Kat:3, Licht: 0,51919,3,6,3,09,12,5,0,0,0,1,0,0,1,0
"POINT (6.787610130000076 51.224126285000068)",Unfall 51922 (2023) Kat:3, Licht: 0,51922,3,6,1,09,15,5,0,0,0,1,0,0,0,0
"POINT (6.789945848000059 51.199916563000045)",Unfall 52050 (2023) Kat:3, Licht: 0,52050,3,1,0,09,08,4,1,0,0,0,0,1,0,0
"POINT (6.807161095000026 51.177890664000074)",Unfall 52051 (2023) Kat:3, Licht: 0,52051,3,6,2,09,13,4,1,0,0,1,0,0,0,0
"POINT (6.849828525000021 51.231334836000030)",Unfall 52053 (2023) Kat:2, Licht: 0,52053,2,4,6,09,12,4,0,0,0,1,1,0,0,0
"POINT (6.769407788000024 51.252371746000051)",Unfall 52054 (2023) Kat:3, Licht: 2,52054,3,5,0,09,21,4,0,2,1,1,0,0,0,1
"POINT (6.811459978000073 51.224867540000048)",Unfall 52055 (2023) Kat:3, Licht: 0,52055,3,5,5,09,11,4,0,0,1,1,0,0,0,0
"POINT (6.791256366000027 51.212355287000037)",Unfall 52056 (2023) Kat:3, Licht: 0,52056,3,4,6,09,13,4,1,0,0,1,1,0,0,0
"POINT (6.803079333000028 51.215836808000063)",Unfall 52057 (2023) Kat:3, Licht: 0,52057,3,3,5,09,17,4,0,0,1,1,0,0,0,0
"POINT (6.783232828000052 51.202998967000042)",Unfall 52100 (2023) Kat:3, Licht: 0,52100,3,2,5,10,17,2,0,0,1,1,0,0,0,0
"POINT (6.807144228000027 51.258775502000049)",Unfall 52101 (2023) Kat:3, Licht: 0,52101,3,2,5,10,10,2,0,0,1,1,0,0,0,0
"POINT (6.782502339000075 51.223025760000041)",Unfall 52102 (2023) Kat:3, Licht: 0,52102,3,3,5,10,10,2,0,0,0,1,0,0,0,0
"POINT (6.774343302000034 51.240003265000041)",Unfall 52232 (2023) Kat:3, Licht: 2,52232,3,3,5,10,22,7,0,2,0,1,0,0,0,1
"POINT (6.723438839000039 51.232127097000046)",Unfall 52233 (2023) Kat:3, Licht: 0,52233,3,2,5,10,17,7,0,0,1,1,0,0,0,0
"POINT (6.836826619000021 51.199949766000032)",Unfall 52335 (2023) Kat:3, Licht: 2,52335,3,6,2,10,21,6,0,2,0,1,0,0,0,0
"POINT (6.788752767000062 51.245122608000031)",Unfall 52336 (2023) Kat:2, Licht: 0,52336,2,3,0,10,16,6,0,0,1,1,0,0,0,0
"POINT (6.783238861000029 51.224552423000034)",Unfall 52337 (2023) Kat:3, Licht: 2,52337,3,1,0,10,23,6,0,2,0,0,0,0,0,1
"POINT (6.800277758000050 51.219510927000044)",Unfall 52418 (2023) Kat:3, Licht: 0,52418,3,2,5,10,11,5,0,0,0,1,0,0,0,1
"POINT (6.755138409000040 51.200903825000069)",Unfall 52419 (2023) Kat:3, Licht: 0,52419,3,6,3,10,13,5,0,0,0,1,0,0,0,0
"POINT (6.773024100000043 51.239745993000042)",Unfall 52420 (2023) Kat:3, Licht: 1,52420,3,6,5,10,07,5,0,1,1,0,0,0,0,1
"POINT (6.784054188000027 51.203447238000081)",Unfall 52494 (2023) Kat:3, Licht: 0,52494,3,7,0,10,10,4,0,0,0,1,0,0,0,1
"POINT (6.756609825000055 51.231460096000035)",Unfall 52551 (2023) Kat:3, Licht: 2,52551,3,6,2,10,18,3,1,2,0,1,0,0,0,0
"POINT (6.882723323000050 51.158209159000080)",Unfall 52615 (2023) Kat:3, Licht: 0,52615,3,6,2,10,08,2,0,0,0,1,0,1,0,0
"POINT (6.780323738000050 51.253963852000027)",Unfall 52616 (2023) Kat:3, Licht: 2,52616,3,6,3,10,22,2,0,2,0,1,0,0,0,0
"POINT (6.783620353000060 51.247501497000030)",Unfall 52618 (2023) Kat:3, Licht: 0,52618,3,2,6,10,16,2,0,0,0,1,1,0,0,0
"POINT (6.806887050000057 51.258537932000081)",Unfall 52619 (2023) Kat:3, Licht: 0,52619,3,6,2,10,17,2,0,0,0,1,0,0,0,0
"POINT (6.778072365000071 51.259327201000076)",Unfall 52620 (2023) Kat:3, Licht: 0,52620,3,2,5,10,14,2,0,0,1,1,0,0,0,0
"POINT (6.826380916000062 51.206064683000079)",Unfall 52704 (2023) Kat:3, Licht: 0,52704,3,6,2,10,16,1,0,0,0,1,0,1,0,0
"POINT (6.750361697000073 51.271062280000081)",Unfall 52705 (2023) Kat:3, Licht: 0,52705,3,3,5,10,18,1,0,0,0,1,0,0,0,0
"POINT (6.909286429000076 51.195398960000034)",Unfall 52797 (2023) Kat:3, Licht: 0,52797,3,6,2,09,15,7,0,0,0,1,0,0,0,0
"POINT (6.824918181000044 51.265190980000057)",Unfall 52798 (2023) Kat:3, Licht: 2,52798,3,3,5,09,07,7,0,2,1,1,0,0,0,0
"POINT (6.796795823000025 51.248270632000072)",Unfall 52904 (2023) Kat:3, Licht: 0,52904,3,2,5,09,15,6,1,0,1,1,0,0,0,0
"POINT (6.760117779000041 51.231484440000031)",Unfall 52905 (2023) Kat:3, Licht: 0,52905,3,3,0,09,17,6,1,0,1,1,0,0,0,0
"POINT (6.836426392000021 51.197150545000056)",Unfall 53032 (2023) Kat:3, Licht: 0,53032,3,6,1,09,08,5,0,0,0,1,0,0,0,0
"POINT (6.858237280000026 51.226229033000038)",Unfall 53033 (2023) Kat:3, Licht: 1,53033,3,3,5,09,06,5,0,1,0,1,0,0,0,1
"POINT (6.793033547000050 51.333166210000059)",Unfall 53035 (2023) Kat:3, Licht: 0,53035,3,3,5,09,14,5,0,0,0,1,0,1,0,0
"POINT (6.795642147000024 51.224475833000042)",Unfall 53036 (2023) Kat:3, Licht: 0,53036,3,2,0,09,14,5,0,0,1,0,0,0,0,1
"POINT (6.746260754000048 51.342311329000040)",Unfall 53152 (2023) Kat:3, Licht: 0,53152,3,1,0,09,18,4,0,0,1,0,0,0,0,0
"POINT (6.828768959000058 51.241713258000061)",Unfall 53153 (2023) Kat:2, Licht: 0,53153,2,1,8,09,16,4,0,0,0,0,0,1,0,0
"POINT (6.822329416000059 51.251094515000034)",Unfall 53154 (2023) Kat:3, Licht: 0,53154,3,2,0,09,12,4,0,0,0,0,1,0,0,1
"POINT (6.806236120000051 51.250781919000076)",Unfall 53155 (2023) Kat:3, Licht: 0,53155,3,3,5,09,08,4,0,0,1,1,0,0,0,0