WKT,Name,OBJECTID,UKATEGORIE,UTYP1,UART,UMONAT,USTUNDE,UWOCHENTAG,STRZUSTAND,ULICHTVERH,ISTRAD,ISTPKW,ISTFUSS,ISTKRAD,ISTGKFZ,ISTSONSTIG
"POINT (6.743311004000020 51.241084618000059)",Unfall 53167 (2023) Kat:3, Licht: 0,53167,3,3,5,10,08,7,0,0,0,1,0,0,0,0
"POINT (6.795866362000027 51.247874727000067)",Unfall 53309 (2023) Kat:2, Licht: 0,53309,2,4,6,09,15,3,0,0,1,0,1,0,0,0
"POINT (6.786193206000064 51.204608675000031)",Unfall 53454 (2023) Kat:3, Licht: 0,53454,3,2,5,09,07,2,0,0,0,1,0,0,0,1
"POINT (6.807593559000054 51.177501826000082)",Unfall 53455 (2023) Kat:3, Licht: 1,53455,3,6,2,09,19,2,0,1,0,1,0,0,0,1
"POINT (6.788217733000067 51.224842663000061)",Unfall 53456 (2023) Kat:3, Licht: 0,53456,3,3,5,09,08,2,0,0,1,1,0,0,0,0
"POINT (6.707975476000058 51.277157466000062)",Unfall 53578 (2023) Kat:2, Licht: 0,53578,2,6,3,09,17,1,0,0,1,0,0,0,0,0
"POINT (6.903107079000051 51.140855410000029)",Unfall 53583 (2023) Kat:3, Licht: 2,53583,3,2,5,09,20,1,0,2,0,1,0,0,0,0
"POINT (6.909546603000024 51.195305400000052)",Unfall 53691 (2023) Kat:3, Licht: 0,53691,3,6,2,09,17,7,0,0,0,1,0,0,0,0
"POINT (6.845137024000053 51.199022014000036)",Unfall 53692 (2023) Kat:3, Licht: 2,53692,3,4,6,09,21,7,0,2,0,1,1,0,0,0
"POINT (6.857934553000064 51.226885081000034)",Unfall 53693 (2023) Kat:3, Licht: 0,53693,3,3,5,09,18,7,0,0,1,1,0,0,0,0
"POINT (6.800709372000028 51.214825794000035)",Unfall 53694 (2023) Kat:3, Licht: 0,53694,3,2,5,09,11,7,0,0,1,1,0,0,0,0
"POINT (6.777085824000039 51.229743251000059)",Unfall 53695 (2023) Kat:3, Licht: 0,53695,3,2,2,09,13,7,0,0,0,1,0,1,0,0
"POINT (6.743541993000065 51.240557241000033)",Unfall 53697 (2023) Kat:3, Licht: 2,53697,3,3,5,09,20,7,0,2,0,1,0,0,0,0
"POINT (6.909592888000020 51.195287306000068)",Unfall 53815 (2023) Kat:2, Licht: 0,53815,2,2,4,10,11,6,1,0,0,1,0,0,0,0
"POINT (6.854254502000060 51.237380744000063)",Unfall 53816 (2023) Kat:2, Licht: 0,53816,2,1,0,10,16,6,1,0,0,0,0,0,0,1
"POINT (6.801582182000061 51.243437723000056)",Unfall 53917 (2023) Kat:3, Licht: 2,53917,3,3,5,10,21,5,0,2,1,1,0,0,0,0
"POINT (6.800911456000051 51.214708784000038)",Unfall 53918 (2023) Kat:3, Licht: 0,53918,3,4,6,10,08,5,0,0,0,1,1,0,0,0
"POINT (6.781394799000054 51.251692642000080)",Unfall 54007 (2023) Kat:3, Licht: 0,54007,3,6,0,10,15,4,0,0,0,1,0,0,0,0
"POINT (6.839849684000058 51.236185643000056)",Unfall 54008 (2023) Kat:3, Licht: 0,54008,3,6,2,10,14,4,1,0,0,1,0,0,0,0
"POINT (6.788687181000057 51.231942896000078)",Unfall 54009 (2023) Kat:2, Licht: 2,54009,2,4,0,10,07,4,0,2,0,1,1,0,0,0
"POINT (6.855021046000047 51.245251784000061)",Unfall 54010 (2023) Kat:3, Licht: 0,54010,3,1,9,10,16,4,1,0,0,1,0,0,0,0
"POINT (6.774404475000040 51.308782940000071)",Unfall 54011 (2023) Kat:3, Licht: 0,54011,3,6,3,10,16,4,1,0,0,1,0,0,0,0
"POINT (6.801832493000063 51.250244847000033)",Unfall 54012 (2023) Kat:3, Licht: 0,54012,3,6,2,10,15,4,1,0,0,1,1,0,0,0
"POINT (6.801787077000029 51.243443507000052)",Unfall 54041 (2023) Kat:3, Licht: 2,54041,3,6,2,10,19,4,1,2,0,1,0,0,0,1
"POINT (6.796744640000043 51.252395664000062)",Unfall 54123 (2023) Kat:3, Licht: 0,54123,3,6,2,10,11,3,0,0,0,1,0,0,1,0
"POINT (6.859141347000048 51.237223266000058)",Unfall 54124 (2023) Kat:3, Licht: 0,54124,3,7,5,10,10,3,0,0,0,1,0,0,0,1
"POINT (6.757713996000064 51.208301779000067)",Unfall 54244 (2023) Kat:3, Licht: 1,54244,3,7,1,10,17,2,1,1,0,1,0,1,0,0
"POINT (6.785878016000026 51.253967153000076)",Unfall 54245 (2023) Kat:3, Licht: 2,54245,3,2,5,10,18,2,1,2,1,1,0,0,0,0
"POINT (6.771537627000043 51.231883562000064)",Unfall 54246 (2023) Kat:3, Licht: 0,54246,3,6,2,10,15,2,0,0,0,1,0,0,0,0
"POINT (6.782816061000062 51.222890707000033)",Unfall 54247 (2023) Kat:2, Licht: 2,54247,2,4,6,10,23,2,1,2,0,0,1,0,0,1
"POINT (6.731253852000066 51.248150284000076)",Unfall 54248 (2023) Kat:3, Licht: 2,54248,3,2,6,10,19,2,1,2,0,1,1,0,0,0
"POINT (6.803417761000048 51.216191884000068)",Unfall 54508 (2023) Kat:3, Licht: 2,54508,3,2,5,10,18,4,1,2,1,1,0,0,0,0
"POINT (6.793933205000030 51.268407620000062)",Unfall 54539 (2023) Kat:3, Licht: 1,54539,3,6,2,10,16,6,1,1,0,1,0,0,0,0
"POINT (6.909598822000021 51.195284987000036)",Unfall 54542 (2023) Kat:3, Licht: 0,54542,3,3,5,10,11,6,1,0,0,1,0,0,0,1
"POINT (6.782599880000021 51.213769156000069)",Unfall 54685 (2023) Kat:3, Licht: 2,54685,3,4,6,10,07,5,1,2,0,1,1,0,0,0
"POINT (6.806589125000073 51.258262637000030)",Unfall 54686 (2023) Kat:3, Licht: 0,54686,3,6,2,10,10,5,1,0,0,1,0,1,0,0
"POINT (6.731463004000034 51.234235887000068)",Unfall 54687 (2023) Kat:3, Licht: 0,54687,3,7,9,10,09,5,0,0,0,1,0,0,0,1
"POINT (6.788082188000033 51.304178754000077)",Unfall 54799 (2023) Kat:3, Licht: 2,54799,3,1,8,10,00,4,0,2,0,1,0,0,0,0
"POINT (6.781796305000057 51.218934788000070)",Unfall 54918 (2023) Kat:3, Licht: 0,54918,3,2,5,10,10,3,0,0,0,1,0,0,0,1
"POINT (6.836810223000043 51.197326265000072)",Unfall 54919 (2023) Kat:2, Licht: 0,54919,2,4,6,10,15,3,0,0,0,1,1,0,0,0
"POINT (6.852488388000040 51.196249517000069)",Unfall 54920 (2023) Kat:3, Licht: 1,54920,3,6,2,10,17,6,1,1,0,1,0,0,0,1
"POINT (6.802089401000046 51.240876742000069)",Unfall 54921 (2023) Kat:3, Licht: 0,54921,3,6,2,10,09,3,0,0,0,1,0,0,0,0
"POINT (6.859384179000074 51.241805694000050)",Unfall 54922 (2023) Kat:3, Licht: 0,54922,3,3,5,10,08,3,0,0,1,1,0,0,0,0
"POINT (6.816609461000041 51.271340406000036)",Unfall 55049 (2023) Kat:2, Licht: 1,55049,2,2,5,10,06,2,0,1,1,0,0,0,1,0
"POINT (6.912786295000046 51.268802210000047)",Unfall 55128 (2023) Kat:2, Licht: 0,55128,2,6,2,10,13,1,0,0,0,1,0,0,0,0
"POINT (6.846430618000056 51.199658057000079)",Unfall 55132 (2023) Kat:3, Licht: 0,55132,3,6,2,10,17,1,0,0,0,1,0,0,0,0
"POINT (6.791598490000069 51.276160365000067)",Unfall 55133 (2023) Kat:3, Licht: 0,55133,3,1,0,10,10,1,1,0,0,1,0,1,0,0
"POINT (6.803552189000072 51.216051792000030)",Unfall 55134 (2023) Kat:3, Licht: 0,55134,3,1,0,10,12,1,1,0,0,0,0,0,0,1
"POINT (6.785505907000072 51.215563701000065)",Unfall 55212 (2023) Kat:2, Licht: 2,55212,2,1,0,10,02,7,0,2,0,0,0,0,0,1
"POINT (6.780168482000022 51.253970381000045)",Unfall 55213 (2023) Kat:2, Licht: 0,55213,2,3,5,10,17,7,0,0,1,1,0,0,0,0
"POINT (6.744535557000063 51.229789523000079)",Unfall 55214 (2023) Kat:3, Licht: 0,55214,3,2,5,10,13,7,0,0,1,0,0,1,0,0
"POINT (6.790933403000054 51.229496957000038)",Unfall 55215 (2023) Kat:3, Licht: 0,55215,3,7,5,10,16,7,1,0,0,1,0,0,0,1
"POINT (6.789753354000027 51.213167496000040)",Unfall 55256 (2023) Kat:2, Licht: 1,55256,2,1,4,10,18,1,0,1,0,0,0,0,0,1
"POINT (6.790772161000064 51.199543257000073)",Unfall 55330 (2023) Kat:3, Licht: 0,55330,3,3,5,10,09,6,0,0,1,0,0,0,0,1
"POINT (6.786933594000061 51.214672636000046)",Unfall 55331 (2023) Kat:3, Licht: 2,55331,3,3,6,10,07,6,1,2,1,0,1,0,0,0
"POINT (6.840070423000043 51.197741661000066)",Unfall 55332 (2023) Kat:3, Licht: 2,55332,3,3,5,10,01,6,0,2,0,1,0,0,0,0
"POINT (6.866977026000029 51.215113865000035)",Unfall 55333 (2023) Kat:3, Licht: 2,55333,3,7,0,10,19,6,1,2,0,1,0,0,0,1
"POINT (6.809908102000065 51.261627486000066)",Unfall 55353 (2023) Kat:3, Licht: 0,55353,3,2,4,10,12,5,1,0,1,1,0,0,0,0
"POINT (6.864122656000063 51.213592889000040)",Unfall 55466 (2023) Kat:3, Licht: 0,55466,3,3,5,10,08,5,1,0,0,1,0,0,0,0
"POINT (6.796715179000046 51.252403174000051)",Unfall 55467 (2023) Kat:3, Licht: 2,55467,3,2,5,10,21,5,1,2,0,1,0,0,0,0
"POINT (6.807894872000077 51.233748334000040)",Unfall 55468 (2023) Kat:3, Licht: 0,55468,3,3,5,10,17,5,1,0,1,1,0,0,0,0
"POINT (6.805229441000051 51.209436359000051)",Unfall 55469 (2023) Kat:3, Licht: 0,55469,3,2,5,10,09,5,1,0,1,1,0,0,0,0
"POINT (6.785236958000041 51.203163183000072)",Unfall 55617 (2023) Kat:3, Licht: 0,55617,3,6,3,10,14,4,0,0,0,1,0,0,0,1
"POINT (6.782066687000054 51.218446722000067)",Unfall 55618 (2023) Kat:3, Licht: 0,55618,3,6,3,10,09,4,0,0,0,1,0,1,0,0
"POINT (6.808712737000064 51.220891783000070)",Unfall 55619 (2023) Kat:3, Licht: 2,55619,3,3,5,10,22,4,0,2,0,1,0,0,0,0
"POINT (6.810285136000061 51.262317582000037)",Unfall 55620 (2023) Kat:3, Licht: 0,55620,3,7,8,10,11,4,0,0,0,0,0,0,0,1
"POINT (6.786645886000031 51.222946911000065)",Unfall 55621 (2023) Kat:3, Licht: 0,55621,3,6,2,10,14,4,0,0,0,1,0,0,0,0
"POINT (6.812110809000046 51.192956992000063)",Unfall 55774 (2023) Kat:3, Licht: 0,55774,3,6,2,10,16,3,0,0,0,0,0,0,0,1
"POINT (6.787457173000064 51.214382202000081)",Unfall 55779 (2023) Kat:3, Licht: 0,55779,3,7,6,10,16,3,0,0,0,0,1,0,1,0
"POINT (6.821984960000066 51.170131024000057)",Unfall 55932 (2023) Kat:3, Licht: 2,55932,3,6,2,11,07,5,1,2,0,1,0,0,0,0
"POINT (6.771057734000067 51.199957037000047)",Unfall 56008 (2023) Kat:3, Licht: 0,56008,3,6,2,11,10,4,0,0,0,1,0,0,1,0
"POINT (6.802506503000075 51.250626900000043)",Unfall 56009 (2023) Kat:3, Licht: 2,56009,3,3,5,11,18,4,1,2,1,1,0,0,0,0
"POINT (6.723931550000032 51.234137693000037)",Unfall 56010 (2023) Kat:3, Licht: 2,56010,3,6,2,11,17,4,1,2,0,1,0,0,0,0
"POINT (6.797716697000055 51.212517250000076)",Unfall 56011 (2023) Kat:3, Licht: 0,56011,3,6,2,11,07,4,0,0,0,1,0,0,0,0
"POINT (6.864470475000076 51.223234023000032)",Unfall 56115 (2023) Kat:3, Licht: 0,56115,3,6,2,11,09,3,0,0,0,1,0,0,0,0
"POINT (6.781489768000029 51.251507442000047)",Unfall 56223 (2023) Kat:3, Licht: 2,56223,3,6,3,11,18,2,1,2,0,1,0,1,0,0
"POINT (6.800823889000071 51.250704877000032)",Unfall 56224 (2023) Kat:3, Licht: 0,56224,3,3,5,11,09,2,0,0,1,1,0,0,0,0
"POINT (6.787068746000045 51.230827060000081)",Unfall 56225 (2023) Kat:3, Licht: 0,56225,3,3,5,11,08,2,0,0,0,1,0,0,0,0
"POINT (6.797681076000060 51.255596014000048)",Unfall 56300 (2023) Kat:3, Licht: 1,56300,3,6,3,11,07,5,1,1,0,1,0,0,1,0
"POINT (6.817300112000055 51.233948239000028)",Unfall 56301 (2023) Kat:2, Licht: 2,56301,2,2,5,11,21,1,1,2,0,1,0,0,0,0
"POINT (6.761460258000056 51.260813334000034)",Unfall 56302 (2023) Kat:2, Licht: 0,56302,2,1,9,11,08,1,1,0,0,1,0,0,0,0
"POINT (6.783937526000045 51.219243109000047)",Unfall 56303 (2023) Kat:3, Licht: 2,56303,3,7,6,11,17,1,1,2,0,1,1,0,0,0
"POINT (6.772625565000055 51.199993827000071)",Unfall 56373 (2023) Kat:3, Licht: 2,56373,3,6,2,11,22,7,0,2,0,1,0,0,0,0
"POINT (6.777549902000032 51.279237875000035)",Unfall 56454 (2023) Kat:3, Licht: 2,56454,3,7,8,11,22,6,0,2,0,1,0,0,0,0
"POINT (6.783635873000037 51.218732580000051)",Unfall 56458 (2023) Kat:3, Licht: 0,56458,3,6,2,11,16,6,0,0,0,1,0,1,0,0
"POINT (6.803408268000055 51.216201683000065)",Unfall 56459 (2023) Kat:3, Licht: 2,56459,3,3,5,11,19,6,0,2,1,1,0,0,0,0
"POINT (6.755520897000054 51.201036122000062)",Unfall 56569 (2023) Kat:3, Licht: 2,56569,3,2,5,11,19,5,0,2,0,1,0,0,0,0
"POINT (6.836936489000038 51.197373748000075)",Unfall 56570 (2023) Kat:2, Licht: 0,56570,2,3,5,11,15,5,0,0,1,1,0,0,0,0
"POINT (6.775929536000035 51.262682172000041)",Unfall 56571 (2023) Kat:3, Licht: 0,56571,3,2,6,11,09,5,1,0,0,1,1,0,0,0
"POINT (6.795818085000064 51.224283308000054)",Unfall 56573 (2023) Kat:2, Licht: 2,56573,2,7,0,11,03,5,0,2,0,0,0,0,0,1
"POINT (6.795896045000063 51.210978407000027)",Unfall 56574 (2023) Kat:3, Licht: 1,56574,3,4,6,11,08,5,1,1,0,1,1,0,0,0
"POINT (6.795890065000037 51.210974435000026)",Unfall 56575 (2023) Kat:3, Licht: 0,56575,3,6,2,11,15,5,0,0,0,1,0,0,0,1
"POINT (6.781537371000070 51.251401899000030)",Unfall 56650 (2023) Kat:3, Licht: 0,56650,3,3,5,11,13,4,0,0,0,0,0,0,0,1
"POINT (6.808787816000063 51.220952935000071)",Unfall 56651 (2023) Kat:2, Licht: 2,56651,2,3,5,11,00,4,1,2,0,1,0,0,0,0
"POINT (6.807779874000062 51.208878765000065)",Unfall 56652 (2023) Kat:3, Licht: 0,56652,3,2,2,11,13,4,0,0,0,1,0,0,0,0
"POINT (6.914488780000056 51.256703097000070)",Unfall 56761 (2023) Kat:2, Licht: 0,56761,2,6,9,10,14,3,0,0,0,1,0,0,0,1
"POINT (6.790911028000039 51.192796177000048)",Unfall 56764 (2023) Kat:2, Licht: 0,56764,2,6,3,10,11,3,0,0,0,1,0,1,0,1
"POINT (6.860612698000068 51.209897975000047)",Unfall 56765 (2023) Kat:3, Licht: 0,56765,3,1,0,10,14,3,1,0,0,0,0,0,0,1
"POINT (6.802498591000074 51.230664219000062)",Unfall 56766 (2023) Kat:3, Licht: 0,56766,3,4,6,10,12,3,1,0,1,0,1,0,0,0
"POINT (6.801786635000042 51.243418119000069)",Unfall 56767 (2023) Kat:3, Licht: 2,56767,3,3,5,10,17,3,1,2,0,1,0,0,0,0
"POINT (6.779919276000044 51.202308480000056)",Unfall 56919 (2023) Kat:3, Licht: 0,56919,3,6,6,10,10,2,1,0,0,1,1,0,0,0
"POINT (6.784548135000023 51.216164520000063)",Unfall 56921 (2023) Kat:3, Licht: 2,56921,3,6,3,10,06,2,1,2,1,0,0,0,0,1
"POINT (6.771684335000032 51.233424376000073)",Unfall 56922 (2023) Kat:3, Licht: 0,56922,3,6,4,10,08,2,0,0,1,0,0,0,0,1
"POINT (6.745949786000040 51.235832199000072)",Unfall 56923 (2023) Kat:3, Licht: 0,56923,3,6,2,10,15,2,0,0,0,1,0,0,0,0
"POINT (6.701078506000044 51.231519814000080)",Unfall 56924 (2023) Kat:3, Licht: 1,56924,3,6,2,10,19,2,0,1,0,1,0,0,0,0
"POINT (6.773353687000053 51.199820271000078)",Unfall 57013 (2023) Kat:2, Licht: 0,57013,2,2,5,10,13,1,1,0,1,1,0,0,0,0
"POINT (6.896772957000053 51.260900346000028)",Unfall 57014 (2023) Kat:3, Licht: 2,57014,3,2,5,10,18,1,1,2,0,1,0,0,0,0
"POINT (6.772232232000022 51.232629806000034)",Unfall 57016 (2023) Kat:3, Licht: 2,57016,3,6,2,10,19,1,1,2,0,1,0,0,0,0
"POINT (6.903242126000066 51.140700353000057)",Unfall 57101 (2023) Kat:3, Licht: 2,57101,3,1,0,10,18,7,1,2,0,0,0,1,0,0
"POINT (6.774473460000024 51.308542362000026)",Unfall 57103 (2023) Kat:3, Licht: 0,57103,3,1,8,10,17,7,1,0,0,1,0,0,0,0
"POINT (6.782502339000075 51.223025760000041)",Unfall 57104 (2023) Kat:3, Licht: 2,57104,3,3,5,10,20,7,1,2,0,1,0,0,0,1
"POINT (6.867009108000047 51.215074302000062)",Unfall 57121 (2023) Kat:3, Licht: 2,57121,3,6,2,11,06,1,1,2,0,1,0,0,0,0
"POINT (6.894137925000052 51.190970256000071)",Unfall 57185 (2023) Kat:3, Licht: 1,57185,3,6,2,11,07,7,1,1,0,0,0,0,0,1
"POINT (6.794367894000061 51.271650533000070)",Unfall 57187 (2023) Kat:3, Licht: 0,57187,3,1,0,11,15,7,1,0,0,0,0,1,0,0
"POINT (6.815411092000033 51.180501076000041)",Unfall 57295 (2023) Kat:2, Licht: 0,57295,2,4,6,11,09,6,0,0,0,1,1,0,0,0
"POINT (6.798085011000069 51.248801720000074)",Unfall 57296 (2023) Kat:3, Licht: 1,57296,3,6,3,11,16,6,1,1,0,1,0,0,0,0
"POINT (6.923308502000054 51.256357799000057)",Unfall 57297 (2023) Kat:3, Licht: 0,57297,3,3,5,11,15,6,1,0,0,1,0,0,0,0
"POINT (6.796614433000059 51.248192612000082)",Unfall 57298 (2023) Kat:3, Licht: 0,57298,3,6,2,11,11,6,1,0,0,1,0,0,0,0
"POINT (6.803459668000073 51.216231424000057)",Unfall 57299 (2023) Kat:3, Licht: 0,57299,3,2,5,11,14,6,0,0,1,1,0,0,0,0
"POINT (6.796382302000040 51.211509944000056)",Unfall 57300 (2023) Kat:3, Licht: 0,57300,3,6,2,11,13,6,0,0,0,1,0,0,0,0
"POINT (6.793686374000060 51.226519842000073)",Unfall 57301 (2023) Kat:3, Licht: 0,57301,3,6,0,11,10,6,1,0,1,0,0,0,0,0
"POINT (6.773378011000034 51.324499026000069)",Unfall 57407 (2023) Kat:3, Licht: 0,57407,3,5,1,11,13,5,0,0,1,1,0,0,0,0
"POINT (6.803408268000055 51.216201683000065)",Unfall 57408 (2023) Kat:3, Licht: 2,57408,3,2,5,11,20,5,1,2,0,0,0,0,0,1
"POINT (6.730779937000023 51.232739356000081)",Unfall 57409 (2023) Kat:3, Licht: 0,57409,3,7,6,11,12,5,0,0,0,1,1,0,0,0
"POINT (6.833360597000024 51.273299039000051)",Unfall 57495 (2023) Kat:3, Licht: 1,57495,3,6,2,11,16,4,0,1,0,1,0,0,0,0
"POINT (6.771641456000054 51.231083572000045)",Unfall 57496 (2023) Kat:3, Licht: 1,57496,3,6,2,11,17,4,0,1,0,1,0,0,0,1
"POINT (6.843954483000061 51.198724803000061)",Unfall 57591 (2023) Kat:3, Licht: 2,57591,3,1,0,11,18,3,1,2,0,0,0,0,0,1
"POINT (6.810834230000069 51.262102544000072)",Unfall 57592 (2023) Kat:3, Licht: 0,57592,3,4,6,11,15,3,0,0,0,0,1,0,0,1
"POINT (6.771667873000069 51.235698435000074)",Unfall 57593 (2023) Kat:3, Licht: 2,57593,3,6,2,11,20,3,1,2,0,1,0,0,0,0
"POINT (6.802132812000025 51.248973653000064)",Unfall 57594 (2023) Kat:3, Licht: 2,57594,3,3,5,11,19,3,0,2,1,0,0,0,0,1
"POINT (6.809555927000076 51.230712201000074)",Unfall 57694 (2023) Kat:3, Licht: 0,57694,3,2,3,11,10,7,1,0,0,1,0,0,0,1
"POINT (6.811107329000038 51.245243771000048)",Unfall 57697 (2023) Kat:3, Licht: 0,57697,3,7,0,11,13,2,0,0,0,0,0,0,0,1
"POINT (6.771575022000036 51.239475043000027)",Unfall 57783 (2023) Kat:3, Licht: 2,57783,3,1,9,11,03,1,1,2,0,1,0,0,0,0
"POINT (6.804847978000055 51.216864596000050)",Unfall 57784 (2023) Kat:3, Licht: 0,57784,3,1,6,11,13,1,1,0,1,0,1,0,0,0
"POINT (6.731855790000054 51.234333720000052)",Unfall 57785 (2023) Kat:3, Licht: 0,57785,3,1,9,11,08,1,1,0,0,1,0,0,0,0
"POINT (6.822621295000033 51.238438765000069)",Unfall 57874 (2023) Kat:3, Licht: 0,57874,3,7,3,11,12,7,1,0,0,1,0,0,0,1
"POINT (6.819151457000032 51.235238658000071)",Unfall 57876 (2023) Kat:2, Licht: 2,57876,2,4,6,11,17,7,1,2,0,1,1,0,0,0
"POINT (6.843718590000037 51.240450758000065)",Unfall 57878 (2023) Kat:3, Licht: 2,57878,3,4,6,11,18,7,1,2,0,1,1,0,0,0
"POINT (6.787439667000058 51.234940528000038)",Unfall 57879 (2023) Kat:3, Licht: 2,57879,3,2,6,11,17,7,1,2,0,1,1,0,0,0
"POINT (6.788423688000023 51.276852143000042)",Unfall 57881 (2023) Kat:3, Licht: 2,57881,3,4,6,11,19,7,1,2,0,1,1,0,0,0
"POINT (6.786113944000022 51.243568698000047)",Unfall 57883 (2023) Kat:3, Licht: 2,57883,3,1,9,11,06,7,0,2,0,1,0,0,0,0
"POINT (6.819023054000070 51.192197810000039)",Unfall 57992 (2023) Kat:3, Licht: 2,57992,3,6,2,11,14,6,0,2,0,1,0,0,1,0
"POINT (6.751529575000063 51.344069535000074)",Unfall 58083 (2023) Kat:3, Licht: 0,58083,3,1,9,11,11,5,1,0,0,1,0,0,0,0
"POINT (6.868005641000025 51.189926859000082)",Unfall 58202 (2023) Kat:2, Licht: 2,58202,2,1,8,11,00,4,1,2,0,1,0,0,0,0
"POINT (6.772438083000054 51.253434511000080)",Unfall 58203 (2023) Kat:3, Licht: 2,58203,3,3,5,11,06,4,1,2,1,1,0,0,0,0
"POINT (6.809555927000076 51.230712201000074)",Unfall 58204 (2023) Kat:3, Licht: 2,58204,3,3,5,11,17,4,1,2,0,0,0,0,0,1
"POINT (6.854698016000043 51.245122871000035)",Unfall 58272 (2023) Kat:3, Licht: 0,58272,3,3,5,11,11,6,1,0,1,1,0,0,0,0
"POINT (6.844788930000050 51.196513080000045)",Unfall 58351 (2023) Kat:3, Licht: 1,58351,3,6,2,11,16,3,1,1,0,1,0,0,0,0
"POINT (6.796310807000054 51.248063590000072)",Unfall 58353 (2023) Kat:3, Licht: 2,58353,3,3,5,11,17,3,1,2,1,1,0,0,0,0
"POINT (6.808984411000040 51.220836792000057)",Unfall 58354 (2023) Kat:3, Licht: 0,58354,3,2,5,11,09,3,0,0,1,0,0,0,1,0
"POINT (6.706515601000035 51.234073554000076)",Unfall 58355 (2023) Kat:3, Licht: 0,58355,3,6,2,11,09,3,0,0,0,1,0,0,0,0
"POINT (6.821914452000044 51.247740518000057)",Unfall 58359 (2023) Kat:3, Licht: 2,58359,3,7,6,11,05,5,1,2,0,0,1,0,0,1
"POINT (6.783644545000072 51.204908350000039)",Unfall 58504 (2023) Kat:3, Licht: 1,58504,3,2,5,11,07,2,1,1,0,1,0,1,0,0
"POINT (6.782786085000055 51.214378976000035)",Unfall 58505 (2023) Kat:3, Licht: 2,58505,3,7,0,11,18,2,1,2,0,0,0,1,0,0
"POINT (6.789130884000031 51.245367402000056)",Unfall 58507 (2023) Kat:3, Licht: 2,58507,3,1,9,11,23,2,0,2,0,1,0,0,0,0
"POINT (6.783571921000032 51.205097593000062)",Unfall 58586 (2023) Kat:2, Licht: 2,58586,2,4,6,11,22,1,0,2,0,1,1,0,0,0
"POINT (6.771789891000026 51.238662684000076)",Unfall 58587 (2023) Kat:3, Licht: 2,58587,3,4,6,11,01,1,1,2,0,0,1,0,0,1
"POINT (6.774655316000064 51.239993111000047)",Unfall 58588 (2023) Kat:3, Licht: 2,58588,3,7,5,11,21,1,0,2,0,1,0,0,0,0
"POINT (6.823084911000024 51.242144100000075)",Unfall 58644 (2023) Kat:3, Licht: 2,58644,3,2,5,11,22,7,0,2,1,1,0,0,0,0
"POINT (6.858207390000075 51.226290658000039)",Unfall 58661 (2023) Kat:3, Licht: 1,58661,3,6,2,11,15,5,0,1,0,1,0,0,0,0
"POINT (6.774343302000034 51.240003265000041)",Unfall 58683 (2023) Kat:3, Licht: 0,58683,3,3,5,11,09,6,0,0,1,1,0,0,0,0
"POINT (6.873037962000069 51.224277178000079)",Unfall 58752 (2023) Kat:3, Licht: 0,58752,3,6,2,11,11,6,1,0,0,1,0,0,0,0
"POINT (6.914337752000051 51.193044894000082)",Unfall 58782 (2023) Kat:3, Licht: 0,58782,3,6,2,11,14,6,1,0,0,1,0,0,0,0
"POINT (6.859033427000043 51.208681564000074)",Unfall 58783 (2023) Kat:3, Licht: 1,58783,3,7,0,11,16,6,1,1,0,1,0,0,0,0
"POINT (6.894980147000069 51.149246924000067)",Unfall 58785 (2023) Kat:3, Licht: 1,58785,3,3,5,11,08,6,1,1,0,1,0,0,0,0
"POINT (6.770772734000047 51.199982897000041)",Unfall 58786 (2023) Kat:2, Licht: 2,58786,2,2,6,11,18,6,1,2,0,1,1,0,0,0
"POINT (6.774493796000058 51.308487439000032)",Unfall 58787 (2023) Kat:2, Licht: 2,58787,2,1,5,11,18,6,1,2,0,1,0,0,0,0
"POINT (6.776869959000067 51.229850779000060)",Unfall 58788 (2023) Kat:3, Licht: 0,58788,3,6,1,11,08,6,1,0,0,1,0,0,0,0
"POINT (6.806538803000024 51.218501157000048)",Unfall 58789 (2023) Kat:3, Licht: 0,58789,3,1,0,11,13,6,1,0,0,0,0,1,0,0
"POINT (6.889790790000063 51.161048358000073)",Unfall 58943 (2023) Kat:3, Licht: 2,58943,3,6,2,12,16,3,1,2,0,1,0,0,0,1
"POINT (6.811531635000051 51.227372069000069)",Unfall 58944 (2023) Kat:2, Licht: 2,58944,2,3,5,12,18,3,1,2,1,1,0,0,0,0
"POINT (6.792584283000053 51.211540019000040)",Unfall 59025 (2023) Kat:3, Licht: 1,59025,3,7,6,12,07,2,0,1,1,0,1,0,0,0
"POINT (6.822057009000048 51.254822566000030)",Unfall 59026 (2023) Kat:3, Licht: 0,59026,3,4,6,12,09,2,0,0,0,0,1,0,0,1
"POINT (6.808404510000059 51.246284254000045)",Unfall 59084 (2023) Kat:3, Licht: 2,59084,3,2,3,12,16,1,0,2,0,1,0,1,0,0
"POINT (6.782760244000031 51.211064650000026)",Unfall 59138 (2023) Kat:3, Licht: 2,59138,3,2,5,12,22,7,0,2,0,1,0,0,0,1
"POINT (6.850382594000052 51.231672904000050)",Unfall 59195 (2023) Kat:3, Licht: 0,59195,3,6,2,12,11,6,1,0,0,1,0,0,0,0
"POINT (6.799516963000031 51.251517484000033)",Unfall 59196 (2023) Kat:3, Licht: 0,59196,3,6,5,12,14,6,1,0,0,1,0,0,0,0
"POINT (6.701044103000072 51.231732668000063)",Unfall 59197 (2023) Kat:3, Licht: 0,59197,3,6,1,12,12,6,0,0,0,1,0,0,0,1
"POINT (6.860604527000021 51.189077480000037)",Unfall 59276 (2023) Kat:3, Licht: 2,59276,3,1,0,12,20,5,0,2,0,0,0,1,0,0