WKT,Name,OBJECTID,UKATEGORIE,UTYP1,UART,UMONAT,USTUNDE,UWOCHENTAG,STRZUSTAND,ULICHTVERH,ISTRAD,ISTPKW,ISTFUSS,ISTKRAD,ISTGKFZ,ISTSONSTIG
"POINT (6.749960743000031 51.272050412000056)",Unfall 59277 (2023) Kat:3, Licht: 0,59277,3,1,9,12,11,5,1,0,0,1,0,0,0,0
"POINT (6.787347513000043 51.235939303000066)",Unfall 59278 (2023) Kat:3, Licht: 2,59278,3,1,0,12,08,5,1,2,1,0,0,0,0,0
"POINT (6.893840547000025 51.174060940000061)",Unfall 59386 (2023) Kat:3, Licht: 2,59386,3,6,2,12,17,4,1,2,0,1,0,0,0,0
"POINT (6.760598707000042 51.261850754000079)",Unfall 59387 (2023) Kat:3, Licht: 2,59387,3,1,0,12,05,4,0,2,0,0,0,1,0,0
"POINT (6.796491114000048 51.259494366000069)",Unfall 59388 (2023) Kat:3, Licht: 2,59388,3,6,4,12,21,4,1,2,0,1,0,1,0,0
"POINT (6.798863383000025 51.249475204000078)",Unfall 59389 (2023) Kat:3, Licht: 1,59389,3,6,2,12,07,4,1,1,0,1,0,0,1,0
"POINT (6.810131397000021 51.232220467000047)",Unfall 59390 (2023) Kat:3, Licht: 1,59390,3,6,2,12,08,4,1,1,0,1,0,0,0,0
"POINT (6.839239387000021 51.170674924000082)",Unfall 59505 (2023) Kat:3, Licht: 0,59505,3,2,5,12,13,3,1,0,1,1,0,0,0,0
"POINT (6.795280693000052 51.252731186000062)",Unfall 59506 (2023) Kat:3, Licht: 1,59506,3,6,2,12,07,3,0,1,0,1,0,1,0,0
"POINT (6.811291260000075 51.225529307000045)",Unfall 59508 (2023) Kat:3, Licht: 0,59508,3,7,3,12,12,3,0,0,1,1,0,0,0,0
"POINT (6.742555295000045 51.284916023000051)",Unfall 59546 (2023) Kat:3, Licht: 2,59546,3,6,2,12,17,3,0,2,0,1,0,0,0,0
"POINT (6.782766841000068 51.211770066000042)",Unfall 59601 (2023) Kat:3, Licht: 0,59601,3,5,1,12,13,2,0,0,1,1,0,0,0,0
"POINT (6.762002513000027 51.200755800000081)",Unfall 59602 (2023) Kat:2, Licht: 2,59602,2,2,6,12,18,2,1,2,0,0,1,0,0,1
"POINT (6.906784949000041 51.136107722000077)",Unfall 59656 (2023) Kat:3, Licht: 0,59656,3,7,0,12,09,1,1,0,0,0,0,1,0,0
"POINT (6.782780051000032 51.215606196000067)",Unfall 59657 (2023) Kat:3, Licht: 2,59657,3,2,5,12,00,1,1,2,0,1,0,0,0,0
"POINT (6.741833663000023 51.286264899000059)",Unfall 59658 (2023) Kat:3, Licht: 2,59658,3,6,2,12,18,1,1,2,0,1,0,0,0,0
"POINT (6.839420203000032 51.170789578000040)",Unfall 59735 (2023) Kat:3, Licht: 2,59735,3,2,5,12,22,7,0,2,0,1,0,0,0,0
"POINT (6.771580615000062 51.231255664000059)",Unfall 59736 (2023) Kat:3, Licht: 0,59736,3,3,5,12,14,7,1,0,0,1,0,0,0,0
"POINT (6.802036069000053 51.247299788000078)",Unfall 59832 (2023) Kat:3, Licht: 2,59832,3,3,5,12,22,6,1,2,0,1,0,0,0,0
"POINT (6.770967589000065 51.241134918000057)",Unfall 59834 (2023) Kat:3, Licht: 2,59834,3,3,5,12,23,6,1,2,0,1,0,0,0,0
"POINT (6.894598058000042 51.149425128000075)",Unfall 59978 (2023) Kat:3, Licht: 2,59978,3,6,2,12,06,5,1,2,0,1,0,0,0,0
"POINT (6.808929711000076 51.231941110000037)",Unfall 59979 (2023) Kat:3, Licht: 0,59979,3,5,6,12,14,5,0,0,0,1,1,0,0,0
"POINT (6.770764297000028 51.199983662000079)",Unfall 60087 (2023) Kat:3, Licht: 0,60087,3,2,4,12,11,3,1,0,1,1,0,0,0,0
"POINT (6.801722722000022 51.252090248000059)",Unfall 60209 (2023) Kat:2, Licht: 2,60209,2,2,6,12,20,3,1,2,0,1,1,0,0,0
"POINT (6.800767722000046 51.250730867000073)",Unfall 60210 (2023) Kat:3, Licht: 1,60210,3,2,5,12,06,3,1,1,0,1,0,0,0,1
"POINT (6.780427215000032 51.253815184000075)",Unfall 60211 (2023) Kat:3, Licht: 2,60211,3,2,5,12,06,3,1,2,0,1,1,0,0,0
"POINT (6.814202479000073 51.258475790000034)",Unfall 60212 (2023) Kat:3, Licht: 2,60212,3,3,0,12,16,3,1,2,0,1,0,0,0,1
"POINT (6.782599783000023 51.214022634000059)",Unfall 60354 (2023) Kat:3, Licht: 2,60354,3,4,6,12,22,2,1,2,0,1,1,0,0,0
"POINT (6.797948899000062 51.212690792000046)",Unfall 60428 (2023) Kat:2, Licht: 2,60428,2,7,0,12,17,1,0,2,0,0,0,1,0,0
"POINT (6.766415233000032 51.200358409000046)",Unfall 60488 (2023) Kat:3, Licht: 0,60488,3,6,2,12,13,7,0,0,0,1,0,0,0,0
"POINT (6.750244385000030 51.271042964000060)",Unfall 60594 (2023) Kat:3, Licht: 0,60594,3,6,2,12,12,3,0,0,0,1,0,0,0,0
"POINT (6.779891651000071 51.256803243000036)",Unfall 60704 (2023) Kat:3, Licht: 2,60704,3,3,5,11,17,5,0,2,1,1,0,0,0,0
"POINT (6.817889164000064 51.242555090000053)",Unfall 60705 (2023) Kat:3, Licht: 2,60705,3,7,6,11,06,5,0,2,0,0,1,0,0,1
"POINT (6.787406280000027 51.223911277000070)",Unfall 60707 (2023) Kat:2, Licht: 2,60707,2,6,2,11,17,5,0,2,0,1,0,0,0,0
"POINT (6.730187805000071 51.232978951000064)",Unfall 60708 (2023) Kat:3, Licht: 2,60708,3,7,5,11,19,5,0,2,0,1,0,0,0,1
"POINT (6.867248533000065 51.214779052000040)",Unfall 60816 (2023) Kat:3, Licht: 2,60816,3,1,0,12,18,1,0,2,1,0,0,0,0,0
"POINT (6.757115290000058 51.206652362000057)",Unfall 60839 (2023) Kat:3, Licht: 1,60839,3,6,2,11,06,4,1,1,0,1,0,0,0,0
"POINT (6.862906542000076 51.225357390000056)",Unfall 60841 (2023) Kat:3, Licht: 0,60841,3,1,0,11,10,4,0,0,1,1,0,0,0,0
"POINT (6.800330180000060 51.219456423000054)",Unfall 60842 (2023) Kat:2, Licht: 2,60842,2,7,0,11,16,4,1,2,0,0,0,0,0,1
"POINT (6.902680044000022 51.191513569000051)",Unfall 60958 (2023) Kat:3, Licht: 0,60958,3,6,3,12,12,6,1,0,0,1,0,0,0,0
"POINT (6.800112382000066 51.276686846000075)",Unfall 60980 (2023) Kat:3, Licht: 0,60980,3,1,8,11,08,3,1,0,0,1,0,0,0,0
"POINT (6.780114802000071 51.253954657000065)",Unfall 60984 (2023) Kat:3, Licht: 0,60984,3,6,2,11,19,3,0,0,0,1,0,0,0,0
"POINT (6.865414083000076 51.221552289000044)",Unfall 61105 (2023) Kat:3, Licht: 0,61105,3,3,5,12,15,5,0,0,1,1,0,0,0,0
"POINT (6.724390013000061 51.232366818000060)",Unfall 61111 (2023) Kat:2, Licht: 0,61111,2,7,3,11,13,4,1,0,0,1,0,0,0,1
"POINT (6.789885168000069 51.199943879000045)",Unfall 61188 (2023) Kat:3, Licht: 2,61188,3,2,6,11,17,2,1,2,0,1,1,0,0,0
"POINT (6.782766907000052 51.211777123000047)",Unfall 61189 (2023) Kat:3, Licht: 0,61189,3,6,2,11,10,2,1,0,0,1,0,0,0,1
"POINT (6.772091970000076 51.243498622000061)",Unfall 61190 (2023) Kat:3, Licht: 0,61190,3,4,6,11,08,2,0,0,0,1,1,0,0,0
"POINT (6.774605034000047 51.240068942000050)",Unfall 61191 (2023) Kat:3, Licht: 2,61191,3,3,5,11,17,2,1,2,0,1,0,0,0,0
"POINT (6.810610686000075 51.262189883000076)",Unfall 61192 (2023) Kat:3, Licht: 1,61192,3,2,5,11,16,2,1,1,1,1,0,0,0,0
"POINT (6.910773962000064 51.242740444000049)",Unfall 61193 (2023) Kat:3, Licht: 2,61193,3,6,3,12,05,7,1,2,0,1,0,0,1,1
"POINT (6.727512744000023 51.233038607000026)",Unfall 61195 (2023) Kat:3, Licht: 0,61195,3,2,4,11,11,2,1,0,0,1,0,0,0,0
"POINT (6.787345076000065 51.236862969000072)",Unfall 61205 (2023) Kat:3, Licht: 2,61205,3,2,6,12,21,5,0,2,0,1,1,0,0,0
"POINT (6.717199002000029 51.273714716000029)",Unfall 61252 (2023) Kat:1, Licht: 2,61252,1,4,6,12,18,1,0,2,0,1,1,0,0,0
"POINT (6.828078058000074 51.187429797000050)",Unfall 61642 (2023) Kat:3, Licht: 0,61642,3,2,5,12,13,7,0,0,0,1,0,1,0,0
"POINT (6.817895452000073 51.258178476000069)",Unfall 61643 (2023) Kat:2, Licht: 0,61643,2,6,3,12,14,7,0,0,0,1,0,1,0,0
"POINT (6.785827226000038 51.221876161000068)",Unfall 61644 (2023) Kat:2, Licht: 0,61644,2,7,0,12,13,7,0,0,0,1,0,0,0,0
"POINT (6.823001594000061 51.191166260000045)",Unfall 61709 (2023) Kat:3, Licht: 0,61709,3,6,2,12,14,6,1,0,0,1,0,0,1,0
"POINT (6.839420203000032 51.170789578000040)",Unfall 61710 (2023) Kat:3, Licht: 2,61710,3,2,5,12,23,6,0,2,0,1,0,0,0,0
"POINT (6.753870650000067 51.346368054000038)",Unfall 61711 (2023) Kat:3, Licht: 2,61711,3,1,8,12,19,6,1,2,0,1,0,0,0,0
"POINT (6.806928834000075 51.219030013000065)",Unfall 61712 (2023) Kat:3, Licht: 2,61712,3,7,9,12,23,6,0,2,0,1,0,0,0,0
"POINT (6.857484862000035 51.237219431000028)",Unfall 61713 (2023) Kat:3, Licht: 0,61713,3,6,3,12,14,6,1,0,0,1,0,1,0,0
"POINT (6.775842862000047 51.262894877000065)",Unfall 61714 (2023) Kat:3, Licht: 0,61714,3,4,6,12,10,6,1,0,0,1,1,0,0,0
"POINT (6.862692416000073 51.223217330000068)",Unfall 61716 (2023) Kat:3, Licht: 0,61716,3,2,2,12,15,6,1,0,0,1,0,0,0,0
"POINT (6.791743022000048 51.253218149000077)",Unfall 61826 (2023) Kat:3, Licht: 2,61826,3,6,1,12,16,4,1,2,0,1,0,0,0,0
"POINT (6.760743726000044 51.261720194000077)",Unfall 61868 (2023) Kat:3, Licht: 0,61868,3,1,9,12,08,3,0,0,0,1,0,0,0,0
"POINT (6.767062383000052 51.200314434000063)",Unfall 61920 (2023) Kat:3, Licht: 2,61920,3,3,5,12,20,2,1,2,0,1,0,0,0,0
"POINT (6.736066985000036 51.293096028000036)",Unfall 62140 (2023) Kat:3, Licht: 2,62140,3,3,5,12,18,6,1,2,0,1,0,0,0,0
"POINT (6.779646049000064 51.241499425000029)",Unfall 62141 (2023) Kat:3, Licht: 2,62141,3,2,6,12,18,6,1,2,0,1,1,0,0,0
"POINT (6.783735679000074 51.274906633000057)",Unfall 62279 (2023) Kat:3, Licht: 2,62279,3,7,0,12,21,5,1,2,1,0,0,0,0,0
"POINT (6.783812689000058 51.219034689000068)",Unfall 62281 (2023) Kat:3, Licht: 0,62281,3,4,6,12,13,5,1,0,0,1,1,0,0,0
"POINT (6.776024622000023 51.195320402000050)",Unfall 62409 (2023) Kat:3, Licht: 1,62409,3,6,2,12,16,4,1,1,0,1,0,0,0,0
"POINT (6.795671214000038 51.247791800000073)",Unfall 62410 (2023) Kat:3, Licht: 0,62410,3,3,5,12,12,4,0,0,1,1,0,0,0,0
"POINT (6.786362147000034 51.253942728000027)",Unfall 62411 (2023) Kat:3, Licht: 0,62411,3,6,2,12,08,4,1,0,0,1,0,0,1,0
"POINT (6.806724560000021 51.258387788000050)",Unfall 62412 (2023) Kat:3, Licht: 2,62412,3,5,0,12,20,4,0,2,1,0,1,0,0,0
"POINT (6.751752279000073 51.231925934000060)",Unfall 62413 (2023) Kat:3, Licht: 2,62413,3,2,5,12,19,4,1,2,1,1,0,0,0,0
"POINT (6.698506510000072 51.226997276000077)",Unfall 62414 (2023) Kat:3, Licht: 1,62414,3,7,6,12,08,4,0,1,0,0,1,0,0,1
"POINT (6.897900879000076 51.203353182000058)",Unfall 170354 (2023) Kat:3, Licht: 0,170354,3,7,6,01,11,4,0,0,0,1,1,0,0,0
"POINT (6.852360763000036 51.164354967000065)",Unfall 170355 (2023) Kat:3, Licht: 0,170355,3,3,5,01,15,4,0,0,0,1,0,0,0,0
"POINT (6.783287603000076 51.218776738000031)",Unfall 170356 (2023) Kat:3, Licht: 0,170356,3,5,1,01,15,4,0,0,0,1,0,0,0,1
"POINT (6.789808836000020 51.220704276000049)",Unfall 170357 (2023) Kat:3, Licht: 0,170357,3,2,4,01,16,4,0,0,0,1,0,1,0,0
"POINT (6.804309573000069 51.223341576000053)",Unfall 170431 (2023) Kat:2, Licht: 0,170431,2,3,5,01,14,3,0,0,1,1,0,0,0,0
"POINT (6.740655770000046 51.279850248000059)",Unfall 170432 (2023) Kat:3, Licht: 2,170432,3,3,5,01,18,3,0,2,0,1,0,0,0,0
"POINT (6.810975630000030 51.212410564000038)",Unfall 170433 (2023) Kat:3, Licht: 0,170433,3,3,5,01,14,3,0,0,1,1,0,0,0,0
"POINT (6.775228268000035 51.212403610000081)",Unfall 170483 (2023) Kat:3, Licht: 0,170483,3,1,0,01,10,2,1,0,1,0,0,0,0,0
"POINT (6.742397130000029 51.199113416000046)",Unfall 170484 (2023) Kat:3, Licht: 1,170484,3,3,5,01,16,2,0,1,0,1,0,0,0,0
"POINT (6.844459269000026 51.219905900000072)",Unfall 170485 (2023) Kat:3, Licht: 2,170485,3,6,3,01,07,2,1,2,0,1,0,0,0,1
"POINT (6.717891641000051 51.244134624000026)",Unfall 170594 (2023) Kat:2, Licht: 0,170594,2,4,6,01,08,6,0,0,0,0,1,0,0,1
"POINT (6.764682759000038 51.207172063000030)",Unfall 170657 (2023) Kat:3, Licht: 1,170657,3,2,5,01,16,5,0,1,1,0,0,0,0,1
"POINT (6.765092394000021 51.206422931000077)",Unfall 170658 (2023) Kat:3, Licht: 0,170658,3,4,6,01,15,5,1,0,0,1,1,0,0,0
"POINT (6.813423330000035 51.262617066000075)",Unfall 170659 (2023) Kat:3, Licht: 2,170659,3,4,6,01,06,5,1,2,0,0,1,1,0,0
"POINT (6.792378589000066 51.245644341000059)",Unfall 170660 (2023) Kat:3, Licht: 2,170660,3,4,6,01,07,5,1,2,0,1,1,0,0,0
"POINT (6.775203462000036 51.249678913000082)",Unfall 170661 (2023) Kat:3, Licht: 1,170661,3,6,2,01,08,5,1,1,1,1,0,0,0,0
"POINT (6.741413339000076 51.230199612000035)",Unfall 170662 (2023) Kat:3, Licht: 2,170662,3,6,2,01,17,5,1,2,0,1,0,0,0,0
"POINT (6.720925453000063 51.238505662000080)",Unfall 170663 (2023) Kat:2, Licht: 2,170663,2,2,6,01,18,5,1,2,0,1,1,0,0,0
"POINT (6.860510137000063 51.179549284000075)",Unfall 170735 (2023) Kat:3, Licht: 2,170735,3,4,6,01,17,4,0,2,0,1,1,0,0,0
"POINT (6.818458084000042 51.215510134000056)",Unfall 170736 (2023) Kat:3, Licht: 0,170736,3,6,3,01,16,4,0,0,1,0,0,0,1,0
"POINT (6.801253267000050 51.223003513000037)",Unfall 170738 (2023) Kat:2, Licht: 2,170738,2,7,0,01,08,4,1,2,1,0,0,0,0,0
"POINT (6.785387273000026 51.211096864000069)",Unfall 170806 (2023) Kat:3, Licht: 2,170806,3,4,6,01,19,3,1,2,0,1,1,0,0,0
"POINT (6.740454325000030 51.281944694000060)",Unfall 170807 (2023) Kat:3, Licht: 2,170807,3,2,3,01,16,3,1,2,0,1,0,1,0,0
"POINT (6.785686500000054 51.232888488000071)",Unfall 170808 (2023) Kat:2, Licht: 0,170808,2,3,5,01,13,3,0,0,1,1,0,0,0,0
"POINT (6.789387053000041 51.243221344000062)",Unfall 170809 (2023) Kat:3, Licht: 0,170809,3,3,5,01,14,3,0,0,1,1,0,0,0,0
"POINT (6.821520836000047 51.229272021000043)",Unfall 170810 (2023) Kat:3, Licht: 2,170810,3,2,4,01,18,3,1,2,0,1,0,0,1,0
"POINT (6.806479136000064 51.212967586000048)",Unfall 170811 (2023) Kat:3, Licht: 0,170811,3,4,6,01,14,3,1,0,0,1,1,0,0,0
"POINT (6.767434480000077 51.220512574000054)",Unfall 170812 (2023) Kat:3, Licht: 2,170812,3,1,0,01,17,3,1,2,1,0,0,0,0,0
"POINT (6.776798228000075 51.215648026000054)",Unfall 170824 (2023) Kat:3, Licht: 2,170824,3,7,4,01,07,4,1,2,1,1,0,0,0,0
"POINT (6.777744091000045 51.198676536000050)",Unfall 170867 (2023) Kat:3, Licht: 2,170867,3,3,5,01,07,2,1,2,1,1,0,0,0,0
"POINT (6.766961039000023 51.193244494000055)",Unfall 170868 (2023) Kat:3, Licht: 2,170868,3,3,5,01,18,2,1,2,1,1,0,0,0,0
"POINT (6.779737254000054 51.205783910000036)",Unfall 170869 (2023) Kat:3, Licht: 0,170869,3,2,3,01,14,2,0,0,0,1,0,0,0,1
"POINT (6.757636392000052 51.184328711000035)",Unfall 170930 (2023) Kat:3, Licht: 2,170930,3,7,0,01,23,7,1,2,0,1,0,0,0,0
"POINT (6.789435233000063 51.197893051000051)",Unfall 170931 (2023) Kat:3, Licht: 2,170931,3,3,5,01,22,7,1,2,0,1,0,0,0,1
"POINT (6.795111067000050 51.224137524000071)",Unfall 170932 (2023) Kat:3, Licht: 2,170932,3,4,6,01,18,7,0,2,0,1,1,0,0,0
"POINT (6.699637483000060 51.228822155000046)",Unfall 170933 (2023) Kat:2, Licht: 1,170933,2,4,0,01,08,7,1,1,0,0,1,0,0,1
"POINT (6.822974750000071 51.184049551000044)",Unfall 170968 (2023) Kat:3, Licht: 2,170968,3,3,5,01,06,6,0,2,0,1,0,0,0,0
"POINT (6.900026633000039 51.139981930000033)",Unfall 170969 (2023) Kat:3, Licht: 2,170969,3,2,6,01,05,6,1,2,0,1,1,0,0,0
"POINT (6.825011985000060 51.189757175000068)",Unfall 170970 (2023) Kat:3, Licht: 0,170970,3,4,6,01,08,6,0,0,1,0,1,0,0,0
"POINT (6.782714272000021 51.235088200000064)",Unfall 170971 (2023) Kat:3, Licht: 2,170971,3,5,1,01,19,6,0,2,0,1,0,0,0,1
"POINT (6.827327516000025 51.216348927000070)",Unfall 171011 (2023) Kat:3, Licht: 0,171011,3,3,5,01,10,5,1,0,0,1,0,0,0,0
"POINT (6.804561151000030 51.226931258000036)",Unfall 171012 (2023) Kat:3, Licht: 0,171012,3,1,0,01,11,5,1,0,1,0,0,0,0,0
"POINT (6.830341054000030 51.208126681000067)",Unfall 171041 (2023) Kat:3, Licht: 2,171041,3,2,6,01,07,4,1,2,0,1,1,0,0,0
"POINT (6.859191247000069 51.178914688000077)",Unfall 171042 (2023) Kat:2, Licht: 0,171042,2,2,5,01,11,4,1,0,1,1,0,0,0,0
"POINT (6.791627509000023 51.237092034000057)",Unfall 171043 (2023) Kat:3, Licht: 2,171043,3,1,0,01,19,4,1,2,1,0,0,0,0,0
"POINT (6.787597716000050 51.220813584000041)",Unfall 171044 (2023) Kat:3, Licht: 0,171044,3,5,1,01,08,4,0,0,1,1,0,0,0,0
"POINT (6.818601132000026 51.187753862000079)",Unfall 171089 (2023) Kat:2, Licht: 2,171089,2,7,5,01,18,3,0,2,0,1,0,0,0,0
"POINT (6.836035451000043 51.202989683000055)",Unfall 171090 (2023) Kat:2, Licht: 1,171090,2,4,6,01,16,3,0,1,0,1,1,0,0,0
"POINT (6.763578958000039 51.247864226000047)",Unfall 171091 (2023) Kat:3, Licht: 0,171091,3,6,3,01,13,3,0,0,0,1,0,0,0,0
"POINT (6.746534797000038 51.270310116000076)",Unfall 171092 (2023) Kat:3, Licht: 2,171092,3,6,2,01,05,3,1,2,0,1,0,0,0,0
"POINT (6.815655622000065 51.229571707000048)",Unfall 171126 (2023) Kat:3, Licht: 2,171126,3,2,6,01,06,2,0,2,0,1,1,0,0,0
"POINT (6.865023678000057 51.254930879000028)",Unfall 171127 (2023) Kat:3, Licht: 0,171127,3,2,4,01,12,2,1,0,1,1,0,0,0,0
"POINT (6.754090530000042 51.200848926000049)",Unfall 171146 (2023) Kat:3, Licht: 2,171146,3,3,5,01,19,1,1,2,0,1,0,0,0,0
"POINT (6.775309655000058 51.215642623000065)",Unfall 171345 (2023) Kat:3, Licht: 2,171345,3,2,3,01,04,1,0,2,0,1,0,0,0,0
"POINT (6.837609373000021 51.214229443000079)",Unfall 171477 (2023) Kat:3, Licht: 0,171477,3,1,0,02,08,6,1,0,0,0,0,1,0,0
"POINT (6.777298739000059 51.208608161000029)",Unfall 171478 (2023) Kat:3, Licht: 0,171478,3,6,3,02,14,6,0,0,0,1,0,0,0,0
"POINT (6.785010304000025 51.198385701000063)",Unfall 171479 (2023) Kat:2, Licht: 0,171479,2,1,0,02,12,6,0,0,0,0,0,0,0,1
"POINT (6.780599578000022 51.244173958000033)",Unfall 171480 (2023) Kat:3, Licht: 2,171480,3,7,0,02,07,6,0,2,0,1,0,0,0,1
"POINT (6.825672950000069 51.232981207000080)",Unfall 171481 (2023) Kat:3, Licht: 0,171481,3,4,6,02,14,6,0,0,1,0,1,0,0,0
"POINT (6.823255936000066 51.239052985000058)",Unfall 171482 (2023) Kat:3, Licht: 0,171482,3,2,0,02,14,6,0,0,1,1,0,0,0,0
"POINT (6.789808836000020 51.220704276000049)",Unfall 171483 (2023) Kat:3, Licht: 0,171483,3,6,2,02,14,6,0,0,0,1,0,0,0,0
"POINT (6.808005670000057 51.208834257000035)",Unfall 171531 (2023) Kat:3, Licht: 2,171531,3,2,0,02,21,5,0,2,0,1,1,0,0,0
"POINT (6.780470027000035 51.204162313000040)",Unfall 171574 (2023) Kat:3, Licht: 0,171574,3,2,5,02,15,4,0,0,1,1,0,0,0,0
"POINT (6.779241045000049 51.237229151000065)",Unfall 171575 (2023) Kat:3, Licht: 0,171575,3,3,5,02,08,4,0,0,1,1,0,0,0,0
"POINT (6.906508329000076 51.132940773000030)",Unfall 171635 (2023) Kat:3, Licht: 0,171635,3,6,2,02,16,3,0,0,0,1,0,1,0,0
"POINT (6.884744759000057 51.152446346000033)",Unfall 171636 (2023) Kat:2, Licht: 0,171636,2,7,0,02,14,3,0,0,0,1,0,0,0,0
"POINT (6.827511838000021 51.172344203000080)",Unfall 171637 (2023) Kat:3, Licht: 0,171637,3,6,2,02,15,3,0,0,1,1,0,0,0,0
"POINT (6.784882180000068 51.279138337000063)",Unfall 171638 (2023) Kat:3, Licht: 0,171638,3,1,0,02,09,3,0,0,0,1,0,0,0,0
"POINT (6.786034019000056 51.231934999000032)",Unfall 171639 (2023) Kat:3, Licht: 0,171639,3,3,5,02,16,3,0,0,1,0,0,0,0,1
"POINT (6.779374510000025 51.237503759000049)",Unfall 171640 (2023) Kat:3, Licht: 0,171640,3,7,6,02,12,3,0,0,0,1,1,0,0,0
"POINT (6.772076659000049 51.219019587000048)",Unfall 171688 (2023) Kat:3, Licht: 0,171688,3,6,1,02,11,2,0,0,0,1,0,0,0,0
"POINT (6.768155147000073 51.208394364000071)",Unfall 171689 (2023) Kat:3, Licht: 0,171689,3,6,4,02,12,2,0,0,1,0,0,0,0,1
"POINT (6.807310548000032 51.230327780000039)",Unfall 171690 (2023) Kat:3, Licht: 0,171690,3,7,0,02,09,2,0,0,0,1,0,0,0,1
"POINT (6.747539891000031 51.231783417000031)",Unfall 171691 (2023) Kat:3, Licht: 2,171691,3,6,4,02,07,2,0,2,0,1,0,0,0,1
"POINT (6.822007211000027 51.187057148000065)",Unfall 171707 (2023) Kat:2, Licht: 0,171707,2,3,5,02,13,1,1,0,0,1,0,0,0,0
"POINT (6.777087542000061 51.227891555000042)",Unfall 171708 (2023) Kat:3, Licht: 2,171708,3,6,2,02,00,1,1,2,0,1,0,0,0,0
"POINT (6.763604585000053 51.216824372000076)",Unfall 171726 (2023) Kat:3, Licht: 0,171726,3,1,4,02,10,7,0,0,0,1,0,1,0,0
"POINT (6.847790829000076 51.213836144000027)",Unfall 171727 (2023) Kat:2, Licht: 2,171727,2,4,6,02,06,7,0,2,0,1,1,0,0,0
"POINT (6.789799945000027 51.222706508000044)",Unfall 171728 (2023) Kat:3, Licht: 0,171728,3,2,6,02,14,7,0,0,0,1,1,0,0,0
"POINT (6.775244621000070 51.212222153000027)",Unfall 171784 (2023) Kat:3, Licht: 0,171784,3,5,3,02,08,6,0,0,0,1,0,0,0,0
"POINT (6.880890889000057 51.154419628000028)",Unfall 171785 (2023) Kat:2, Licht: 0,171785,2,4,6,02,15,6,1,0,0,1,1,0,0,0
"POINT (6.804983795000055 51.214545171000054)",Unfall 171786 (2023) Kat:3, Licht: 0,171786,3,6,2,02,08,6,0,0,0,1,0,0,0,0
"POINT (6.788825674000066 51.221887547000051)",Unfall 171787 (2023) Kat:3, Licht: 2,171787,3,4,6,02,19,6,0,2,1,0,1,0,0,0
"POINT (6.763865741000075 51.220827816000053)",Unfall 171832 (2023) Kat:3, Licht: 2,171832,3,6,2,02,18,5,1,2,0,1,0,0,0,0
"POINT (6.811941769000043 51.199151150000034)",Unfall 171833 (2023) Kat:3, Licht: 2,171833,3,6,3,02,05,5,1,2,0,1,0,0,1,0
"POINT (6.789908314000058 51.234784119000039)",Unfall 171835 (2023) Kat:2, Licht: 0,171835,2,1,0,02,08,5,1,0,1,0,0,0,0,0
"POINT (6.746576422000032 51.270006793000050)",Unfall 171836 (2023) Kat:3, Licht: 2,171836,3,6,2,02,22,5,1,2,0,1,0,0,0,0
"POINT (6.750827080000022 51.228215912000053)",Unfall 171837 (2023) Kat:3, Licht: 0,171837,3,3,5,02,09,5,1,0,1,1,0,0,0,0
"POINT (6.822469341000044 51.235611416000040)",Unfall 171885 (2023) Kat:3, Licht: 0,171885,3,7,0,02,13,4,0,0,0,0,0,0,1,0
"POINT (6.777887350000071 51.207127498000034)",Unfall 171932 (2023) Kat:3, Licht: 0,171932,3,1,0,01,14,3,1,0,1,1,0,0,0,0
"POINT (6.903833354000028 51.145116864000045)",Unfall 171933 (2023) Kat:3, Licht: 1,171933,3,3,0,01,07,3,0,1,0,0,0,0,0,1
"POINT (6.779556719000027 51.195960672000069)",Unfall 171982 (2023) Kat:3, Licht: 0,171982,3,5,1,01,12,2,0,0,1,1,0,0,0,0
"POINT (6.823280121000039 51.239076393000062)",Unfall 171987 (2023) Kat:3, Licht: 0,171987,3,7,3,02,16,7,0,0,1,0,1,0,0,0
"POINT (6.784805278000022 51.212382194000043)",Unfall 172004 (2023) Kat:3, Licht: 2,172004,3,1,0,01,02,1,0,2,0,0,0,0,0,1
"POINT (6.812267966000036 51.253882355000030)",Unfall 172005 (2023) Kat:3, Licht: 0,172005,3,1,9,01,12,1,0,0,0,1,0,0,0,0
"POINT (6.865999553000051 51.234281095000028)",Unfall 172031 (2023) Kat:3, Licht: 2,172031,3,1,0,01,02,7,0,2,0,0,0,1,0,0
"POINT (6.789745883000023 51.243204714000058)",Unfall 172032 (2023) Kat:3, Licht: 0,172032,3,2,3,01,13,7,0,0,0,1,0,0,0,1
"POINT (6.810223466000025 51.220305726000049)",Unfall 172033 (2023) Kat:2, Licht: 0,172033,2,3,5,01,12,7,0,0,1,1,0,0,0,0
"POINT (6.746619481000039 51.298549737000030)",Unfall 172034 (2023) Kat:3, Licht: 0,172034,3,3,5,01,16,7,0,0,1,1,0,0,0,0
"POINT (6.819842597000047 51.190442473000076)",Unfall 172071 (2023) Kat:3, Licht: 2,172071,3,3,5,01,21,6,0,2,0,1,0,0,0,1
"POINT (6.863704292000023 51.180932686000062)",Unfall 172072 (2023) Kat:2, Licht: 0,172072,2,3,5,01,12,6,1,0,1,1,0,0,0,0