WKT,Name,OBJECTID,UKATEGORIE,UTYP1,UART,UMONAT,USTUNDE,UWOCHENTAG,STRZUSTAND,ULICHTVERH,ISTRAD,ISTPKW,ISTFUSS,ISTKRAD,ISTGKFZ,ISTSONSTIG
"POINT (6.829506441000035 51.177922924000029)",Unfall 172073 (2023) Kat:3, Licht: 0,172073,3,2,5,01,15,6,0,0,0,1,0,0,0,1
"POINT (6.831761567000058 51.206900485000062)",Unfall 172074 (2023) Kat:3, Licht: 0,172074,3,3,5,01,16,6,0,0,1,1,0,0,0,0
"POINT (6.762250524000024 51.196378248000030)",Unfall 172186 (2023) Kat:3, Licht: 2,172186,3,6,2,01,17,4,0,2,1,1,0,0,0,0
"POINT (6.822525714000051 51.221644578000053)",Unfall 172187 (2023) Kat:3, Licht: 1,172187,3,6,1,01,08,4,0,1,0,1,0,0,1,0
"POINT (6.726161742000045 51.261977282000032)",Unfall 172188 (2023) Kat:2, Licht: 2,172188,2,6,4,01,18,4,0,2,1,1,0,0,0,0
"POINT (6.817447580000021 51.196639088000040)",Unfall 172239 (2023) Kat:3, Licht: 2,172239,3,4,6,01,17,3,0,2,0,1,1,0,0,0
"POINT (6.781419622000044 51.286868800000036)",Unfall 172253 (2023) Kat:3, Licht: 2,172253,3,7,0,02,03,5,0,2,0,1,1,0,0,0
"POINT (6.781104471000049 51.273845614000038)",Unfall 172284 (2023) Kat:2, Licht: 0,172284,2,7,6,01,16,2,0,0,0,1,1,0,0,0
"POINT (6.793888187000050 51.216686055000082)",Unfall 172285 (2023) Kat:2, Licht: 1,172285,2,4,6,01,17,2,0,1,0,1,1,0,0,0
"POINT (6.795737521000035 51.229393501000061)",Unfall 172286 (2023) Kat:3, Licht: 2,172286,3,2,5,01,19,2,0,2,1,1,0,0,0,0
"POINT (6.738148291000073 51.261697052000045)",Unfall 172325 (2023) Kat:3, Licht: 2,172325,3,7,5,01,17,7,1,2,0,1,0,0,0,0
"POINT (6.835769701000061 51.173250456000062)",Unfall 172368 (2023) Kat:3, Licht: 2,172368,3,7,4,01,18,6,1,2,0,1,0,0,0,0
"POINT (6.766394422000076 51.218053604000033)",Unfall 172370 (2023) Kat:3, Licht: 0,172370,3,5,1,01,11,6,0,0,0,1,0,0,0,0
"POINT (6.783872002000066 51.235956400000077)",Unfall 172371 (2023) Kat:3, Licht: 1,172371,3,4,6,01,07,6,0,1,0,1,1,0,0,0
"POINT (6.808167839000021 51.211065961000031)",Unfall 172372 (2023) Kat:3, Licht: 2,172372,3,2,4,01,21,6,0,2,0,1,0,0,0,0
"POINT (6.760049718000062 51.211984587000074)",Unfall 172436 (2023) Kat:3, Licht: 2,172436,3,2,2,01,18,5,1,2,0,1,0,0,0,0
"POINT (6.864391291000061 51.163533609000069)",Unfall 172437 (2023) Kat:3, Licht: 1,172437,3,7,0,01,16,5,1,1,0,1,0,1,0,0
"POINT (6.751594475000047 51.210667956000066)",Unfall 172438 (2023) Kat:3, Licht: 2,172438,3,6,3,01,07,5,1,2,0,1,0,0,1,0
"POINT (6.828747331000045 51.209435471000063)",Unfall 172439 (2023) Kat:2, Licht: 2,172439,2,5,1,01,20,5,0,2,0,1,0,1,0,0
"POINT (6.815258745000051 51.192475850000051)",Unfall 172440 (2023) Kat:3, Licht: 2,172440,3,7,3,01,20,5,1,2,0,1,0,0,0,0
"POINT (6.800920004000034 51.236403146000043)",Unfall 172441 (2023) Kat:3, Licht: 0,172441,3,1,0,01,15,5,1,0,0,0,0,1,0,1
"POINT (6.822411899000031 51.221621251000045)",Unfall 172442 (2023) Kat:3, Licht: 1,172442,3,2,5,01,17,5,0,1,1,1,0,0,0,0
"POINT (6.790621565000038 51.221244782000042)",Unfall 172443 (2023) Kat:2, Licht: 2,172443,2,2,6,01,07,5,1,2,0,0,1,0,0,1
"POINT (6.776113423000027 51.239988883000080)",Unfall 172473 (2023) Kat:3, Licht: 2,172473,3,6,2,02,20,5,1,2,0,1,0,0,0,0
"POINT (6.777018190000035 51.209834711000042)",Unfall 172540 (2023) Kat:2, Licht: 2,172540,2,2,6,03,05,5,0,2,0,0,1,0,0,1
"POINT (6.777028329000075 51.223036241000045)",Unfall 172541 (2023) Kat:3, Licht: 2,172541,3,3,5,03,21,5,0,2,1,1,0,0,0,0
"POINT (6.865626975000055 51.170434859000068)",Unfall 172582 (2023) Kat:3, Licht: 0,172582,3,2,5,03,08,4,0,0,1,1,0,0,0,0
"POINT (6.820821661000025 51.218733013000076)",Unfall 172583 (2023) Kat:3, Licht: 0,172583,3,3,5,03,11,4,0,0,1,1,0,0,0,0
"POINT (6.746606326000062 51.270221151000044)",Unfall 172584 (2023) Kat:3, Licht: 0,172584,3,6,3,03,08,4,0,0,0,1,0,1,0,0
"POINT (6.791973777000067 51.220660863000035)",Unfall 172585 (2023) Kat:3, Licht: 0,172585,3,2,0,03,15,4,0,0,0,0,1,0,0,1
"POINT (6.734779796000055 51.257450736000067)",Unfall 172636 (2023) Kat:3, Licht: 0,172636,3,3,5,02,17,3,0,0,1,1,0,0,0,0
"POINT (6.726705050000021 51.265837896000050)",Unfall 172637 (2023) Kat:3, Licht: 0,172637,3,3,5,02,11,3,0,0,0,1,0,0,0,1
"POINT (6.838029609000046 51.208904363000045)",Unfall 172695 (2023) Kat:3, Licht: 2,172695,3,2,6,02,22,2,0,2,0,1,1,0,0,0
"POINT (6.761716396000054 51.215911430000062)",Unfall 172696 (2023) Kat:3, Licht: 0,172696,3,2,5,02,13,2,0,0,1,1,0,0,0,0
"POINT (6.896841742000049 51.204049304000080)",Unfall 172697 (2023) Kat:3, Licht: 0,172697,3,5,1,02,15,2,0,0,0,1,0,0,0,0
"POINT (6.838883978000069 51.201209429000073)",Unfall 172698 (2023) Kat:3, Licht: 0,172698,3,4,6,02,15,2,0,0,1,0,1,0,0,0
"POINT (6.824116146000051 51.224196542000072)",Unfall 172699 (2023) Kat:3, Licht: 2,172699,3,3,5,02,18,2,0,2,0,1,0,0,0,1
"POINT (6.862005976000034 51.180597472000045)",Unfall 172737 (2023) Kat:1, Licht: 0,172737,1,4,0,02,13,1,0,0,0,0,1,0,0,1
"POINT (6.814503089000027 51.262770340000031)",Unfall 172738 (2023) Kat:3, Licht: 2,172738,3,1,1,02,01,1,0,2,1,1,0,0,0,0
"POINT (6.739149922000024 51.289284650000070)",Unfall 172739 (2023) Kat:2, Licht: 2,172739,2,7,0,02,03,1,0,2,0,0,0,0,0,1
"POINT (6.735500551000030 51.265017587000045)",Unfall 172740 (2023) Kat:3, Licht: 2,172740,3,7,6,02,18,1,0,2,0,0,1,0,0,1
"POINT (6.787484285000062 51.211135331000037)",Unfall 172764 (2023) Kat:3, Licht: 2,172764,3,6,2,02,20,7,0,2,0,1,0,0,0,0
"POINT (6.788158349000071 51.219310604000043)",Unfall 172765 (2023) Kat:2, Licht: 2,172765,2,7,5,02,20,7,0,2,0,0,0,0,0,1
"POINT (6.789236558000027 51.222241296000050)",Unfall 172766 (2023) Kat:3, Licht: 0,172766,3,5,0,02,09,7,0,0,1,1,0,0,0,0
"POINT (6.776877432000049 51.205480249000061)",Unfall 172826 (2023) Kat:3, Licht: 0,172826,3,6,2,02,10,6,0,0,0,1,0,0,0,1
"POINT (6.762842137000064 51.210640516000069)",Unfall 172827 (2023) Kat:3, Licht: 0,172827,3,1,0,02,12,6,1,0,1,0,0,0,0,0
"POINT (6.819764871000075 51.217362947000026)",Unfall 172828 (2023) Kat:3, Licht: 0,172828,3,7,5,02,15,6,0,0,0,1,0,0,0,0
"POINT (6.738777496000068 51.301226633000056)",Unfall 172829 (2023) Kat:3, Licht: 0,172829,3,7,0,02,15,6,0,0,0,0,0,0,0,1
"POINT (6.774719928000025 51.223077583000077)",Unfall 172831 (2023) Kat:3, Licht: 0,172831,3,6,2,02,10,6,0,0,1,1,0,0,0,0
"POINT (6.776650240000038 51.210768979000079)",Unfall 172883 (2023) Kat:3, Licht: 2,172883,3,3,5,02,05,5,1,2,0,1,0,0,0,0
"POINT (6.776768151000056 51.210773032000077)",Unfall 172884 (2023) Kat:3, Licht: 0,172884,3,1,0,02,13,5,1,0,1,0,0,0,0,0
"POINT (6.794729717000052 51.278798894000033)",Unfall 172885 (2023) Kat:3, Licht: 2,172885,3,3,5,02,18,5,1,2,0,1,0,0,0,0
"POINT (6.824096913000062 51.224162090000050)",Unfall 172886 (2023) Kat:2, Licht: 1,172886,2,3,5,02,07,5,1,1,0,1,0,0,0,1
"POINT (6.733204918000069 51.238366334000034)",Unfall 172887 (2023) Kat:3, Licht: 0,172887,3,7,0,02,08,5,1,0,0,1,1,0,0,0
"POINT (6.751069114000074 51.210804742000050)",Unfall 172972 (2023) Kat:3, Licht: 2,172972,3,1,9,02,20,3,0,2,0,1,0,0,0,0
"POINT (6.762293582000041 51.211667895000062)",Unfall 172973 (2023) Kat:3, Licht: 2,172973,3,6,2,02,22,3,0,2,0,1,0,1,0,0
"POINT (6.811467523000033 51.210553420000053)",Unfall 172974 (2023) Kat:3, Licht: 0,172974,3,2,5,02,12,3,1,0,1,1,0,0,0,0
"POINT (6.782678616000055 51.198067173000027)",Unfall 173013 (2023) Kat:3, Licht: 0,173013,3,7,0,02,11,2,0,0,0,0,0,0,0,1
"POINT (6.739425884000070 51.262372103000075)",Unfall 173014 (2023) Kat:2, Licht: 0,173014,2,7,0,02,13,2,0,0,1,0,0,0,0,0
"POINT (6.816928437000058 51.266287946000034)",Unfall 173032 (2023) Kat:3, Licht: 2,173032,3,1,8,02,04,1,1,2,0,1,0,0,0,0
"POINT (6.792524575000073 51.243294505000051)",Unfall 173107 (2023) Kat:3, Licht: 0,173107,3,2,4,02,09,6,0,0,0,1,0,0,0,0
"POINT (6.768053107000071 51.219109048000064)",Unfall 173108 (2023) Kat:3, Licht: 0,173108,3,5,1,02,11,6,0,0,1,1,0,0,0,0
"POINT (6.750617379000062 51.212491682000064)",Unfall 173159 (2023) Kat:2, Licht: 2,173159,2,1,0,02,20,5,0,2,1,0,0,0,0,0
"POINT (6.775456709000025 51.219111327000064)",Unfall 173160 (2023) Kat:2, Licht: 0,173160,2,3,0,02,14,5,0,0,0,1,0,0,0,0
"POINT (6.822167942000021 51.232901710000078)",Unfall 173163 (2023) Kat:3, Licht: 0,173163,3,7,5,02,08,5,0,0,1,1,0,0,0,0
"POINT (6.795340465000038 51.248092970000073)",Unfall 173209 (2023) Kat:3, Licht: 0,173209,3,4,6,03,16,5,0,0,1,0,1,0,0,0
"POINT (6.843743296000071 51.199765763000073)",Unfall 173225 (2023) Kat:3, Licht: 0,173225,3,1,0,02,14,4,0,0,1,0,0,0,0,0
"POINT (6.812900493000029 51.217892484000060)",Unfall 173226 (2023) Kat:2, Licht: 0,173226,2,1,0,02,17,4,0,0,0,0,0,1,0,0
"POINT (6.777392991000056 51.234119652000061)",Unfall 173227 (2023) Kat:3, Licht: 0,173227,3,4,6,02,14,4,0,0,1,0,1,0,0,0
"POINT (6.744657874000040 51.273563205000073)",Unfall 173228 (2023) Kat:3, Licht: 0,173228,3,3,5,02,13,4,0,0,1,1,0,0,0,0
"POINT (6.776743342000032 51.215647834000038)",Unfall 173272 (2023) Kat:2, Licht: 0,173272,2,6,1,02,14,5,0,0,0,1,0,0,0,1
"POINT (6.820893984000065 51.212450241000056)",Unfall 173300 (2023) Kat:3, Licht: 2,173300,3,6,4,02,05,3,0,2,0,1,0,0,0,0
"POINT (6.763867642000037 51.220826229000068)",Unfall 173302 (2023) Kat:3, Licht: 0,173302,3,6,2,02,16,3,0,0,0,1,0,0,0,0
"POINT (6.825966087000040 51.194699360000072)",Unfall 173303 (2023) Kat:2, Licht: 2,173303,2,1,8,02,18,3,0,2,1,0,0,0,0,0
"POINT (6.735713854000039 51.296233242000028)",Unfall 173304 (2023) Kat:3, Licht: 0,173304,3,4,6,02,15,3,0,0,0,1,1,0,0,0
"POINT (6.746226679000074 51.270583775000034)",Unfall 173305 (2023) Kat:3, Licht: 0,173305,3,3,5,02,15,3,0,0,0,1,0,0,0,0
"POINT (6.809256672000060 51.263720848000048)",Unfall 173306 (2023) Kat:2, Licht: 0,173306,2,4,6,02,15,3,0,0,0,1,1,0,0,0
"POINT (6.792111226000031 51.233505173000026)",Unfall 173308 (2023) Kat:3, Licht: 0,173308,3,5,1,02,13,3,0,0,1,1,0,0,0,0
"POINT (6.769640575000039 51.206237275000035)",Unfall 173382 (2023) Kat:3, Licht: 0,173382,3,5,2,02,09,6,0,0,1,1,0,0,0,0
"POINT (6.801160289000052 51.243472769000050)",Unfall 173385 (2023) Kat:3, Licht: 0,173385,3,7,0,03,12,5,0,0,0,0,0,0,1,1
"POINT (6.848639157000036 51.166532223000047)",Unfall 173387 (2023) Kat:3, Licht: 0,173387,3,3,5,02,13,2,0,0,1,1,0,0,0,0
"POINT (6.777183156000035 51.224402992000080)",Unfall 173433 (2023) Kat:3, Licht: 2,173433,3,2,6,02,23,2,0,2,0,1,1,0,0,0
"POINT (6.776425101000029 51.202355370000078)",Unfall 173461 (2023) Kat:3, Licht: 0,173461,3,5,1,02,16,7,0,0,0,1,0,0,0,1
"POINT (6.872213437000028 51.164253083000062)",Unfall 173462 (2023) Kat:3, Licht: 0,173462,3,3,5,02,08,7,1,0,1,1,0,0,0,0
"POINT (6.874272801000075 51.168523296000046)",Unfall 173463 (2023) Kat:3, Licht: 0,173463,3,3,5,02,12,7,1,0,0,1,0,0,0,0
"POINT (6.840108803000021 51.204958539000074)",Unfall 173464 (2023) Kat:3, Licht: 0,173464,3,3,5,02,11,7,0,0,1,1,0,0,0,0
"POINT (6.876530808000041 51.153843572000028)",Unfall 173465 (2023) Kat:3, Licht: 0,173465,3,5,2,02,14,7,0,0,0,1,0,0,0,0
"POINT (6.811280514000032 51.263610161000031)",Unfall 173466 (2023) Kat:3, Licht: 0,173466,3,4,6,02,14,7,0,0,0,1,1,0,0,0
"POINT (6.862460227000042 51.192098207000072)",Unfall 173520 (2023) Kat:3, Licht: 0,173520,3,3,5,03,13,7,1,0,1,0,0,0,0,1
"POINT (6.786962593000055 51.247250272000031)",Unfall 173521 (2023) Kat:3, Licht: 2,173521,3,3,5,03,22,7,1,2,0,1,0,0,0,0
"POINT (6.821445115000074 51.219835606000061)",Unfall 173522 (2023) Kat:3, Licht: 2,173522,3,5,0,03,23,7,1,2,0,1,0,1,0,0
"POINT (6.823127006000050 51.194659087000048)",Unfall 173570 (2023) Kat:3, Licht: 0,173570,3,3,5,03,11,6,0,0,0,1,0,1,0,0
"POINT (6.775239117000069 51.212403531000064)",Unfall 173571 (2023) Kat:3, Licht: 0,173571,3,3,5,03,14,6,1,0,1,0,0,0,0,1
"POINT (6.775239223000028 51.213979472000062)",Unfall 173572 (2023) Kat:2, Licht: 0,173572,2,7,5,03,17,6,1,0,0,1,0,0,0,0
"POINT (6.812775588000022 51.219191820000049)",Unfall 173573 (2023) Kat:3, Licht: 0,173573,3,6,4,03,12,6,0,0,1,0,0,0,0,1
"POINT (6.806123097000068 51.221993391000069)",Unfall 173574 (2023) Kat:3, Licht: 0,173574,3,2,2,03,18,6,1,0,0,1,0,0,0,0
"POINT (6.776716264000072 51.212395517000061)",Unfall 173620 (2023) Kat:3, Licht: 0,173620,3,2,5,03,15,5,1,0,0,1,0,1,0,0
"POINT (6.766029177000064 51.202506063000044)",Unfall 173621 (2023) Kat:3, Licht: 0,173621,3,7,0,03,18,5,0,0,0,1,0,0,0,0
"POINT (6.778881832000025 51.236471431000041)",Unfall 173622 (2023) Kat:3, Licht: 0,173622,3,7,0,03,16,5,1,0,1,0,0,0,0,0
"POINT (6.794787216000032 51.242083745000059)",Unfall 173623 (2023) Kat:3, Licht: 0,173623,3,5,1,03,16,5,1,0,1,1,0,0,0,0
"POINT (6.719415618000028 51.243151677000071)",Unfall 173624 (2023) Kat:3, Licht: 0,173624,3,3,5,03,13,5,1,0,0,1,0,0,0,0
"POINT (6.831599347000065 51.206970158000047)",Unfall 173657 (2023) Kat:3, Licht: 1,173657,3,1,0,03,18,4,0,1,0,0,0,0,0,1
"POINT (6.777040064000062 51.207977846000063)",Unfall 173765 (2023) Kat:3, Licht: 0,173765,3,6,6,03,07,2,0,0,1,0,1,0,0,0
"POINT (6.785193572000026 51.193591715000082)",Unfall 173766 (2023) Kat:3, Licht: 0,173766,3,3,5,03,08,2,0,0,1,1,0,0,0,0
"POINT (6.866458633000036 51.166112902000066)",Unfall 173767 (2023) Kat:3, Licht: 2,173767,3,6,6,03,19,2,0,2,0,1,1,0,0,0
"POINT (6.809978353000076 51.205401762000065)",Unfall 173768 (2023) Kat:3, Licht: 0,173768,3,6,6,03,15,2,0,0,1,0,1,0,0,0
"POINT (6.817916597000021 51.263250118000030)",Unfall 173769 (2023) Kat:3, Licht: 0,173769,3,1,0,03,07,2,0,0,1,0,0,0,0,0
"POINT (6.762145533000023 51.246726777000049)",Unfall 173770 (2023) Kat:3, Licht: 0,173770,3,5,4,03,07,2,0,0,1,1,0,0,0,0
"POINT (6.809828574000051 51.209415455000055)",Unfall 173772 (2023) Kat:3, Licht: 0,173772,3,2,5,03,10,2,0,0,0,1,0,1,0,0
"POINT (6.789858566000021 51.220685665000076)",Unfall 173773 (2023) Kat:3, Licht: 0,173773,3,2,5,03,09,2,0,0,1,1,0,0,0,0
"POINT (6.773358143000053 51.204574829000080)",Unfall 173807 (2023) Kat:3, Licht: 0,173807,3,1,0,03,12,1,1,0,1,1,0,0,0,0
"POINT (6.809029152000051 51.213570696000033)",Unfall 173808 (2023) Kat:3, Licht: 0,173808,3,5,7,03,14,1,1,0,1,1,0,0,0,0
"POINT (6.847242012000038 51.213900329000069)",Unfall 173844 (2023) Kat:3, Licht: 2,173844,3,6,2,03,22,7,0,2,0,1,0,0,0,0
"POINT (6.830719342000066 51.208145655000067)",Unfall 173845 (2023) Kat:3, Licht: 0,173845,3,7,6,03,00,7,0,0,0,0,1,0,0,1
"POINT (6.774649693000072 51.244619120000038)",Unfall 173846 (2023) Kat:3, Licht: 0,173846,3,4,4,03,10,7,0,0,1,0,1,0,0,0
"POINT (6.846046991000037 51.234376888000043)",Unfall 173847 (2023) Kat:3, Licht: 0,173847,3,6,0,03,14,7,0,0,0,0,0,0,0,1
"POINT (6.781875277000040 51.199783977000038)",Unfall 173904 (2023) Kat:3, Licht: 0,173904,3,5,4,03,06,6,0,0,0,1,0,0,0,1
"POINT (6.801291630000037 51.222963779000054)",Unfall 173905 (2023) Kat:2, Licht: 0,173905,2,4,6,03,14,6,0,0,0,1,1,0,0,0
"POINT (6.757393798000066 51.212253593000071)",Unfall 173957 (2023) Kat:3, Licht: 1,173957,3,3,5,03,18,5,0,1,1,1,0,0,0,0
"POINT (6.775576146000049 51.224425613000051)",Unfall 173959 (2023) Kat:3, Licht: 2,173959,3,1,0,03,22,5,0,2,1,0,0,0,0,0
"POINT (6.821140351000054 51.219324485000072)",Unfall 173992 (2023) Kat:2, Licht: 0,173992,2,2,5,03,09,4,0,0,1,1,0,0,0,0
"POINT (6.774259419000032 51.227645727000038)",Unfall 173993 (2023) Kat:3, Licht: 0,173993,3,5,1,03,17,4,0,0,1,1,0,0,0,0
"POINT (6.781968271000039 51.199173784000038)",Unfall 174038 (2023) Kat:3, Licht: 2,174038,3,6,2,03,19,3,0,2,0,1,1,1,0,0
"POINT (6.848943277000046 51.220500054000070)",Unfall 174039 (2023) Kat:3, Licht: 0,174039,3,3,5,03,09,3,1,0,1,1,0,0,0,0
"POINT (6.788887060000036 51.220080076000045)",Unfall 174040 (2023) Kat:3, Licht: 2,174040,3,6,2,03,20,6,0,2,0,1,0,0,0,0
"POINT (6.787256941000066 51.276705311000057)",Unfall 174041 (2023) Kat:3, Licht: 0,174041,3,6,2,03,07,3,0,0,0,1,0,0,0,0
"POINT (6.734826525000074 51.237197977000051)",Unfall 174042 (2023) Kat:3, Licht: 0,174042,3,2,5,03,08,3,1,0,1,1,0,0,0,0
"POINT (6.873459294000043 51.169886696000049)",Unfall 174091 (2023) Kat:3, Licht: 2,174091,3,3,5,03,21,2,0,2,1,1,0,0,0,0
"POINT (6.789687365000020 51.242862464000041)",Unfall 174092 (2023) Kat:3, Licht: 0,174092,3,6,2,03,13,2,0,0,0,1,0,0,0,0
"POINT (6.779761872000051 51.263013540000031)",Unfall 174099 (2023) Kat:3, Licht: 2,174099,3,6,4,03,19,6,1,2,0,1,0,0,0,0
"POINT (6.776650240000038 51.210768979000079)",Unfall 174124 (2023) Kat:3, Licht: 2,174124,3,3,5,03,03,1,0,2,0,1,0,0,0,0
"POINT (6.776650729000039 51.210781034000036)",Unfall 174125 (2023) Kat:2, Licht: 0,174125,2,3,5,03,13,1,1,0,1,1,0,0,0,0
"POINT (6.811719775000029 51.227341611000043)",Unfall 174126 (2023) Kat:3, Licht: 0,174126,3,2,3,03,11,1,1,0,1,1,0,0,0,0
"POINT (6.831649454000058 51.180428184000050)",Unfall 174149 (2023) Kat:3, Licht: 0,174149,3,2,3,03,12,7,0,0,1,1,0,0,0,0
"POINT (6.795666144000052 51.216197902000033)",Unfall 174150 (2023) Kat:2, Licht: 0,174150,2,4,6,03,17,7,0,0,0,1,1,0,0,0
"POINT (6.872166807000042 51.164209058000040)",Unfall 174193 (2023) Kat:3, Licht: 0,174193,3,3,5,03,14,6,1,0,1,1,0,0,0,0
"POINT (6.832432896000057 51.176718844000050)",Unfall 174194 (2023) Kat:3, Licht: 0,174194,3,3,5,03,10,6,0,0,0,1,0,0,0,0
"POINT (6.872009827000056 51.148171397000056)",Unfall 174195 (2023) Kat:3, Licht: 0,174195,3,3,5,03,14,6,1,0,1,1,0,0,0,0
"POINT (6.738623230000030 51.325281154000038)",Unfall 174196 (2023) Kat:3, Licht: 0,174196,3,3,5,03,16,6,1,0,1,1,0,0,0,0
"POINT (6.819304947000035 51.258826599000031)",Unfall 174197 (2023) Kat:3, Licht: 2,174197,3,7,5,03,19,6,1,2,0,1,0,0,0,0
"POINT (6.777536437000037 51.243894891000082)",Unfall 174198 (2023) Kat:3, Licht: 0,174198,3,2,4,03,15,6,0,0,1,1,0,0,0,0
"POINT (6.806064305000064 51.226963201000046)",Unfall 174200 (2023) Kat:3, Licht: 2,174200,3,5,0,03,18,6,1,2,1,1,0,0,0,0
"POINT (6.783199502000059 51.245097695000027)",Unfall 174201 (2023) Kat:3, Licht: 0,174201,3,3,5,03,16,6,1,0,0,1,0,0,0,1
"POINT (6.744812478000028 51.232310811000048)",Unfall 174202 (2023) Kat:3, Licht: 2,174202,3,1,0,03,20,6,1,2,1,0,0,0,0,0
"POINT (6.876058721000049 51.154117064000047)",Unfall 174264 (2023) Kat:2, Licht: 0,174264,2,6,4,03,09,5,0,0,1,0,0,0,0,0
"POINT (6.764745517000051 51.262652561000039)",Unfall 174265 (2023) Kat:3, Licht: 0,174265,3,6,2,03,16,5,1,0,1,0,0,0,0,0
"POINT (6.777938947000052 51.269532585000036)",Unfall 174280 (2023) Kat:3, Licht: 0,174280,3,5,1,03,13,6,0,0,1,1,0,0,0,0
"POINT (6.776032051000072 51.210741967000047)",Unfall 174313 (2023) Kat:2, Licht: 2,174313,2,5,0,03,19,4,1,2,1,1,0,0,0,0
"POINT (6.874308935000045 51.168539866000060)",Unfall 174373 (2023) Kat:3, Licht: 2,174373,3,2,6,03,05,3,1,2,0,1,1,0,0,0
"POINT (6.768357108000032 51.212038932000041)",Unfall 174375 (2023) Kat:3, Licht: 0,174375,3,7,0,03,11,3,1,0,0,1,0,1,0,1
"POINT (6.808145076000073 51.211060538000027)",Unfall 174376 (2023) Kat:3, Licht: 2,174376,3,2,5,03,05,3,1,2,1,1,0,0,0,0
"POINT (6.776761927000052 51.210772819000056)",Unfall 174385 (2023) Kat:3, Licht: 2,174385,3,4,6,03,23,7,0,2,0,1,1,0,0,0
"POINT (6.874332827000046 51.168550822000043)",Unfall 174421 (2023) Kat:3, Licht: 0,174421,3,7,0,03,17,2,0,0,0,0,0,1,0,1
"POINT (6.791135805000067 51.338340467000080)",Unfall 174423 (2023) Kat:3, Licht: 2,174423,3,6,0,03,18,2,1,2,0,1,0,0,0,0
"POINT (6.813664322000022 51.222226683000031)",Unfall 174424 (2023) Kat:3, Licht: 0,174424,3,3,5,03,07,2,1,0,0,1,0,0,0,1
"POINT (6.773552903000052 51.227465546000076)",Unfall 174425 (2023) Kat:3, Licht: 0,174425,3,3,5,03,17,2,0,0,1,1,0,0,0,0
"POINT (6.776763936000066 51.213960832000055)",Unfall 174462 (2023) Kat:3, Licht: 0,174462,3,3,0,03,15,3,0,0,1,0,0,0,0,1
"POINT (6.781344597000043 51.215590093000060)",Unfall 174469 (2023) Kat:3, Licht: 0,174469,3,5,1,03,16,4,1,0,0,1,0,0,0,0
"POINT (6.804047671000035 51.238868479000075)",Unfall 174475 (2023) Kat:3, Licht: 0,174475,3,4,6,03,13,4,0,0,1,0,1,0,0,0
"POINT (6.867292040000052 51.148987512000076)",Unfall 174496 (2023) Kat:3, Licht: 0,174496,3,5,0,03,12,7,0,0,0,1,0,0,0,1
"POINT (6.776760674000059 51.226566299000069)",Unfall 174497 (2023) Kat:2, Licht: 1,174497,2,3,5,03,06,7,0,1,1,1,0,0,0,0
"POINT (6.907747138000047 51.140300298000057)",Unfall 174548 (2023) Kat:3, Licht: 0,174548,3,7,0,03,16,6,0,0,0,1,0,0,0,0
"POINT (6.823192839000058 51.213718202000052)",Unfall 174549 (2023) Kat:3, Licht: 0,174549,3,2,5,03,15,6,0,0,0,1,0,0,0,1
"POINT (6.845321152000054 51.225930859000073)",Unfall 174550 (2023) Kat:2, Licht: 2,174550,2,5,1,03,21,6,0,2,1,1,0,0,0,0
"POINT (6.819676975000050 51.221715603000064)",Unfall 174590 (2023) Kat:3, Licht: 0,174590,3,7,0,04,15,3,0,0,0,0,0,0,0,1
"POINT (6.871401941000045 51.146653907000029)",Unfall 174646 (2023) Kat:3, Licht: 0,174646,3,4,0,04,14,2,0,0,0,1,1,0,0,0
"POINT (6.780402254000023 51.206099921000032)",Unfall 174704 (2023) Kat:3, Licht: 0,174704,3,6,0,04,16,7,0,0,1,0,0,0,0,0
"POINT (6.801198084000021 51.238518463000048)",Unfall 174745 (2023) Kat:2, Licht: 0,174745,2,5,1,04,11,6,0,0,0,1,0,0,0,0
"POINT (6.819811266000045 51.217424144000063)",Unfall 174746 (2023) Kat:3, Licht: 0,174746,3,7,5,04,08,6,0,0,0,1,0,0,0,1
"POINT (6.777048143000059 51.225553827000056)",Unfall 174747 (2023) Kat:3, Licht: 0,174747,3,3,5,04,13,6,0,0,0,1,0,0,0,0
"POINT (6.807765449000044 51.214375913000026)",Unfall 174748 (2023) Kat:3, Licht: 0,174748,3,3,5,04,07,6,0,0,0,1,0,0,0,1
"POINT (6.777278818000070 51.235080905000075)",Unfall 174786 (2023) Kat:3, Licht: 0,174786,3,7,6,04,15,5,0,0,0,1,1,0,0,0
"POINT (6.792102723000028 51.234792859000038)",Unfall 174787 (2023) Kat:3, Licht: 0,174787,3,5,1,04,15,5,0,0,0,1,0,1,0,0
"POINT (6.763179868000066 51.251210661000073)",Unfall 174828 (2023) Kat:3, Licht: 0,174828,3,6,0,04,14,4,1,0,0,1,0,0,0,1
"POINT (6.784493849000057 51.236412736000034)",Unfall 174851 (2023) Kat:3, Licht: 0,174851,3,5,1,04,07,5,1,0,1,1,0,0,0,0
"POINT (6.857570550000048 51.178572591000034)",Unfall 174862 (2023) Kat:2, Licht: 0,174862,2,7,6,04,10,3,0,0,0,1,1,0,0,0