WKT,Name,OBJECTID,UKATEGORIE,UTYP1,UART,UMONAT,USTUNDE,UWOCHENTAG,STRZUSTAND,ULICHTVERH,ISTRAD,ISTPKW,ISTFUSS,ISTKRAD,ISTGKFZ,ISTSONSTIG
"POINT (6.873245472000065 51.165699955000036)",Unfall 174863 (2023) Kat:3, Licht: 0,174863,3,2,0,04,14,3,0,0,0,1,0,0,0,1
"POINT (6.776915267000049 51.209783552000033)",Unfall 174893 (2023) Kat:3, Licht: 2,174893,3,2,4,04,21,2,1,2,1,1,0,0,0,0
"POINT (6.776650240000038 51.210768979000079)",Unfall 174956 (2023) Kat:2, Licht: 0,174956,2,3,5,04,09,7,0,0,0,1,0,0,0,0
"POINT (6.843364876000066 51.199904667000055)",Unfall 174957 (2023) Kat:3, Licht: 0,174957,3,5,1,04,08,7,1,0,1,1,0,0,0,0
"POINT (6.840617140000063 51.192661821000058)",Unfall 174981 (2023) Kat:3, Licht: 0,174981,3,7,0,04,08,6,1,0,0,0,0,0,0,1
"POINT (6.788653656000065 51.262926184000037)",Unfall 174982 (2023) Kat:3, Licht: 0,174982,3,6,2,04,14,6,1,0,1,1,0,0,0,0
"POINT (6.816003981000051 51.190959079000038)",Unfall 175030 (2023) Kat:2, Licht: 0,175030,2,2,6,04,17,5,1,0,0,1,1,0,0,0
"POINT (6.830131079000068 51.201121490000048)",Unfall 175031 (2023) Kat:3, Licht: 0,175031,3,3,8,04,14,5,0,0,0,1,0,0,0,0
"POINT (6.831600832000049 51.225908601000071)",Unfall 175032 (2023) Kat:2, Licht: 0,175032,2,4,6,04,09,5,0,0,1,0,1,0,0,0
"POINT (6.810276139000052 51.220363120000059)",Unfall 175033 (2023) Kat:3, Licht: 0,175033,3,2,3,04,16,5,1,0,1,1,0,0,0,0
"POINT (6.882295506000048 51.208367358000032)",Unfall 175076 (2023) Kat:3, Licht: 2,175076,3,1,0,04,23,4,0,2,0,0,0,1,0,0
"POINT (6.869607488000042 51.165374406000069)",Unfall 175077 (2023) Kat:3, Licht: 0,175077,3,4,6,04,12,4,0,0,1,0,1,0,0,0
"POINT (6.791433239000071 51.221892701000058)",Unfall 175078 (2023) Kat:3, Licht: 0,175078,3,4,6,04,16,4,0,0,0,1,1,0,0,0
"POINT (6.764336051000043 51.220436446000065)",Unfall 175079 (2023) Kat:3, Licht: 0,175079,3,6,2,04,15,4,0,0,0,1,0,0,0,0
"POINT (6.775306502000035 51.215470845000027)",Unfall 175126 (2023) Kat:3, Licht: 0,175126,3,3,5,04,13,3,0,0,1,1,0,0,0,0
"POINT (6.742759414000034 51.235160790000066)",Unfall 175127 (2023) Kat:2, Licht: 0,175127,2,2,5,04,14,3,0,0,0,1,0,0,0,1
"POINT (6.778569332000075 51.249156530000050)",Unfall 175138 (2023) Kat:3, Licht: 0,175138,3,3,5,04,15,3,0,0,1,1,0,0,0,0
"POINT (6.781376076000072 51.243213142000059)",Unfall 175180 (2023) Kat:3, Licht: 0,175180,3,5,1,04,09,2,0,0,1,1,0,0,0,0
"POINT (6.774231732000032 51.221577889000059)",Unfall 175181 (2023) Kat:3, Licht: 0,175181,3,4,6,04,08,2,0,0,1,0,1,0,0,0
"POINT (6.754131222000069 51.201027851000049)",Unfall 175246 (2023) Kat:3, Licht: 2,175246,3,7,5,04,20,7,1,2,0,1,0,0,0,0
"POINT (6.831316173000062 51.206934452000041)",Unfall 175247 (2023) Kat:3, Licht: 0,175247,3,6,6,04,13,7,1,0,0,1,1,0,0,0
"POINT (6.788694294000038 51.226257883000073)",Unfall 175248 (2023) Kat:3, Licht: 1,175248,3,2,6,04,18,7,1,1,0,1,1,0,0,0
"POINT (6.788087157000064 51.222170200000050)",Unfall 175249 (2023) Kat:3, Licht: 0,175249,3,5,1,04,12,7,1,0,1,1,0,0,0,0
"POINT (6.735080255000071 51.237553932000026)",Unfall 175250 (2023) Kat:3, Licht: 0,175250,3,6,2,04,12,7,1,0,0,1,0,0,0,0
"POINT (6.785500322000075 51.213853440000037)",Unfall 175273 (2023) Kat:2, Licht: 0,175273,2,7,0,04,15,2,0,0,0,0,0,0,0,1
"POINT (6.750285671000029 51.211463655000045)",Unfall 175306 (2023) Kat:3, Licht: 0,175306,3,6,0,03,11,6,1,0,0,0,0,0,0,1
"POINT (6.859744595000052 51.237108652000074)",Unfall 175370 (2023) Kat:3, Licht: 0,175370,3,1,0,03,16,5,1,0,1,0,0,0,0,0
"POINT (6.900886326000034 51.203035477000071)",Unfall 175371 (2023) Kat:3, Licht: 0,175371,3,6,2,03,14,5,0,0,0,1,0,0,0,0
"POINT (6.778063120000070 51.197942038000065)",Unfall 175372 (2023) Kat:3, Licht: 0,175372,3,3,5,03,12,5,0,0,1,1,0,0,0,0
"POINT (6.800897934000034 51.223377780000078)",Unfall 175374 (2023) Kat:3, Licht: 0,175374,3,7,0,03,09,5,1,0,1,0,0,0,0,0
"POINT (6.746944947000031 51.211364929000069)",Unfall 175427 (2023) Kat:3, Licht: 0,175427,3,5,0,03,07,4,0,0,0,1,0,0,0,1
"POINT (6.761590808000051 51.211767090000080)",Unfall 175428 (2023) Kat:3, Licht: 0,175428,3,2,1,03,16,4,0,0,0,1,0,0,0,0
"POINT (6.815800021000030 51.229521747000035)",Unfall 175429 (2023) Kat:3, Licht: 0,175429,3,2,5,03,17,4,0,0,1,1,0,0,0,0
"POINT (6.811897396000063 51.229673712000078)",Unfall 175430 (2023) Kat:2, Licht: 0,175430,2,2,6,03,15,4,0,0,0,1,1,0,0,0
"POINT (6.821742810000046 51.186034642000038)",Unfall 175471 (2023) Kat:3, Licht: 0,175471,3,3,5,04,15,5,0,0,1,1,0,0,0,0
"POINT (6.822727968000038 51.170065039000065)",Unfall 175503 (2023) Kat:3, Licht: 0,175503,3,7,2,03,16,3,0,0,0,1,0,0,0,0
"POINT (6.768150558000059 51.217543161000037)",Unfall 175504 (2023) Kat:3, Licht: 0,175504,3,1,9,03,13,3,0,0,0,1,0,0,0,0
"POINT (6.820734778000030 51.218606140000077)",Unfall 175505 (2023) Kat:3, Licht: 0,175505,3,6,2,03,17,3,0,0,0,1,0,0,0,0
"POINT (6.801642056000048 51.222600818000046)",Unfall 175506 (2023) Kat:2, Licht: 1,175506,2,7,0,03,19,3,0,1,1,0,0,0,0,0
"POINT (6.815860469000029 51.190683458000080)",Unfall 175568 (2023) Kat:3, Licht: 0,175568,3,2,5,03,13,2,1,0,1,1,0,0,0,0
"POINT (6.834186503000069 51.234638121000046)",Unfall 175570 (2023) Kat:3, Licht: 0,175570,3,2,5,03,16,2,0,0,1,1,0,0,0,0
"POINT (6.813119737000022 51.230366281000045)",Unfall 175571 (2023) Kat:3, Licht: 0,175571,3,4,0,03,07,2,0,0,0,0,1,0,0,1
"POINT (6.781802994000032 51.240427144000080)",Unfall 175572 (2023) Kat:3, Licht: 0,175572,3,1,0,03,11,2,0,0,1,0,0,0,0,0
"POINT (6.740148060000024 51.242623777000063)",Unfall 175573 (2023) Kat:3, Licht: 0,175573,3,3,5,03,16,2,1,0,1,1,0,0,0,0
"POINT (6.808122068000046 51.208758952000039)",Unfall 175574 (2023) Kat:3, Licht: 0,175574,3,3,5,03,15,2,0,0,0,1,0,0,0,1
"POINT (6.814448187000039 51.193100088000051)",Unfall 175589 (2023) Kat:3, Licht: 2,175589,3,2,5,04,20,6,0,2,0,1,0,0,0,1
"POINT (6.758205642000064 51.296995207000066)",Unfall 175609 (2023) Kat:3, Licht: 0,175609,3,5,1,03,13,1,1,0,1,1,0,0,0,0
"POINT (6.785583015000043 51.223902565000060)",Unfall 175610 (2023) Kat:3, Licht: 2,175610,3,3,5,03,06,1,1,2,0,1,0,0,0,0
"POINT (6.777039229000025 51.226468946000068)",Unfall 175611 (2023) Kat:3, Licht: 2,175611,3,4,6,03,05,1,0,2,0,0,1,0,0,1
"POINT (6.839465812000071 51.214775592000080)",Unfall 175647 (2023) Kat:3, Licht: 0,175647,3,3,5,05,13,6,1,0,1,0,0,0,0,1
"POINT (6.872224464000055 51.147372791000066)",Unfall 175648 (2023) Kat:3, Licht: 0,175648,3,2,6,05,07,6,0,0,0,1,0,0,0,1
"POINT (6.875209569000049 51.160924300000033)",Unfall 175649 (2023) Kat:3, Licht: 0,175649,3,1,0,05,13,6,1,0,1,0,0,0,0,0
"POINT (6.762070237000046 51.222328167000057)",Unfall 175650 (2023) Kat:2, Licht: 0,175650,2,7,0,05,17,6,1,0,0,1,0,0,0,0
"POINT (6.812606533000064 51.225331918000052)",Unfall 175651 (2023) Kat:3, Licht: 0,175651,3,7,5,05,14,6,0,0,0,1,0,0,0,0
"POINT (6.800740137000048 51.223494874000039)",Unfall 175652 (2023) Kat:3, Licht: 0,175652,3,6,4,05,18,6,1,0,0,1,0,0,0,0
"POINT (6.735109140000077 51.237719830000060)",Unfall 175653 (2023) Kat:3, Licht: 0,175653,3,6,1,05,19,6,0,0,0,1,0,0,0,0
"POINT (6.785950693000075 51.196389894000049)",Unfall 175715 (2023) Kat:3, Licht: 0,175715,3,7,9,05,08,5,0,0,0,1,0,0,0,0
"POINT (6.859414776000051 51.184856465000053)",Unfall 175716 (2023) Kat:3, Licht: 0,175716,3,3,5,05,14,5,0,0,1,1,0,0,0,0
"POINT (6.782141357000057 51.240729799000064)",Unfall 175717 (2023) Kat:3, Licht: 0,175717,3,1,0,05,19,5,0,0,1,0,0,0,0,0
"POINT (6.782714272000021 51.235088200000064)",Unfall 175718 (2023) Kat:3, Licht: 1,175718,3,1,1,05,21,5,0,1,0,1,0,0,0,1
"POINT (6.776834126000040 51.216584353000030)",Unfall 175793 (2023) Kat:2, Licht: 0,175793,2,6,0,05,10,4,0,0,0,1,0,1,0,0
"POINT (6.767033466000044 51.200063625000041)",Unfall 175794 (2023) Kat:3, Licht: 0,175794,3,5,1,05,13,4,0,0,0,1,0,0,0,0
"POINT (6.775435025000036 51.218968950000033)",Unfall 175795 (2023) Kat:3, Licht: 0,175795,3,2,5,05,15,4,0,0,0,1,0,0,0,0
"POINT (6.882861107000053 51.152724394000074)",Unfall 175796 (2023) Kat:3, Licht: 0,175796,3,5,4,05,08,4,0,0,0,1,0,0,0,0
"POINT (6.801130703000069 51.241036357000041)",Unfall 175797 (2023) Kat:3, Licht: 0,175797,3,2,0,05,14,4,0,0,0,1,0,1,0,0
"POINT (6.817040958000064 51.233381230000077)",Unfall 175798 (2023) Kat:3, Licht: 0,175798,3,4,6,05,11,4,0,0,0,1,1,0,0,0
"POINT (6.788527258000045 51.219832360000055)",Unfall 175799 (2023) Kat:3, Licht: 0,175799,3,7,2,05,20,4,0,0,0,1,0,1,0,0
"POINT (6.791346135000026 51.220119490000059)",Unfall 175800 (2023) Kat:3, Licht: 0,175800,3,3,5,05,10,4,0,0,0,1,0,0,0,1
"POINT (6.842695560000038 51.200051887000029)",Unfall 175858 (2023) Kat:1, Licht: 0,175858,1,2,6,05,17,3,0,0,0,0,1,0,0,1
"POINT (6.872553252000046 51.166897983000069)",Unfall 175859 (2023) Kat:3, Licht: 0,175859,3,7,0,05,09,3,0,0,0,0,0,0,0,1
"POINT (6.831147593000026 51.211060162000081)",Unfall 175860 (2023) Kat:3, Licht: 0,175860,3,7,0,05,14,3,0,0,0,0,0,0,0,1
"POINT (6.828447499000049 51.209692573000041)",Unfall 175861 (2023) Kat:3, Licht: 0,175861,3,2,5,05,12,3,0,0,0,1,0,0,0,0
"POINT (6.821952034000049 51.214435384000069)",Unfall 175862 (2023) Kat:3, Licht: 1,175862,3,3,5,05,17,3,0,1,1,1,0,0,0,0
"POINT (6.905463433000023 51.203667721000045)",Unfall 175863 (2023) Kat:3, Licht: 0,175863,3,7,0,05,09,3,1,0,0,0,0,0,1,1
"POINT (6.855040930000030 51.222925969000073)",Unfall 175864 (2023) Kat:3, Licht: 0,175864,3,3,5,05,12,3,0,0,1,1,0,0,0,0
"POINT (6.790334327000039 51.219628353000076)",Unfall 175909 (2023) Kat:2, Licht: 0,175909,2,2,6,05,13,2,0,0,0,1,1,0,0,0
"POINT (6.853796510000052 51.204475565000052)",Unfall 175950 (2023) Kat:3, Licht: 0,175950,3,6,1,04,20,1,0,0,0,1,0,0,0,0
"POINT (6.862526857000034 51.180260555000075)",Unfall 175951 (2023) Kat:3, Licht: 0,175951,3,2,5,04,15,1,0,0,0,1,0,0,0,1
"POINT (6.864863494000076 51.146598269000037)",Unfall 175952 (2023) Kat:3, Licht: 0,175952,3,2,4,04,12,1,0,0,0,1,0,0,0,0
"POINT (6.809680838000077 51.211784370000032)",Unfall 175953 (2023) Kat:2, Licht: 0,175953,2,3,5,04,15,1,0,0,1,0,0,1,0,0
"POINT (6.790916572000071 51.234230255000057)",Unfall 176010 (2023) Kat:3, Licht: 2,176010,3,1,1,04,01,7,0,2,0,0,0,0,0,1
"POINT (6.776762170000040 51.213906170000030)",Unfall 176080 (2023) Kat:3, Licht: 0,176080,3,6,1,04,13,6,0,0,0,1,0,0,0,0
"POINT (6.779206363000071 51.206117784000071)",Unfall 176081 (2023) Kat:3, Licht: 0,176081,3,6,3,04,18,6,0,0,0,1,1,0,0,0
"POINT (6.780439670000021 51.204201657000056)",Unfall 176082 (2023) Kat:3, Licht: 0,176082,3,1,0,04,07,6,1,0,1,0,0,0,0,0
"POINT (6.788682866000045 51.198970006000081)",Unfall 176083 (2023) Kat:3, Licht: 0,176083,3,6,6,04,13,6,0,0,1,0,1,0,0,0
"POINT (6.776798597000038 51.227307106000069)",Unfall 176091 (2023) Kat:3, Licht: 2,176091,3,6,3,04,00,1,0,2,0,1,0,1,0,0
"POINT (6.858125032000032 51.139419928000052)",Unfall 176154 (2023) Kat:3, Licht: 0,176154,3,6,4,04,18,5,0,0,1,1,0,0,0,0
"POINT (6.787570038000069 51.250879879000081)",Unfall 176155 (2023) Kat:2, Licht: 0,176155,2,4,6,04,14,5,0,0,0,1,1,0,0,0
"POINT (6.812252522000051 51.222664014000031)",Unfall 176185 (2023) Kat:3, Licht: 1,176185,3,1,0,05,22,4,0,1,0,0,0,1,0,0
"POINT (6.776545849000058 51.204300848000059)",Unfall 176218 (2023) Kat:3, Licht: 0,176218,3,5,0,05,07,6,0,0,1,1,0,0,0,1
"POINT (6.793023235000021 51.240046650000068)",Unfall 176221 (2023) Kat:3, Licht: 0,176221,3,6,0,04,19,4,0,0,1,1,0,0,0,0
"POINT (6.780456906000040 51.275806615000079)",Unfall 176222 (2023) Kat:2, Licht: 0,176222,2,1,8,04,08,4,0,0,0,0,0,1,0,0
"POINT (6.769724893000046 51.224211695000065)",Unfall 176223 (2023) Kat:3, Licht: 0,176223,3,6,4,04,19,4,0,0,1,0,0,0,0,0
"POINT (6.784948242000041 51.219580998000026)",Unfall 176224 (2023) Kat:3, Licht: 0,176224,3,6,4,04,17,4,0,0,1,1,0,0,0,0
"POINT (6.810940124000069 51.220035741000061)",Unfall 176283 (2023) Kat:3, Licht: 0,176283,3,6,3,04,08,3,0,0,0,0,0,1,1,0
"POINT (6.796952840000074 51.225159929000029)",Unfall 176284 (2023) Kat:2, Licht: 0,176284,2,4,6,04,17,3,0,0,0,1,1,0,0,0
"POINT (6.860523436000051 51.188209114000074)",Unfall 176340 (2023) Kat:3, Licht: 0,176340,3,6,2,04,08,2,1,0,0,1,0,0,0,0
"POINT (6.836611717000039 51.228899751000029)",Unfall 176341 (2023) Kat:3, Licht: 0,176341,3,6,4,04,11,2,1,0,1,1,0,0,0,0
"POINT (6.806704294000042 51.255843051000056)",Unfall 176363 (2023) Kat:3, Licht: 0,176363,3,3,5,04,17,3,0,0,1,0,0,0,0,1
"POINT (6.779059569000026 51.246060040000032)",Unfall 176383 (2023) Kat:2, Licht: 2,176383,2,2,6,04,21,1,1,2,0,1,1,0,0,0
"POINT (6.815462747000026 51.229146911000043)",Unfall 176431 (2023) Kat:3, Licht: 2,176431,3,1,0,04,20,7,1,2,0,0,0,1,0,0
"POINT (6.886357621000059 51.149063690000048)",Unfall 176490 (2023) Kat:3, Licht: 0,176490,3,6,1,04,13,6,0,0,0,1,0,0,0,0
"POINT (6.884145479000040 51.149867818000075)",Unfall 176491 (2023) Kat:3, Licht: 0,176491,3,3,5,04,13,6,0,0,1,1,0,0,0,0
"POINT (6.824611064000067 51.225002443000051)",Unfall 176492 (2023) Kat:2, Licht: 0,176492,2,1,0,04,10,6,1,0,0,0,0,1,0,0
"POINT (6.771150484000032 51.244116221000070)",Unfall 176493 (2023) Kat:3, Licht: 0,176493,3,3,1,04,14,6,0,0,1,1,0,0,0,0
"POINT (6.893810362000067 51.154111360000059)",Unfall 176628 (2023) Kat:3, Licht: 1,176628,3,7,0,04,05,4,0,1,0,0,0,0,0,1
"POINT (6.895774853000034 51.144513971000038)",Unfall 176629 (2023) Kat:3, Licht: 0,176629,3,7,3,04,17,4,0,0,1,0,0,0,0,1
"POINT (6.748709041000041 51.213051925000059)",Unfall 176630 (2023) Kat:2, Licht: 0,176630,2,1,8,04,18,4,0,0,0,0,0,1,0,0
"POINT (6.873839153000063 51.178299436000032)",Unfall 176632 (2023) Kat:3, Licht: 0,176632,3,3,5,04,08,4,0,0,1,1,0,0,0,0
"POINT (6.797875871000031 51.258650486000079)",Unfall 176633 (2023) Kat:3, Licht: 0,176633,3,6,2,04,14,4,0,0,0,1,0,0,0,0
"POINT (6.770619063000026 51.244399758000043)",Unfall 176634 (2023) Kat:3, Licht: 0,176634,3,1,3,04,09,4,0,0,0,1,0,0,0,0
"POINT (6.816455880000035 51.217785858000070)",Unfall 176670 (2023) Kat:3, Licht: 0,176670,3,2,5,05,09,7,0,0,1,1,0,0,0,0
"POINT (6.809750996000048 51.220503357000041)",Unfall 176671 (2023) Kat:3, Licht: 0,176671,3,7,3,05,19,7,0,0,0,1,0,0,0,0
"POINT (6.803942912000025 51.210456338000029)",Unfall 176672 (2023) Kat:3, Licht: 0,176672,3,3,5,05,11,7,0,0,1,1,0,0,0,0
"POINT (6.782729414000073 51.226368338000043)",Unfall 176740 (2023) Kat:3, Licht: 0,176740,3,4,6,05,18,6,0,0,0,0,1,0,0,1
"POINT (6.742120239000030 51.319766803000050)",Unfall 176794 (2023) Kat:3, Licht: 0,176794,3,3,5,05,11,5,0,0,1,1,0,0,0,0
"POINT (6.832305724000037 51.215568143000041)",Unfall 176871 (2023) Kat:2, Licht: 0,176871,2,3,5,05,15,4,0,0,1,0,0,0,0,1
"POINT (6.788781175000054 51.209551325000064)",Unfall 176872 (2023) Kat:3, Licht: 0,176872,3,6,4,05,14,4,0,0,1,0,0,0,0,0
"POINT (6.814926801000070 51.225734553000052)",Unfall 176873 (2023) Kat:3, Licht: 0,176873,3,2,5,05,16,4,0,0,1,1,0,0,0,0
"POINT (6.798398113000076 51.244335555000077)",Unfall 176874 (2023) Kat:3, Licht: 0,176874,3,4,5,05,16,4,0,0,0,1,1,0,0,0
"POINT (6.762448622000022 51.271030563000068)",Unfall 176875 (2023) Kat:3, Licht: 0,176875,3,1,9,05,15,4,0,0,0,1,0,0,0,0
"POINT (6.824906064000061 51.233448560000056)",Unfall 176876 (2023) Kat:3, Licht: 0,176876,3,6,3,05,12,4,0,0,0,1,0,0,0,1
"POINT (6.782581143000073 51.234977150000077)",Unfall 176877 (2023) Kat:3, Licht: 0,176877,3,6,3,05,13,4,0,0,1,1,0,0,0,0
"POINT (6.796556357000043 51.215962409000042)",Unfall 176878 (2023) Kat:3, Licht: 0,176878,3,1,6,05,13,4,0,0,0,1,1,0,0,0
"POINT (6.837830781000036 51.164585452000040)",Unfall 176948 (2023) Kat:3, Licht: 0,176948,3,5,5,05,15,3,0,0,1,0,0,0,0,1
"POINT (6.831983326000056 51.181269067000073)",Unfall 176949 (2023) Kat:3, Licht: 0,176949,3,4,6,05,19,3,0,0,0,0,1,1,0,0
"POINT (6.821348175000026 51.169424023000033)",Unfall 176950 (2023) Kat:3, Licht: 0,176950,3,6,2,05,18,3,0,0,0,1,0,0,0,0
"POINT (6.824066099000049 51.178764656000055)",Unfall 176951 (2023) Kat:2, Licht: 0,176951,2,5,1,05,17,3,0,0,1,0,0,0,0,1
"POINT (6.789789568000060 51.236057193000079)",Unfall 176952 (2023) Kat:3, Licht: 0,176952,3,4,6,05,12,3,0,0,0,1,1,0,0,0
"POINT (6.813879849000045 51.218940573000054)",Unfall 176953 (2023) Kat:3, Licht: 0,176953,3,3,5,05,07,3,0,0,1,1,0,0,0,0
"POINT (6.800390641000035 51.229537730000061)",Unfall 176954 (2023) Kat:3, Licht: 0,176954,3,7,5,05,15,3,0,0,0,1,0,0,0,0
"POINT (6.804525570000067 51.213621416000080)",Unfall 176955 (2023) Kat:2, Licht: 0,176955,2,6,0,05,12,3,0,0,0,0,0,1,0,0
"POINT (6.837627515000065 51.201357307000080)",Unfall 177023 (2023) Kat:3, Licht: 0,177023,3,4,6,05,15,2,0,0,0,1,1,0,0,0
"POINT (6.875637749000020 51.162065417000065)",Unfall 177024 (2023) Kat:3, Licht: 0,177024,3,3,5,05,10,2,0,0,0,1,0,0,0,1
"POINT (6.815274796000040 51.192446574000030)",Unfall 177025 (2023) Kat:3, Licht: 0,177025,3,6,2,05,09,2,0,0,1,1,0,0,0,1
"POINT (6.803568709000047 51.225654237000072)",Unfall 177026 (2023) Kat:3, Licht: 0,177026,3,7,6,05,15,2,0,0,1,0,1,0,0,0
"POINT (6.821518841000056 51.226071072000082)",Unfall 177027 (2023) Kat:3, Licht: 0,177027,3,2,3,05,11,2,0,0,0,1,0,0,0,0
"POINT (6.824491208000040 51.237721532000080)",Unfall 177053 (2023) Kat:3, Licht: 0,177053,3,3,5,05,18,3,0,0,1,1,0,0,0,0
"POINT (6.810160639000060 51.205115371000034)",Unfall 177078 (2023) Kat:3, Licht: 0,177078,3,3,5,05,16,1,0,0,1,1,0,0,0,0
"POINT (6.762101817000030 51.248915727000053)",Unfall 177079 (2023) Kat:2, Licht: 0,177079,2,1,0,05,11,1,0,0,0,0,0,0,0,1
"POINT (6.777893447000054 51.227123086000063)",Unfall 177081 (2023) Kat:3, Licht: 1,177081,3,4,6,05,05,1,0,1,0,1,1,0,0,0
"POINT (6.797278783000024 51.259022302000062)",Unfall 177138 (2023) Kat:3, Licht: 0,177138,3,3,5,05,13,7,0,0,0,1,0,0,0,0
"POINT (6.762329743000066 51.248534328000062)",Unfall 177139 (2023) Kat:3, Licht: 0,177139,3,2,4,05,15,7,0,0,1,1,0,0,0,0
"POINT (6.797275287000048 51.259024475000047)",Unfall 177140 (2023) Kat:3, Licht: 0,177140,3,3,5,05,11,7,0,0,0,1,0,0,0,0
"POINT (6.745015311000031 51.273047775000066)",Unfall 177142 (2023) Kat:3, Licht: 0,177142,3,7,0,05,18,7,0,0,0,0,0,0,0,1
"POINT (6.773806840000020 51.230435237000052)",Unfall 177143 (2023) Kat:3, Licht: 0,177143,3,2,6,05,15,7,0,0,0,1,1,0,0,0
"POINT (6.766571550000037 51.214490482000031)",Unfall 177217 (2023) Kat:3, Licht: 0,177217,3,2,6,05,18,6,1,0,0,0,1,0,0,1
"POINT (6.760437048000028 51.215286337000066)",Unfall 177218 (2023) Kat:3, Licht: 0,177218,3,3,5,05,08,6,1,0,0,1,0,0,0,1
"POINT (6.767406531000063 51.220521295000026)",Unfall 177219 (2023) Kat:3, Licht: 2,177219,3,1,0,05,02,6,1,2,1,0,0,0,0,0
"POINT (6.860175349000031 51.174562800000047)",Unfall 177308 (2023) Kat:3, Licht: 0,177308,3,5,4,05,07,5,0,0,0,1,0,1,0,0
"POINT (6.767925488000060 51.246726035000052)",Unfall 177309 (2023) Kat:3, Licht: 0,177309,3,4,6,05,13,5,0,0,0,0,1,0,0,1
"POINT (6.793639678000034 51.229119644000036)",Unfall 177310 (2023) Kat:3, Licht: 0,177310,3,3,6,05,14,5,0,0,0,1,1,0,0,0
"POINT (6.778312841000059 51.206679699000063)",Unfall 177367 (2023) Kat:3, Licht: 0,177367,3,3,1,05,13,4,0,0,1,1,0,0,0,0
"POINT (6.768960828000047 51.195382468000048)",Unfall 177369 (2023) Kat:3, Licht: 2,177369,3,5,1,05,22,4,0,2,1,0,0,0,0,0
"POINT (6.769153784000025 51.279713818000062)",Unfall 177370 (2023) Kat:3, Licht: 0,177370,3,6,2,05,12,4,0,0,0,1,0,0,0,0
"POINT (6.792425877000028 51.250456049000036)",Unfall 177371 (2023) Kat:2, Licht: 0,177371,2,7,9,05,18,4,0,0,0,1,0,0,0,0
"POINT (6.814945477000037 51.225820513000031)",Unfall 177372 (2023) Kat:3, Licht: 0,177372,3,6,3,05,14,4,0,0,1,1,0,0,0,0
"POINT (6.760617609000064 51.236179629000048)",Unfall 177398 (2023) Kat:3, Licht: 0,177398,3,2,5,05,18,5,1,0,1,1,0,0,0,0
"POINT (6.739784291000035 51.208006679000050)",Unfall 177436 (2023) Kat:3, Licht: 0,177436,3,6,3,05,17,3,1,0,0,0,0,1,0,1
"POINT (6.835191627000029 51.206177017000073)",Unfall 177437 (2023) Kat:3, Licht: 0,177437,3,4,6,05,17,3,1,0,0,1,1,0,0,0
"POINT (6.780040175000067 51.246252012000070)",Unfall 177438 (2023) Kat:3, Licht: 0,177438,3,7,6,05,11,3,0,0,0,0,1,0,0,1
"POINT (6.873840623000035 51.170241181000051)",Unfall 177509 (2023) Kat:3, Licht: 0,177509,3,6,3,05,07,2,1,0,1,1,0,0,0,0
"POINT (6.820540242000050 51.218700311000077)",Unfall 177510 (2023) Kat:3, Licht: 0,177510,3,3,5,05,18,2,0,0,0,1,0,0,0,1
"POINT (6.783566411000038 51.213899744000059)",Unfall 177573 (2023) Kat:3, Licht: 0,177573,3,4,6,05,19,1,1,0,1,0,1,0,0,0
"POINT (6.829087385000037 51.209143874000063)",Unfall 177574 (2023) Kat:3, Licht: 0,177574,3,6,2,05,15,1,1,0,0,1,0,0,0,0
"POINT (6.859733706000043 51.194590154000082)",Unfall 177575 (2023) Kat:3, Licht: 0,177575,3,5,1,05,16,1,1,0,0,1,0,0,0,1
"POINT (6.791101960000049 51.281037097000080)",Unfall 177576 (2023) Kat:3, Licht: 0,177576,3,3,5,05,18,1,1,0,0,1,0,0,0,1
"POINT (6.740047928000024 51.292208561000052)",Unfall 177577 (2023) Kat:3, Licht: 0,177577,3,5,0,05,09,1,0,0,1,1,0,0,0,0
"POINT (6.777045863000069 51.225772217000042)",Unfall 177578 (2023) Kat:3, Licht: 0,177578,3,3,3,05,15,1,0,0,0,1,0,1,0,0
"POINT (6.875742469000045 51.163223452000068)",Unfall 177619 (2023) Kat:3, Licht: 0,177619,3,7,8,05,11,7,0,0,0,1,0,0,0,0
"POINT (6.818930299000044 51.187234453000030)",Unfall 177620 (2023) Kat:3, Licht: 2,177620,3,6,2,05,22,7,0,2,0,1,0,0,0,0
"POINT (6.875323422000065 51.154543032000049)",Unfall 177621 (2023) Kat:3, Licht: 0,177621,3,3,5,05,13,7,0,0,1,0,0,0,0,1
"POINT (6.870430409000051 51.153910044000042)",Unfall 177622 (2023) Kat:3, Licht: 1,177622,3,3,5,05,20,7,1,1,1,0,0,0,0,0
"POINT (6.825316623000049 51.208404850000079)",Unfall 177623 (2023) Kat:3, Licht: 0,177623,3,7,6,05,17,7,1,0,0,1,1,0,0,0
"POINT (6.820593701000064 51.218771834000052)",Unfall 177624 (2023) Kat:3, Licht: 0,177624,3,6,0,05,12,7,0,0,0,1,0,1,0,0
"POINT (6.742605435000030 51.198305535000031)",Unfall 177743 (2023) Kat:2, Licht: 1,177743,2,1,8,06,21,7,0,1,1,0,0,0,0,0