WKT,Name,OBJECTID,UKATEGORIE,UTYP1,UART,UMONAT,USTUNDE,UWOCHENTAG,STRZUSTAND,ULICHTVERH,ISTRAD,ISTPKW,ISTFUSS,ISTKRAD,ISTGKFZ,ISTSONSTIG
"POINT (6.821944284000040 51.183337236000057)",Unfall 177744 (2023) Kat:3, Licht: 0,177744,3,3,5,06,10,7,0,0,0,1,0,0,0,0
"POINT (6.772229791000029 51.212380325000026)",Unfall 177745 (2023) Kat:3, Licht: 0,177745,3,5,3,06,14,7,0,0,1,1,0,0,0,0
"POINT (6.851723506000042 51.207440830000053)",Unfall 177746 (2023) Kat:3, Licht: 0,177746,3,3,5,06,09,7,0,0,1,1,0,0,0,0
"POINT (6.773163922000037 51.224343973000032)",Unfall 177747 (2023) Kat:3, Licht: 0,177747,3,7,8,06,20,7,0,0,0,0,1,0,0,1
"POINT (6.862780080000050 51.179790942000068)",Unfall 177806 (2023) Kat:3, Licht: 0,177806,3,6,2,06,13,6,0,0,0,1,0,0,0,0
"POINT (6.784661820000053 51.212380024000026)",Unfall 177807 (2023) Kat:2, Licht: 0,177807,2,4,6,06,20,6,0,0,0,0,1,0,0,1
"POINT (6.869056211000043 51.257111530000032)",Unfall 177808 (2023) Kat:3, Licht: 2,177808,3,1,1,06,23,6,0,2,0,1,0,0,0,1
"POINT (6.790184478000072 51.245268728000042)",Unfall 177810 (2023) Kat:3, Licht: 0,177810,3,1,0,06,17,6,0,0,1,0,0,0,0,0
"POINT (6.805736131000060 51.213752214000067)",Unfall 177811 (2023) Kat:2, Licht: 1,177811,2,4,6,06,21,6,0,1,0,1,1,0,0,0
"POINT (6.748022977000062 51.213150232000032)",Unfall 177872 (2023) Kat:2, Licht: 0,177872,2,1,0,06,06,5,0,0,0,0,0,1,0,0
"POINT (6.746718777000069 51.215265920000036)",Unfall 177873 (2023) Kat:3, Licht: 0,177873,3,7,0,06,21,5,0,0,0,0,0,1,0,0
"POINT (6.870473391000075 51.165677220000077)",Unfall 177874 (2023) Kat:3, Licht: 0,177874,3,4,6,06,18,5,0,0,0,1,1,0,0,0
"POINT (6.861068110000076 51.211712441000032)",Unfall 177875 (2023) Kat:3, Licht: 0,177875,3,7,4,06,16,5,0,0,1,0,0,1,0,0
"POINT (6.883764856000028 51.150007257000027)",Unfall 177876 (2023) Kat:3, Licht: 0,177876,3,6,0,06,13,5,0,0,1,1,0,0,0,1
"POINT (6.790860071000054 51.270370168000056)",Unfall 177877 (2023) Kat:3, Licht: 0,177877,3,1,0,06,18,5,0,0,0,1,0,0,0,1
"POINT (6.778408826000032 51.221820159000060)",Unfall 177878 (2023) Kat:3, Licht: 0,177878,3,6,2,06,08,5,0,0,0,1,0,0,0,0
"POINT (6.778362255000047 51.219785063000074)",Unfall 177879 (2023) Kat:3, Licht: 0,177879,3,2,5,06,14,5,0,0,1,1,0,0,0,0
"POINT (6.828097431000060 51.209961571000065)",Unfall 177971 (2023) Kat:3, Licht: 0,177971,3,7,5,05,14,4,0,0,0,1,0,0,0,1
"POINT (6.824146980000023 51.213003751000031)",Unfall 177972 (2023) Kat:3, Licht: 0,177972,3,3,5,05,13,4,0,0,1,1,0,0,0,0
"POINT (6.860198182000033 51.238426864000076)",Unfall 177973 (2023) Kat:3, Licht: 0,177973,3,6,2,05,17,4,0,0,0,1,0,1,0,0
"POINT (6.782373420000056 51.240928471000075)",Unfall 177974 (2023) Kat:3, Licht: 0,177974,3,7,0,05,19,4,0,0,1,0,0,0,0,1
"POINT (6.810554794000041 51.225301283000078)",Unfall 177975 (2023) Kat:3, Licht: 0,177975,3,2,5,05,09,4,0,0,1,1,0,0,0,0
"POINT (6.776876343000026 51.208584938000058)",Unfall 178055 (2023) Kat:3, Licht: 0,178055,3,4,6,05,18,3,0,0,0,1,1,0,0,0
"POINT (6.778703735000022 51.213886338000066)",Unfall 178056 (2023) Kat:3, Licht: 0,178056,3,3,5,05,19,3,0,0,1,0,0,0,0,0
"POINT (6.817980696000063 51.216880031000073)",Unfall 178057 (2023) Kat:3, Licht: 0,178057,3,5,1,05,15,3,0,0,0,1,0,0,0,0
"POINT (6.818167559000074 51.264409461000071)",Unfall 178058 (2023) Kat:2, Licht: 0,178058,2,3,5,05,17,3,0,0,1,1,0,0,0,0
"POINT (6.773429282000052 51.223766498000032)",Unfall 178059 (2023) Kat:3, Licht: 0,178059,3,5,6,05,13,3,0,0,0,1,1,0,0,0
"POINT (6.808178830000031 51.209671236000077)",Unfall 178114 (2023) Kat:3, Licht: 0,178114,3,6,2,05,17,2,0,0,0,1,0,0,0,0
"POINT (6.860697119000065 51.169200364000062)",Unfall 178166 (2023) Kat:3, Licht: 0,178166,3,1,0,05,12,1,0,0,1,0,0,0,0,0
"POINT (6.761058876000050 51.231251802000031)",Unfall 178167 (2023) Kat:2, Licht: 2,178167,2,7,7,05,00,1,0,2,1,0,0,0,0,0
"POINT (6.796372270000063 51.223635239000032)",Unfall 178168 (2023) Kat:3, Licht: 2,178168,3,6,2,05,05,1,0,2,1,1,0,0,0,0
"POINT (6.786902215000055 51.191761928000062)",Unfall 178236 (2023) Kat:3, Licht: 0,178236,3,1,0,05,18,7,0,0,0,0,0,0,0,1
"POINT (6.792793620000054 51.241239863000033)",Unfall 178237 (2023) Kat:3, Licht: 0,178237,3,5,1,05,19,7,0,0,0,1,0,0,0,1
"POINT (6.790600526000048 51.221229928000071)",Unfall 178238 (2023) Kat:2, Licht: 0,178238,2,3,5,05,12,7,0,0,1,1,0,0,0,0
"POINT (6.777001061000021 51.221965140000066)",Unfall 178239 (2023) Kat:3, Licht: 2,178239,3,4,6,05,22,7,0,2,0,1,1,0,0,0
"POINT (6.778245681000044 51.225555385000064)",Unfall 178241 (2023) Kat:3, Licht: 2,178241,3,6,6,05,22,7,0,2,1,0,1,0,0,0
"POINT (6.785714400000074 51.218985333000035)",Unfall 178330 (2023) Kat:3, Licht: 0,178330,3,6,1,05,15,6,0,0,0,1,0,0,0,0
"POINT (6.815261525000039 51.192470779000075)",Unfall 178331 (2023) Kat:2, Licht: 0,178331,2,3,5,05,13,6,0,0,0,1,0,0,0,1
"POINT (6.799703542000032 51.240235301000041)",Unfall 178332 (2023) Kat:3, Licht: 0,178332,3,3,5,05,21,6,0,0,0,1,0,0,0,0
"POINT (6.781875814000045 51.240492280000069)",Unfall 178334 (2023) Kat:3, Licht: 0,178334,3,7,0,05,10,6,0,0,0,0,1,0,0,1
"POINT (6.751966963000029 51.234922940000047)",Unfall 178335 (2023) Kat:3, Licht: 0,178335,3,6,4,05,12,6,0,0,1,1,0,0,0,0
"POINT (6.792865420000055 51.228973371000052)",Unfall 178336 (2023) Kat:3, Licht: 0,178336,3,2,3,05,09,6,0,0,1,0,0,0,0,1
"POINT (6.789506290000077 51.220499405000055)",Unfall 178337 (2023) Kat:3, Licht: 0,178337,3,7,5,05,17,6,0,0,1,1,0,0,0,0
"POINT (6.878371346000051 51.170479448000037)",Unfall 178431 (2023) Kat:3, Licht: 0,178431,3,7,0,05,20,5,0,0,1,0,0,0,0,0
"POINT (6.789394181000034 51.246372975000043)",Unfall 178432 (2023) Kat:3, Licht: 0,178432,3,1,0,05,15,5,0,0,0,0,0,1,0,0
"POINT (6.777577433000033 51.238826008000046)",Unfall 178433 (2023) Kat:3, Licht: 0,178433,3,7,4,05,11,5,0,0,1,1,0,0,0,0
"POINT (6.819486938000068 51.216328802000078)",Unfall 178434 (2023) Kat:3, Licht: 0,178434,3,6,3,05,10,5,0,0,0,1,0,0,0,0
"POINT (6.790158024000050 51.217525392000027)",Unfall 178435 (2023) Kat:3, Licht: 0,178435,3,4,0,05,16,5,0,0,0,0,1,0,0,1
"POINT (6.873201331000075 51.165261526000052)",Unfall 178497 (2023) Kat:3, Licht: 0,178497,3,7,0,05,14,4,0,0,0,0,0,0,0,1
"POINT (6.841665228000068 51.214613598000028)",Unfall 178498 (2023) Kat:3, Licht: 0,178498,3,3,5,05,15,4,0,0,1,1,0,0,0,0
"POINT (6.779478535000067 51.237716642000066)",Unfall 178499 (2023) Kat:3, Licht: 0,178499,3,4,6,05,16,4,0,0,1,0,1,0,0,0
"POINT (6.810378962000073 51.237122794000072)",Unfall 178500 (2023) Kat:3, Licht: 0,178500,3,3,5,05,17,4,0,0,1,0,0,0,0,1
"POINT (6.776256551000074 51.242174724000051)",Unfall 178501 (2023) Kat:3, Licht: 0,178501,3,1,1,05,08,4,0,0,1,1,0,0,0,0
"POINT (6.777054291000070 51.224878841000077)",Unfall 178502 (2023) Kat:3, Licht: 0,178502,3,7,1,05,14,4,0,0,0,1,0,0,0,0
"POINT (6.805674714000077 51.213269014000048)",Unfall 178565 (2023) Kat:3, Licht: 0,178565,3,6,0,06,09,5,0,0,0,0,1,1,0,0
"POINT (6.763852894000024 51.220838553000078)",Unfall 178575 (2023) Kat:2, Licht: 0,178575,2,6,1,05,15,3,0,0,0,1,0,0,0,0
"POINT (6.816134969000075 51.241683846000058)",Unfall 178576 (2023) Kat:3, Licht: 0,178576,3,2,5,05,14,3,0,0,1,0,0,0,0,1
"POINT (6.841138161000060 51.219069973000046)",Unfall 178615 (2023) Kat:3, Licht: 0,178615,3,4,6,05,13,4,0,0,0,0,1,1,0,0
"POINT (6.866292250000072 51.166869198000029)",Unfall 178650 (2023) Kat:2, Licht: 0,178650,2,3,0,05,13,2,0,0,0,0,0,1,0,0
"POINT (6.872782000000029 51.164752323000073)",Unfall 178651 (2023) Kat:3, Licht: 0,178651,3,1,1,05,17,2,0,0,1,1,0,0,0,0
"POINT (6.784696699000051 51.263487076000047)",Unfall 178652 (2023) Kat:3, Licht: 0,178652,3,2,5,05,17,2,0,0,1,1,0,0,0,0
"POINT (6.793863008000073 51.223432786000046)",Unfall 178653 (2023) Kat:3, Licht: 0,178653,3,6,2,05,13,2,0,0,0,1,0,0,0,0
"POINT (6.710294952000027 51.231389484000033)",Unfall 178654 (2023) Kat:3, Licht: 0,178654,3,3,5,05,09,2,0,0,1,1,0,0,0,0
"POINT (6.778791904000059 51.217303781000055)",Unfall 178707 (2023) Kat:3, Licht: 0,178707,3,7,0,05,12,1,0,0,1,0,0,0,0,1
"POINT (6.790166760000034 51.217658187000040)",Unfall 178708 (2023) Kat:2, Licht: 2,178708,2,1,0,05,20,1,1,2,1,0,0,0,0,0
"POINT (6.762907527000038 51.210653561000072)",Unfall 178805 (2023) Kat:3, Licht: 2,178805,3,1,0,06,00,5,0,2,1,0,0,0,0,0
"POINT (6.899430825000024 51.135134732000040)",Unfall 178806 (2023) Kat:3, Licht: 0,178806,3,1,0,06,17,5,0,0,1,0,0,0,0,0
"POINT (6.733510563000038 51.257921023000051)",Unfall 178807 (2023) Kat:3, Licht: 0,178807,3,1,9,06,20,5,0,0,0,1,0,0,0,1
"POINT (6.820139866000034 51.236930564000033)",Unfall 178808 (2023) Kat:3, Licht: 0,178808,3,7,0,06,11,5,0,0,0,0,0,0,0,1
"POINT (6.803539383000043 51.243570915000078)",Unfall 178809 (2023) Kat:3, Licht: 0,178809,3,7,6,06,18,5,0,0,0,0,1,0,0,1
"POINT (6.789429680000069 51.248217013000044)",Unfall 178810 (2023) Kat:3, Licht: 0,178810,3,2,3,06,16,5,0,0,0,1,0,1,0,0
"POINT (6.788770952000050 51.223339441000064)",Unfall 178811 (2023) Kat:3, Licht: 0,178811,3,4,6,06,12,5,0,0,0,1,1,0,0,0
"POINT (6.795777234000070 51.211074790000055)",Unfall 178812 (2023) Kat:3, Licht: 2,178812,3,1,9,06,01,5,0,2,0,1,0,0,0,0
"POINT (6.845269470000062 51.201866260000031)",Unfall 178894 (2023) Kat:3, Licht: 0,178894,3,6,6,06,15,4,0,0,1,0,1,0,0,0
"POINT (6.744302643000026 51.254509585000051)",Unfall 178895 (2023) Kat:3, Licht: 0,178895,3,6,4,06,17,4,0,0,1,0,0,0,0,0
"POINT (6.783489213000053 51.238870585000029)",Unfall 178896 (2023) Kat:2, Licht: 0,178896,2,5,1,06,07,4,0,0,1,1,0,0,0,0
"POINT (6.803752856000074 51.243586435000054)",Unfall 178897 (2023) Kat:2, Licht: 0,178897,2,4,6,06,11,4,0,0,0,1,1,0,0,0
"POINT (6.803845701000057 51.215743750000058)",Unfall 178898 (2023) Kat:2, Licht: 0,178898,2,5,3,06,13,4,0,0,1,1,0,0,0,1
"POINT (6.815209418000052 51.197875562000036)",Unfall 178992 (2023) Kat:3, Licht: 0,178992,3,5,1,06,16,3,0,0,0,1,0,1,0,0
"POINT (6.838772132000031 51.170400429000040)",Unfall 178993 (2023) Kat:3, Licht: 0,178993,3,2,3,06,14,3,0,0,0,1,0,1,0,0
"POINT (6.735908759000040 51.300151770000070)",Unfall 178994 (2023) Kat:3, Licht: 0,178994,3,6,0,06,08,3,0,0,1,1,0,0,0,0
"POINT (6.773531541000068 51.237996179000049)",Unfall 178995 (2023) Kat:3, Licht: 0,178995,3,5,1,06,18,3,0,0,1,1,0,0,0,0
"POINT (6.770644727000047 51.267607764000047)",Unfall 178996 (2023) Kat:3, Licht: 0,178996,3,3,5,06,08,3,0,0,1,1,0,0,0,0
"POINT (6.760756689000061 51.208067025000048)",Unfall 179072 (2023) Kat:3, Licht: 0,179072,3,7,1,06,17,2,0,0,1,0,0,0,0,1
"POINT (6.792647399000032 51.243410810000057)",Unfall 179073 (2023) Kat:3, Licht: 0,179073,3,6,3,06,08,2,0,0,1,1,0,0,0,0
"POINT (6.761846068000068 51.265091810000058)",Unfall 179074 (2023) Kat:3, Licht: 0,179074,3,1,0,06,13,2,0,0,1,0,0,0,0,0
"POINT (6.797920046000058 51.258623328000056)",Unfall 179075 (2023) Kat:3, Licht: 0,179075,3,2,4,06,15,2,0,0,0,1,0,0,0,0
"POINT (6.793792155000062 51.228987363000044)",Unfall 179076 (2023) Kat:3, Licht: 1,179076,3,5,1,06,20,2,0,1,1,1,0,0,0,0
"POINT (6.849297075000038 51.189152150000041)",Unfall 179199 (2023) Kat:3, Licht: 2,179199,3,4,6,06,23,7,0,2,0,0,1,0,0,1
"POINT (6.888951278000036 51.260855781000032)",Unfall 179200 (2023) Kat:3, Licht: 0,179200,3,3,5,06,19,7,0,0,1,1,0,0,0,0
"POINT (6.741471930000046 51.209195091000026)",Unfall 179287 (2023) Kat:3, Licht: 0,179287,3,5,1,06,17,6,0,0,1,1,0,0,0,0
"POINT (6.810710881000034 51.220122071000048)",Unfall 179288 (2023) Kat:3, Licht: 0,179288,3,6,6,06,12,6,0,0,1,1,1,0,0,0
"POINT (6.754109363000055 51.201026931000058)",Unfall 179345 (2023) Kat:3, Licht: 0,179345,3,2,5,06,18,5,0,0,0,1,0,0,0,0
"POINT (6.764738793000049 51.216086170000040)",Unfall 179346 (2023) Kat:2, Licht: 0,179346,2,2,4,06,14,5,0,0,1,1,0,0,0,0
"POINT (6.880533354000022 51.153134877000070)",Unfall 179437 (2023) Kat:3, Licht: 0,179437,3,5,1,06,12,4,0,0,1,1,0,0,0,0
"POINT (6.865565067000034 51.182026301000064)",Unfall 179438 (2023) Kat:3, Licht: 0,179438,3,3,5,06,19,4,0,0,1,1,0,0,0,0
"POINT (6.865554510000038 51.182020173000069)",Unfall 179439 (2023) Kat:2, Licht: 0,179439,2,4,6,06,07,4,0,0,0,1,1,0,0,0
"POINT (6.818007555000065 51.188568959000065)",Unfall 179440 (2023) Kat:3, Licht: 0,179440,3,7,6,06,10,4,1,0,0,1,1,0,0,0
"POINT (6.789941375000069 51.275847483000064)",Unfall 179441 (2023) Kat:3, Licht: 2,179441,3,1,0,06,22,4,0,2,0,0,0,0,0,1
"POINT (6.785904306000020 51.246661881000080)",Unfall 179442 (2023) Kat:3, Licht: 0,179442,3,5,1,06,17,4,0,0,1,0,0,0,0,1
"POINT (6.738295242000049 51.241960201000040)",Unfall 179443 (2023) Kat:2, Licht: 0,179443,2,3,5,06,14,4,0,0,1,1,0,0,0,0
"POINT (6.830131079000068 51.201121490000048)",Unfall 179544 (2023) Kat:3, Licht: 0,179544,3,1,0,06,14,3,0,0,0,0,0,1,0,0
"POINT (6.761321205000058 51.216099480000082)",Unfall 179545 (2023) Kat:2, Licht: 0,179545,2,3,5,06,07,3,0,0,0,1,0,1,0,0
"POINT (6.764689711000074 51.207173770000054)",Unfall 179546 (2023) Kat:3, Licht: 0,179546,3,2,5,06,08,3,0,0,1,1,0,0,0,0
"POINT (6.860253056000033 51.185840707000068)",Unfall 179547 (2023) Kat:3, Licht: 0,179547,3,7,0,06,15,3,0,0,0,1,1,0,0,0
"POINT (6.860798464000027 51.215949385000044)",Unfall 179548 (2023) Kat:3, Licht: 0,179548,3,4,6,06,13,3,0,0,0,1,1,0,0,0
"POINT (6.814758550000022 51.228542595000079)",Unfall 179549 (2023) Kat:3, Licht: 0,179549,3,6,4,06,16,3,0,0,1,0,0,0,0,1
"POINT (6.823110333000045 51.238912057000050)",Unfall 179550 (2023) Kat:3, Licht: 0,179550,3,2,5,06,08,3,0,0,1,0,0,1,0,0
"POINT (6.732489981000072 51.259337498000036)",Unfall 179551 (2023) Kat:3, Licht: 1,179551,3,7,6,06,23,3,0,1,0,1,1,0,0,0
"POINT (6.816061471000069 51.221913960000052)",Unfall 179552 (2023) Kat:3, Licht: 0,179552,3,2,5,06,13,3,0,0,0,1,0,0,0,1
"POINT (6.746099772000036 51.270553765000045)",Unfall 179553 (2023) Kat:3, Licht: 0,179553,3,3,5,06,10,3,0,0,1,1,0,0,0,0
"POINT (6.784159179000028 51.226808617000074)",Unfall 179554 (2023) Kat:3, Licht: 0,179554,3,6,4,06,20,3,0,0,1,0,0,0,0,0
"POINT (6.736637463000022 51.239595365000071)",Unfall 179555 (2023) Kat:3, Licht: 0,179555,3,7,0,06,09,3,0,0,0,0,0,0,0,1
"POINT (6.844136165000066 51.165426861000071)",Unfall 179598 (2023) Kat:3, Licht: 0,179598,3,3,5,06,15,5,0,0,1,1,0,0,0,0
"POINT (6.826448793000054 51.216670772000043)",Unfall 179616 (2023) Kat:3, Licht: 0,179616,3,2,5,06,14,4,0,0,1,1,0,0,0,0
"POINT (6.752500871000052 51.212760462000062)",Unfall 179662 (2023) Kat:3, Licht: 0,179662,3,5,0,06,19,2,0,0,0,1,0,0,0,1
"POINT (6.816173105000075 51.217912593000051)",Unfall 179663 (2023) Kat:3, Licht: 0,179663,3,7,0,06,17,2,0,0,0,1,0,0,0,0
"POINT (6.789687365000020 51.242862464000041)",Unfall 179664 (2023) Kat:3, Licht: 1,179664,3,2,5,06,21,2,0,1,1,1,0,0,0,0
"POINT (6.782765828000038 51.218792325000038)",Unfall 179726 (2023) Kat:3, Licht: 0,179726,3,4,6,06,14,1,0,0,0,1,1,0,0,0
"POINT (6.787846668000043 51.211137065000059)",Unfall 179727 (2023) Kat:3, Licht: 0,179727,3,7,5,06,18,1,0,0,1,0,0,1,0,0
"POINT (6.902001199000040 51.144159174000038)",Unfall 179728 (2023) Kat:3, Licht: 2,179728,3,6,0,06,22,1,0,2,0,1,0,0,0,1
"POINT (6.733889870000041 51.211919571000067)",Unfall 179755 (2023) Kat:2, Licht: 0,179755,2,3,4,06,12,6,0,0,1,1,0,0,0,0
"POINT (6.876992653000059 51.153576779000048)",Unfall 179756 (2023) Kat:3, Licht: 0,179756,3,2,0,06,12,6,0,0,0,1,0,1,0,0
"POINT (6.784432228000071 51.236367516000030)",Unfall 179757 (2023) Kat:3, Licht: 2,179757,3,6,6,06,22,6,0,2,0,0,1,0,0,1
"POINT (6.803255755000066 51.222440175000031)",Unfall 179758 (2023) Kat:3, Licht: 2,179758,3,6,3,06,22,6,0,2,0,1,0,1,0,0
"POINT (6.776935095000056 51.223067927000045)",Unfall 179759 (2023) Kat:3, Licht: 0,179759,3,4,6,06,14,6,0,0,0,0,1,1,0,0
"POINT (6.855360548000021 51.181528161000074)",Unfall 179813 (2023) Kat:3, Licht: 0,179813,3,3,5,06,18,5,0,0,0,1,0,0,0,0
"POINT (6.858482586000036 51.236072065000030)",Unfall 179814 (2023) Kat:3, Licht: 2,179814,3,3,5,06,00,5,0,2,1,1,0,0,0,0
"POINT (6.818515606000062 51.228917266000053)",Unfall 179911 (2023) Kat:3, Licht: 0,179911,3,5,1,06,11,3,0,0,1,1,0,0,0,0
"POINT (6.779273276000026 51.222550902000080)",Unfall 179912 (2023) Kat:2, Licht: 0,179912,2,4,6,06,16,3,0,0,1,0,1,0,0,0
"POINT (6.764566216000048 51.207143426000073)",Unfall 179975 (2023) Kat:3, Licht: 0,179975,3,1,0,06,11,2,0,0,0,0,0,0,0,1
"POINT (6.787772937000057 51.219167315000050)",Unfall 179976 (2023) Kat:3, Licht: 0,179976,3,6,3,06,08,2,0,0,1,1,0,0,0,0
"POINT (6.778336526000032 51.223049870000068)",Unfall 179977 (2023) Kat:3, Licht: 0,179977,3,4,6,06,17,2,0,0,0,0,1,0,0,1
"POINT (6.775436132000038 51.219111622000071)",Unfall 180072 (2023) Kat:3, Licht: 0,180072,3,3,5,06,18,7,0,0,0,1,0,0,0,1
"POINT (6.849062586000059 51.219530397000028)",Unfall 180073 (2023) Kat:3, Licht: 0,180073,3,2,5,06,11,7,0,0,1,1,0,0,0,0
"POINT (6.904626027000063 51.201436020000074)",Unfall 180074 (2023) Kat:3, Licht: 0,180074,3,3,5,06,17,7,0,0,0,1,0,1,0,0
"POINT (6.859993914000029 51.175355154000044)",Unfall 180077 (2023) Kat:3, Licht: 0,180077,3,6,3,06,09,7,0,0,0,1,0,1,0,0
"POINT (6.782398926000042 51.198595782000041)",Unfall 180079 (2023) Kat:3, Licht: 2,180079,3,3,5,06,23,7,0,2,1,1,0,0,0,0
"POINT (6.812853873000051 51.219157703000064)",Unfall 180080 (2023) Kat:3, Licht: 0,180080,3,6,2,06,15,7,0,0,0,1,0,0,0,0
"POINT (6.786351810000042 51.253005097000027)",Unfall 180081 (2023) Kat:3, Licht: 0,180081,3,1,0,06,07,7,0,0,0,0,0,1,0,0
"POINT (6.818746274000034 51.262282129000027)",Unfall 180082 (2023) Kat:3, Licht: 0,180082,3,5,1,06,12,7,0,0,1,1,0,0,0,0
"POINT (6.808176662000051 51.211056787000075)",Unfall 180083 (2023) Kat:3, Licht: 0,180083,3,2,4,06,17,7,0,0,0,1,0,1,0,0
"POINT (6.790025585000024 51.219626684000048)",Unfall 180084 (2023) Kat:3, Licht: 0,180084,3,5,1,06,20,7,0,0,1,1,0,0,0,0
"POINT (6.766237129000046 51.201750577000041)",Unfall 180161 (2023) Kat:3, Licht: 0,180161,3,5,1,06,16,6,0,0,0,1,0,1,0,0
"POINT (6.766485528000032 51.210918147000029)",Unfall 180162 (2023) Kat:3, Licht: 2,180162,3,1,9,06,23,6,0,2,0,1,0,0,0,0
"POINT (6.819643005000046 51.263491879000071)",Unfall 180163 (2023) Kat:3, Licht: 0,180163,3,1,0,06,15,6,0,0,1,0,0,0,0,0
"POINT (6.768589029000054 51.195733814000050)",Unfall 180235 (2023) Kat:3, Licht: 0,180235,3,3,5,06,17,5,1,0,1,0,0,0,0,1
"POINT (6.764644250000060 51.207162600000061)",Unfall 180236 (2023) Kat:3, Licht: 0,180236,3,2,5,06,10,5,1,0,1,1,0,0,0,0
"POINT (6.789466513000036 51.238970994000056)",Unfall 180237 (2023) Kat:3, Licht: 1,180237,3,1,0,06,18,5,1,1,1,0,0,0,0,0
"POINT (6.802691658000072 51.229364281000073)",Unfall 180238 (2023) Kat:3, Licht: 0,180238,3,1,0,06,09,5,1,0,1,0,0,0,0,0
"POINT (6.777042578000021 51.226575194000077)",Unfall 180239 (2023) Kat:3, Licht: 2,180239,3,3,5,06,22,5,1,2,1,1,0,0,0,0
"POINT (6.736742679000031 51.239681986000051)",Unfall 180240 (2023) Kat:3, Licht: 0,180240,3,3,5,06,16,5,1,0,0,1,0,0,0,1
"POINT (6.767398506000063 51.215203329000076)",Unfall 180315 (2023) Kat:3, Licht: 0,180315,3,2,5,06,19,4,0,0,0,1,0,0,0,0
"POINT (6.777811007000025 51.233424252000077)",Unfall 180316 (2023) Kat:1, Licht: 0,180316,1,3,5,06,09,4,0,0,1,0,0,0,0,0
"POINT (6.800587568000026 51.226166225000043)",Unfall 180317 (2023) Kat:3, Licht: 0,180317,3,3,5,06,12,4,0,0,1,0,0,0,0,0
"POINT (6.837881780000032 51.200285150000070)",Unfall 180365 (2023) Kat:3, Licht: 0,180365,3,7,6,06,17,4,0,0,0,0,1,0,0,1
"POINT (6.816991815000051 51.233218850000071)",Unfall 180383 (2023) Kat:3, Licht: 0,180383,3,4,6,06,09,6,0,0,0,1,1,0,0,1
"POINT (6.766387657000053 51.210291520000055)",Unfall 180429 (2023) Kat:3, Licht: 0,180429,3,6,4,06,13,3,0,0,1,1,0,0,0,0
"POINT (6.752708267000060 51.213266156000032)",Unfall 180430 (2023) Kat:3, Licht: 0,180430,3,1,0,06,15,3,0,0,1,0,0,0,0,0
"POINT (6.827305638000041 51.179603142000076)",Unfall 180431 (2023) Kat:2, Licht: 0,180431,2,6,0,06,19,3,0,0,1,0,1,0,0,0
"POINT (6.780875450000053 51.218983766000065)",Unfall 180432 (2023) Kat:3, Licht: 0,180432,3,6,2,06,09,3,0,0,0,1,0,0,0,0
"POINT (6.782702374000053 51.218794164000030)",Unfall 180433 (2023) Kat:3, Licht: 0,180433,3,6,3,06,18,3,0,0,0,1,0,1,0,0
"POINT (6.802208096000072 51.235657934000074)",Unfall 180434 (2023) Kat:3, Licht: 0,180434,3,3,5,06,16,3,0,0,1,1,0,0,0,0
"POINT (6.782159439000054 51.240745279000066)",Unfall 180435 (2023) Kat:3, Licht: 0,180435,3,7,0,06,06,3,1,0,1,0,0,0,0,0
"POINT (6.760161166000046 51.261793902000079)",Unfall 180436 (2023) Kat:3, Licht: 0,180436,3,2,5,06,06,3,1,0,0,0,0,1,0,1
"POINT (6.795125291000033 51.238360370000066)",Unfall 180437 (2023) Kat:3, Licht: 0,180437,3,6,6,06,18,3,0,0,1,0,1,0,0,0
"POINT (6.818562003000068 51.228908211000032)",Unfall 180527 (2023) Kat:3, Licht: 0,180527,3,6,3,06,18,2,0,0,0,1,0,0,0,1
"POINT (6.798360414000058 51.232023992000052)",Unfall 180528 (2023) Kat:3, Licht: 0,180528,3,5,1,06,08,2,0,0,1,1,0,0,0,0
"POINT (6.802485336000075 51.216570062000073)",Unfall 180529 (2023) Kat:3, Licht: 0,180529,3,7,0,06,16,2,0,0,1,0,0,0,0,1
"POINT (6.792899616000057 51.225509192000061)",Unfall 180530 (2023) Kat:3, Licht: 0,180530,3,7,6,06,09,2,0,0,0,1,1,0,0,0
"POINT (6.785945263000031 51.213890077000030)",Unfall 180587 (2023) Kat:3, Licht: 0,180587,3,6,0,06,15,6,0,0,1,0,0,0,0,0
"POINT (6.750244385000030 51.271042964000060)",Unfall 180602 (2023) Kat:3, Licht: 0,180602,3,3,0,06,15,1,0,0,0,1,0,0,0,0
"POINT (6.733980122000048 51.232644408000056)",Unfall 180603 (2023) Kat:2, Licht: 0,180603,2,1,9,06,12,1,0,0,0,0,0,1,0,0
"POINT (6.738291251000021 51.233594998000058)",Unfall 180675 (2023) Kat:2, Licht: 0,180675,2,3,5,06,16,3,0,0,0,1,0,1,0,0
"POINT (6.791294486000027 51.332570474000079)",Unfall 180678 (2023) Kat:3, Licht: 2,180678,3,6,0,06,01,7,0,2,1,0,0,0,0,0
"POINT (6.786043111000026 51.217105837000076)",Unfall 180679 (2023) Kat:3, Licht: 0,180679,3,5,4,06,18,7,0,0,1,1,0,0,0,0
"POINT (6.778506478000054 51.206557927000063)",Unfall 180680 (2023) Kat:3, Licht: 0,180680,3,5,0,06,13,7,0,0,1,1,0,0,0,0