WKT,Name,OBJECTID,UKATEGORIE,UTYP1,UART,UMONAT,USTUNDE,UWOCHENTAG,STRZUSTAND,ULICHTVERH,ISTRAD,ISTPKW,ISTFUSS,ISTKRAD,ISTGKFZ,ISTSONSTIG
"POINT (6.733761998000034 51.291922568000075)",Unfall 183909 (2023) Kat:2, Licht: 2,183909,2,7,0,09,00,1,0,2,1,0,0,0,0,0
"POINT (6.867811332000031 51.183247108000046)",Unfall 183969 (2023) Kat:3, Licht: 0,183969,3,3,5,09,15,7,0,0,0,1,0,1,0,0
"POINT (6.820692499000074 51.218884921000040)",Unfall 183970 (2023) Kat:2, Licht: 0,183970,2,6,3,09,17,7,0,0,0,1,0,1,0,0
"POINT (6.885939179000047 51.156346072000076)",Unfall 184053 (2023) Kat:3, Licht: 0,184053,3,4,6,09,16,6,0,0,0,1,1,0,0,0
"POINT (6.832095138000057 51.208480907000080)",Unfall 184054 (2023) Kat:3, Licht: 0,184054,3,3,5,09,07,6,0,0,0,1,0,0,0,0
"POINT (6.845820529000036 51.174853003000067)",Unfall 184055 (2023) Kat:3, Licht: 0,184055,3,1,9,09,16,6,1,0,0,1,0,0,0,0
"POINT (6.789315679000026 51.247580775000074)",Unfall 184056 (2023) Kat:3, Licht: 0,184056,3,1,8,09,10,6,1,0,0,1,0,0,0,0
"POINT (6.809812734000047 51.227071802000069)",Unfall 184057 (2023) Kat:3, Licht: 0,184057,3,6,3,09,11,6,1,0,0,1,0,0,0,1
"POINT (6.730805546000056 51.239183459000060)",Unfall 184058 (2023) Kat:3, Licht: 0,184058,3,5,1,09,18,6,0,0,1,1,0,0,0,0
"POINT (6.742410844000062 51.199066826000035)",Unfall 184135 (2023) Kat:3, Licht: 0,184135,3,3,5,08,08,5,0,0,1,1,0,0,0,0
"POINT (6.883372844000064 51.152099991000057)",Unfall 184136 (2023) Kat:3, Licht: 2,184136,3,1,0,08,21,5,0,2,0,1,0,0,0,1
"POINT (6.813776225000026 51.194849853000051)",Unfall 184137 (2023) Kat:3, Licht: 0,184137,3,2,3,08,16,5,0,0,1,1,0,0,0,0
"POINT (6.794909530000041 51.243988113000057)",Unfall 184138 (2023) Kat:3, Licht: 2,184138,3,1,0,08,00,5,0,2,1,0,0,0,0,0
"POINT (6.868875312000057 51.190463046000048)",Unfall 184210 (2023) Kat:3, Licht: 0,184210,3,1,9,08,16,4,1,0,0,1,0,0,0,0
"POINT (6.757927122000069 51.209499543000049)",Unfall 184211 (2023) Kat:3, Licht: 0,184211,3,3,5,08,14,4,1,0,1,0,0,0,0,0
"POINT (6.763446292000026 51.221178323000061)",Unfall 184212 (2023) Kat:3, Licht: 0,184212,3,6,2,08,15,4,1,0,0,1,0,0,0,0
"POINT (6.813972854000042 51.230793534000043)",Unfall 184213 (2023) Kat:3, Licht: 0,184213,3,1,1,08,08,4,0,0,1,1,0,0,0,0
"POINT (6.792370392000066 51.217143008000050)",Unfall 184214 (2023) Kat:3, Licht: 0,184214,3,3,5,08,09,4,0,0,1,1,0,0,0,0
"POINT (6.860749729000077 51.181686293000041)",Unfall 184289 (2023) Kat:2, Licht: 0,184289,2,5,9,08,10,3,0,0,0,1,0,0,0,1
"POINT (6.796450015000062 51.224933399000065)",Unfall 184290 (2023) Kat:2, Licht: 0,184290,2,6,1,08,13,3,0,0,0,1,0,0,0,0
"POINT (6.802939322000043 51.227105884000082)",Unfall 184328 (2023) Kat:3, Licht: 0,184328,3,1,0,08,12,4,1,0,1,0,0,0,0,0
"POINT (6.834502296000039 51.172288158000072)",Unfall 184358 (2023) Kat:3, Licht: 0,184358,3,3,5,08,07,2,0,0,1,1,0,0,0,0
"POINT (6.823203591000038 51.244067721000079)",Unfall 184359 (2023) Kat:3, Licht: 0,184359,3,1,0,08,08,2,0,0,1,0,0,0,0,0
"POINT (6.784503582000070 51.282926605000057)",Unfall 184360 (2023) Kat:3, Licht: 0,184360,3,1,0,08,10,2,0,0,0,1,0,0,0,1
"POINT (6.713946908000025 51.240161164000028)",Unfall 184361 (2023) Kat:3, Licht: 0,184361,3,3,5,08,09,2,0,0,1,1,0,0,0,0
"POINT (6.777051372000074 51.226811845000043)",Unfall 184362 (2023) Kat:3, Licht: 0,184362,3,6,2,08,11,2,0,0,0,1,0,0,0,0
"POINT (6.763888344000065 51.220808929000043)",Unfall 184372 (2023) Kat:3, Licht: 0,184372,3,6,2,09,13,6,1,0,0,1,0,0,0,0
"POINT (6.775218519000020 51.211705182000060)",Unfall 184410 (2023) Kat:3, Licht: 0,184410,3,6,3,08,12,1,0,0,1,1,0,0,0,0
"POINT (6.828447499000049 51.209692573000041)",Unfall 184487 (2023) Kat:3, Licht: 2,184487,3,6,1,08,02,7,0,2,0,1,0,0,0,0
"POINT (6.779942437000045 51.238678925000045)",Unfall 184488 (2023) Kat:3, Licht: 0,184488,3,6,3,08,14,7,0,0,1,1,0,0,0,0
"POINT (6.835912959000041 51.203097068000034)",Unfall 184566 (2023) Kat:3, Licht: 0,184566,3,1,0,08,16,6,1,0,0,0,0,0,0,1
"POINT (6.763894383000036 51.220803883000031)",Unfall 184567 (2023) Kat:2, Licht: 0,184567,2,6,2,08,15,6,1,0,0,1,0,0,0,0
"POINT (6.782428742000036 51.223977841000078)",Unfall 184568 (2023) Kat:3, Licht: 0,184568,3,7,2,08,14,6,1,0,0,0,0,1,0,1
"POINT (6.767945143000077 51.214918526000076)",Unfall 184653 (2023) Kat:3, Licht: 0,184653,3,3,4,08,13,5,0,0,1,1,0,0,0,1
"POINT (6.872727058000066 51.167880704000027)",Unfall 184654 (2023) Kat:3, Licht: 0,184654,3,2,5,08,19,5,0,0,0,1,0,0,0,0
"POINT (6.897581688000059 51.142633268000054)",Unfall 184655 (2023) Kat:3, Licht: 0,184655,3,3,5,08,17,5,0,0,1,1,0,0,0,0
"POINT (6.763177598000027 51.221402851000050)",Unfall 184656 (2023) Kat:3, Licht: 0,184656,3,6,2,08,18,5,1,0,0,1,0,0,0,0
"POINT (6.905777270000044 51.144889667000029)",Unfall 184657 (2023) Kat:3, Licht: 0,184657,3,3,5,08,08,5,0,0,0,1,0,0,0,1
"POINT (6.780515238000021 51.219775527000081)",Unfall 184658 (2023) Kat:3, Licht: 0,184658,3,5,0,08,18,5,1,0,0,1,0,1,0,0
"POINT (6.780900014000053 51.226657624000040)",Unfall 184659 (2023) Kat:3, Licht: 1,184659,3,7,6,08,20,5,0,1,1,0,1,0,0,0
"POINT (6.778927823000060 51.225549133000072)",Unfall 184747 (2023) Kat:2, Licht: 0,184747,2,7,6,08,14,5,0,0,0,0,1,0,0,1
"POINT (6.861090786000034 51.169991024000069)",Unfall 184759 (2023) Kat:3, Licht: 0,184759,3,7,2,08,16,4,0,0,0,1,0,0,0,0
"POINT (6.811983343000065 51.198327838000068)",Unfall 184760 (2023) Kat:3, Licht: 0,184760,3,2,5,08,14,4,0,0,0,1,0,1,0,0
"POINT (6.815184275000036 51.228907985000035)",Unfall 184761 (2023) Kat:3, Licht: 0,184761,3,4,6,08,17,4,0,0,0,1,1,0,0,0
"POINT (6.739171484000053 51.236551967000082)",Unfall 184762 (2023) Kat:2, Licht: 0,184762,2,2,5,08,12,4,0,0,0,0,0,1,0,1
"POINT (6.873904545000073 51.155373283000074)",Unfall 184852 (2023) Kat:3, Licht: 0,184852,3,2,5,08,17,3,0,0,0,1,0,1,0,0
"POINT (6.776962630000071 51.206055857000081)",Unfall 184853 (2023) Kat:3, Licht: 0,184853,3,5,1,08,15,3,0,0,0,1,0,0,0,0
"POINT (6.785028364000027 51.198256358000037)",Unfall 184854 (2023) Kat:3, Licht: 0,184854,3,2,5,08,09,3,0,0,1,1,0,0,0,0
"POINT (6.842747185000064 51.200090067000076)",Unfall 184855 (2023) Kat:2, Licht: 0,184855,2,4,6,08,15,3,0,0,0,0,1,0,0,1
"POINT (6.814934384000026 51.225746289000028)",Unfall 184856 (2023) Kat:3, Licht: 0,184856,3,2,3,08,18,3,0,0,1,0,0,0,0,1
"POINT (6.796571141000072 51.215958132000026)",Unfall 184857 (2023) Kat:2, Licht: 0,184857,2,4,6,08,09,3,0,0,0,0,1,0,0,1
"POINT (6.792865420000055 51.228973371000052)",Unfall 184858 (2023) Kat:3, Licht: 0,184858,3,1,1,08,18,3,0,0,1,1,0,0,0,0
"POINT (6.807412413000065 51.212542351000081)",Unfall 184859 (2023) Kat:3, Licht: 0,184859,3,3,5,08,13,3,0,0,1,1,0,0,0,0
"POINT (6.780432696000048 51.195137718000069)",Unfall 184965 (2023) Kat:3, Licht: 0,184965,3,5,1,08,20,2,0,0,1,1,0,0,0,0
"POINT (6.843743296000071 51.199765763000073)",Unfall 184966 (2023) Kat:2, Licht: 0,184966,2,1,0,08,10,2,0,0,1,0,0,0,0,0
"POINT (6.873820769000076 51.169040841000026)",Unfall 184967 (2023) Kat:3, Licht: 0,184967,3,2,5,08,13,2,0,0,0,1,0,1,0,0
"POINT (6.779014695000058 51.246102588000042)",Unfall 184968 (2023) Kat:3, Licht: 0,184968,3,6,2,08,07,2,0,0,0,1,0,1,0,0
"POINT (6.776977864000060 51.220788958000071)",Unfall 184969 (2023) Kat:3, Licht: 0,184969,3,2,3,08,14,2,0,0,0,1,0,0,0,0
"POINT (6.763492219000057 51.221139945000061)",Unfall 184970 (2023) Kat:3, Licht: 0,184970,3,1,9,08,13,2,0,0,0,1,0,0,0,0
"POINT (6.776870708000047 51.217875602000049)",Unfall 185012 (2023) Kat:3, Licht: 0,185012,3,5,1,09,13,5,0,0,0,1,0,0,0,0
"POINT (6.793686545000071 51.236491416000035)",Unfall 185013 (2023) Kat:2, Licht: 0,185013,2,6,2,09,16,5,0,0,0,1,0,0,0,0
"POINT (6.732427541000050 51.259318406000034)",Unfall 185014 (2023) Kat:3, Licht: 1,185014,3,1,6,09,06,5,0,1,0,1,1,0,0,0
"POINT (6.802038417000063 51.214370153000061)",Unfall 185015 (2023) Kat:3, Licht: 0,185015,3,6,2,09,08,5,0,0,0,1,0,0,0,0
"POINT (6.759518645000071 51.230922120000059)",Unfall 185016 (2023) Kat:3, Licht: 0,185016,3,1,0,09,11,5,0,0,1,0,0,0,0,0
"POINT (6.789617557000042 51.221580141000061)",Unfall 185017 (2023) Kat:2, Licht: 0,185017,2,5,1,09,14,5,0,0,0,1,0,0,0,0
"POINT (6.890886047000038 51.147283369000036)",Unfall 185073 (2023) Kat:3, Licht: 2,185073,3,1,0,09,01,4,1,2,0,0,0,1,0,0
"POINT (6.862106360000041 51.180554387000029)",Unfall 185074 (2023) Kat:3, Licht: 0,185074,3,1,0,09,14,4,1,0,0,0,0,1,0,0
"POINT (6.789298911000060 51.224572664000050)",Unfall 185075 (2023) Kat:3, Licht: 0,185075,3,4,6,09,14,4,0,0,0,1,1,0,0,0
"POINT (6.792865420000055 51.228973371000052)",Unfall 185076 (2023) Kat:3, Licht: 0,185076,3,5,2,09,10,4,0,0,1,0,0,0,0,1
"POINT (6.810262005000027 51.196070420000069)",Unfall 185146 (2023) Kat:3, Licht: 0,185146,3,7,0,09,13,3,0,0,0,1,0,0,0,0
"POINT (6.800580969000066 51.233092415000044)",Unfall 185147 (2023) Kat:3, Licht: 0,185147,3,5,1,09,16,3,0,0,1,1,0,0,0,0
"POINT (6.799410738000063 51.243786075000060)",Unfall 185148 (2023) Kat:3, Licht: 2,185148,3,4,6,09,20,3,1,2,1,0,1,0,0,0
"POINT (6.848988826000038 51.220499928000038)",Unfall 185149 (2023) Kat:3, Licht: 0,185149,3,7,0,09,10,3,1,0,1,0,0,0,0,0
"POINT (6.817019893000065 51.214291622000076)",Unfall 185150 (2023) Kat:3, Licht: 0,185150,3,6,2,09,14,3,0,0,0,1,0,0,1,0
"POINT (6.885632273000056 51.145828330000029)",Unfall 185234 (2023) Kat:3, Licht: 0,185234,3,3,5,09,17,2,0,0,1,1,0,0,0,0
"POINT (6.909394095000039 51.136325493000072)",Unfall 185235 (2023) Kat:3, Licht: 0,185235,3,2,3,09,11,2,0,0,1,0,0,0,0,0
"POINT (6.839267069000073 51.201226925000071)",Unfall 185236 (2023) Kat:3, Licht: 0,185236,3,2,5,09,09,2,0,0,0,1,0,0,0,1
"POINT (6.801383190000024 51.225983756000062)",Unfall 185237 (2023) Kat:3, Licht: 0,185237,3,6,2,09,14,2,0,0,0,1,0,0,0,1
"POINT (6.805810727000051 51.247543588000042)",Unfall 185238 (2023) Kat:2, Licht: 0,185238,2,4,6,09,17,2,0,0,0,0,1,1,0,0
"POINT (6.748884495000027 51.232276991000049)",Unfall 185239 (2023) Kat:3, Licht: 0,185239,3,7,1,09,10,2,0,0,1,1,0,0,0,0
"POINT (6.806956888000059 51.212433757000042)",Unfall 185240 (2023) Kat:3, Licht: 0,185240,3,6,2,09,13,2,0,0,0,0,0,1,0,1
"POINT (6.723487846000069 51.333925757000031)",Unfall 185282 (2023) Kat:3, Licht: 0,185282,3,7,0,09,12,1,0,0,1,0,0,0,0,0
"POINT (6.752732979000029 51.231375334000063)",Unfall 185288 (2023) Kat:3, Licht: 0,185288,3,1,1,09,07,2,0,0,1,0,0,0,1,0
"POINT (6.827822590000039 51.213554452000039)",Unfall 185366 (2023) Kat:3, Licht: 0,185366,3,4,6,09,18,7,0,0,0,1,1,0,0,0
"POINT (6.843664468000043 51.187677231000066)",Unfall 185367 (2023) Kat:3, Licht: 0,185367,3,4,6,09,14,7,0,0,0,1,1,0,0,0
"POINT (6.776798228000075 51.215648026000054)",Unfall 185368 (2023) Kat:3, Licht: 2,185368,3,3,5,09,03,7,0,2,1,1,0,0,0,0
"POINT (6.815942775000053 51.190706441000032)",Unfall 185369 (2023) Kat:3, Licht: 0,185369,3,2,4,09,09,7,0,0,1,1,0,0,0,0
"POINT (6.771740480000062 51.203051350000067)",Unfall 185457 (2023) Kat:3, Licht: 0,185457,3,1,0,09,12,6,0,0,1,0,0,0,0,0
"POINT (6.859138353000048 51.160589528000060)",Unfall 185459 (2023) Kat:3, Licht: 0,185459,3,3,5,09,16,6,0,0,1,1,0,0,0,0
"POINT (6.885327477000033 51.161717108000062)",Unfall 185460 (2023) Kat:3, Licht: 0,185460,3,4,6,09,07,6,0,0,0,0,1,0,0,1
"POINT (6.792506840000044 51.242882693000070)",Unfall 185461 (2023) Kat:3, Licht: 0,185461,3,6,2,09,15,6,0,0,0,1,0,0,0,0
"POINT (6.725777008000023 51.262109601000077)",Unfall 185462 (2023) Kat:3, Licht: 0,185462,3,1,0,09,10,6,0,0,0,0,0,0,0,1
"POINT (6.832117549000031 51.174936939000077)",Unfall 185573 (2023) Kat:3, Licht: 0,185573,3,6,6,09,13,5,0,0,0,0,1,0,0,1
"POINT (6.799131455000065 51.266409341000042)",Unfall 185574 (2023) Kat:3, Licht: 0,185574,3,3,5,09,16,5,0,0,1,1,0,0,0,0
"POINT (6.816920750000065 51.263109580000048)",Unfall 185576 (2023) Kat:3, Licht: 0,185576,3,4,6,09,17,5,0,0,0,1,1,0,0,0
"POINT (6.725791008000044 51.244940986000074)",Unfall 185577 (2023) Kat:3, Licht: 0,185577,3,6,4,09,14,5,0,0,1,0,0,0,0,1
"POINT (6.755046012000037 51.315271439000071)",Unfall 185643 (2023) Kat:3, Licht: 1,185643,3,1,6,09,20,1,0,1,1,0,1,0,0,0
"POINT (6.743461301000025 51.185668663000058)",Unfall 185687 (2023) Kat:3, Licht: 0,185687,3,7,3,09,12,4,0,0,1,0,0,0,0,0
"POINT (6.776683260000027 51.204290298000046)",Unfall 185688 (2023) Kat:3, Licht: 0,185688,3,2,4,09,16,4,0,0,0,1,0,1,0,0
"POINT (6.831235981000020 51.174413953000055)",Unfall 185689 (2023) Kat:3, Licht: 0,185689,3,7,6,09,08,4,0,0,1,0,1,0,0,0
"POINT (6.778707659000077 51.214028067000072)",Unfall 185690 (2023) Kat:3, Licht: 0,185690,3,3,5,09,08,4,0,0,0,1,0,0,0,1
"POINT (6.860457939000071 51.166278792000071)",Unfall 185691 (2023) Kat:2, Licht: 0,185691,2,4,6,09,15,4,0,0,0,1,1,0,0,0
"POINT (6.733747553000057 51.297294894000061)",Unfall 185692 (2023) Kat:3, Licht: 0,185692,3,6,6,09,15,4,0,0,1,0,1,0,0,0
"POINT (6.812714156000027 51.219218930000068)",Unfall 185693 (2023) Kat:3, Licht: 0,185693,3,2,5,09,19,4,0,0,0,1,0,0,0,1
"POINT (6.779262826000036 51.222193027000060)",Unfall 185706 (2023) Kat:3, Licht: 0,185706,3,7,3,09,11,5,0,0,1,1,0,0,0,0
"POINT (6.854797025000039 51.130339448000029)",Unfall 185800 (2023) Kat:3, Licht: 0,185800,3,7,0,09,18,3,0,0,0,0,0,1,0,0
"POINT (6.730411139000068 51.218194970000070)",Unfall 185801 (2023) Kat:3, Licht: 0,185801,3,6,2,09,19,3,0,0,0,0,0,0,0,1
"POINT (6.860634368000035 51.181863244000056)",Unfall 185802 (2023) Kat:3, Licht: 0,185802,3,3,5,09,13,3,0,0,0,1,0,0,0,1
"POINT (6.850792153000043 51.165232159000027)",Unfall 185803 (2023) Kat:3, Licht: 0,185803,3,3,5,09,14,3,0,0,0,1,0,0,0,0
"POINT (6.809697875000040 51.206280239000080)",Unfall 185804 (2023) Kat:2, Licht: 2,185804,2,7,8,09,21,3,0,2,0,1,0,0,0,0
"POINT (6.867612124000061 51.152257244000054)",Unfall 185805 (2023) Kat:3, Licht: 2,185805,3,1,1,09,21,3,0,2,0,1,0,0,0,0
"POINT (6.804166596000073 51.223467209000034)",Unfall 185806 (2023) Kat:3, Licht: 2,185806,3,6,2,09,21,3,0,2,0,1,0,1,0,0
"POINT (6.854440504000024 51.171022253000046)",Unfall 185915 (2023) Kat:3, Licht: 0,185915,3,7,8,09,12,2,0,0,0,1,0,0,0,0
"POINT (6.876953541000034 51.153598666000050)",Unfall 185916 (2023) Kat:3, Licht: 0,185916,3,3,5,09,16,2,0,0,0,1,0,1,0,0
"POINT (6.781883747000052 51.241161185000067)",Unfall 185918 (2023) Kat:3, Licht: 0,185918,3,1,0,09,12,2,0,0,1,1,0,0,0,0
"POINT (6.779571002000068 51.263005946000078)",Unfall 185919 (2023) Kat:3, Licht: 0,185919,3,4,6,09,09,2,0,0,0,0,1,0,0,1
"POINT (6.800905540000031 51.227320154000040)",Unfall 185920 (2023) Kat:3, Licht: 0,185920,3,4,6,09,16,2,0,0,1,1,1,0,0,0
"POINT (6.791408266000076 51.226408541000069)",Unfall 185921 (2023) Kat:3, Licht: 0,185921,3,2,5,09,13,2,0,0,0,0,1,0,0,1
"POINT (6.711991001000058 51.231673212000032)",Unfall 185922 (2023) Kat:3, Licht: 0,185922,3,6,2,09,15,2,0,0,0,1,0,0,0,0
"POINT (6.820447996000041 51.218576896000059)",Unfall 185986 (2023) Kat:3, Licht: 2,185986,3,7,8,09,21,1,0,2,0,1,0,0,0,0
"POINT (6.862103407000063 51.182256056000028)",Unfall 185998 (2023) Kat:3, Licht: 0,185998,3,2,6,09,14,5,0,0,0,1,1,0,0,0
"POINT (6.821318260000055 51.272894343000075)",Unfall 186066 (2023) Kat:3, Licht: 0,186066,3,2,3,09,12,4,0,0,1,1,0,0,0,0
"POINT (6.812000747000070 51.264665634000039)",Unfall 186067 (2023) Kat:3, Licht: 0,186067,3,6,2,09,11,4,0,0,0,1,0,0,0,0
"POINT (6.813673541000071 51.222244750000073)",Unfall 186068 (2023) Kat:3, Licht: 0,186068,3,3,5,09,08,4,0,0,1,1,0,0,0,0
"POINT (6.793487535000054 51.212288489000059)",Unfall 186069 (2023) Kat:3, Licht: 0,186069,3,5,5,09,10,4,0,0,1,1,0,0,0,0
"POINT (6.781452231000060 51.203758248000042)",Unfall 186137 (2023) Kat:3, Licht: 0,186137,3,7,0,09,17,3,0,0,0,0,0,0,0,1
"POINT (6.830701469000076 51.208140093000054)",Unfall 186138 (2023) Kat:3, Licht: 0,186138,3,7,6,09,10,3,0,0,0,0,1,0,0,1
"POINT (6.827942808000046 51.179088179000075)",Unfall 186139 (2023) Kat:3, Licht: 0,186139,3,1,0,09,15,3,0,0,1,0,0,0,0,0
"POINT (6.762448622000022 51.271030563000068)",Unfall 186140 (2023) Kat:3, Licht: 0,186140,3,2,4,09,14,3,0,0,0,1,0,0,0,0
"POINT (6.763979785000060 51.215571388000058)",Unfall 186204 (2023) Kat:3, Licht: 0,186204,3,6,3,09,10,2,0,0,0,1,0,0,0,0
"POINT (6.792954147000046 51.228791760000036)",Unfall 186205 (2023) Kat:2, Licht: 2,186205,2,1,0,09,21,2,0,2,1,0,0,0,0,0
"POINT (6.832987148000029 51.205907482000043)",Unfall 186237 (2023) Kat:3, Licht: 0,186237,3,2,4,09,15,2,0,0,0,1,0,0,0,0
"POINT (6.811679009000045 51.198266738000029)",Unfall 186277 (2023) Kat:3, Licht: 0,186277,3,3,5,09,13,1,0,0,1,1,0,0,0,0
"POINT (6.860843842000065 51.171607443000028)",Unfall 186278 (2023) Kat:2, Licht: 0,186278,2,2,4,09,11,1,0,0,1,1,0,0,0,0
"POINT (6.724252009000054 51.229548297000065)",Unfall 186279 (2023) Kat:3, Licht: 0,186279,3,6,4,09,13,1,0,0,1,0,0,0,0,0
"POINT (6.778693810000050 51.213579241000048)",Unfall 186330 (2023) Kat:3, Licht: 0,186330,3,7,0,09,09,7,0,0,1,0,0,0,0,0
"POINT (6.794259555000053 51.223813622000080)",Unfall 186331 (2023) Kat:3, Licht: 0,186331,3,2,5,09,16,7,0,0,1,1,0,0,0,0
"POINT (6.790209240000024 51.221350445000041)",Unfall 186398 (2023) Kat:3, Licht: 2,186398,3,6,2,09,23,6,1,2,1,1,0,0,0,0
"POINT (6.770055098000057 51.196949620000055)",Unfall 186482 (2023) Kat:3, Licht: 0,186482,3,2,0,09,17,5,1,0,1,0,0,0,0,0
"POINT (6.771858739000038 51.205025268000043)",Unfall 186483 (2023) Kat:3, Licht: 0,186483,3,1,8,09,12,5,0,0,0,1,0,0,0,0
"POINT (6.786144671000045 51.213830049000080)",Unfall 186484 (2023) Kat:3, Licht: 0,186484,3,3,5,09,16,5,0,0,1,1,0,0,0,0
"POINT (6.861201833000052 51.211668920000079)",Unfall 186485 (2023) Kat:3, Licht: 0,186485,3,6,2,09,18,5,1,0,0,1,0,0,0,0
"POINT (6.836181956000075 51.194155385000045)",Unfall 186547 (2023) Kat:3, Licht: 0,186547,3,3,5,09,17,4,0,0,1,1,0,0,0,0
"POINT (6.872577103000026 51.149193879000052)",Unfall 186548 (2023) Kat:3, Licht: 0,186548,3,7,0,09,11,4,0,0,1,0,0,0,0,0
"POINT (6.792267468000034 51.217137961000049)",Unfall 186549 (2023) Kat:3, Licht: 0,186549,3,2,5,09,14,4,0,0,0,1,0,0,0,1
"POINT (6.788628587000062 51.219905041000061)",Unfall 186551 (2023) Kat:3, Licht: 0,186551,3,6,1,09,15,4,0,0,0,1,0,0,0,0
"POINT (6.757549687000051 51.230115931000057)",Unfall 186552 (2023) Kat:3, Licht: 1,186552,3,7,0,09,20,4,0,1,0,0,0,0,0,1
"POINT (6.804034405000039 51.215519334000078)",Unfall 186553 (2023) Kat:3, Licht: 2,186553,3,2,5,09,21,4,0,2,0,1,0,1,0,0
"POINT (6.835958045000041 51.170703513000035)",Unfall 186635 (2023) Kat:2, Licht: 0,186635,2,4,6,09,15,3,0,0,0,1,1,0,0,0
"POINT (6.779827897000075 51.205799936000062)",Unfall 186636 (2023) Kat:3, Licht: 2,186636,3,2,2,09,06,3,1,2,1,1,0,0,0,0
"POINT (6.788445988000035 51.268688807000046)",Unfall 186637 (2023) Kat:3, Licht: 0,186637,3,6,4,09,07,3,0,0,1,1,0,0,0,0
"POINT (6.777053708000039 51.224942180000028)",Unfall 186638 (2023) Kat:3, Licht: 0,186638,3,7,0,09,15,3,0,0,1,0,0,0,0,0
"POINT (6.779749294000055 51.213949947000060)",Unfall 186727 (2023) Kat:3, Licht: 0,186727,3,7,0,09,08,2,0,0,0,1,0,0,0,1
"POINT (6.773863504000076 51.213985681000054)",Unfall 186728 (2023) Kat:2, Licht: 0,186728,2,3,0,09,17,2,0,0,0,1,0,1,0,0
"POINT (6.775925962000031 51.271310648000053)",Unfall 186730 (2023) Kat:3, Licht: 1,186730,3,3,5,09,07,2,0,1,0,1,0,0,0,0
"POINT (6.805426546000035 51.225652722000063)",Unfall 186731 (2023) Kat:3, Licht: 2,186731,3,1,0,09,21,2,1,2,0,0,0,0,0,1
"POINT (6.845166657000050 51.230949735000081)",Unfall 186732 (2023) Kat:3, Licht: 0,186732,3,5,1,09,15,2,0,0,1,1,0,0,0,0
"POINT (6.823532533000048 51.217738812000050)",Unfall 186796 (2023) Kat:2, Licht: 0,186796,2,2,2,09,18,1,0,0,0,1,0,1,0,0
"POINT (6.896200578000048 51.144075394000026)",Unfall 186850 (2023) Kat:3, Licht: 1,186850,3,7,0,09,18,7,0,1,1,0,0,0,0,0
"POINT (6.790225591000024 51.243165901000054)",Unfall 186851 (2023) Kat:3, Licht: 0,186851,3,2,5,09,12,7,0,0,1,1,0,0,0,0
"POINT (6.801417190000052 51.212437078000050)",Unfall 186891 (2023) Kat:3, Licht: 0,186891,3,2,0,09,12,1,0,0,1,1,0,0,0,0
"POINT (6.817044366000061 51.247624256000051)",Unfall 186947 (2023) Kat:3, Licht: 0,186947,3,3,5,09,19,6,0,0,1,0,0,0,0,1
"POINT (6.728798373000075 51.245423155000026)",Unfall 186948 (2023) Kat:3, Licht: 0,186948,3,1,0,09,16,6,0,0,0,0,0,0,0,1
"POINT (6.703474663000065 51.232610146000070)",Unfall 186949 (2023) Kat:3, Licht: 1,186949,3,1,0,09,19,6,0,1,1,1,0,0,0,0
"POINT (6.811996242000021 51.198165631000052)",Unfall 187015 (2023) Kat:3, Licht: 0,187015,3,6,2,10,12,2,0,0,0,1,0,0,0,1
"POINT (6.777644234000036 51.266050331000031)",Unfall 187016 (2023) Kat:3, Licht: 0,187016,3,3,5,10,15,2,0,0,1,1,0,0,0,0
"POINT (6.768025732000069 51.279471640000054)",Unfall 187046 (2023) Kat:3, Licht: 0,187046,3,4,6,10,16,1,0,0,0,1,1,0,0,0
"POINT (6.731402044000049 51.213851855000030)",Unfall 187092 (2023) Kat:3, Licht: 0,187092,3,1,8,10,12,7,0,0,0,1,0,0,0,1
"POINT (6.797279783000022 51.192464986000061)",Unfall 187093 (2023) Kat:2, Licht: 0,187093,2,2,5,10,10,7,0,0,1,1,0,0,0,0
"POINT (6.786295777000021 51.253198410000039)",Unfall 187094 (2023) Kat:3, Licht: 2,187094,3,3,5,10,22,7,1,2,0,1,0,0,0,0
"POINT (6.790620004000061 51.221190823000029)",Unfall 187095 (2023) Kat:2, Licht: 0,187095,2,2,3,10,10,7,0,0,0,1,0,0,0,1
"POINT (6.837423109000042 51.182330358000058)",Unfall 187145 (2023) Kat:2, Licht: 0,187145,2,6,4,10,08,6,1,0,0,1,0,0,0,0
"POINT (6.847884053000030 51.175155459000052)",Unfall 187146 (2023) Kat:3, Licht: 2,187146,3,3,5,10,19,6,0,2,1,1,0,0,0,0
"POINT (6.868933258000027 51.151588750000030)",Unfall 187147 (2023) Kat:3, Licht: 0,187147,3,3,5,10,10,6,0,0,0,1,0,0,0,0
"POINT (6.793944567000040 51.221489041000041)",Unfall 187148 (2023) Kat:3, Licht: 0,187148,3,4,6,10,14,6,0,0,1,0,1,0,0,0
"POINT (6.788283867000075 51.219572928000048)",Unfall 187149 (2023) Kat:3, Licht: 2,187149,3,7,9,10,05,6,1,2,0,1,0,0,0,0