WKT,Name,OBJECTID,UKATEGORIE,UTYP1,UART,UMONAT,USTUNDE,UWOCHENTAG,STRZUSTAND,ULICHTVERH,ISTRAD,ISTPKW,ISTFUSS,ISTKRAD,ISTGKFZ,ISTSONSTIG
"POINT (6.752710409000031 51.230931361000046)",Unfall 187150 (2023) Kat:3, Licht: 0,187150,3,2,6,10,13,6,0,0,0,1,1,0,0,0
"POINT (6.749636706000047 51.205810330000077)",Unfall 187218 (2023) Kat:3, Licht: 2,187218,3,2,3,10,19,5,1,2,1,1,0,0,0,0
"POINT (6.860599634000039 51.188261830000044)",Unfall 187219 (2023) Kat:3, Licht: 0,187219,3,7,0,10,15,5,1,0,1,0,0,0,0,0
"POINT (6.820127938000041 51.213036186000068)",Unfall 187220 (2023) Kat:3, Licht: 0,187220,3,3,5,10,15,5,0,0,0,1,0,0,0,0
"POINT (6.844199584000023 51.188343635000081)",Unfall 187221 (2023) Kat:3, Licht: 2,187221,3,2,5,10,18,5,1,2,0,1,0,0,1,0
"POINT (6.739034926000045 51.288905501000045)",Unfall 187282 (2023) Kat:3, Licht: 0,187282,3,7,0,10,11,4,0,0,0,0,0,0,0,1
"POINT (6.791902934000063 51.226453727000035)",Unfall 187283 (2023) Kat:3, Licht: 1,187283,3,7,0,10,18,4,0,1,1,1,0,0,0,0
"POINT (6.779250824000030 51.221782039000061)",Unfall 187284 (2023) Kat:3, Licht: 0,187284,3,6,6,10,15,4,0,0,1,0,1,0,0,0
"POINT (6.796503072000064 51.228155346000051)",Unfall 187285 (2023) Kat:3, Licht: 0,187285,3,5,1,10,08,4,0,0,1,0,0,0,0,1
"POINT (6.741554496000049 51.235760462000030)",Unfall 187286 (2023) Kat:2, Licht: 0,187286,2,7,0,10,10,4,0,0,0,1,0,0,0,0
"POINT (6.832458665000047 51.175186031000067)",Unfall 187347 (2023) Kat:3, Licht: 0,187347,3,4,6,10,18,3,0,0,1,0,1,0,0,0
"POINT (6.867713500000036 51.149588444000074)",Unfall 187348 (2023) Kat:3, Licht: 0,187348,3,4,0,10,16,3,0,0,0,1,1,0,0,0
"POINT (6.828223782000066 51.215951280000070)",Unfall 187349 (2023) Kat:3, Licht: 0,187349,3,3,5,10,17,3,0,0,1,1,0,0,0,0
"POINT (6.720481121000034 51.242904073000034)",Unfall 187350 (2023) Kat:3, Licht: 0,187350,3,5,2,10,10,3,0,0,0,1,0,0,0,0
"POINT (6.762300343000049 51.232129906000068)",Unfall 187351 (2023) Kat:2, Licht: 0,187351,2,1,0,10,17,3,0,0,1,0,0,0,0,0
"POINT (6.750383207000027 51.215335492000065)",Unfall 187402 (2023) Kat:3, Licht: 2,187402,3,7,2,10,20,2,0,2,0,1,0,0,0,0
"POINT (6.778539693000027 51.210597934000077)",Unfall 187403 (2023) Kat:3, Licht: 2,187403,3,2,5,10,19,2,0,2,0,1,0,1,0,0
"POINT (6.749558630000024 51.267912502000058)",Unfall 187404 (2023) Kat:3, Licht: 0,187404,3,3,0,10,15,2,0,0,1,1,0,0,0,0
"POINT (6.796063153000034 51.230115577000049)",Unfall 187405 (2023) Kat:3, Licht: 0,187405,3,6,2,10,14,2,0,0,0,1,0,1,0,0
"POINT (6.779196772000034 51.225544796000065)",Unfall 187406 (2023) Kat:3, Licht: 0,187406,3,2,5,10,08,2,0,0,1,1,0,0,0,0
"POINT (6.736394103000066 51.207186713000056)",Unfall 187502 (2023) Kat:2, Licht: 2,187502,2,1,1,10,23,7,0,2,0,1,0,0,0,1
"POINT (6.809134388000075 51.220761276000076)",Unfall 187503 (2023) Kat:3, Licht: 0,187503,3,4,6,10,13,7,0,0,0,1,1,0,0,0
"POINT (6.736515458000042 51.272092816000054)",Unfall 187604 (2023) Kat:3, Licht: 1,187604,3,5,1,10,18,5,0,1,1,1,0,0,0,0
"POINT (6.812614726000049 51.227827154000067)",Unfall 187605 (2023) Kat:3, Licht: 0,187605,3,1,0,10,08,5,0,0,0,0,0,0,0,1
"POINT (6.853269664000038 51.222593155000027)",Unfall 187606 (2023) Kat:2, Licht: 2,187606,2,1,9,10,22,5,0,2,0,1,0,0,0,0
"POINT (6.739781019000077 51.283960782000065)",Unfall 187607 (2023) Kat:3, Licht: 2,187607,3,6,3,10,21,5,0,2,0,1,0,0,0,0
"POINT (6.814017908000039 51.266510658000072)",Unfall 187609 (2023) Kat:3, Licht: 0,187609,3,5,1,10,07,5,0,0,0,1,0,0,0,1
"POINT (6.777058085000021 51.226992447000043)",Unfall 187610 (2023) Kat:3, Licht: 2,187610,3,6,2,10,20,5,0,2,0,1,0,0,0,0
"POINT (6.791400076000059 51.221794389000081)",Unfall 187611 (2023) Kat:3, Licht: 0,187611,3,2,0,10,16,5,0,0,0,0,0,1,0,0
"POINT (6.849427941000044 51.189118071000053)",Unfall 187676 (2023) Kat:2, Licht: 0,187676,2,2,5,10,12,4,0,0,1,1,0,0,0,0
"POINT (6.873595252000030 51.172003504000031)",Unfall 187677 (2023) Kat:3, Licht: 0,187677,3,7,0,10,14,4,0,0,0,0,0,0,0,1
"POINT (6.851604652000049 51.169002450000050)",Unfall 187678 (2023) Kat:3, Licht: 0,187678,3,3,5,10,16,4,0,0,0,1,0,0,0,0
"POINT (6.801221340000041 51.232840742000064)",Unfall 187679 (2023) Kat:3, Licht: 0,187679,3,5,5,10,08,4,1,0,0,1,0,0,0,1
"POINT (6.796316104000027 51.243618907000041)",Unfall 187680 (2023) Kat:3, Licht: 0,187680,3,2,5,10,15,4,0,0,1,1,0,0,0,0
"POINT (6.800687498000059 51.234219718000077)",Unfall 187681 (2023) Kat:3, Licht: 0,187681,3,5,1,10,14,4,0,0,1,1,0,0,0,0
"POINT (6.789451406000069 51.227443749000031)",Unfall 187682 (2023) Kat:3, Licht: 0,187682,3,6,0,10,15,4,0,0,0,0,1,0,0,1
"POINT (6.797099582000044 51.215805288000070)",Unfall 187723 (2023) Kat:3, Licht: 2,187723,3,6,2,10,18,3,0,2,0,1,0,0,0,0
"POINT (6.782277552000039 51.198334621000072)",Unfall 187815 (2023) Kat:2, Licht: 0,187815,2,3,5,10,17,5,1,0,1,1,0,0,0,0
"POINT (6.787420940000061 51.219133578000026)",Unfall 187843 (2023) Kat:3, Licht: 2,187843,3,2,3,10,20,1,0,2,1,1,0,0,0,0
"POINT (6.782032231000073 51.199446668000064)",Unfall 187844 (2023) Kat:3, Licht: 0,187844,3,5,1,10,13,1,0,0,1,0,0,0,0,0
"POINT (6.838136944000041 51.199429391000081)",Unfall 187845 (2023) Kat:3, Licht: 0,187845,3,7,0,10,12,1,0,0,0,0,0,0,0,1
"POINT (6.879761194000025 51.153991868000048)",Unfall 187896 (2023) Kat:3, Licht: 0,187896,3,2,5,09,12,7,0,0,1,1,0,0,0,0
"POINT (6.858540378000043 51.212942692000070)",Unfall 187897 (2023) Kat:3, Licht: 0,187897,3,5,1,09,18,7,0,0,1,1,0,0,0,0
"POINT (6.787460944000031 51.217852771000082)",Unfall 187898 (2023) Kat:3, Licht: 0,187898,3,4,6,09,17,7,0,0,0,1,1,0,0,0
"POINT (6.773391087000050 51.219011208000040)",Unfall 187899 (2023) Kat:3, Licht: 2,187899,3,7,3,09,21,7,0,2,0,1,0,0,0,1
"POINT (6.834811899000044 51.274549452000031)",Unfall 187900 (2023) Kat:3, Licht: 0,187900,3,3,5,09,12,7,0,0,0,1,0,0,0,1
"POINT (6.783253122000076 51.203008034000050)",Unfall 187972 (2023) Kat:3, Licht: 0,187972,3,6,2,09,12,6,0,0,0,1,0,0,0,1
"POINT (6.865869384000064 51.162228011000082)",Unfall 187973 (2023) Kat:3, Licht: 0,187973,3,1,0,09,13,6,0,0,1,0,0,0,0,0
"POINT (6.775026796000020 51.269252092000045)",Unfall 187974 (2023) Kat:3, Licht: 2,187974,3,1,0,09,00,6,0,2,0,1,0,0,0,1
"POINT (6.795980914000040 51.224775546000046)",Unfall 187975 (2023) Kat:3, Licht: 0,187975,3,6,1,09,09,6,0,0,0,1,0,0,0,1
"POINT (6.732584523000071 51.233486547000041)",Unfall 187976 (2023) Kat:3, Licht: 0,187976,3,6,2,09,15,6,1,0,0,1,0,1,0,0
"POINT (6.776876095000034 51.218067254000061)",Unfall 188059 (2023) Kat:3, Licht: 0,188059,3,6,3,10,14,3,0,0,1,0,0,0,0,1
"POINT (6.791291748000049 51.266818346000036)",Unfall 188060 (2023) Kat:3, Licht: 2,188060,3,3,5,10,22,3,1,2,0,1,0,0,0,1
"POINT (6.789176087000044 51.250480177000043)",Unfall 188061 (2023) Kat:3, Licht: 2,188061,3,4,6,10,19,3,1,2,0,1,1,0,0,0
"POINT (6.754583748000073 51.260273121000068)",Unfall 188062 (2023) Kat:3, Licht: 0,188062,3,7,0,10,16,3,0,0,0,0,1,0,0,1
"POINT (6.806115304000059 51.221845716000075)",Unfall 188063 (2023) Kat:3, Licht: 2,188063,3,2,6,10,18,3,1,2,0,1,1,0,0,0
"POINT (6.874137611000037 51.168637518000025)",Unfall 188129 (2023) Kat:3, Licht: 2,188129,3,2,0,10,20,2,1,2,1,1,0,0,0,0
"POINT (6.772292761000074 51.213986472000045)",Unfall 188130 (2023) Kat:2, Licht: 1,188130,2,2,5,10,17,2,1,1,1,1,0,0,0,0
"POINT (6.857493757000043 51.235612280000055)",Unfall 188131 (2023) Kat:3, Licht: 2,188131,3,6,4,10,19,2,0,2,1,0,0,0,0,1
"POINT (6.764390131000027 51.249613924000073)",Unfall 188132 (2023) Kat:3, Licht: 0,188132,3,6,1,10,14,2,0,0,0,1,0,0,0,0
"POINT (6.759690221000028 51.253544077000072)",Unfall 188133 (2023) Kat:3, Licht: 1,188133,3,7,0,10,16,2,1,1,0,1,0,0,0,0
"POINT (6.752638778000062 51.212732790000075)",Unfall 188176 (2023) Kat:3, Licht: 2,188176,3,1,0,10,02,1,1,2,0,0,0,0,0,1
"POINT (6.844308093000052 51.188357172000053)",Unfall 188216 (2023) Kat:3, Licht: 0,188216,3,3,5,10,12,7,0,0,0,1,0,0,0,1
"POINT (6.821405385000048 51.169450048000044)",Unfall 188217 (2023) Kat:3, Licht: 2,188217,3,2,5,10,18,7,0,2,0,1,0,1,0,0
"POINT (6.787616718000038 51.191029520000029)",Unfall 188218 (2023) Kat:3, Licht: 0,188218,3,1,0,10,15,7,0,0,0,0,0,1,0,0
"POINT (6.773152733000074 51.196804407000059)",Unfall 188219 (2023) Kat:3, Licht: 0,188219,3,1,0,10,11,7,1,0,1,0,0,0,0,0
"POINT (6.788408287000038 51.251050873000054)",Unfall 188220 (2023) Kat:3, Licht: 2,188220,3,7,0,10,19,7,1,2,0,0,0,1,0,0
"POINT (6.791281665000042 51.220055172000059)",Unfall 188221 (2023) Kat:1, Licht: 0,188221,1,2,6,10,15,7,0,0,0,0,1,0,1,0
"POINT (6.820710170000041 51.200612873000068)",Unfall 188279 (2023) Kat:3, Licht: 1,188279,3,5,5,10,08,6,1,1,1,1,0,0,0,0
"POINT (6.820624826000028 51.215674414000034)",Unfall 188280 (2023) Kat:3, Licht: 2,188280,3,7,0,10,23,6,1,2,0,0,0,0,0,1
"POINT (6.762716677000071 51.262589643000069)",Unfall 188281 (2023) Kat:3, Licht: 1,188281,3,4,6,10,07,6,1,1,0,1,1,0,0,0
"POINT (6.789198496000040 51.246677903000034)",Unfall 188282 (2023) Kat:3, Licht: 2,188282,3,3,5,10,18,6,1,2,1,1,0,0,0,0
"POINT (6.763502245000041 51.247904908000066)",Unfall 188283 (2023) Kat:3, Licht: 2,188283,3,6,3,10,00,6,0,2,0,0,0,0,0,1
"POINT (6.806309186000021 51.255439967000029)",Unfall 188344 (2023) Kat:3, Licht: 2,188344,3,7,0,10,19,5,0,2,0,1,1,0,0,0
"POINT (6.785253891000025 51.233142561000079)",Unfall 188345 (2023) Kat:3, Licht: 0,188345,3,5,1,10,08,5,1,0,0,1,0,0,0,1
"POINT (6.729829272000075 51.239515835000077)",Unfall 188369 (2023) Kat:3, Licht: 1,188369,3,2,5,10,07,5,1,1,1,1,0,0,0,0
"POINT (6.780954499000075 51.233658083000080)",Unfall 188425 (2023) Kat:2, Licht: 0,188425,2,3,5,10,10,3,1,0,0,1,0,1,0,0
"POINT (6.816068494000035 51.190879201000030)",Unfall 188429 (2023) Kat:3, Licht: 2,188429,3,2,6,10,18,4,1,2,0,1,1,0,0,0
"POINT (6.765063566000038 51.206501071000048)",Unfall 188430 (2023) Kat:3, Licht: 0,188430,3,2,5,10,08,4,0,0,1,0,0,0,0,1
"POINT (6.781525484000042 51.238187145000040)",Unfall 188431 (2023) Kat:3, Licht: 1,188431,3,7,0,10,17,4,1,1,1,1,0,0,0,0
"POINT (6.763856810000050 51.247714749000068)",Unfall 188432 (2023) Kat:3, Licht: 0,188432,3,1,0,10,10,4,0,0,0,0,0,0,0,1
"POINT (6.788003338000067 51.219215606000034)",Unfall 188433 (2023) Kat:3, Licht: 0,188433,3,4,6,10,12,4,0,0,0,0,1,0,0,1
"POINT (6.717953757000032 51.244093318000068)",Unfall 188434 (2023) Kat:3, Licht: 2,188434,3,2,6,10,21,4,0,2,0,1,1,0,0,0
"POINT (6.858914312000024 51.236342153000066)",Unfall 188493 (2023) Kat:3, Licht: 0,188493,3,5,2,10,16,2,0,0,0,1,0,0,0,0
"POINT (6.776876856000058 51.208583685000065)",Unfall 188506 (2023) Kat:3, Licht: 0,188506,3,7,0,10,08,3,0,0,0,0,1,0,0,1
"POINT (6.891086639000036 51.147172450000028)",Unfall 188507 (2023) Kat:3, Licht: 0,188507,3,3,5,10,11,3,0,0,0,1,0,0,0,1
"POINT (6.764758489000030 51.216096357000026)",Unfall 188508 (2023) Kat:3, Licht: 0,188508,3,2,5,10,17,3,0,0,1,1,0,0,0,0
"POINT (6.814934384000026 51.225746289000028)",Unfall 188509 (2023) Kat:2, Licht: 0,188509,2,2,5,10,13,3,1,0,1,1,0,0,0,0
"POINT (6.789808836000020 51.220704276000049)",Unfall 188510 (2023) Kat:3, Licht: 1,188510,3,2,4,10,17,3,0,1,1,0,0,0,0,1
"POINT (6.783437381000056 51.195997632000058)",Unfall 188574 (2023) Kat:2, Licht: 0,188574,2,3,5,10,15,2,0,0,1,1,0,0,0,0
"POINT (6.767729658000064 51.197670309000046)",Unfall 188576 (2023) Kat:3, Licht: 0,188576,3,3,5,10,08,2,0,0,1,1,0,0,0,0
"POINT (6.786295777000021 51.253198410000039)",Unfall 188577 (2023) Kat:3, Licht: 0,188577,3,3,0,10,15,2,0,0,0,1,0,1,0,0
"POINT (6.807398501000023 51.211935079000057)",Unfall 188578 (2023) Kat:3, Licht: 0,188578,3,4,6,10,14,2,0,0,0,1,1,0,0,0
"POINT (6.709328951000032 51.229014765000045)",Unfall 188618 (2023) Kat:3, Licht: 0,188618,3,6,1,10,13,2,0,0,0,0,0,1,1,0
"POINT (6.778643668000029 51.264396823000027)",Unfall 188622 (2023) Kat:3, Licht: 2,188622,3,1,0,10,21,1,0,2,1,0,0,0,0,0
"POINT (6.833291153000062 51.239273054000080)",Unfall 188623 (2023) Kat:3, Licht: 0,188623,3,7,0,10,13,1,1,0,1,0,0,0,0,0
"POINT (6.855120562000025 51.229269127000066)",Unfall 188624 (2023) Kat:3, Licht: 0,188624,3,6,2,10,12,1,0,0,0,1,0,0,0,0
"POINT (6.770131780000042 51.268384677000029)",Unfall 188625 (2023) Kat:3, Licht: 0,188625,3,7,0,10,15,1,0,0,0,0,0,0,0,1
"POINT (6.870354951000024 51.147090965000075)",Unfall 188657 (2023) Kat:3, Licht: 0,188657,3,3,5,10,11,7,0,0,0,1,0,0,0,1
"POINT (6.873944518000030 51.211732164000068)",Unfall 188658 (2023) Kat:3, Licht: 2,188658,3,1,8,10,23,7,1,2,0,1,0,0,0,0
"POINT (6.757654092000053 51.250832261000028)",Unfall 188659 (2023) Kat:2, Licht: 2,188659,2,2,6,10,19,7,0,2,0,0,1,1,0,0
"POINT (6.772287633000076 51.201609889000053)",Unfall 188732 (2023) Kat:3, Licht: 0,188732,3,2,5,10,15,6,1,0,1,1,0,0,0,0
"POINT (6.787894620000031 51.266497756000035)",Unfall 188733 (2023) Kat:3, Licht: 0,188733,3,6,2,10,12,6,1,0,0,1,0,0,0,0
"POINT (6.727786203000051 51.239622427000029)",Unfall 188734 (2023) Kat:2, Licht: 2,188734,2,1,0,10,18,6,1,2,1,0,0,0,0,0
"POINT (6.721283051000057 51.232209605000037)",Unfall 188735 (2023) Kat:3, Licht: 0,188735,3,3,5,10,08,6,1,0,1,1,0,0,0,0
"POINT (6.775469963000035 51.219646686000033)",Unfall 188736 (2023) Kat:3, Licht: 0,188736,3,3,6,10,17,6,1,0,0,1,1,0,0,0
"POINT (6.772229602000039 51.212357605000079)",Unfall 188814 (2023) Kat:3, Licht: 0,188814,3,1,0,10,10,5,0,0,1,0,0,0,0,0
"POINT (6.783114774000069 51.191323720000071)",Unfall 188815 (2023) Kat:3, Licht: 0,188815,3,6,2,10,17,5,0,0,0,1,0,0,0,1
"POINT (6.857609913000033 51.193831944000067)",Unfall 188816 (2023) Kat:3, Licht: 0,188816,3,3,5,10,16,5,0,0,0,1,0,0,0,0
"POINT (6.829506441000035 51.177922924000029)",Unfall 188818 (2023) Kat:3, Licht: 2,188818,3,2,5,10,22,5,1,2,0,1,0,0,0,1
"POINT (6.786216336000052 51.218955051000080)",Unfall 188821 (2023) Kat:3, Licht: 0,188821,3,5,0,10,16,5,1,0,1,1,0,0,0,0
"POINT (6.734263247000058 51.238006285000040)",Unfall 188822 (2023) Kat:2, Licht: 0,188822,2,1,0,10,10,5,1,0,1,0,0,0,0,0
"POINT (6.762668917000042 51.221827911000048)",Unfall 188869 (2023) Kat:3, Licht: 2,188869,3,6,3,10,18,4,1,2,0,1,0,0,0,0
"POINT (6.778645295000047 51.212049444000058)",Unfall 188907 (2023) Kat:3, Licht: 0,188907,3,5,1,10,15,4,0,0,1,1,0,0,0,0
"POINT (6.828957016000061 51.215935111000078)",Unfall 188908 (2023) Kat:3, Licht: 0,188908,3,6,2,10,09,4,0,0,0,1,0,0,0,0
"POINT (6.824033046000068 51.170645222000076)",Unfall 188909 (2023) Kat:2, Licht: 0,188909,2,7,0,10,15,4,0,0,0,0,0,0,0,1
"POINT (6.851605348000021 51.169003028000077)",Unfall 188910 (2023) Kat:2, Licht: 0,188910,2,3,5,10,09,4,0,0,0,1,0,0,0,1
"POINT (6.751463616000024 51.212998136000067)",Unfall 188911 (2023) Kat:3, Licht: 1,188911,3,7,0,10,19,4,0,1,0,0,0,0,0,1
"POINT (6.774981994000029 51.205290862000027)",Unfall 188912 (2023) Kat:3, Licht: 0,188912,3,6,3,10,15,4,0,0,1,1,0,0,0,0
"POINT (6.783435445000066 51.203107994000050)",Unfall 188913 (2023) Kat:3, Licht: 2,188913,3,6,3,10,20,4,0,2,1,1,0,0,0,1
"POINT (6.849402491000035 51.167172614000037)",Unfall 188996 (2023) Kat:3, Licht: 0,188996,3,6,3,10,12,3,0,0,0,1,0,0,0,0
"POINT (6.760409513000070 51.216638456000055)",Unfall 188997 (2023) Kat:2, Licht: 0,188997,2,2,5,10,17,3,0,0,1,1,0,0,0,0
"POINT (6.746465217000036 51.270654510000043)",Unfall 188998 (2023) Kat:3, Licht: 0,188998,3,3,5,10,10,3,0,0,0,1,0,0,0,0
"POINT (6.813851226000054 51.218953417000080)",Unfall 188999 (2023) Kat:3, Licht: 0,188999,3,3,5,10,18,3,0,0,0,1,0,0,0,1
"POINT (6.794748687000038 51.263153535000072)",Unfall 189000 (2023) Kat:3, Licht: 0,189000,3,3,5,10,16,3,0,0,0,1,0,1,0,0
"POINT (6.739116463000073 51.242166180000027)",Unfall 189001 (2023) Kat:3, Licht: 0,189001,3,3,5,10,10,3,0,0,1,0,0,0,1,0
"POINT (6.762308401000041 51.231263082000055)",Unfall 189002 (2023) Kat:2, Licht: 0,189002,2,6,1,10,09,3,0,0,0,1,0,0,1,0
"POINT (6.777029644000038 51.223090063000029)",Unfall 189119 (2023) Kat:2, Licht: 2,189119,2,2,6,11,19,6,0,2,0,1,1,0,0,0
"POINT (6.786554288000048 51.192231525000068)",Unfall 189154 (2023) Kat:3, Licht: 0,189154,3,7,0,11,12,5,0,0,0,0,0,0,0,1
"POINT (6.821134386000040 51.219314694000047)",Unfall 189155 (2023) Kat:3, Licht: 0,189155,3,3,5,11,11,5,0,0,1,1,0,0,0,0
"POINT (6.831403866000073 51.206748906000030)",Unfall 189211 (2023) Kat:3, Licht: 2,189211,3,2,6,11,18,4,1,2,0,1,1,0,0,0
"POINT (6.792807997000068 51.188052653000057)",Unfall 189212 (2023) Kat:3, Licht: 0,189212,3,7,0,11,13,4,1,0,0,0,0,0,0,1
"POINT (6.864333811000051 51.223671823000075)",Unfall 189213 (2023) Kat:3, Licht: 2,189213,3,3,5,11,18,4,1,2,0,1,0,0,0,0
"POINT (6.886816805000024 51.263385396000047)",Unfall 189214 (2023) Kat:3, Licht: 0,189214,3,7,6,11,10,4,1,0,0,1,1,0,0,0
"POINT (6.828447499000049 51.209692573000041)",Unfall 189215 (2023) Kat:3, Licht: 2,189215,3,3,5,11,21,4,0,2,0,1,0,0,0,1
"POINT (6.872460709000052 51.189064462000033)",Unfall 189267 (2023) Kat:3, Licht: 0,189267,3,1,9,11,16,3,1,0,0,1,0,0,0,0
"POINT (6.836077921000026 51.206360447000066)",Unfall 189268 (2023) Kat:3, Licht: 0,189268,3,7,6,11,09,3,0,0,0,0,1,1,0,0
"POINT (6.837848744000041 51.201362558000028)",Unfall 189269 (2023) Kat:3, Licht: 2,189269,3,4,6,11,17,3,1,2,1,0,1,0,0,0
"POINT (6.814414647000035 51.193155756000067)",Unfall 189270 (2023) Kat:2, Licht: 2,189270,2,2,6,11,17,3,1,2,0,1,1,0,0,0
"POINT (6.897389711000073 51.142836101000057)",Unfall 189272 (2023) Kat:3, Licht: 2,189272,3,3,5,11,19,3,1,2,0,1,0,0,0,1
"POINT (6.814403021000032 51.190416471000049)",Unfall 189273 (2023) Kat:2, Licht: 1,189273,2,1,0,11,15,3,1,1,0,0,0,1,0,0
"POINT (6.819218068000055 51.189160980000054)",Unfall 189349 (2023) Kat:3, Licht: 2,189349,3,4,6,11,18,2,1,2,0,1,1,0,0,0
"POINT (6.779335406000030 51.210458084000038)",Unfall 189351 (2023) Kat:3, Licht: 0,189351,3,2,6,11,09,2,1,0,0,1,1,0,0,0
"POINT (6.772898230000067 51.223767386000077)",Unfall 189352 (2023) Kat:3, Licht: 2,189352,3,7,6,11,21,2,0,2,0,1,1,0,0,0
"POINT (6.746240492000027 51.270587041000056)",Unfall 189384 (2023) Kat:3, Licht: 0,189384,3,3,5,11,11,1,0,0,1,1,0,0,0,0
"POINT (6.806900361000032 51.225716913000042)",Unfall 189419 (2023) Kat:3, Licht: 0,189419,3,5,1,11,12,3,1,0,0,1,0,1,0,0
"POINT (6.819966441000076 51.217627735000065)",Unfall 189430 (2023) Kat:3, Licht: 0,189430,3,6,8,11,10,7,0,0,1,0,0,0,1,0
"POINT (6.785497688000021 51.224977096000032)",Unfall 189431 (2023) Kat:3, Licht: 0,189431,3,7,6,11,12,7,0,0,0,1,1,0,0,0
"POINT (6.783304850000036 51.241694696000081)",Unfall 189496 (2023) Kat:3, Licht: 2,189496,3,2,6,11,19,6,1,2,0,1,1,0,0,0
"POINT (6.748832347000075 51.302146552000067)",Unfall 189562 (2023) Kat:3, Licht: 2,189562,3,2,0,11,07,5,1,2,0,1,0,1,0,0
"POINT (6.786679110000023 51.225864266000031)",Unfall 189563 (2023) Kat:3, Licht: 2,189563,3,3,5,11,20,5,1,2,1,1,0,0,0,0
"POINT (6.760413743000072 51.205575237000062)",Unfall 189703 (2023) Kat:2, Licht: 0,189703,2,3,5,11,16,3,0,0,1,1,0,0,0,0
"POINT (6.832760052000026 51.173324665000052)",Unfall 189704 (2023) Kat:3, Licht: 0,189704,3,3,5,11,12,3,0,0,0,1,0,0,0,0
"POINT (6.762362505000056 51.210038265000037)",Unfall 189775 (2023) Kat:3, Licht: 0,189775,3,1,0,11,07,2,0,0,1,0,0,0,0,0
"POINT (6.797269327000038 51.191973876000077)",Unfall 189776 (2023) Kat:3, Licht: 0,189776,3,6,6,11,15,2,0,0,1,0,1,0,0,0
"POINT (6.839283451000028 51.164936940000075)",Unfall 189777 (2023) Kat:3, Licht: 0,189777,3,3,5,11,11,2,0,0,0,1,0,0,0,1
"POINT (6.812140039000042 51.198347333000072)",Unfall 189778 (2023) Kat:2, Licht: 2,189778,2,2,6,11,18,2,1,2,0,1,1,0,0,0
"POINT (6.801267920000043 51.225338830000055)",Unfall 189780 (2023) Kat:3, Licht: 2,189780,3,4,0,11,20,2,1,2,1,1,1,0,0,0
"POINT (6.779795153000066 51.258592426000064)",Unfall 189781 (2023) Kat:2, Licht: 2,189781,2,7,6,11,03,2,0,2,0,0,1,0,0,1
"POINT (6.776898304000042 51.205614939000043)",Unfall 189811 (2023) Kat:3, Licht: 2,189811,3,1,0,11,04,1,0,2,0,0,0,0,0,1
"POINT (6.801764408000054 51.230106159000059)",Unfall 189812 (2023) Kat:3, Licht: 0,189812,3,1,0,11,15,1,1,0,1,0,0,0,0,0
"POINT (6.768321846000049 51.251841221000063)",Unfall 189813 (2023) Kat:3, Licht: 0,189813,3,4,6,11,12,1,1,0,1,1,1,0,0,0
"POINT (6.789981789000024 51.228154957000072)",Unfall 189814 (2023) Kat:3, Licht: 2,189814,3,7,4,11,03,1,1,2,1,1,0,0,0,0
"POINT (6.757515348000027 51.215565998000045)",Unfall 189833 (2023) Kat:3, Licht: 2,189833,3,3,5,11,21,3,0,2,1,1,0,0,0,0
"POINT (6.780997839000065 51.236223869000071)",Unfall 189854 (2023) Kat:3, Licht: 2,189854,3,5,1,11,19,7,1,2,0,1,0,0,0,1
"POINT (6.818409968000026 51.234651433000067)",Unfall 189855 (2023) Kat:3, Licht: 2,189855,3,7,0,11,19,7,1,2,1,0,0,0,0,0
"POINT (6.773168501000043 51.239274615000056)",Unfall 189856 (2023) Kat:3, Licht: 0,189856,3,1,0,11,13,7,1,0,1,0,0,0,0,0
"POINT (6.793681909000043 51.211233414000048)",Unfall 189857 (2023) Kat:3, Licht: 0,189857,3,3,5,11,12,7,0,0,1,1,0,0,0,0
"POINT (6.884071596000069 51.149894885000037)",Unfall 189926 (2023) Kat:3, Licht: 0,189926,3,2,5,11,12,6,0,0,1,1,0,0,0,0
"POINT (6.841140153000026 51.188386335000075)",Unfall 189927 (2023) Kat:3, Licht: 0,189927,3,2,6,11,11,6,0,0,0,1,1,0,0,0
"POINT (6.816422577000026 51.190421564000076)",Unfall 189928 (2023) Kat:3, Licht: 0,189928,3,6,2,11,13,6,0,0,0,1,0,0,0,0
"POINT (6.849030373000062 51.219633716000033)",Unfall 189929 (2023) Kat:3, Licht: 0,189929,3,3,5,11,14,6,0,0,1,1,0,0,0,0
"POINT (6.779404506000049 51.237119246000077)",Unfall 189930 (2023) Kat:3, Licht: 0,189930,3,7,0,11,13,6,0,0,1,0,0,0,0,0
"POINT (6.738666590000037 51.236523334000026)",Unfall 189931 (2023) Kat:3, Licht: 0,189931,3,7,6,11,13,6,0,0,0,1,1,0,0,0
"POINT (6.765094037000040 51.216302231000043)",Unfall 190212 (2023) Kat:3, Licht: 0,190212,3,2,5,12,09,3,1,0,0,1,0,0,0,1
"POINT (6.763888344000065 51.220808929000043)",Unfall 190213 (2023) Kat:3, Licht: 0,190213,3,6,2,12,14,3,0,0,0,1,0,0,0,0