WKT,Name,OBJECTID,UKATEGORIE,UTYP1,UART,UMONAT,USTUNDE,UWOCHENTAG,STRZUSTAND,ULICHTVERH,ISTRAD,ISTPKW,ISTFUSS,ISTKRAD,ISTGKFZ,ISTSONSTIG
"POINT (6.859474419000037 51.185994828000048)",Unfall 190214 (2023) Kat:3, Licht: 2,190214,3,4,6,12,17,3,1,2,0,1,1,0,0,0
"POINT (6.862451631000056 51.180107657000065)",Unfall 190215 (2023) Kat:2, Licht: 2,190215,2,2,6,12,17,3,1,2,0,1,1,0,0,0
"POINT (6.827798097000027 51.179204069000036)",Unfall 190216 (2023) Kat:3, Licht: 0,190216,3,3,5,12,09,3,1,0,1,1,0,0,0,0
"POINT (6.791373967000027 51.211227776000044)",Unfall 190217 (2023) Kat:3, Licht: 0,190217,3,4,6,12,14,3,1,0,1,0,1,0,0,0
"POINT (6.816059952000046 51.221902697000075)",Unfall 190272 (2023) Kat:3, Licht: 0,190272,3,3,5,12,12,2,2,0,0,1,0,0,0,1
"POINT (6.787195378000035 51.248575698000082)",Unfall 190273 (2023) Kat:3, Licht: 2,190273,3,5,1,12,17,2,1,2,1,1,0,0,0,0
"POINT (6.786144480000075 51.220046251000042)",Unfall 190305 (2023) Kat:3, Licht: 2,190305,3,4,6,12,18,1,1,2,0,1,1,0,0,0
"POINT (6.787720972000045 51.211136606000082)",Unfall 190371 (2023) Kat:3, Licht: 2,190371,3,3,5,12,21,6,0,2,1,1,0,0,0,0
"POINT (6.786759894000056 51.219158677000053)",Unfall 190372 (2023) Kat:3, Licht: 0,190372,3,5,1,12,08,6,0,0,0,1,0,0,0,0
"POINT (6.782160790000034 51.240746436000052)",Unfall 190373 (2023) Kat:3, Licht: 0,190373,3,3,5,12,15,6,0,0,0,1,0,0,0,1
"POINT (6.873980513000049 51.162770745000046)",Unfall 190429 (2023) Kat:3, Licht: 0,190429,3,6,6,11,10,5,0,0,0,0,1,0,0,1
"POINT (6.849062586000059 51.219530397000028)",Unfall 190430 (2023) Kat:3, Licht: 0,190430,3,6,2,11,11,5,1,0,0,1,0,0,0,1
"POINT (6.767368854000040 51.199231305000069)",Unfall 190431 (2023) Kat:3, Licht: 0,190431,3,3,5,11,13,5,0,0,1,1,0,0,0,0
"POINT (6.835812455000053 51.203186096000081)",Unfall 190432 (2023) Kat:3, Licht: 0,190432,3,1,0,11,10,5,1,0,1,0,0,0,0,0
"POINT (6.833847940000055 51.175759928000048)",Unfall 190433 (2023) Kat:3, Licht: 0,190433,3,3,5,11,16,5,0,0,1,1,0,0,0,0
"POINT (6.796859668000025 51.225115899000059)",Unfall 190434 (2023) Kat:2, Licht: 0,190434,2,5,1,11,12,5,0,0,1,1,0,0,0,0
"POINT (6.811063420000039 51.168387792000033)",Unfall 190507 (2023) Kat:3, Licht: 0,190507,3,5,0,11,15,4,1,0,1,1,0,0,0,0
"POINT (6.787156482000057 51.276831497000046)",Unfall 190516 (2023) Kat:3, Licht: 0,190516,3,4,6,12,08,7,0,0,0,1,1,0,0,0
"POINT (6.778388723000035 51.235450211000057)",Unfall 190558 (2023) Kat:2, Licht: 0,190558,2,7,0,11,16,3,0,0,0,0,1,0,0,1
"POINT (6.812314523000055 51.227664429000072)",Unfall 190559 (2023) Kat:2, Licht: 2,190559,2,4,6,11,18,3,0,2,0,1,1,0,0,0
"POINT (6.777041104000034 51.226535552000030)",Unfall 190560 (2023) Kat:3, Licht: 2,190560,3,3,5,11,16,3,0,2,0,1,0,0,0,1
"POINT (6.827929347000065 51.216128493000042)",Unfall 190646 (2023) Kat:3, Licht: 0,190646,3,3,5,11,13,2,1,0,1,1,0,0,0,0
"POINT (6.739743044000022 51.195568710000032)",Unfall 190647 (2023) Kat:3, Licht: 0,190647,3,1,4,11,14,2,1,0,0,1,0,0,1,0
"POINT (6.821539460000054 51.229276713000047)",Unfall 190648 (2023) Kat:3, Licht: 2,190648,3,4,6,11,07,2,0,2,0,1,1,0,0,0
"POINT (6.739869697000074 51.242841140000053)",Unfall 190650 (2023) Kat:3, Licht: 2,190650,3,4,6,11,16,2,1,2,0,1,1,0,0,0
"POINT (6.757178918000022 51.207140299000059)",Unfall 190697 (2023) Kat:3, Licht: 1,190697,3,3,5,11,15,1,0,1,0,1,0,0,0,0
"POINT (6.760880237000038 51.223328875000050)",Unfall 190743 (2023) Kat:3, Licht: 0,190743,3,6,1,11,13,7,1,0,0,1,0,0,0,0
"POINT (6.849205953000023 51.209219886000028)",Unfall 190744 (2023) Kat:3, Licht: 0,190744,3,6,2,11,14,7,1,0,1,1,0,0,0,0
"POINT (6.780200047000051 51.225416099000029)",Unfall 190745 (2023) Kat:3, Licht: 2,190745,3,6,2,11,20,7,1,2,0,1,0,0,0,0
"POINT (6.861464165000029 51.179816142000050)",Unfall 190808 (2023) Kat:3, Licht: 0,190808,3,4,6,11,14,6,0,0,0,1,1,0,0,0
"POINT (6.764151091000031 51.212499330000071)",Unfall 190809 (2023) Kat:3, Licht: 0,190809,3,3,5,11,08,6,1,0,0,1,0,1,0,0
"POINT (6.861136178000038 51.170097380000072)",Unfall 190810 (2023) Kat:3, Licht: 2,190810,3,2,5,11,23,6,1,2,1,1,0,0,0,0
"POINT (6.801267375000066 51.227489268000056)",Unfall 190811 (2023) Kat:3, Licht: 0,190811,3,2,5,11,07,6,1,0,1,1,0,0,0,0
"POINT (6.916229049000037 51.132337267000082)",Unfall 190880 (2023) Kat:3, Licht: 0,190880,3,3,5,11,08,5,0,0,1,1,0,0,0,0
"POINT (6.864611088000061 51.180184127000075)",Unfall 190881 (2023) Kat:3, Licht: 0,190881,3,1,0,11,13,5,0,0,0,0,0,0,0,1
"POINT (6.810264722000056 51.227086193000048)",Unfall 190882 (2023) Kat:3, Licht: 0,190882,3,4,0,11,16,5,0,0,0,0,1,0,0,1
"POINT (6.819262129000037 51.216652625000052)",Unfall 190929 (2023) Kat:3, Licht: 2,190929,3,2,5,11,22,5,0,2,0,1,0,0,0,1
"POINT (6.819235414000048 51.216598876000035)",Unfall 190938 (2023) Kat:3, Licht: 0,190938,3,2,5,12,08,3,1,0,1,0,0,0,1,0
"POINT (6.812547880000068 51.225327643000071)",Unfall 190944 (2023) Kat:3, Licht: 2,190944,3,3,5,11,16,4,0,2,0,1,0,0,0,1
"POINT (6.753487409000059 51.262221585000077)",Unfall 190945 (2023) Kat:3, Licht: 0,190945,3,6,2,11,10,4,0,0,0,1,0,1,0,0
"POINT (6.733447305000027 51.235836664000033)",Unfall 190946 (2023) Kat:3, Licht: 0,190946,3,6,3,11,13,4,0,0,0,1,0,0,0,0
"POINT (6.895751549000067 51.149682794000057)",Unfall 191017 (2023) Kat:3, Licht: 1,191017,3,3,5,11,07,3,1,1,1,1,0,0,0,0
"POINT (6.800149702000056 51.236819846000060)",Unfall 191081 (2023) Kat:3, Licht: 2,191081,3,7,2,12,06,2,0,2,0,1,0,1,0,0
"POINT (6.851562607000062 51.168966633000082)",Unfall 191085 (2023) Kat:3, Licht: 2,191085,3,3,5,11,17,2,1,2,0,1,0,0,0,1
"POINT (6.828169567000032 51.187704820000079)",Unfall 191086 (2023) Kat:3, Licht: 0,191086,3,6,2,11,09,2,1,0,0,0,0,1,0,1
"POINT (6.825966047000065 51.194500898000058)",Unfall 191088 (2023) Kat:3, Licht: 0,191088,3,2,5,11,15,2,1,0,1,0,0,0,0,1
"POINT (6.791777396000043 51.222061749000034)",Unfall 191089 (2023) Kat:3, Licht: 2,191089,3,4,6,11,17,2,1,2,0,1,1,0,0,0
"POINT (6.835920518000023 51.183681562000061)",Unfall 191107 (2023) Kat:3, Licht: 0,191107,3,7,6,11,15,2,1,0,0,1,1,0,0,0
"POINT (6.830427299000064 51.208059638000066)",Unfall 191108 (2023) Kat:3, Licht: 1,191108,3,2,6,11,07,2,1,1,0,1,1,0,0,0
"POINT (6.829020892000074 51.178146831000049)",Unfall 191139 (2023) Kat:3, Licht: 0,191139,3,6,3,11,14,1,0,0,1,0,0,0,0,1
"POINT (6.814121016000058 51.193646879000028)",Unfall 191140 (2023) Kat:3, Licht: 0,191140,3,7,0,11,14,1,0,0,0,0,1,0,0,1
"POINT (6.832622355000069 51.173236979000080)",Unfall 191141 (2023) Kat:3, Licht: 2,191141,3,3,5,11,18,1,1,2,0,1,0,0,0,0
"POINT (6.772076277000053 51.226946374000079)",Unfall 191142 (2023) Kat:3, Licht: 0,191142,3,2,5,11,15,1,1,0,1,0,0,0,0,1
"POINT (6.764010917000064 51.220897048000040)",Unfall 191185 (2023) Kat:3, Licht: 2,191185,3,1,8,11,20,7,1,2,0,1,0,0,0,0
"POINT (6.830031815000041 51.208367084000031)",Unfall 191211 (2023) Kat:2, Licht: 2,191211,2,4,6,12,05,6,0,2,0,0,1,0,1,0
"POINT (6.788906413000063 51.199020151000070)",Unfall 191212 (2023) Kat:3, Licht: 0,191212,3,6,2,12,15,6,1,0,0,1,0,0,0,0
"POINT (6.807884452000053 51.217869709000070)",Unfall 191213 (2023) Kat:2, Licht: 0,191213,2,7,8,12,11,6,1,0,0,0,0,0,1,0
"POINT (6.779299007000020 51.223313277000045)",Unfall 191214 (2023) Kat:3, Licht: 1,191214,3,5,5,12,07,6,0,1,1,1,0,0,0,0
"POINT (6.777138352000065 51.227132158000074)",Unfall 191246 (2023) Kat:3, Licht: 2,191246,3,2,5,12,19,5,0,2,0,1,0,0,0,1
"POINT (6.799429386000043 51.223559930000079)",Unfall 191275 (2023) Kat:3, Licht: 0,191275,3,7,0,12,09,4,1,0,1,0,0,0,0,0
"POINT (6.861058146000062 51.188668418000077)",Unfall 191289 (2023) Kat:3, Licht: 2,191289,3,1,9,12,23,3,0,2,0,1,0,0,0,1
"POINT (6.782215871000062 51.240793592000045)",Unfall 191308 (2023) Kat:2, Licht: 1,191308,2,1,0,12,16,2,1,1,1,0,0,0,0,0
"POINT (6.790018883000073 51.220625668000082)",Unfall 191309 (2023) Kat:3, Licht: 2,191309,3,2,6,12,20,2,1,2,0,1,1,0,0,0
"POINT (6.789808836000020 51.220704276000049)",Unfall 191329 (2023) Kat:3, Licht: 2,191329,3,4,6,12,22,1,1,2,0,1,1,0,0,0
"POINT (6.832826347000037 51.173425894000047)",Unfall 191349 (2023) Kat:3, Licht: 0,191349,3,2,6,12,08,7,1,0,0,1,1,0,0,0
"POINT (6.776828428000044 51.227892378000035)",Unfall 191350 (2023) Kat:3, Licht: 2,191350,3,4,6,12,19,7,0,2,0,1,1,0,0,0
"POINT (6.749747683000066 51.205828693000058)",Unfall 191391 (2023) Kat:3, Licht: 2,191391,3,1,0,12,01,6,1,2,1,0,0,0,0,0
"POINT (6.805417798000065 51.225572911000029)",Unfall 191392 (2023) Kat:3, Licht: 2,191392,3,2,6,12,20,6,1,2,0,1,1,0,0,0
"POINT (6.778342072000044 51.226452648000077)",Unfall 191393 (2023) Kat:3, Licht: 2,191393,3,6,2,12,17,6,1,2,0,1,0,0,0,0
"POINT (6.772653884000022 51.201552026000059)",Unfall 191434 (2023) Kat:3, Licht: 0,191434,3,6,2,12,09,5,1,0,0,1,0,0,0,0
"POINT (6.779635160000055 51.263008499000080)",Unfall 191435 (2023) Kat:3, Licht: 0,191435,3,4,6,12,11,5,1,0,0,1,1,0,0,0
"POINT (6.784449047000066 51.236379859000067)",Unfall 191436 (2023) Kat:3, Licht: 1,191436,3,5,1,12,16,5,1,1,1,1,0,0,0,0
"POINT (6.775265511000043 51.213169560000040)",Unfall 191478 (2023) Kat:3, Licht: 2,191478,3,4,6,12,22,4,1,2,0,1,1,0,0,0
"POINT (6.824118352000028 51.224114495000038)",Unfall 191479 (2023) Kat:3, Licht: 2,191479,3,3,5,12,17,4,1,2,1,1,0,0,0,0
"POINT (6.848216903000036 51.174962218000076)",Unfall 191552 (2023) Kat:3, Licht: 2,191552,3,6,2,12,07,3,1,2,0,1,0,0,0,0
"POINT (6.796314817000052 51.228997343000060)",Unfall 191553 (2023) Kat:3, Licht: 0,191553,3,5,6,12,15,3,1,0,0,1,1,0,0,0
"POINT (6.781345504000058 51.200905213000055)",Unfall 191610 (2023) Kat:3, Licht: 0,191610,3,5,1,12,10,2,0,0,0,1,0,0,0,1
"POINT (6.820627285000057 51.218810276000056)",Unfall 191611 (2023) Kat:3, Licht: 0,191611,3,2,5,12,12,2,0,0,0,1,0,0,1,0
"POINT (6.794413249000058 51.223756816000048)",Unfall 191612 (2023) Kat:3, Licht: 2,191612,3,6,3,12,18,2,0,2,0,1,0,1,0,0
"POINT (6.744641896000076 51.233790596000063)",Unfall 191613 (2023) Kat:3, Licht: 0,191613,3,5,1,12,11,2,0,0,1,1,0,0,0,0
"POINT (6.870205493000071 51.151192103000028)",Unfall 191650 (2023) Kat:3, Licht: 0,191650,3,7,6,12,15,1,0,0,0,1,1,0,0,0
"POINT (6.780878219000044 51.226722727000038)",Unfall 191651 (2023) Kat:3, Licht: 2,191651,3,1,9,12,02,1,0,2,0,1,0,0,0,0
"POINT (6.866005201000064 51.180981117000044)",Unfall 191677 (2023) Kat:3, Licht: 2,191677,3,2,4,12,18,7,0,2,1,1,0,0,0,0
"POINT (6.790069749000054 51.220877103000078)",Unfall 191678 (2023) Kat:3, Licht: 2,191678,3,6,3,12,18,7,0,2,0,1,0,0,0,0
"POINT (6.783936790000041 51.204984151000076)",Unfall 191734 (2023) Kat:3, Licht: 0,191734,3,7,0,12,09,6,0,0,1,0,0,0,0,0
"POINT (6.753408185000069 51.265079925000066)",Unfall 191735 (2023) Kat:3, Licht: 2,191735,3,2,3,12,22,6,0,2,1,1,0,0,0,0
"POINT (6.783818741000061 51.202749372000028)",Unfall 191804 (2023) Kat:3, Licht: 2,191804,3,6,2,12,19,5,0,2,0,1,0,0,0,0
"POINT (6.782089061000022 51.241963757000065)",Unfall 191805 (2023) Kat:3, Licht: 1,191805,3,6,0,12,16,5,0,1,0,1,0,0,0,1
"POINT (6.724101232000066 51.238136376000057)",Unfall 191806 (2023) Kat:3, Licht: 0,191806,3,6,2,12,15,5,1,0,0,1,0,0,0,1
"POINT (6.818292852000070 51.188231285000029)",Unfall 191846 (2023) Kat:3, Licht: 0,191846,3,1,0,12,13,4,1,0,1,0,0,0,0,0
"POINT (6.782191314000045 51.240772568000068)",Unfall 191847 (2023) Kat:3, Licht: 0,191847,3,3,5,12,09,4,1,0,1,1,0,0,0,0
"POINT (6.814872200000025 51.228640185000074)",Unfall 191893 (2023) Kat:2, Licht: 2,191893,2,4,6,12,07,3,0,2,0,1,1,0,0,0
"POINT (6.822584033000055 51.170001385000035)",Unfall 191894 (2023) Kat:3, Licht: 0,191894,3,2,5,12,15,3,1,0,1,1,0,0,0,0
"POINT (6.772033664000048 51.252068234000035)",Unfall 191895 (2023) Kat:3, Licht: 0,191895,3,3,5,12,14,3,0,0,1,1,0,0,0,0
"POINT (6.783274094000035 51.226542719000065)",Unfall 191896 (2023) Kat:3, Licht: 0,191896,3,4,6,12,14,3,1,0,0,0,1,0,0,1
"POINT (6.704580298000053 51.229972612000040)",Unfall 191897 (2023) Kat:2, Licht: 2,191897,2,4,6,12,17,3,1,2,0,1,1,0,0,0
"POINT (6.778793845000052 51.217382093000026)",Unfall 191967 (2023) Kat:3, Licht: 0,191967,3,4,6,12,14,2,1,0,0,1,1,0,0,0
"POINT (6.840661534000049 51.206943800000033)",Unfall 191998 (2023) Kat:2, Licht: 0,191998,2,7,6,12,12,1,0,0,0,1,1,0,0,0
"POINT (6.806666040000039 51.215190244000041)",Unfall 191999 (2023) Kat:3, Licht: 0,191999,3,1,0,12,13,1,1,0,0,0,0,0,0,1
"POINT (6.844197443000041 51.188358532000052)",Unfall 192010 (2023) Kat:3, Licht: 2,192010,3,2,4,12,22,7,0,2,0,1,0,0,0,0
"POINT (6.821159371000022 51.215041551000070)",Unfall 192045 (2023) Kat:3, Licht: 2,192045,3,7,9,12,00,7,1,2,0,1,0,0,0,0
"POINT (6.779206491000025 51.225544640000066)",Unfall 192080 (2023) Kat:3, Licht: 2,192080,3,2,6,12,22,6,1,2,0,1,1,0,0,0
"POINT (6.777084031000072 51.215647976000071)",Unfall 192182 (2023) Kat:3, Licht: 0,192182,3,6,3,12,08,5,0,0,0,1,0,1,0,0
"POINT (6.744709908000061 51.273726506000060)",Unfall 193222 (2023) Kat:3, Licht: 0,193222,3,3,5,12,11,1,0,0,0,1,0,0,0,0
"POINT (6.839981591000026 51.194722842000033)",Unfall 193242 (2023) Kat:1, Licht: 0,193242,1,7,6,12,15,7,0,0,1,0,1,0,0,0
"POINT (6.817606048000073 51.221874094000043)",Unfall 193243 (2023) Kat:2, Licht: 0,193243,2,1,0,12,14,7,0,0,0,0,0,1,0,0
"POINT (6.730779475000077 51.251430821000042)",Unfall 263731 (2023) Kat:3, Licht: 2,263731,3,7,7,02,18,3,0,2,1,0,0,0,0,0
"POINT (6.828235246000077 51.246498170000052)",Unfall 263738 (2023) Kat:3, Licht: 0,263738,3,1,0,02,16,6,0,0,1,0,0,0,0,0
"POINT (6.810517707000031 51.192373578000058)",Unfall 263756 (2023) Kat:3, Licht: 0,263756,3,6,6,02,12,5,0,0,1,0,1,0,0,0
"POINT (6.772545986000068 51.199259175000066)",Unfall 263764 (2023) Kat:3, Licht: 1,263764,3,7,0,02,18,3,0,1,1,0,1,0,0,0
"POINT (6.754157839000072 51.215293920000079)",Unfall 263796 (2023) Kat:3, Licht: 0,263796,3,1,0,03,11,3,0,0,1,0,0,0,0,0
"POINT (6.817294053000069 51.243841395000061)",Unfall 263814 (2023) Kat:3, Licht: 0,263814,3,2,5,03,13,6,1,0,1,0,0,0,0,0
"POINT (6.770298802000070 51.225168577000034)",Unfall 263816 (2023) Kat:3, Licht: 0,263816,3,1,0,04,18,1,0,0,1,0,0,0,0,0
"POINT (6.751954417000036 51.226156993000075)",Unfall 263818 (2023) Kat:3, Licht: 0,263818,3,6,3,04,19,2,0,0,1,0,0,0,0,0
"POINT (6.908410333000063 51.180119808000029)",Unfall 263827 (2023) Kat:2, Licht: 0,263827,2,1,0,04,15,1,0,0,1,0,0,0,0,0
"POINT (6.815841268000042 51.255526540000062)",Unfall 263853 (2023) Kat:3, Licht: 0,263853,3,7,5,04,13,7,0,0,1,1,0,0,0,0
"POINT (6.739723650000030 51.229435254000066)",Unfall 263929 (2023) Kat:3, Licht: 0,263929,3,7,0,05,13,5,0,0,1,0,0,0,0,1
"POINT (6.717605165000066 51.279876342000080)",Unfall 263967 (2023) Kat:3, Licht: 0,263967,3,6,3,05,16,5,0,0,1,0,0,0,0,0
"POINT (6.770929860000024 51.219244527000058)",Unfall 264003 (2023) Kat:3, Licht: 0,264003,3,3,5,05,14,3,0,0,1,0,0,0,0,1
"POINT (6.728476499000067 51.251535178000040)",Unfall 264024 (2023) Kat:2, Licht: 0,264024,2,3,5,05,13,1,0,0,1,1,0,0,0,0
"POINT (6.842065258000048 51.221374687000036)",Unfall 264049 (2023) Kat:3, Licht: 2,264049,3,1,0,05,23,4,0,2,1,0,0,0,0,0
"POINT (6.829257676000054 51.189695427000061)",Unfall 264081 (2023) Kat:3, Licht: 0,264081,3,7,0,06,13,1,0,0,1,0,0,0,0,1
"POINT (6.713779103000036 51.276424213000041)",Unfall 264116 (2023) Kat:3, Licht: 0,264116,3,2,5,06,18,5,0,0,1,0,0,0,0,0
"POINT (6.786037353000040 51.190281466000044)",Unfall 264117 (2023) Kat:3, Licht: 0,264117,3,6,8,06,09,5,0,0,1,0,0,0,0,1
"POINT (6.778377251000052 51.229699935000042)",Unfall 264145 (2023) Kat:3, Licht: 0,264145,3,6,4,06,08,2,0,0,1,0,0,0,0,1
"POINT (6.796723962000044 51.208170190000033)",Unfall 264181 (2023) Kat:3, Licht: 0,264181,3,4,6,06,17,7,0,0,1,0,1,0,0,0
"POINT (6.713171172000045 51.275006953000059)",Unfall 264192 (2023) Kat:3, Licht: 0,264192,3,7,0,06,20,1,0,0,1,0,0,0,0,0
"POINT (6.760841414000026 51.218633710000063)",Unfall 264228 (2023) Kat:3, Licht: 0,264228,3,7,0,06,13,7,0,0,1,0,0,0,0,0
"POINT (6.731030951000037 51.296084399000051)",Unfall 264249 (2023) Kat:3, Licht: 0,264249,3,6,3,06,18,3,0,0,1,0,0,0,0,0
"POINT (6.870654383000044 51.154510902000027)",Unfall 264321 (2023) Kat:3, Licht: 0,264321,3,6,4,07,11,2,0,0,1,0,0,0,0,0
"POINT (6.751955451000072 51.347224550000078)",Unfall 264342 (2023) Kat:3, Licht: 0,264342,3,1,0,07,17,5,1,0,1,0,0,0,0,1
"POINT (6.757141410000031 51.217748501000074)",Unfall 264348 (2023) Kat:3, Licht: 0,264348,3,7,0,07,08,6,0,0,1,0,1,0,0,0
"POINT (6.759911590000058 51.294293934000052)",Unfall 264388 (2023) Kat:2, Licht: 0,264388,2,3,5,07,13,7,0,0,1,1,0,0,0,0
"POINT (6.876752435000071 51.145158982000055)",Unfall 264389 (2023) Kat:3, Licht: 0,264389,3,6,4,07,16,7,0,0,1,0,0,0,0,0
"POINT (6.776221774000021 51.187820503000069)",Unfall 264442 (2023) Kat:3, Licht: 0,264442,3,6,4,08,12,4,0,0,1,0,0,0,0,0
"POINT (6.710915152000041 51.270193624000058)",Unfall 264463 (2023) Kat:3, Licht: 0,264463,3,6,4,08,13,1,0,0,1,0,0,0,0,0
"POINT (6.886269747000028 51.199522036000076)",Unfall 264484 (2023) Kat:3, Licht: 0,264484,3,7,0,08,14,5,0,0,1,0,0,0,0,0
"POINT (6.725672882000026 51.338299102000065)",Unfall 264672 (2023) Kat:3, Licht: 0,264672,3,1,7,09,15,2,0,0,1,0,0,0,0,0
"POINT (6.785268988000041 51.189914627000064)",Unfall 264698 (2023) Kat:2, Licht: 0,264698,2,6,3,09,16,2,0,0,1,0,0,0,0,0
"POINT (6.769943955000031 51.224581790000059)",Unfall 264864 (2023) Kat:3, Licht: 0,264864,3,7,0,12,12,7,0,0,1,0,1,0,0,0
"POINT (6.887297661000048 51.143043501000079)",Unfall 264872 (2023) Kat:3, Licht: 0,264872,3,6,8,12,15,1,0,0,1,0,0,0,0,0
"POINT (6.772547218000057 51.199998480000033)",Unfall 22386 (2024) Kat:3, Licht: 0,22386,3,6,2,01,11,7,0,0,0,1,0,0,0,0
"POINT (6.763042470000073 51.256964007000079)",Unfall 22387 (2024) Kat:3, Licht: 0,22387,3,6,8,01,09,7,1,0,0,1,0,0,0,0
"POINT (6.792632279000031 51.227631731000031)",Unfall 22438 (2024) Kat:3, Licht: 0,22438,3,5,0,01,16,6,1,0,1,0,0,0,1,1
"POINT (6.792517596000039 51.227741743000081)",Unfall 22439 (2024) Kat:3, Licht: 1,22439,3,6,1,01,08,6,0,1,0,1,0,0,0,0
"POINT (6.865374511000027 51.221839324000030)",Unfall 22501 (2024) Kat:3, Licht: 2,22501,3,2,3,01,20,5,0,2,0,1,0,0,0,1
"POINT (6.916091235000067 51.259031965000077)",Unfall 22502 (2024) Kat:3, Licht: 0,22502,3,2,5,01,15,5,0,0,0,1,0,0,1,0
"POINT (6.801436958000068 51.193655966000051)",Unfall 22555 (2024) Kat:3, Licht: 2,22555,3,6,3,01,19,4,1,2,0,1,0,0,1,0
"POINT (6.781805213000041 51.219063670000025)",Unfall 22634 (2024) Kat:3, Licht: 2,22634,3,4,6,01,22,3,1,2,0,1,1,0,0,0
"POINT (6.782599831000027 51.213810332000037)",Unfall 22635 (2024) Kat:3, Licht: 2,22635,3,4,6,01,17,3,1,2,0,1,1,0,0,0
"POINT (6.802093767000031 51.215492112000049)",Unfall 22636 (2024) Kat:3, Licht: 0,22636,3,5,5,01,11,3,1,0,1,1,0,0,0,0
"POINT (6.840070423000043 51.197741661000066)",Unfall 22683 (2024) Kat:3, Licht: 2,22683,3,1,8,01,04,2,1,2,0,1,0,0,0,0
"POINT (6.828838425000072 51.187889492000068)",Unfall 23166 (2024) Kat:3, Licht: 0,23166,3,7,9,01,14,3,1,0,0,0,0,0,0,1
"POINT (6.840070423000043 51.197741661000066)",Unfall 24900 (2024) Kat:3, Licht: 0,24900,3,2,3,01,12,4,1,0,1,1,0,0,0,0
"POINT (6.758241085000066 51.200921573000073)",Unfall 25216 (2024) Kat:3, Licht: 0,25216,3,6,2,01,10,7,0,0,0,1,0,0,0,0
"POINT (6.792589631000055 51.227676953000071)",Unfall 25217 (2024) Kat:3, Licht: 0,25217,3,2,0,01,09,7,2,0,0,1,0,0,0,1
"POINT (6.756154573000060 51.201005731000066)",Unfall 25429 (2024) Kat:3, Licht: 0,25429,3,1,1,01,15,4,2,0,0,1,0,0,0,0
"POINT (6.773856476000049 51.271886714000061)",Unfall 25430 (2024) Kat:3, Licht: 0,25430,3,6,2,01,14,4,2,0,0,1,0,0,0,0
"POINT (6.775742857000068 51.272304494000082)",Unfall 25431 (2024) Kat:3, Licht: 2,25431,3,2,2,01,18,4,2,2,0,1,0,0,0,0
"POINT (6.766899252000030 51.251281922000032)",Unfall 25432 (2024) Kat:3, Licht: 0,25432,3,4,6,01,13,4,2,0,0,1,1,0,0,0
"POINT (6.800939728000060 51.250966631000040)",Unfall 25435 (2024) Kat:3, Licht: 0,25435,3,2,5,01,12,4,0,0,1,0,0,0,0,1
"POINT (6.794167884000046 51.252938727000071)",Unfall 25436 (2024) Kat:3, Licht: 1,25436,3,6,3,01,07,4,0,1,0,1,0,0,1,0
"POINT (6.800686468000038 51.214802022000072)",Unfall 25437 (2024) Kat:3, Licht: 2,25437,3,2,6,01,07,4,0,2,0,1,1,0,0,0
"POINT (6.799023078000062 51.213332670000057)",Unfall 25438 (2024) Kat:3, Licht: 2,25438,3,6,3,01,06,4,0,2,0,1,0,0,0,1
"POINT (6.771191402000056 51.240629961000081)",Unfall 25532 (2024) Kat:3, Licht: 2,25532,3,3,5,01,18,3,1,2,1,1,0,0,0,0
"POINT (6.801026364000052 51.250926721000042)",Unfall 25533 (2024) Kat:3, Licht: 0,25533,3,6,2,01,14,3,0,0,0,1,0,0,0,0
"POINT (6.759859931000051 51.262584586000060)",Unfall 25534 (2024) Kat:3, Licht: 2,25534,3,6,2,01,07,3,0,2,0,1,0,0,0,0
"POINT (6.782499155000039 51.223014518000070)",Unfall 25535 (2024) Kat:3, Licht: 0,25535,3,3,5,01,14,3,0,0,0,1,0,0,0,0
"POINT (6.724371496000060 51.232362114000068)",Unfall 25536 (2024) Kat:3, Licht: 2,25536,3,2,3,01,07,3,1,2,1,1,0,0,0,0
"POINT (6.795662091000054 51.224455171000045)",Unfall 25754 (2024) Kat:2, Licht: 2,25754,2,4,6,01,19,7,0,2,0,1,1,0,0,0
"POINT (6.787927686000046 51.226761641000053)",Unfall 25755 (2024) Kat:3, Licht: 1,25755,3,7,3,01,16,7,0,1,0,1,0,0,0,1
"POINT (6.802036069000053 51.247299788000078)",Unfall 25843 (2024) Kat:3, Licht: 0,25843,3,6,2,01,11,6,1,0,0,1,0,0,0,0
"POINT (6.774873930000069 51.325349086000074)",Unfall 25844 (2024) Kat:3, Licht: 0,25844,3,7,0,01,10,6,2,0,1,0,0,0,0,0
"POINT (6.794177005000051 51.268424010000047)",Unfall 25960 (2024) Kat:3, Licht: 2,25960,3,6,3,01,05,5,0,2,0,1,0,0,1,0
"POINT (6.782493601000056 51.191291665000051)",Unfall 25971 (2024) Kat:3, Licht: 2,25971,3,6,3,01,18,5,0,2,0,1,0,0,0,0
"POINT (6.760249111000064 51.322111732000053)",Unfall 25973 (2024) Kat:3, Licht: 2,25973,3,1,9,01,22,5,2,2,0,1,0,0,0,0
"POINT (6.781580508000047 51.330861627000047)",Unfall 25974 (2024) Kat:3, Licht: 2,25974,3,6,4,01,21,5,2,2,0,1,0,0,0,0