WKT,Name,OBJECTID,UKATEGORIE,UTYP1,UART,UMONAT,USTUNDE,UWOCHENTAG,STRZUSTAND,ULICHTVERH,ISTRAD,ISTPKW,ISTFUSS,ISTKRAD,ISTGKFZ,ISTSONSTIG
"POINT (6.783029868000028 51.274521652000033)",Unfall 25975 (2024) Kat:2, Licht: 2,25975,2,7,8,01,17,5,0,2,0,1,0,0,0,0
"POINT (6.744177357000069 51.240551464000077)",Unfall 25976 (2024) Kat:3, Licht: 0,25976,3,3,5,01,10,5,0,0,0,1,0,0,0,0
"POINT (6.738418008000053 51.198402435000048)",Unfall 25980 (2024) Kat:3, Licht: 0,25980,3,6,3,01,12,6,0,0,0,1,0,0,1,0
"POINT (6.847410714000034 51.229803416000038)",Unfall 26083 (2024) Kat:2, Licht: 2,26083,2,3,5,01,17,4,0,2,1,1,0,0,0,0
"POINT (6.800508774000036 51.195815149000055)",Unfall 26169 (2024) Kat:3, Licht: 1,26169,3,2,5,01,17,3,0,1,0,1,0,0,0,1
"POINT (6.708730498000023 51.233759056000054)",Unfall 26170 (2024) Kat:3, Licht: 2,26170,3,6,2,01,17,3,0,2,0,1,0,0,0,0
"POINT (6.810960414000022 51.208327510000061)",Unfall 26171 (2024) Kat:3, Licht: 0,26171,3,2,6,01,14,3,0,0,0,1,1,0,0,0
"POINT (6.765656359000047 51.271827698000038)",Unfall 26248 (2024) Kat:3, Licht: 0,26248,3,6,3,01,10,2,0,0,0,1,0,0,1,0
"POINT (6.911250135000046 51.191933757000072)",Unfall 26250 (2024) Kat:3, Licht: 0,26250,3,7,0,01,12,2,0,0,0,1,0,0,1,0
"POINT (6.800875458000064 51.214671825000039)",Unfall 26251 (2024) Kat:3, Licht: 0,26251,3,7,6,01,12,2,0,0,0,1,1,0,0,0
"POINT (6.800124763000042 51.210584765000078)",Unfall 26252 (2024) Kat:3, Licht: 2,26252,3,4,6,01,07,2,0,2,0,1,1,0,0,0
"POINT (6.801497045000076 51.210544685000059)",Unfall 26361 (2024) Kat:3, Licht: 2,26361,3,2,5,02,20,1,1,2,0,1,0,0,0,1
"POINT (6.873164528000075 51.211251258000061)",Unfall 26408 (2024) Kat:2, Licht: 2,26408,2,1,0,02,18,7,1,2,0,0,0,1,0,0
"POINT (6.811158418000048 51.224851153000031)",Unfall 26409 (2024) Kat:3, Licht: 2,26409,3,5,1,02,21,7,1,2,1,1,0,0,0,0
"POINT (6.796491114000048 51.259494366000069)",Unfall 26410 (2024) Kat:3, Licht: 2,26410,3,1,8,02,20,7,1,2,0,1,0,0,0,0
"POINT (6.892292467000061 51.151730125000029)",Unfall 26471 (2024) Kat:3, Licht: 0,26471,3,6,2,02,11,6,1,0,0,1,0,0,0,0
"POINT (6.840027149000036 51.236082258000067)",Unfall 26472 (2024) Kat:3, Licht: 2,26472,3,7,4,02,07,6,1,2,0,1,0,0,0,0
"POINT (6.776206196000032 51.231068648000075)",Unfall 26473 (2024) Kat:3, Licht: 2,26473,3,1,9,02,02,6,1,2,0,1,0,0,0,0
"POINT (6.896983541000054 51.191151320000074)",Unfall 26633 (2024) Kat:2, Licht: 2,26633,2,6,3,02,01,4,1,2,0,1,0,0,0,0
"POINT (6.768731051000032 51.277412945000037)",Unfall 26793 (2024) Kat:2, Licht: 0,26793,2,6,2,02,11,2,0,0,0,1,0,0,0,0
"POINT (6.809708370000067 51.208526840000047)",Unfall 26794 (2024) Kat:3, Licht: 0,26794,3,6,0,02,17,2,0,0,1,0,1,0,0,0
"POINT (6.800593054000046 51.214447852000035)",Unfall 26795 (2024) Kat:3, Licht: 2,26795,3,3,5,02,19,2,0,2,1,1,0,0,0,0
"POINT (6.774943453000049 51.239563785000030)",Unfall 26858 (2024) Kat:2, Licht: 0,26858,2,6,1,02,14,1,1,0,0,1,0,0,0,0
"POINT (6.795603940000035 51.224515415000042)",Unfall 26859 (2024) Kat:2, Licht: 2,26859,2,4,6,02,21,1,1,2,0,1,1,0,0,0
"POINT (6.773723703000030 51.232389854000076)",Unfall 26880 (2024) Kat:3, Licht: 2,26880,3,7,0,02,19,5,1,2,0,0,0,0,0,1
"POINT (6.740498074000072 51.269410415000038)",Unfall 26996 (2024) Kat:3, Licht: 0,26996,3,7,8,02,16,6,0,0,0,1,0,0,0,0
"POINT (6.788434593000034 51.276852767000037)",Unfall 27000 (2024) Kat:3, Licht: 0,27000,3,4,6,02,11,6,0,0,0,1,1,0,0,0
"POINT (6.724267515000065 51.232486803000029)",Unfall 27015 (2024) Kat:3, Licht: 0,27015,3,3,5,02,11,7,1,0,0,1,0,0,0,0
"POINT (6.756154573000060 51.201005731000066)",Unfall 27084 (2024) Kat:2, Licht: 0,27084,2,6,3,02,13,5,0,0,0,1,0,0,0,0
"POINT (6.873558566000042 51.211031554000044)",Unfall 27173 (2024) Kat:3, Licht: 0,27173,3,6,1,01,07,4,0,0,0,1,0,0,0,0
"POINT (6.782098790000020 51.242432602000065)",Unfall 27238 (2024) Kat:3, Licht: 0,27238,3,2,5,01,09,3,0,0,1,0,0,0,1,0
"POINT (6.842108744000029 51.235278684000036)",Unfall 27239 (2024) Kat:3, Licht: 2,27239,3,7,0,01,06,3,0,2,0,1,0,0,0,1
"POINT (6.794848609000042 51.273646127000063)",Unfall 27306 (2024) Kat:2, Licht: 0,27306,2,6,1,01,10,2,0,0,0,1,0,0,0,0
"POINT (6.809114964000059 51.176222202000076)",Unfall 27311 (2024) Kat:3, Licht: 0,27311,3,7,0,01,13,2,1,0,0,0,0,1,1,0
"POINT (6.830487818000051 51.241557523000040)",Unfall 27312 (2024) Kat:3, Licht: 0,27312,3,6,2,01,11,2,0,0,0,1,0,0,0,0
"POINT (6.802317072000051 51.210353040000030)",Unfall 27314 (2024) Kat:3, Licht: 0,27314,3,3,5,01,15,2,0,0,1,1,0,0,0,0
"POINT (6.731742154000074 51.198614794000036)",Unfall 27361 (2024) Kat:3, Licht: 2,27361,3,6,2,02,17,6,0,2,0,1,0,0,0,0
"POINT (6.721155192000026 51.232420361000038)",Unfall 27464 (2024) Kat:3, Licht: 1,27464,3,7,5,01,17,7,0,1,0,0,0,0,0,1
"POINT (6.840197375000059 51.197738865000076)",Unfall 27531 (2024) Kat:3, Licht: 2,27531,3,2,4,02,19,4,0,2,0,1,0,0,0,1
"POINT (6.743878529000028 51.321089960000052)",Unfall 27576 (2024) Kat:3, Licht: 1,27576,3,4,6,01,07,6,1,1,1,0,1,0,0,1
"POINT (6.803074153000068 51.293220286000064)",Unfall 27645 (2024) Kat:3, Licht: 1,27645,3,6,2,02,07,3,0,1,0,1,0,0,0,0
"POINT (6.787392400000044 51.214416721000077)",Unfall 27686 (2024) Kat:3, Licht: 0,27686,3,4,6,01,12,5,0,0,0,1,1,0,0,0
"POINT (6.899736289000032 51.144221531000028)",Unfall 27687 (2024) Kat:3, Licht: 0,27687,3,6,2,01,08,5,0,0,0,1,0,0,0,0
"POINT (6.797005786000057 51.229753866000067)",Unfall 27688 (2024) Kat:3, Licht: 0,27688,3,7,6,01,10,5,0,0,1,0,1,0,0,0
"POINT (6.873349268000027 51.181456424000032)",Unfall 27778 (2024) Kat:3, Licht: 0,27778,3,6,0,01,14,4,0,0,0,0,0,0,0,1
"POINT (6.780170062000025 51.253958249000050)",Unfall 27780 (2024) Kat:3, Licht: 0,27780,3,2,2,01,16,4,0,0,0,1,0,0,0,1
"POINT (6.861666411000044 51.238223799000082)",Unfall 27781 (2024) Kat:2, Licht: 0,27781,2,4,6,01,13,4,0,0,0,0,1,0,0,1
"POINT (6.821692637000069 51.191512590000059)",Unfall 27906 (2024) Kat:3, Licht: 2,27906,3,6,2,01,19,3,0,2,0,1,0,0,1,0
"POINT (6.847064125000031 51.190039745000036)",Unfall 27907 (2024) Kat:3, Licht: 2,27907,3,6,2,01,17,3,1,2,0,1,0,0,0,0
"POINT (6.857778407000069 51.191596567000033)",Unfall 27909 (2024) Kat:3, Licht: 0,27909,3,2,4,01,10,3,0,0,0,1,0,0,0,0
"POINT (6.774649152000052 51.272158357000080)",Unfall 27911 (2024) Kat:3, Licht: 0,27911,3,7,6,01,11,3,0,0,0,0,1,0,0,1
"POINT (6.728517508000039 51.234370807000062)",Unfall 27912 (2024) Kat:3, Licht: 2,27912,3,7,7,01,06,3,1,2,0,1,0,0,0,0
"POINT (6.775713786000040 51.240372712000067)",Unfall 28016 (2024) Kat:3, Licht: 0,28016,3,2,5,01,08,2,1,0,1,1,0,0,0,0
"POINT (6.733737912000038 51.247376074000044)",Unfall 28018 (2024) Kat:3, Licht: 0,28018,3,3,5,01,12,2,1,0,1,1,0,0,0,0
"POINT (6.747484396000061 51.231391484000028)",Unfall 28019 (2024) Kat:3, Licht: 2,28019,3,7,0,01,06,2,0,2,0,0,1,0,0,1
"POINT (6.884540649000030 51.177024056000050)",Unfall 28079 (2024) Kat:3, Licht: 0,28079,3,6,2,03,13,7,0,0,0,1,0,0,0,1
"POINT (6.758041926000033 51.209609170000078)",Unfall 28080 (2024) Kat:2, Licht: 2,28080,2,7,2,03,23,7,0,2,0,0,0,1,0,0
"POINT (6.835735436000050 51.200898012000039)",Unfall 28081 (2024) Kat:3, Licht: 2,28081,3,6,2,03,23,7,0,2,0,1,0,0,0,0
"POINT (6.740986793000047 51.244632990000071)",Unfall 28171 (2024) Kat:3, Licht: 0,28171,3,7,0,03,16,6,0,0,0,0,0,0,0,1
"POINT (6.724371496000060 51.232362114000068)",Unfall 28172 (2024) Kat:3, Licht: 0,28172,3,6,2,03,17,6,0,0,0,1,0,0,0,0
"POINT (6.808783499000072 51.220949825000048)",Unfall 28255 (2024) Kat:3, Licht: 2,28255,3,3,5,03,20,5,0,2,0,1,0,0,0,0
"POINT (6.862062661000039 51.189981309000075)",Unfall 28329 (2024) Kat:3, Licht: 0,28329,3,6,2,03,17,4,0,0,0,1,0,0,0,0
"POINT (6.780165303000047 51.253994816000045)",Unfall 28330 (2024) Kat:3, Licht: 0,28330,3,2,5,03,07,4,0,0,1,1,0,0,0,0
"POINT (6.743405932000030 51.310603505000074)",Unfall 28331 (2024) Kat:3, Licht: 0,28331,3,6,2,03,06,4,0,0,0,1,0,0,0,0
"POINT (6.789901701000076 51.199936437000076)",Unfall 28386 (2024) Kat:3, Licht: 2,28386,3,2,5,03,21,3,0,2,1,1,0,0,0,0
"POINT (6.791242606000026 51.207601566000051)",Unfall 28387 (2024) Kat:3, Licht: 0,28387,3,7,6,03,08,3,0,0,1,0,1,0,0,0
"POINT (6.808619771000053 51.232651861000079)",Unfall 28388 (2024) Kat:3, Licht: 0,28388,3,7,3,03,10,3,1,0,0,1,0,0,0,0
"POINT (6.831520933000036 51.241263440000068)",Unfall 28389 (2024) Kat:2, Licht: 2,28389,2,1,0,03,06,3,0,2,1,0,0,0,0,0
"POINT (6.782267654000066 51.220583280000028)",Unfall 28390 (2024) Kat:3, Licht: 0,28390,3,6,2,03,13,3,1,0,0,1,0,0,0,0
"POINT (6.808005670000057 51.208834257000035)",Unfall 28457 (2024) Kat:3, Licht: 2,28457,3,2,3,03,20,2,0,2,0,1,0,0,0,0
"POINT (6.816871724000066 51.231086730000072)",Unfall 28459 (2024) Kat:3, Licht: 2,28459,3,7,0,03,21,2,0,2,1,0,0,0,0,0
"POINT (6.798766092000051 51.230164284000068)",Unfall 28460 (2024) Kat:3, Licht: 0,28460,3,4,6,03,14,2,0,0,0,0,1,0,0,1
"POINT (6.799571214000025 51.210596292000048)",Unfall 28532 (2024) Kat:3, Licht: 0,28532,3,3,5,03,15,1,0,0,1,1,0,0,0,0
"POINT (6.810076956000046 51.229441632000032)",Unfall 28550 (2024) Kat:3, Licht: 0,28550,3,7,0,03,08,6,0,0,1,1,0,0,1,0
"POINT (6.890778063000027 51.155358418000048)",Unfall 28600 (2024) Kat:2, Licht: 0,28600,2,6,2,03,13,7,0,0,0,1,0,0,0,0
"POINT (6.859908495000070 51.190151245000038)",Unfall 28612 (2024) Kat:3, Licht: 0,28612,3,7,6,03,16,7,0,0,0,1,0,0,0,1
"POINT (6.911713417000044 51.131494329000077)",Unfall 28613 (2024) Kat:3, Licht: 2,28613,3,6,2,03,19,7,0,2,0,1,0,0,0,0
"POINT (6.866939364000075 51.220702541000037)",Unfall 28614 (2024) Kat:3, Licht: 0,28614,3,6,2,03,14,7,0,0,0,1,0,0,0,0
"POINT (6.899239348000037 51.197823544000073)",Unfall 28722 (2024) Kat:3, Licht: 0,28722,3,7,4,03,10,6,0,0,0,1,0,0,0,0
"POINT (6.774064179000050 51.269802406000053)",Unfall 28723 (2024) Kat:3, Licht: 2,28723,3,5,1,03,23,6,0,2,0,1,0,0,0,0
"POINT (6.846472899000048 51.229208875000040)",Unfall 28725 (2024) Kat:3, Licht: 0,28725,3,3,5,03,16,6,0,0,1,1,0,0,0,0
"POINT (6.762537011000063 51.231680998000058)",Unfall 28726 (2024) Kat:3, Licht: 0,28726,3,6,3,03,16,6,0,0,0,1,0,0,0,0
"POINT (6.800107015000037 51.276683307000042)",Unfall 28823 (2024) Kat:3, Licht: 2,28823,3,6,2,02,19,5,0,2,0,1,0,0,0,0
"POINT (6.744503204000068 51.229779978000067)",Unfall 28827 (2024) Kat:3, Licht: 2,28827,3,3,5,02,19,5,0,2,0,1,0,0,0,1
"POINT (6.803399645000070 51.216210587000035)",Unfall 28828 (2024) Kat:3, Licht: 0,28828,3,3,5,02,11,5,0,0,0,1,0,1,0,0
"POINT (6.803016156000069 51.216608909000058)",Unfall 28891 (2024) Kat:3, Licht: 1,28891,3,2,5,02,17,4,0,1,1,0,0,1,0,0
"POINT (6.848002412000028 51.230186597000056)",Unfall 28992 (2024) Kat:3, Licht: 2,28992,3,7,0,02,06,3,0,2,1,0,0,0,0,0
"POINT (6.799593724000033 51.252012243000081)",Unfall 29093 (2024) Kat:3, Licht: 0,29093,3,6,2,02,11,2,1,0,0,1,0,0,0,0
"POINT (6.777323987000045 51.229773129000080)",Unfall 29094 (2024) Kat:3, Licht: 2,29094,3,7,0,02,19,2,1,2,0,0,0,0,0,1
"POINT (6.839651778000075 51.197768774000053)",Unfall 29149 (2024) Kat:3, Licht: 0,29149,3,2,5,02,16,1,1,0,1,1,0,0,0,0
"POINT (6.771592443000031 51.239403912000057)",Unfall 29151 (2024) Kat:3, Licht: 0,29151,3,6,3,02,14,1,0,0,1,0,0,0,0,0
"POINT (6.780772177000074 51.241873520000070)",Unfall 29221 (2024) Kat:3, Licht: 0,29221,3,3,5,02,17,7,1,0,0,1,0,0,0,1
"POINT (6.786081973000023 51.253958528000055)",Unfall 29312 (2024) Kat:3, Licht: 0,29312,3,1,0,02,12,6,0,0,0,0,0,0,0,1
"POINT (6.804879684000070 51.209547313000030)",Unfall 29314 (2024) Kat:2, Licht: 0,29314,2,7,3,02,10,6,0,0,0,1,0,0,0,1
"POINT (6.775500178000073 51.200875988000064)",Unfall 29381 (2024) Kat:3, Licht: 2,29381,3,7,9,02,19,5,1,2,0,1,0,0,0,0
"POINT (6.890821932000051 51.152168790000076)",Unfall 29382 (2024) Kat:2, Licht: 2,29382,2,1,9,02,19,4,0,2,0,1,0,0,0,0
"POINT (6.779583869000021 51.257427510000070)",Unfall 29383 (2024) Kat:3, Licht: 2,29383,3,1,9,02,19,5,1,2,0,1,0,0,0,0
"POINT (6.810963398000069 51.256343044000062)",Unfall 29464 (2024) Kat:3, Licht: 0,29464,3,6,2,02,16,4,0,0,0,1,0,0,0,0
"POINT (6.774839243000031 51.272184239000069)",Unfall 29468 (2024) Kat:3, Licht: 2,29468,3,6,3,03,06,6,0,2,1,0,0,0,0,0
"POINT (6.869577777000075 51.256551384000034)",Unfall 29536 (2024) Kat:3, Licht: 0,29536,3,6,2,02,15,3,0,0,0,1,0,0,0,0
"POINT (6.799458140000070 51.230054861000042)",Unfall 29537 (2024) Kat:3, Licht: 0,29537,3,6,6,02,08,3,0,0,1,0,1,0,0,0
"POINT (6.843456766000031 51.240889186000061)",Unfall 29539 (2024) Kat:3, Licht: 0,29539,3,3,5,02,07,3,1,0,1,1,0,0,0,0
"POINT (6.800476195000044 51.210581339000043)",Unfall 29552 (2024) Kat:3, Licht: 2,29552,3,6,2,03,19,7,0,2,0,1,0,0,0,0
"POINT (6.789910349000024 51.199932544000035)",Unfall 29609 (2024) Kat:3, Licht: 0,29609,3,2,0,03,07,5,0,0,1,1,0,0,0,0
"POINT (6.808747102000041 51.220923594000055)",Unfall 29720 (2024) Kat:3, Licht: 1,29720,3,3,5,02,19,1,1,1,0,1,0,0,0,1
"POINT (6.799336433000065 51.251280691000034)",Unfall 29721 (2024) Kat:3, Licht: 0,29721,3,6,3,02,11,1,1,0,0,1,0,0,0,0
"POINT (6.802051447000053 51.250129563000030)",Unfall 29794 (2024) Kat:3, Licht: 2,29794,3,7,5,02,22,7,0,2,0,1,0,0,0,0
"POINT (6.801813155000048 51.242463708000059)",Unfall 29795 (2024) Kat:2, Licht: 0,29795,2,7,7,02,16,7,0,0,0,1,0,0,0,0
"POINT (6.795845363000069 51.211096458000043)",Unfall 29796 (2024) Kat:3, Licht: 0,29796,3,2,5,02,14,7,0,0,1,1,0,0,0,0
"POINT (6.806444585000065 51.218420348000052)",Unfall 29797 (2024) Kat:2, Licht: 2,29797,2,4,6,02,03,7,0,2,0,1,1,0,0,0
"POINT (6.902677967000045 51.191513436000037)",Unfall 29873 (2024) Kat:3, Licht: 0,29873,3,6,3,02,13,6,0,0,0,1,0,0,0,0
"POINT (6.821119789000022 51.207243717000040)",Unfall 29875 (2024) Kat:3, Licht: 0,29875,3,7,0,02,13,6,0,0,0,0,0,0,0,1
"POINT (6.797905075000074 51.254982002000077)",Unfall 29893 (2024) Kat:3, Licht: 0,29893,3,6,3,02,16,4,0,0,0,1,0,0,1,0
"POINT (6.806919355000048 51.218773057000078)",Unfall 29954 (2024) Kat:3, Licht: 0,29954,3,1,0,02,10,4,0,0,0,1,1,0,0,0
"POINT (6.766888244000029 51.251276497000049)",Unfall 29982 (2024) Kat:3, Licht: 0,29982,3,1,0,02,12,5,1,0,0,0,0,1,0,0
"POINT (6.843704194000054 51.228132473000073)",Unfall 29983 (2024) Kat:3, Licht: 0,29983,3,3,5,02,10,5,1,0,1,1,0,0,0,0
"POINT (6.855620103000035 51.229198617000065)",Unfall 29984 (2024) Kat:3, Licht: 0,29984,3,2,3,02,08,5,1,0,1,0,0,0,0,1
"POINT (6.763229580000029 51.249265726000033)",Unfall 29985 (2024) Kat:3, Licht: 2,29985,3,6,3,02,06,5,1,2,0,1,0,0,1,0
"POINT (6.800854807000064 51.250690570000074)",Unfall 29986 (2024) Kat:3, Licht: 2,29986,3,3,5,02,07,5,1,2,0,1,0,0,0,1
"POINT (6.823141287000055 51.263987969000027)",Unfall 30047 (2024) Kat:3, Licht: 0,30047,3,5,1,02,08,5,1,0,0,0,0,0,1,1
"POINT (6.856080191000046 51.245574584000053)",Unfall 30122 (2024) Kat:3, Licht: 2,30122,3,2,6,02,17,4,1,2,0,1,1,0,0,0
"POINT (6.817587734000028 51.258374156000059)",Unfall 30123 (2024) Kat:3, Licht: 1,30123,3,4,6,02,17,4,1,1,0,0,1,1,0,0
"POINT (6.802223242000025 51.217458677000081)",Unfall 30124 (2024) Kat:3, Licht: 0,30124,3,2,5,02,07,4,0,0,0,1,0,0,0,0
"POINT (6.802214210000045 51.217468351000036)",Unfall 30125 (2024) Kat:3, Licht: 1,30125,3,6,3,02,07,4,0,1,0,1,0,0,0,0
"POINT (6.794399875000067 51.252900830000044)",Unfall 30130 (2024) Kat:3, Licht: 0,30130,3,3,5,03,15,3,1,0,0,1,0,0,0,1
"POINT (6.850152567000066 51.238444852000043)",Unfall 30230 (2024) Kat:3, Licht: 0,30230,3,1,0,03,13,3,1,0,1,0,0,0,0,0
"POINT (6.777747933000057 51.235213918000056)",Unfall 30232 (2024) Kat:3, Licht: 2,30232,3,2,6,02,18,3,0,2,0,1,1,0,0,0
"POINT (6.737424794000049 51.231246766000027)",Unfall 30235 (2024) Kat:3, Licht: 0,30235,3,7,3,02,10,3,0,0,0,1,0,0,0,1
"POINT (6.796426760000031 51.223615327000061)",Unfall 30236 (2024) Kat:3, Licht: 0,30236,3,2,5,02,10,3,0,0,1,1,0,0,0,0
"POINT (6.825149844000066 51.206499732000054)",Unfall 30307 (2024) Kat:3, Licht: 2,30307,3,7,3,02,20,2,0,2,0,1,0,0,0,1
"POINT (6.739423993000059 51.198275681000041)",Unfall 30407 (2024) Kat:3, Licht: 0,30407,3,2,5,03,08,5,0,0,1,1,0,0,0,0
"POINT (6.801790426000025 51.247633881000070)",Unfall 30408 (2024) Kat:3, Licht: 0,30408,3,1,8,03,17,5,0,0,0,1,0,0,0,0
"POINT (6.801678890000062 51.250625217000049)",Unfall 30409 (2024) Kat:3, Licht: 0,30409,3,6,2,03,15,5,0,0,0,1,0,0,0,0
"POINT (6.836272129000065 51.274218653000048)",Unfall 30484 (2024) Kat:3, Licht: 2,30484,3,6,2,03,22,5,0,2,0,1,0,0,0,0
"POINT (6.882759630000066 51.190243109000050)",Unfall 30509 (2024) Kat:3, Licht: 0,30509,3,6,2,03,07,4,0,0,0,1,0,0,0,0
"POINT (6.775379456000053 51.325708921000057)",Unfall 30510 (2024) Kat:3, Licht: 0,30510,3,2,5,03,16,4,0,0,1,1,0,0,0,0
"POINT (6.814894190000075 51.192877211000052)",Unfall 30618 (2024) Kat:3, Licht: 0,30618,3,6,5,03,08,3,0,0,0,1,0,0,0,0
"POINT (6.782773253000073 51.207641566000063)",Unfall 30619 (2024) Kat:3, Licht: 0,30619,3,6,2,03,12,3,0,0,0,1,0,0,0,0
"POINT (6.837067755000021 51.190043059000061)",Unfall 30720 (2024) Kat:3, Licht: 0,30720,3,6,3,03,12,2,0,0,0,1,0,0,1,0
"POINT (6.806960268000068 51.218821091000052)",Unfall 30721 (2024) Kat:3, Licht: 0,30721,3,3,5,03,16,2,0,0,0,1,0,0,1,0
"POINT (6.810366545000022 51.232275131000051)",Unfall 30846 (2024) Kat:3, Licht: 0,30846,3,2,1,03,11,7,0,0,1,1,0,0,0,0
"POINT (6.771684759000038 51.233885095000062)",Unfall 30847 (2024) Kat:3, Licht: 0,30847,3,6,2,03,14,7,0,0,0,1,0,1,0,0
"POINT (6.800863995000043 51.214661008000064)",Unfall 30927 (2024) Kat:3, Licht: 2,30927,3,6,3,03,19,3,0,2,0,1,0,0,0,0
"POINT (6.890827755000032 51.154462110000054)",Unfall 30943 (2024) Kat:2, Licht: 0,30943,2,1,9,03,16,6,1,0,0,1,0,0,0,0
"POINT (6.806168355000068 51.209196408000082)",Unfall 30945 (2024) Kat:3, Licht: 0,30945,3,2,5,03,09,6,0,0,1,0,0,1,0,0
"POINT (6.801787077000029 51.243443507000052)",Unfall 30946 (2024) Kat:3, Licht: 2,30946,3,6,2,03,19,6,1,2,0,1,0,0,0,1
"POINT (6.864698663000070 51.223265732000073)",Unfall 30947 (2024) Kat:3, Licht: 2,30947,3,6,2,03,19,6,0,2,0,1,0,0,0,0
"POINT (6.810610686000075 51.262189883000076)",Unfall 30948 (2024) Kat:3, Licht: 0,30948,3,6,2,03,17,6,0,0,0,1,0,0,0,0
"POINT (6.875630289000071 51.189864005000061)",Unfall 31060 (2024) Kat:3, Licht: 0,31060,3,1,0,03,16,5,0,0,0,0,0,1,0,0
"POINT (6.886203383000066 51.176339205000033)",Unfall 31166 (2024) Kat:3, Licht: 1,31166,3,6,2,03,07,4,1,1,0,1,0,0,0,0
"POINT (6.783644545000072 51.204908350000039)",Unfall 31256 (2024) Kat:3, Licht: 0,31256,3,2,4,03,12,4,1,0,0,1,0,0,0,0
"POINT (6.764509702000055 51.218150177000041)",Unfall 31282 (2024) Kat:3, Licht: 2,31282,3,1,9,03,00,3,1,2,0,0,0,1,0,0
"POINT (6.792757544000040 51.227498896000043)",Unfall 31284 (2024) Kat:3, Licht: 2,31284,3,7,3,03,23,3,0,2,0,1,0,0,0,0
"POINT (6.795988972000032 51.211040138000044)",Unfall 31379 (2024) Kat:3, Licht: 0,31379,3,2,2,03,14,4,0,0,0,1,0,0,0,0
"POINT (6.910912943000028 51.271524491000037)",Unfall 31394 (2024) Kat:3, Licht: 2,31394,3,1,9,03,02,2,1,2,0,1,0,0,0,0
"POINT (6.738364035000075 51.287037867000038)",Unfall 31399 (2024) Kat:3, Licht: 0,31399,3,1,4,03,12,2,0,0,0,1,0,0,1,0
"POINT (6.801868571000057 51.217839263000030)",Unfall 31400 (2024) Kat:3, Licht: 1,31400,3,4,6,03,17,2,0,1,1,0,1,0,0,0
"POINT (6.774695678000057 51.239924529000064)",Unfall 31465 (2024) Kat:3, Licht: 2,31465,3,2,5,03,19,1,0,2,1,1,0,0,0,0
"POINT (6.721834393000051 51.232296798000050)",Unfall 31502 (2024) Kat:3, Licht: 1,31502,3,7,6,03,07,3,0,1,0,1,1,0,0,0
"POINT (6.730423836000057 51.233915609000064)",Unfall 31570 (2024) Kat:2, Licht: 0,31570,2,1,0,04,10,4,0,0,0,0,0,1,0,0
"POINT (6.871337652000022 51.189846170000067)",Unfall 31653 (2024) Kat:3, Licht: 0,31653,3,6,3,04,18,3,0,0,0,1,0,0,0,0
"POINT (6.915051786000049 51.259866287000079)",Unfall 31654 (2024) Kat:3, Licht: 0,31654,3,7,8,04,13,3,0,0,0,1,0,0,0,0
"POINT (6.806919068000070 51.218772719000071)",Unfall 31655 (2024) Kat:3, Licht: 0,31655,3,6,0,04,16,3,0,0,1,0,0,0,0,0
"POINT (6.703121496000051 51.234800130000053)",Unfall 31746 (2024) Kat:3, Licht: 0,31746,3,6,2,04,08,2,0,0,0,1,0,0,1,0
"POINT (6.864783263000049 51.188425135000045)",Unfall 31751 (2024) Kat:3, Licht: 0,31751,3,3,5,04,16,2,0,0,1,1,0,0,0,0
"POINT (6.795761347000052 51.197262044000070)",Unfall 31752 (2024) Kat:3, Licht: 0,31752,3,1,0,04,07,2,1,0,1,0,0,0,0,0
"POINT (6.831831918000034 51.241158767000059)",Unfall 31753 (2024) Kat:2, Licht: 0,31753,2,7,0,04,15,2,0,0,1,0,0,0,0,0
"POINT (6.801274248000027 51.292066329000079)",Unfall 32041 (2024) Kat:2, Licht: 0,32041,2,1,8,04,08,6,1,0,0,1,0,0,0,0
"POINT (6.817613272000074 51.192343053000059)",Unfall 32043 (2024) Kat:3, Licht: 2,32043,3,6,3,04,16,6,0,2,0,1,0,0,0,1
"POINT (6.753916542000070 51.265918509000073)",Unfall 32044 (2024) Kat:3, Licht: 0,32044,3,1,3,04,17,6,0,0,0,1,0,0,0,1
"POINT (6.793671647000053 51.271388271000035)",Unfall 32112 (2024) Kat:3, Licht: 0,32112,3,1,9,04,17,5,1,0,0,1,0,0,0,0
"POINT (6.772743763000051 51.199813904000052)",Unfall 32116 (2024) Kat:3, Licht: 0,32116,3,6,2,04,11,5,1,0,0,1,0,0,1,0
"POINT (6.792338040000061 51.253115863000062)",Unfall 32117 (2024) Kat:3, Licht: 0,32117,3,6,2,04,12,5,1,0,0,1,0,0,0,0
"POINT (6.800296457000059 51.210582567000074)",Unfall 32198 (2024) Kat:2, Licht: 2,32198,2,4,6,04,22,4,1,2,0,1,1,0,0,0
"POINT (6.782136590000050 51.221583010000074)",Unfall 32199 (2024) Kat:3, Licht: 0,32199,3,2,3,04,18,4,1,0,0,1,0,0,0,1
"POINT (6.791700569000056 51.228458865000050)",Unfall 32200 (2024) Kat:1, Licht: 0,32200,1,2,5,04,09,4,1,0,0,0,0,0,1,1
"POINT (6.698984254000038 51.228787688000068)",Unfall 32213 (2024) Kat:3, Licht: 2,32213,3,7,5,04,21,6,0,2,0,1,0,0,0,0
"POINT (6.801480881000032 51.265702919000034)",Unfall 32261 (2024) Kat:3, Licht: 0,32261,3,2,3,04,15,7,0,0,1,1,0,0,0,0
"POINT (6.860171798000067 51.209566787000028)",Unfall 32293 (2024) Kat:3, Licht: 0,32293,3,7,0,04,10,3,0,0,0,0,0,0,0,1