WKT,Name,OBJECTID,UKATEGORIE,UTYP1,UART,UMONAT,USTUNDE,UWOCHENTAG,STRZUSTAND,ULICHTVERH,ISTRAD,ISTPKW,ISTFUSS,ISTKRAD,ISTGKFZ,ISTSONSTIG
"POINT (6.810610686000075 51.262189883000076)",Unfall 32294 (2024) Kat:3, Licht: 0,32294,3,4,6,04,15,3,1,0,0,1,1,0,0,0
"POINT (6.711110946000076 51.233462151000026)",Unfall 32300 (2024) Kat:3, Licht: 0,32300,3,6,1,04,16,6,0,0,0,1,0,0,0,0
"POINT (6.754851297000073 51.200860323000029)",Unfall 32337 (2024) Kat:3, Licht: 0,32337,3,6,1,04,17,2,0,0,0,1,0,0,0,0
"POINT (6.795838765000042 51.247863001000042)",Unfall 32338 (2024) Kat:2, Licht: 1,32338,2,4,6,04,20,2,1,1,0,1,1,0,0,0
"POINT (6.796491114000048 51.259494366000069)",Unfall 32339 (2024) Kat:3, Licht: 0,32339,3,6,2,04,13,2,0,0,0,1,0,0,0,0
"POINT (6.784873793000031 51.203382553000040)",Unfall 32388 (2024) Kat:3, Licht: 2,32388,3,1,8,03,05,1,1,2,0,1,0,0,0,0
"POINT (6.741671399000040 51.286806843000079)",Unfall 32668 (2024) Kat:3, Licht: 0,32668,3,6,2,03,09,4,0,0,0,1,0,0,0,1
"POINT (6.796383817000049 51.248094615000070)",Unfall 32669 (2024) Kat:3, Licht: 0,32669,3,7,5,03,09,4,0,0,0,1,0,0,0,1
"POINT (6.782113971000058 51.221480491000079)",Unfall 32671 (2024) Kat:3, Licht: 2,32671,3,2,5,03,19,4,0,2,0,1,0,0,0,1
"POINT (6.764943153000047 51.249887145000059)",Unfall 32759 (2024) Kat:3, Licht: 2,32759,3,7,0,03,19,3,0,2,0,1,0,0,0,0
"POINT (6.847942650000050 51.200602661000062)",Unfall 32761 (2024) Kat:3, Licht: 0,32761,3,5,0,03,10,3,0,0,1,1,0,0,0,0
"POINT (6.720104907000064 51.232378620000077)",Unfall 32762 (2024) Kat:2, Licht: 0,32762,2,2,5,03,18,3,0,0,0,1,0,0,0,1
"POINT (6.808778637000046 51.220946322000032)",Unfall 32880 (2024) Kat:3, Licht: 2,32880,3,3,5,03,05,2,0,2,0,1,0,0,0,1
"POINT (6.793877149000025 51.247068280000065)",Unfall 32941 (2024) Kat:2, Licht: 2,32941,2,2,6,03,20,1,1,2,0,1,1,0,0,0
"POINT (6.811330140000052 51.225944132000052)",Unfall 32942 (2024) Kat:3, Licht: 0,32942,3,2,5,03,15,1,0,0,0,1,0,0,0,1
"POINT (6.903211072000033 51.140736008000033)",Unfall 33017 (2024) Kat:3, Licht: 0,33017,3,2,5,03,11,7,0,0,0,1,0,0,0,1
"POINT (6.903211078000027 51.140736002000040)",Unfall 33018 (2024) Kat:3, Licht: 0,33018,3,3,5,03,11,7,0,0,0,1,0,0,0,1
"POINT (6.840224457000033 51.197738518000051)",Unfall 33020 (2024) Kat:3, Licht: 2,33020,3,2,5,03,21,7,1,2,0,1,0,0,0,0
"POINT (6.802511542000047 51.253502089000051)",Unfall 33021 (2024) Kat:3, Licht: 0,33021,3,3,5,03,17,7,0,0,0,1,0,0,0,0
"POINT (6.840224348000049 51.197708714000044)",Unfall 33138 (2024) Kat:3, Licht: 2,33138,3,2,5,03,21,6,1,2,0,1,0,1,0,0
"POINT (6.791598058000034 51.276345332000062)",Unfall 33139 (2024) Kat:3, Licht: 2,33139,3,7,0,03,22,6,1,2,1,0,0,0,0,0
"POINT (6.723619245000066 51.232328157000040)",Unfall 33141 (2024) Kat:3, Licht: 2,33141,3,4,6,03,18,6,1,2,0,1,1,0,0,0
"POINT (6.787254983000025 51.229748651000079)",Unfall 33142 (2024) Kat:3, Licht: 0,33142,3,1,8,03,15,6,0,0,1,0,0,0,0,0
"POINT (6.741806628000063 51.286333270000057)",Unfall 33185 (2024) Kat:3, Licht: 0,33185,3,6,1,04,13,3,0,0,0,1,0,0,0,0
"POINT (6.755774101000043 51.202499168000031)",Unfall 33246 (2024) Kat:2, Licht: 0,33246,2,1,9,05,13,4,0,0,0,0,0,1,0,0
"POINT (6.800854807000064 51.250690570000074)",Unfall 33247 (2024) Kat:3, Licht: 0,33247,3,2,5,05,14,4,0,0,1,1,0,0,0,0
"POINT (6.847625695000033 51.165884171000073)",Unfall 33354 (2024) Kat:3, Licht: 0,33354,3,3,5,04,17,3,0,0,0,1,0,0,0,1
"POINT (6.734519998000053 51.198450726000033)",Unfall 33355 (2024) Kat:3, Licht: 0,33355,3,6,2,04,09,3,1,0,0,1,0,0,0,0
"POINT (6.802632010000025 51.253726087000075)",Unfall 33356 (2024) Kat:3, Licht: 0,33356,3,5,1,04,08,3,1,0,0,1,0,0,0,0
"POINT (6.751620283000022 51.242554996000081)",Unfall 33357 (2024) Kat:3, Licht: 0,33357,3,3,5,04,17,3,0,0,1,0,0,0,0,1
"POINT (6.800911456000051 51.214708784000038)",Unfall 33358 (2024) Kat:3, Licht: 0,33358,3,2,5,04,19,3,0,0,0,0,0,0,0,1
"POINT (6.753845490000060 51.231443489000071)",Unfall 33359 (2024) Kat:3, Licht: 0,33359,3,2,3,04,09,3,0,0,1,1,0,0,0,0
"POINT (6.801747356000021 51.215317974000072)",Unfall 33360 (2024) Kat:3, Licht: 0,33360,3,6,6,04,14,3,0,0,1,0,1,0,0,0
"POINT (6.781050706000030 51.230200435000029)",Unfall 33437 (2024) Kat:3, Licht: 0,33437,3,3,5,04,16,3,0,0,0,1,0,0,0,0
"POINT (6.789892075000068 51.245623030000047)",Unfall 33486 (2024) Kat:3, Licht: 0,33486,3,2,6,04,10,2,0,0,0,0,1,0,1,0
"POINT (6.787310789000060 51.228313295000078)",Unfall 33544 (2024) Kat:3, Licht: 0,33544,3,7,0,05,11,4,0,0,0,0,1,0,0,1
"POINT (6.815155485000048 51.259092090000081)",Unfall 33557 (2024) Kat:2, Licht: 0,33557,2,6,2,04,18,1,0,0,0,1,0,0,0,0
"POINT (6.758083491000036 51.209115752000059)",Unfall 33629 (2024) Kat:3, Licht: 0,33629,3,3,5,04,18,7,0,0,1,1,0,0,0,0
"POINT (6.815594419000035 51.259650972000031)",Unfall 33630 (2024) Kat:2, Licht: 0,33630,2,6,3,04,20,7,0,0,0,1,0,0,0,1
"POINT (6.795625598000072 51.224492977000068)",Unfall 33631 (2024) Kat:3, Licht: 2,33631,3,3,5,04,23,7,0,2,1,1,0,0,0,0
"POINT (6.868187573000057 51.213935536000065)",Unfall 33716 (2024) Kat:3, Licht: 0,33716,3,6,2,04,14,6,0,0,0,1,0,0,0,0
"POINT (6.758909102000075 51.211152688000027)",Unfall 33796 (2024) Kat:3, Licht: 0,33796,3,6,4,04,11,5,0,0,1,0,0,1,0,0
"POINT (6.866320289000043 51.217081999000072)",Unfall 33797 (2024) Kat:3, Licht: 0,33797,3,2,6,04,11,5,0,0,0,1,1,0,0,0
"POINT (6.782407484000032 51.226298621000069)",Unfall 33798 (2024) Kat:3, Licht: 0,33798,3,7,6,04,09,5,0,0,1,0,1,0,0,0
"POINT (6.768302942000048 51.272478985000078)",Unfall 33895 (2024) Kat:3, Licht: 0,33895,3,6,3,04,12,4,1,0,0,1,0,0,1,0
"POINT (6.855618930000048 51.194036320000066)",Unfall 34000 (2024) Kat:3, Licht: 0,34000,3,6,1,04,17,3,0,0,0,1,0,1,0,0
"POINT (6.803581710000060 51.255311598000048)",Unfall 34001 (2024) Kat:3, Licht: 0,34001,3,2,3,04,18,3,0,0,0,1,0,0,0,1
"POINT (6.798887412000056 51.196258668000041)",Unfall 34071 (2024) Kat:3, Licht: 0,34071,3,6,2,04,15,2,1,0,0,1,0,0,0,0
"POINT (6.822992119000048 51.263889994000067)",Unfall 34072 (2024) Kat:3, Licht: 0,34072,3,2,6,04,16,2,1,0,0,1,1,0,0,0
"POINT (6.808005670000057 51.208834257000035)",Unfall 34118 (2024) Kat:3, Licht: 0,34118,3,4,6,04,07,3,0,0,0,1,1,0,0,0
"POINT (6.774827686000037 51.280410927000048)",Unfall 34124 (2024) Kat:3, Licht: 0,34124,3,3,5,04,10,1,0,0,1,1,0,0,0,0
"POINT (6.784061679000047 51.242475651000063)",Unfall 34125 (2024) Kat:3, Licht: 2,34125,3,7,0,04,00,1,0,2,0,0,0,0,0,1
"POINT (6.847930492000046 51.196891926000035)",Unfall 34207 (2024) Kat:3, Licht: 0,34207,3,6,2,04,14,7,1,0,0,1,0,0,0,0
"POINT (6.842982856000049 51.240844953000078)",Unfall 34208 (2024) Kat:3, Licht: 2,34208,3,2,5,04,21,7,1,2,0,1,0,1,0,0
"POINT (6.784876182000062 51.220615238000050)",Unfall 34210 (2024) Kat:3, Licht: 0,34210,3,2,4,04,12,7,1,0,0,1,0,0,0,0
"POINT (6.747883748000049 51.231390207000061)",Unfall 34212 (2024) Kat:3, Licht: 0,34212,3,4,0,04,11,7,1,0,0,0,1,0,0,1
"POINT (6.760076532000028 51.247410207000030)",Unfall 34306 (2024) Kat:3, Licht: 0,34306,3,6,2,04,18,6,1,0,0,1,0,0,0,0
"POINT (6.807909615000028 51.233726712000077)",Unfall 34307 (2024) Kat:3, Licht: 0,34307,3,2,5,04,13,6,1,0,0,1,0,0,1,0
"POINT (6.765734250000037 51.318052004000037)",Unfall 34308 (2024) Kat:2, Licht: 2,34308,2,1,8,04,00,6,0,2,0,1,0,0,0,0
"POINT (6.782599830000038 51.213812750000045)",Unfall 34398 (2024) Kat:3, Licht: 1,34398,3,2,6,04,20,6,1,1,0,1,1,0,0,0
"POINT (6.772726073000058 51.253459586000076)",Unfall 34401 (2024) Kat:3, Licht: 0,34401,3,6,3,04,07,5,0,0,1,0,0,0,0,1
"POINT (6.827453941000044 51.228174139000032)",Unfall 34512 (2024) Kat:3, Licht: 0,34512,3,6,2,04,18,4,1,0,0,1,0,0,0,0
"POINT (6.809280705000049 51.230816048000065)",Unfall 34513 (2024) Kat:3, Licht: 0,34513,3,6,2,04,12,4,0,0,0,1,0,0,1,1
"POINT (6.748384285000043 51.231422693000070)",Unfall 34515 (2024) Kat:3, Licht: 0,34515,3,3,5,04,17,4,1,0,1,1,0,0,0,0
"POINT (6.701078506000044 51.231519814000080)",Unfall 34545 (2024) Kat:3, Licht: 2,34545,3,1,8,05,21,4,1,2,1,0,0,0,0,0
"POINT (6.854196868000031 51.190243982000027)",Unfall 34621 (2024) Kat:3, Licht: 0,34621,3,1,0,04,11,3,0,0,0,1,0,0,0,0
"POINT (6.782599987000026 51.214300029000071)",Unfall 34623 (2024) Kat:3, Licht: 0,34623,3,6,2,04,18,3,1,0,1,1,0,0,0,0
"POINT (6.777552877000062 51.240801751000049)",Unfall 34624 (2024) Kat:3, Licht: 0,34624,3,2,5,04,15,3,1,0,1,1,0,0,0,0
"POINT (6.772848344000067 51.306628420000038)",Unfall 34625 (2024) Kat:3, Licht: 0,34625,3,3,5,04,08,3,1,0,0,1,0,0,0,0
"POINT (6.795721344000071 51.211001421000049)",Unfall 34627 (2024) Kat:3, Licht: 0,34627,3,1,0,04,10,3,1,0,0,0,0,1,0,0
"POINT (6.810605376000069 51.244995056000050)",Unfall 34728 (2024) Kat:3, Licht: 0,34728,3,3,5,05,18,4,0,0,0,1,0,0,0,0
"POINT (6.839909607000038 51.189946609000060)",Unfall 34740 (2024) Kat:3, Licht: 0,34740,3,6,2,04,07,2,0,0,0,1,0,0,0,0
"POINT (6.776370614000029 51.261876102000031)",Unfall 34742 (2024) Kat:3, Licht: 0,34742,3,3,0,04,17,2,1,0,1,1,0,0,0,0
"POINT (6.794462494000072 51.247298443000034)",Unfall 34743 (2024) Kat:3, Licht: 0,34743,3,4,6,04,17,2,0,0,1,0,1,0,0,0
"POINT (6.858985947000065 51.208644418000063)",Unfall 34846 (2024) Kat:3, Licht: 0,34846,3,7,2,04,13,1,0,0,0,1,0,1,0,0
"POINT (6.858477988000061 51.208239083000080)",Unfall 34932 (2024) Kat:3, Licht: 0,34932,3,3,1,04,14,2,1,0,0,1,0,0,0,0
"POINT (6.781834200000048 51.250657224000065)",Unfall 34965 (2024) Kat:3, Licht: 0,34965,3,3,5,04,12,6,0,0,1,1,0,0,0,0
"POINT (6.767472170000076 51.220972305000032)",Unfall 34983 (2024) Kat:3, Licht: 2,34983,3,1,0,04,23,7,0,2,1,0,0,0,0,0
"POINT (6.845137024000053 51.199022014000036)",Unfall 34984 (2024) Kat:3, Licht: 0,34984,3,2,0,04,15,7,0,0,1,1,0,0,0,0
"POINT (6.755667903000074 51.201213357000029)",Unfall 34986 (2024) Kat:3, Licht: 0,34986,3,6,2,04,14,7,0,0,0,1,0,1,0,0
"POINT (6.785877943000060 51.253967156000044)",Unfall 34987 (2024) Kat:3, Licht: 0,34987,3,2,6,04,13,7,0,0,0,1,1,0,0,0
"POINT (6.811517392000042 51.225264872000082)",Unfall 34989 (2024) Kat:3, Licht: 0,34989,3,2,5,04,14,7,0,0,0,1,0,0,0,1
"POINT (6.787363877000075 51.227727768000079)",Unfall 34990 (2024) Kat:2, Licht: 2,34990,2,7,6,04,20,7,0,2,0,0,1,0,0,1
"POINT (6.804429756000047 51.216819746000056)",Unfall 34992 (2024) Kat:3, Licht: 0,34992,3,6,2,04,16,7,0,0,0,1,0,1,0,0
"POINT (6.771416779000049 51.252860359000067)",Unfall 35008 (2024) Kat:3, Licht: 0,35008,3,3,5,04,11,3,0,0,0,1,0,0,0,0
"POINT (6.833237003000022 51.240641945000050)",Unfall 35012 (2024) Kat:3, Licht: 2,35012,3,6,3,04,22,3,0,2,1,1,0,0,0,0
"POINT (6.823605815000064 51.229770337000048)",Unfall 35146 (2024) Kat:3, Licht: 1,35146,3,1,0,04,20,6,0,1,1,0,0,0,0,0
"POINT (6.819284384000071 51.235333735000040)",Unfall 35242 (2024) Kat:3, Licht: 0,35242,3,2,2,04,07,3,0,0,0,1,0,0,0,1
"POINT (6.857945220000033 51.226861841000073)",Unfall 35285 (2024) Kat:3, Licht: 0,35285,3,3,5,04,18,5,0,0,1,1,0,0,0,0
"POINT (6.783777162000035 51.274930029000075)",Unfall 35286 (2024) Kat:3, Licht: 0,35286,3,6,0,04,17,5,0,0,0,0,0,0,0,1
"POINT (6.802964432000067 51.254382854000028)",Unfall 35288 (2024) Kat:3, Licht: 0,35288,3,2,3,04,15,5,0,0,1,1,0,0,0,0
"POINT (6.782388346000062 51.249310840000078)",Unfall 35289 (2024) Kat:3, Licht: 0,35289,3,6,2,04,14,5,0,0,0,1,0,0,0,0
"POINT (6.911240549000070 51.191933205000055)",Unfall 35332 (2024) Kat:3, Licht: 0,35332,3,1,9,04,16,7,1,0,0,0,0,1,0,0
"POINT (6.766523505000066 51.219605838000064)",Unfall 35479 (2024) Kat:3, Licht: 0,35479,3,4,6,05,14,1,0,0,1,0,1,0,0,0
"POINT (6.803613140000039 51.255357278000076)",Unfall 35579 (2024) Kat:3, Licht: 0,35579,3,2,5,05,19,7,0,0,0,1,0,1,0,0
"POINT (6.770706464000057 51.279545786000028)",Unfall 35580 (2024) Kat:3, Licht: 0,35580,3,3,5,05,14,7,0,0,1,1,0,0,0,0
"POINT (6.787963860000048 51.233022388000052)",Unfall 35581 (2024) Kat:3, Licht: 0,35581,3,3,5,05,11,7,0,0,1,1,0,0,0,0
"POINT (6.785243533000028 51.243043883000041)",Unfall 35679 (2024) Kat:3, Licht: 0,35679,3,1,0,05,17,6,0,0,1,0,0,0,0,0
"POINT (6.788734391000048 51.200562807000040)",Unfall 35788 (2024) Kat:3, Licht: 0,35788,3,6,3,05,17,5,0,0,0,1,0,1,0,0
"POINT (6.771407718000034 51.230994160000080)",Unfall 35789 (2024) Kat:3, Licht: 2,35789,3,1,0,05,21,5,0,2,1,0,0,0,0,0
"POINT (6.755601088000049 51.244839058000082)",Unfall 35790 (2024) Kat:3, Licht: 0,35790,3,7,0,05,17,5,0,0,0,1,0,0,0,1
"POINT (6.719321924000042 51.232997346000047)",Unfall 35791 (2024) Kat:3, Licht: 2,35791,3,1,9,05,22,5,0,2,1,0,0,0,0,0
"POINT (6.789918843000066 51.199928719000070)",Unfall 35907 (2024) Kat:3, Licht: 0,35907,3,2,5,05,16,4,0,0,1,1,0,0,0,0
"POINT (6.811524240000040 51.225378005000039)",Unfall 35908 (2024) Kat:3, Licht: 0,35908,3,6,3,05,07,4,0,0,0,1,0,0,1,0
"POINT (6.806444585000065 51.218420348000052)",Unfall 35909 (2024) Kat:3, Licht: 0,35909,3,3,5,05,15,4,0,0,1,1,0,0,0,0
"POINT (6.748669380000024 51.338901201000056)",Unfall 35987 (2024) Kat:3, Licht: 0,35987,3,1,7,05,16,1,0,0,1,0,0,0,0,0
"POINT (6.847617791000062 51.229936755000040)",Unfall 36020 (2024) Kat:3, Licht: 0,36020,3,7,6,05,16,3,0,0,0,0,1,0,0,1
"POINT (6.803054152000072 51.216568181000071)",Unfall 36021 (2024) Kat:3, Licht: 0,36021,3,3,5,05,15,3,1,0,0,1,0,0,0,0
"POINT (6.816467539000030 51.231147584000041)",Unfall 36022 (2024) Kat:2, Licht: 0,36022,2,2,5,05,08,3,1,0,1,0,0,0,1,0
"POINT (6.792548647000046 51.208360398000082)",Unfall 36077 (2024) Kat:3, Licht: 0,36077,3,4,6,05,15,1,0,0,0,1,1,0,0,0
"POINT (6.794807417000072 51.197822098000074)",Unfall 36113 (2024) Kat:2, Licht: 0,36113,2,4,6,05,11,2,0,0,0,0,1,0,0,1
"POINT (6.783914023000023 51.204181104000043)",Unfall 36114 (2024) Kat:3, Licht: 2,36114,3,1,8,05,00,2,0,2,1,1,0,0,0,0
"POINT (6.833585319000065 51.240469812000072)",Unfall 36115 (2024) Kat:3, Licht: 0,36115,3,3,5,05,18,2,1,0,0,1,0,0,0,0
"POINT (6.827406744000029 51.267095200000028)",Unfall 36116 (2024) Kat:3, Licht: 0,36116,3,6,1,05,16,2,1,0,0,1,0,0,0,0
"POINT (6.744162423000034 51.240601900000058)",Unfall 36117 (2024) Kat:3, Licht: 2,36117,3,3,5,05,21,2,1,2,0,1,0,0,0,1
"POINT (6.908265726000025 51.132669531000033)",Unfall 36208 (2024) Kat:2, Licht: 0,36208,2,7,0,05,09,1,0,0,1,0,0,0,0,0
"POINT (6.773824790000049 51.271430630000054)",Unfall 36305 (2024) Kat:3, Licht: 2,36305,3,1,0,05,23,7,1,2,1,0,0,0,0,0
"POINT (6.743741235000073 51.318624218000082)",Unfall 36306 (2024) Kat:3, Licht: 0,36306,3,1,0,05,14,7,0,0,1,1,0,0,0,0
"POINT (6.734818643000040 51.236883545000069)",Unfall 36307 (2024) Kat:3, Licht: 2,36307,3,1,9,05,01,7,0,2,0,1,0,0,0,0
"POINT (6.851299554000036 51.169005910000067)",Unfall 36321 (2024) Kat:3, Licht: 0,36321,3,1,0,05,14,2,1,0,1,0,0,0,0,0
"POINT (6.759446271000058 51.247136556000044)",Unfall 36395 (2024) Kat:3, Licht: 0,36395,3,6,2,05,15,2,1,0,0,1,0,0,0,0
"POINT (6.783770946000061 51.218964995000078)",Unfall 36411 (2024) Kat:2, Licht: 0,36411,2,1,5,05,19,6,0,0,0,1,0,0,0,1
"POINT (6.780165551000039 51.253992922000066)",Unfall 36484 (2024) Kat:2, Licht: 0,36484,2,4,6,05,13,6,1,0,0,1,1,0,0,0
"POINT (6.770112685000072 51.322991409000053)",Unfall 36539 (2024) Kat:3, Licht: 0,36539,3,3,5,05,11,5,0,0,1,1,0,0,0,0
"POINT (6.855858328000068 51.245510888000069)",Unfall 36540 (2024) Kat:3, Licht: 1,36540,3,2,6,05,20,5,1,1,0,0,1,0,0,1
"POINT (6.784235366000075 51.275187831000039)",Unfall 36541 (2024) Kat:2, Licht: 2,36541,2,4,6,05,21,5,1,2,0,1,1,0,0,0
"POINT (6.811096734000046 51.223611557000027)",Unfall 36542 (2024) Kat:3, Licht: 0,36542,3,7,6,05,13,5,0,0,0,0,1,0,0,1
"POINT (6.771377426000072 51.252444546000049)",Unfall 36543 (2024) Kat:3, Licht: 0,36543,3,3,5,05,12,5,0,0,1,1,0,0,0,0
"POINT (6.822307096000031 51.238349199000027)",Unfall 36544 (2024) Kat:3, Licht: 0,36544,3,3,5,05,10,5,0,0,0,1,0,0,0,0
"POINT (6.744157497000060 51.240615143000070)",Unfall 36545 (2024) Kat:3, Licht: 0,36545,3,6,2,05,15,5,0,0,0,1,0,0,0,0
"POINT (6.796491114000048 51.259494366000069)",Unfall 36693 (2024) Kat:1, Licht: 0,36693,1,6,6,05,20,1,1,0,0,0,1,0,0,1
"POINT (6.837760604000039 51.249797110000031)",Unfall 36694 (2024) Kat:3, Licht: 0,36694,3,6,3,05,13,1,0,0,1,1,0,0,0,0
"POINT (6.780062949000069 51.202332989000070)",Unfall 36766 (2024) Kat:3, Licht: 0,36766,3,6,2,05,14,7,0,0,0,1,0,0,0,0
"POINT (6.770090514000060 51.322980149000045)",Unfall 36767 (2024) Kat:3, Licht: 0,36767,3,6,3,05,15,7,0,0,1,1,0,0,0,0
"POINT (6.800196881000033 51.210583660000054)",Unfall 36787 (2024) Kat:3, Licht: 0,36787,3,4,6,05,21,7,0,0,0,1,1,0,0,0
"POINT (6.894504986000072 51.149518113000056)",Unfall 36863 (2024) Kat:3, Licht: 0,36863,3,6,2,05,15,6,1,0,0,1,0,0,0,0
"POINT (6.856477891000054 51.162336390000064)",Unfall 36864 (2024) Kat:3, Licht: 2,36864,3,1,0,05,02,6,1,2,1,0,0,0,0,0
"POINT (6.799915585000065 51.251377234000074)",Unfall 36865 (2024) Kat:3, Licht: 0,36865,3,6,2,05,14,6,1,0,0,1,0,0,1,0
"POINT (6.812347482000064 51.243954782000060)",Unfall 36866 (2024) Kat:3, Licht: 0,36866,3,6,3,05,09,6,1,0,0,1,0,0,0,1
"POINT (6.835953266000047 51.196825204000049)",Unfall 36976 (2024) Kat:3, Licht: 0,36976,3,6,2,05,17,5,0,0,0,1,0,0,0,0
"POINT (6.808935051000049 51.231942351000043)",Unfall 36977 (2024) Kat:3, Licht: 0,36977,3,3,5,05,19,5,0,0,1,1,0,0,0,0
"POINT (6.777141603000075 51.253580529000033)",Unfall 36978 (2024) Kat:3, Licht: 0,36978,3,3,5,05,10,5,0,0,1,1,0,0,0,0
"POINT (6.776459018000025 51.253489013000035)",Unfall 36979 (2024) Kat:3, Licht: 0,36979,3,2,4,05,08,5,0,0,1,1,0,0,0,0
"POINT (6.804273685000055 51.216718723000042)",Unfall 36980 (2024) Kat:3, Licht: 0,36980,3,4,6,05,17,5,0,0,0,1,1,0,0,0
"POINT (6.782575203000022 51.211206252000068)",Unfall 37052 (2024) Kat:3, Licht: 0,37052,3,4,6,05,14,4,0,0,0,1,1,0,0,0
"POINT (6.860889611000061 51.189035906000072)",Unfall 37053 (2024) Kat:3, Licht: 0,37053,3,6,2,05,12,4,0,0,0,1,0,0,0,0
"POINT (6.801905615000067 51.249978552000073)",Unfall 37054 (2024) Kat:3, Licht: 0,37054,3,6,2,05,16,4,0,0,0,1,0,0,0,0
"POINT (6.741974193000033 51.243839899000079)",Unfall 37055 (2024) Kat:3, Licht: 0,37055,3,7,4,05,18,4,0,0,0,1,0,0,0,0
"POINT (6.857072375000030 51.190342435000048)",Unfall 37166 (2024) Kat:2, Licht: 1,37166,2,1,3,05,20,3,1,1,0,1,0,0,0,0
"POINT (6.860868278000055 51.153528549000043)",Unfall 37167 (2024) Kat:3, Licht: 0,37167,3,1,0,05,18,3,1,0,1,0,0,0,0,0
"POINT (6.802760972000044 51.249723214000028)",Unfall 37168 (2024) Kat:2, Licht: 2,37168,2,4,6,05,22,3,1,2,0,1,1,0,0,0
"POINT (6.800911456000051 51.214708784000038)",Unfall 37169 (2024) Kat:3, Licht: 0,37169,3,6,0,05,10,3,0,0,0,0,0,1,0,0
"POINT (6.796516356000041 51.248150936000059)",Unfall 37266 (2024) Kat:3, Licht: 0,37266,3,6,3,05,13,2,0,0,0,1,0,0,0,1
"POINT (6.787484152000047 51.223991237000064)",Unfall 37267 (2024) Kat:3, Licht: 0,37267,3,7,0,05,12,2,0,0,0,0,0,1,0,0
"POINT (6.808037205000062 51.208827880000058)",Unfall 37435 (2024) Kat:3, Licht: 0,37435,3,2,4,05,19,7,0,0,1,1,0,0,0,0
"POINT (6.746832296000036 51.231980825000051)",Unfall 37436 (2024) Kat:2, Licht: 1,37436,2,1,7,05,05,7,0,1,0,0,0,1,0,0
"POINT (6.764721594000036 51.250023092000049)",Unfall 37540 (2024) Kat:3, Licht: 0,37540,3,3,3,05,18,6,0,0,1,1,0,0,0,0
"POINT (6.775050148000048 51.230944186000045)",Unfall 37542 (2024) Kat:3, Licht: 0,37542,3,6,3,05,13,6,0,0,0,1,0,1,0,0
"POINT (6.859846380000022 51.241229428000054)",Unfall 37632 (2024) Kat:2, Licht: 0,37632,2,4,6,05,13,6,1,0,0,1,1,0,0,0
"POINT (6.782785870000055 51.214107412000033)",Unfall 37658 (2024) Kat:3, Licht: 0,37658,3,6,3,05,08,5,1,0,0,0,0,1,0,1
"POINT (6.786900394000043 51.240337475000047)",Unfall 37659 (2024) Kat:3, Licht: 1,37659,3,3,5,05,20,5,1,1,1,1,0,0,0,0
"POINT (6.805904237000050 51.274698184000044)",Unfall 37660 (2024) Kat:2, Licht: 0,37660,2,7,8,05,17,5,1,0,0,1,0,0,0,0
"POINT (6.811394311000072 51.224624095000081)",Unfall 37661 (2024) Kat:3, Licht: 0,37661,3,2,5,05,13,5,0,0,1,1,0,0,0,0
"POINT (6.812243349000028 51.232724694000069)",Unfall 37662 (2024) Kat:3, Licht: 0,37662,3,3,0,05,07,5,1,0,1,1,0,0,0,0
"POINT (6.864698663000070 51.223265732000073)",Unfall 37795 (2024) Kat:3, Licht: 0,37795,3,6,2,05,13,4,0,0,0,1,0,0,0,0
"POINT (6.844704260000071 51.241322267000044)",Unfall 37796 (2024) Kat:3, Licht: 0,37796,3,1,8,05,17,4,0,0,0,1,1,0,0,0
"POINT (6.821065310000051 51.236908419000031)",Unfall 37798 (2024) Kat:1, Licht: 0,37798,1,4,6,05,13,4,0,0,0,0,1,0,0,1
"POINT (6.802364570000066 51.217307312000059)",Unfall 37799 (2024) Kat:3, Licht: 0,37799,3,6,3,05,07,4,0,0,1,1,0,0,0,0
"POINT (6.860070992000033 51.190146270000071)",Unfall 37973 (2024) Kat:3, Licht: 0,37973,3,7,2,05,15,3,0,0,0,1,0,1,0,0
"POINT (6.864962681000065 51.214364242000045)",Unfall 37977 (2024) Kat:3, Licht: 0,37977,3,3,5,05,19,3,0,0,0,1,0,0,0,0
"POINT (6.862162498000032 51.211410138000076)",Unfall 37978 (2024) Kat:3, Licht: 0,37978,3,3,5,05,17,3,0,0,0,1,0,0,0,0
"POINT (6.867022916000053 51.215057276000039)",Unfall 37979 (2024) Kat:3, Licht: 0,37979,3,6,1,05,15,3,0,0,0,1,0,0,0,1
"POINT (6.820513031000075 51.183648173000051)",Unfall 37980 (2024) Kat:3, Licht: 0,37980,3,1,0,05,13,3,0,0,0,0,0,1,0,0
"POINT (6.908622911000066 51.260825970000042)",Unfall 37982 (2024) Kat:3, Licht: 0,37982,3,6,2,05,11,3,0,0,0,1,0,0,0,0
"POINT (6.827470266000034 51.267156454000030)",Unfall 37983 (2024) Kat:3, Licht: 0,37983,3,2,5,05,07,3,0,0,1,1,0,0,0,0
"POINT (6.771669605000056 51.235802106000051)",Unfall 37984 (2024) Kat:3, Licht: 0,37984,3,7,0,05,18,3,0,0,0,1,0,1,0,0
"POINT (6.780580062000070 51.253822876000072)",Unfall 37985 (2024) Kat:3, Licht: 0,37985,3,2,5,05,19,3,0,0,1,1,0,0,0,0
"POINT (6.801114876000042 51.215066180000065)",Unfall 37987 (2024) Kat:3, Licht: 0,37987,3,2,5,05,16,3,0,0,1,1,0,0,0,0
"POINT (6.796683122000047 51.223337343000026)",Unfall 37989 (2024) Kat:3, Licht: 0,37989,3,6,3,05,11,3,0,0,0,1,0,0,0,0