WKT,Name,OBJECTID,UKATEGORIE,UTYP1,UART,UMONAT,USTUNDE,UWOCHENTAG,STRZUSTAND,ULICHTVERH,ISTRAD,ISTPKW,ISTFUSS,ISTKRAD,ISTGKFZ,ISTSONSTIG
"POINT (6.880613331000063 51.180747041000075)",Unfall 38174 (2024) Kat:2, Licht: 0,38174,2,1,8,05,08,2,0,0,0,1,0,0,0,0
"POINT (6.852861921000056 51.196102072000031)",Unfall 38175 (2024) Kat:3, Licht: 0,38175,3,6,2,05,09,2,0,0,0,1,0,0,0,0
"POINT (6.858305697000048 51.190126046000046)",Unfall 38177 (2024) Kat:3, Licht: 0,38177,3,6,2,05,07,2,0,0,0,1,0,0,0,0
"POINT (6.822327212000062 51.251061598000035)",Unfall 38178 (2024) Kat:2, Licht: 0,38178,2,4,0,05,09,2,0,0,0,1,1,0,0,0
"POINT (6.783061040000064 51.223897158000057)",Unfall 38180 (2024) Kat:3, Licht: 0,38180,3,7,0,05,17,2,0,0,0,1,0,0,0,1
"POINT (6.803065656000058 51.210122757000079)",Unfall 38182 (2024) Kat:3, Licht: 0,38182,3,3,5,05,15,2,0,0,1,1,0,0,0,0
"POINT (6.758090312000036 51.231471499000065)",Unfall 38183 (2024) Kat:3, Licht: 0,38183,3,2,3,05,11,2,0,0,1,1,0,0,0,0
"POINT (6.861033571000064 51.210217606000072)",Unfall 38240 (2024) Kat:3, Licht: 0,38240,3,7,6,06,19,3,1,0,0,1,1,0,0,0
"POINT (6.798417322000034 51.248946713000066)",Unfall 38241 (2024) Kat:3, Licht: 0,38241,3,6,2,06,16,3,0,0,0,1,0,1,0,0
"POINT (6.793400584000040 51.226816992000067)",Unfall 38242 (2024) Kat:3, Licht: 0,38242,3,1,0,06,11,3,0,0,1,0,0,0,0,0
"POINT (6.772023311000055 51.243411865000041)",Unfall 38339 (2024) Kat:3, Licht: 0,38339,3,6,2,06,16,2,0,0,0,1,0,0,0,0
"POINT (6.787545765000061 51.276763896000034)",Unfall 38340 (2024) Kat:3, Licht: 0,38340,3,2,5,06,09,2,0,0,0,1,0,0,0,1
"POINT (6.821882074000030 51.184010039000043)",Unfall 38463 (2024) Kat:3, Licht: 0,38463,3,6,2,06,11,7,0,0,0,1,0,0,0,1
"POINT (6.743575528000065 51.317958220000037)",Unfall 38464 (2024) Kat:3, Licht: 0,38464,3,6,3,06,11,7,0,0,1,0,0,0,0,0
"POINT (6.861182474000032 51.223219019000055)",Unfall 38465 (2024) Kat:2, Licht: 2,38465,2,1,9,06,02,7,1,2,0,1,0,0,0,0
"POINT (6.743983928000034 51.241069523000078)",Unfall 38539 (2024) Kat:3, Licht: 0,38539,3,3,5,06,14,6,0,0,0,1,0,0,0,0
"POINT (6.772947654000063 51.199982123000041)",Unfall 38622 (2024) Kat:3, Licht: 0,38622,3,6,2,06,11,5,0,0,0,1,0,0,0,0
"POINT (6.750503484000035 51.231603035000035)",Unfall 38624 (2024) Kat:3, Licht: 0,38624,3,4,6,06,11,5,0,0,0,0,1,0,0,1
"POINT (6.757695550000051 51.208259062000081)",Unfall 38695 (2024) Kat:3, Licht: 0,38695,3,6,2,06,15,4,0,0,0,1,0,0,0,0
"POINT (6.876401100000066 51.164312910000035)",Unfall 38696 (2024) Kat:3, Licht: 0,38696,3,6,2,06,15,4,0,0,1,0,1,0,0,0
"POINT (6.744078429000069 51.281823180000060)",Unfall 38740 (2024) Kat:2, Licht: 1,38740,2,1,2,06,05,5,0,1,0,1,0,0,0,0
"POINT (6.802577753000037 51.279605457000059)",Unfall 38818 (2024) Kat:3, Licht: 0,38818,3,6,2,06,08,3,0,0,0,1,0,0,0,1
"POINT (6.808888748000072 51.231911577000062)",Unfall 38918 (2024) Kat:3, Licht: 0,38918,3,6,3,06,16,2,0,0,1,1,0,0,0,0
"POINT (6.810398766000048 51.262278542000047)",Unfall 38920 (2024) Kat:3, Licht: 0,38920,3,6,2,06,14,2,1,0,0,1,0,0,0,0
"POINT (6.786135581000053 51.253955947000065)",Unfall 38921 (2024) Kat:3, Licht: 0,38921,3,6,1,06,13,2,1,0,0,1,0,1,0,0
"POINT (6.802214210000045 51.217468351000036)",Unfall 38922 (2024) Kat:3, Licht: 0,38922,3,3,5,06,14,2,1,0,1,1,0,0,0,0
"POINT (6.788280679000025 51.244768822000026)",Unfall 39139 (2024) Kat:3, Licht: 1,39139,3,1,0,06,21,7,0,1,1,0,0,0,0,0
"POINT (6.786655301000053 51.243887468000082)",Unfall 39140 (2024) Kat:3, Licht: 1,39140,3,7,3,06,17,7,0,1,1,1,0,0,0,0
"POINT (6.815594419000035 51.259650972000031)",Unfall 39141 (2024) Kat:3, Licht: 0,39141,3,3,5,06,20,7,0,0,0,1,0,0,0,1
"POINT (6.796215367000059 51.248023034000028)",Unfall 39142 (2024) Kat:2, Licht: 0,39142,2,2,3,06,16,7,0,0,0,1,0,0,0,1
"POINT (6.782265031000065 51.242321788000027)",Unfall 39144 (2024) Kat:3, Licht: 0,39144,3,3,5,06,19,5,0,0,0,1,0,0,0,1
"POINT (6.793264596000029 51.226961202000041)",Unfall 39288 (2024) Kat:3, Licht: 0,39288,3,1,0,06,09,6,0,0,1,0,0,0,0,1
"POINT (6.794423282000025 51.247282948000077)",Unfall 39392 (2024) Kat:3, Licht: 0,39392,3,4,0,06,16,5,0,0,0,0,1,0,0,1
"POINT (6.817460493000056 51.234029817000078)",Unfall 39393 (2024) Kat:3, Licht: 0,39393,3,3,5,06,13,5,0,0,1,1,0,0,0,0
"POINT (6.861287485000048 51.189004439000030)",Unfall 39517 (2024) Kat:2, Licht: 0,39517,2,3,5,06,16,4,0,0,0,1,0,1,0,0
"POINT (6.916285272000039 51.258962858000075)",Unfall 39518 (2024) Kat:3, Licht: 0,39518,3,3,5,06,15,4,0,0,0,1,0,0,0,1
"POINT (6.792279703000077 51.246454024000059)",Unfall 39519 (2024) Kat:3, Licht: 0,39519,3,2,3,06,07,4,1,0,1,1,0,0,0,0
"POINT (6.794022915000028 51.226168367000071)",Unfall 39545 (2024) Kat:3, Licht: 0,39545,3,7,5,06,16,4,0,0,0,1,0,0,0,1
"POINT (6.847242621000021 51.166114108000045)",Unfall 39639 (2024) Kat:3, Licht: 0,39639,3,6,4,06,18,3,0,0,1,0,0,0,0,1
"POINT (6.768581141000027 51.200186331000054)",Unfall 39641 (2024) Kat:3, Licht: 0,39641,3,6,2,06,12,3,0,0,0,1,0,0,0,0
"POINT (6.771748858000024 51.249934672000052)",Unfall 39642 (2024) Kat:3, Licht: 0,39642,3,7,8,06,09,3,0,0,0,1,0,0,0,0
"POINT (6.724267515000065 51.232486803000029)",Unfall 39643 (2024) Kat:3, Licht: 1,39643,3,1,0,06,21,3,0,1,1,0,0,0,0,0
"POINT (6.780734257000063 51.230163977000075)",Unfall 39723 (2024) Kat:3, Licht: 0,39723,3,3,5,06,16,4,0,0,0,1,0,0,0,1
"POINT (6.899878602000058 51.144075890000067)",Unfall 39760 (2024) Kat:2, Licht: 0,39760,2,3,5,06,19,2,0,0,0,1,0,0,0,1
"POINT (6.797228373000053 51.269617357000072)",Unfall 39763 (2024) Kat:3, Licht: 0,39763,3,6,2,06,16,2,0,0,0,1,0,1,0,0
"POINT (6.844743731000051 51.167564357000060)",Unfall 39839 (2024) Kat:3, Licht: 2,39839,3,6,8,06,01,1,0,2,1,1,0,0,0,0
"POINT (6.771348705000037 51.242688163000082)",Unfall 39915 (2024) Kat:3, Licht: 0,39915,3,6,3,06,14,7,0,0,0,1,0,0,0,0
"POINT (6.856091132000074 51.237221188000035)",Unfall 39916 (2024) Kat:3, Licht: 0,39916,3,5,3,06,10,7,0,0,1,1,0,0,0,0
"POINT (6.818506770000056 51.270965705000037)",Unfall 39966 (2024) Kat:3, Licht: 0,39966,3,3,5,06,11,6,0,0,1,0,0,0,0,1
"POINT (6.770196341000030 51.278294827000082)",Unfall 40016 (2024) Kat:3, Licht: 0,40016,3,3,0,05,07,6,0,0,0,1,0,0,0,0
"POINT (6.800670864000040 51.250775694000026)",Unfall 40017 (2024) Kat:2, Licht: 0,40017,2,3,5,05,18,6,0,0,0,1,0,0,0,1
"POINT (6.769988462000072 51.253874711000037)",Unfall 40018 (2024) Kat:3, Licht: 0,40018,3,3,5,05,09,6,1,0,0,1,0,0,0,1
"POINT (6.773709308000036 51.231734368000048)",Unfall 40019 (2024) Kat:3, Licht: 0,40019,3,1,6,05,17,6,0,0,1,0,1,0,0,0
"POINT (6.884859240000026 51.177795592000052)",Unfall 40105 (2024) Kat:3, Licht: 0,40105,3,1,9,05,18,5,0,0,0,0,0,1,0,0
"POINT (6.798032091000039 51.212749762000044)",Unfall 40180 (2024) Kat:3, Licht: 0,40180,3,2,3,06,17,5,0,0,1,1,0,0,0,0
"POINT (6.821830407000050 51.238770438000074)",Unfall 40231 (2024) Kat:3, Licht: 0,40231,3,2,5,05,13,4,1,0,0,0,0,0,0,1
"POINT (6.806450280000035 51.258134061000078)",Unfall 40232 (2024) Kat:3, Licht: 0,40232,3,7,3,05,09,4,1,0,0,1,0,0,0,1
"POINT (6.771196750000058 51.253150348000077)",Unfall 40234 (2024) Kat:3, Licht: 0,40234,3,6,2,05,08,4,1,0,0,1,0,0,0,0
"POINT (6.794548241000030 51.225609719000033)",Unfall 40235 (2024) Kat:3, Licht: 0,40235,3,2,6,05,14,4,1,0,0,1,1,0,0,0
"POINT (6.775077288000034 51.186035301000061)",Unfall 40385 (2024) Kat:3, Licht: 0,40385,3,6,2,05,16,3,0,0,0,1,0,0,0,0
"POINT (6.771196750000058 51.253150348000077)",Unfall 40387 (2024) Kat:3, Licht: 1,40387,3,3,5,05,18,3,1,1,0,1,0,0,0,0
"POINT (6.770404922000068 51.253658409000082)",Unfall 40388 (2024) Kat:3, Licht: 1,40388,3,6,2,05,18,3,1,1,1,1,0,0,1,0
"POINT (6.787343572000054 51.227805871000044)",Unfall 40389 (2024) Kat:3, Licht: 0,40389,3,7,0,05,12,3,0,0,0,0,0,0,0,1
"POINT (6.817783432000056 51.234261330000038)",Unfall 40393 (2024) Kat:3, Licht: 0,40393,3,7,6,05,17,5,0,0,0,1,1,0,0,0
"POINT (6.863652002000038 51.213110530000051)",Unfall 40539 (2024) Kat:2, Licht: 0,40539,2,4,6,05,18,2,1,0,0,1,1,0,0,0
"POINT (6.792849913000055 51.230757799000060)",Unfall 40541 (2024) Kat:3, Licht: 0,40541,3,5,1,05,13,2,0,0,1,1,0,0,0,0
"POINT (6.810398766000048 51.262278542000047)",Unfall 40542 (2024) Kat:3, Licht: 0,40542,3,6,0,05,14,2,0,0,1,0,0,0,0,0
"POINT (6.801922734000073 51.252406819000043)",Unfall 40565 (2024) Kat:3, Licht: 0,40565,3,3,5,06,10,5,0,0,1,1,0,0,0,0
"POINT (6.787484601000074 51.234314818000030)",Unfall 40566 (2024) Kat:3, Licht: 0,40566,3,5,1,06,09,5,0,0,0,1,0,0,0,0
"POINT (6.889054442000031 51.260868455000036)",Unfall 40701 (2024) Kat:3, Licht: 0,40701,3,3,5,06,07,4,0,0,1,1,0,0,0,0
"POINT (6.806505400000049 51.218472508000048)",Unfall 40702 (2024) Kat:3, Licht: 0,40702,3,2,5,06,17,4,0,0,0,1,0,1,0,0
"POINT (6.744443484000044 51.240553974000079)",Unfall 40855 (2024) Kat:3, Licht: 0,40855,3,6,2,06,13,3,0,0,0,1,0,0,0,0
"POINT (6.751832215000036 51.231935741000029)",Unfall 40856 (2024) Kat:3, Licht: 0,40856,3,2,5,06,12,3,0,0,1,1,0,0,0,0
"POINT (6.840070423000043 51.197741661000066)",Unfall 40980 (2024) Kat:3, Licht: 1,40980,3,3,5,06,21,2,0,1,0,1,0,1,0,0
"POINT (6.739185678000069 51.198271869000052)",Unfall 40981 (2024) Kat:3, Licht: 0,40981,3,6,2,06,18,2,0,0,0,1,0,0,0,0
"POINT (6.782855161000043 51.206741370000032)",Unfall 40982 (2024) Kat:3, Licht: 0,40982,3,2,4,06,18,2,0,0,0,1,0,0,0,0
"POINT (6.787068746000045 51.230827060000081)",Unfall 40983 (2024) Kat:3, Licht: 0,40983,3,3,5,06,18,2,0,0,1,0,0,0,0,0
"POINT (6.735997002000033 51.296157624000045)",Unfall 40984 (2024) Kat:3, Licht: 0,40984,3,3,5,06,15,2,0,0,1,1,0,0,0,0
"POINT (6.782088753000039 51.218787819000056)",Unfall 41097 (2024) Kat:3, Licht: 2,41097,3,3,5,06,02,1,0,2,1,1,0,0,0,0
"POINT (6.775544114000070 51.238689241000031)",Unfall 41098 (2024) Kat:3, Licht: 0,41098,3,7,2,06,20,1,0,0,1,1,0,0,0,0
"POINT (6.738759693000077 51.299518361000025)",Unfall 41100 (2024) Kat:3, Licht: 0,41100,3,5,0,06,12,1,0,0,1,1,0,0,0,1
"POINT (6.834682635000036 51.239921584000058)",Unfall 41220 (2024) Kat:3, Licht: 0,41220,3,1,4,06,17,7,0,0,1,1,0,0,0,0
"POINT (6.800573201000020 51.210580677000053)",Unfall 41221 (2024) Kat:3, Licht: 0,41221,3,2,4,06,17,7,0,0,1,1,0,0,0,0
"POINT (6.747004745000027 51.231140384000071)",Unfall 41222 (2024) Kat:3, Licht: 0,41222,3,3,5,06,15,7,0,0,1,1,0,0,0,0
"POINT (6.854178521000051 51.190388990000031)",Unfall 41347 (2024) Kat:2, Licht: 0,41347,2,1,8,06,05,6,1,0,0,1,0,0,0,0
"POINT (6.776172279000036 51.201740215000029)",Unfall 41348 (2024) Kat:3, Licht: 0,41348,3,1,0,06,14,6,1,0,1,0,0,0,0,0
"POINT (6.782074212000055 51.250009726000030)",Unfall 41349 (2024) Kat:3, Licht: 0,41349,3,1,0,06,05,6,1,0,0,0,0,1,0,0
"POINT (6.763826579000067 51.256436038000061)",Unfall 41350 (2024) Kat:3, Licht: 0,41350,3,6,3,06,19,6,1,0,0,1,0,0,0,0
"POINT (6.787622395000028 51.224139365000042)",Unfall 41351 (2024) Kat:3, Licht: 0,41351,3,3,0,06,14,6,1,0,0,1,0,0,0,1
"POINT (6.794211423000036 51.225967905000061)",Unfall 41401 (2024) Kat:3, Licht: 0,41401,3,7,5,06,09,2,0,0,0,1,0,0,0,1
"POINT (6.826557297000022 51.266389293000032)",Unfall 41491 (2024) Kat:3, Licht: 0,41491,3,6,1,06,07,5,0,0,0,1,0,0,0,0
"POINT (6.735297358000025 51.231695147000039)",Unfall 41492 (2024) Kat:2, Licht: 2,41492,2,1,9,06,02,5,0,2,0,1,0,0,0,0
"POINT (6.864705467000022 51.188476521000041)",Unfall 41626 (2024) Kat:3, Licht: 0,41626,3,2,5,06,21,4,0,0,1,1,0,0,0,0
"POINT (6.821803268000053 51.245599410000068)",Unfall 41627 (2024) Kat:3, Licht: 0,41627,3,2,5,06,17,4,0,0,1,1,0,0,0,0
"POINT (6.808905937000077 51.231935582000062)",Unfall 41628 (2024) Kat:3, Licht: 0,41628,3,2,5,06,14,4,0,0,0,1,0,0,0,1
"POINT (6.782284021000066 51.283737732000077)",Unfall 41629 (2024) Kat:3, Licht: 0,41629,3,3,5,06,08,4,0,0,0,1,0,0,0,0
"POINT (6.802194891000056 51.252911734000065)",Unfall 41630 (2024) Kat:3, Licht: 0,41630,3,2,5,06,08,4,0,0,1,1,0,0,0,0
"POINT (6.793058521000034 51.227179733000071)",Unfall 41633 (2024) Kat:3, Licht: 0,41633,3,5,1,06,19,4,0,0,1,1,0,0,0,0
"POINT (6.750667172000021 51.242122520000066)",Unfall 41634 (2024) Kat:3, Licht: 0,41634,3,6,0,06,16,4,0,0,0,1,0,0,0,1
"POINT (6.739145703000077 51.300989346000051)",Unfall 41787 (2024) Kat:3, Licht: 0,41787,3,1,0,07,15,5,1,0,0,0,0,1,0,0
"POINT (6.760792028000026 51.231488550000051)",Unfall 41788 (2024) Kat:3, Licht: 0,41788,3,6,4,07,17,5,0,0,1,0,0,0,0,0
"POINT (6.787766606000048 51.200951306000036)",Unfall 41873 (2024) Kat:3, Licht: 0,41873,3,1,5,07,18,4,0,0,1,1,0,0,0,0
"POINT (6.763210552000032 51.318078849000074)",Unfall 41875 (2024) Kat:3, Licht: 0,41875,3,6,3,07,07,4,1,0,0,1,0,1,0,0
"POINT (6.821901196000056 51.247414346000028)",Unfall 41998 (2024) Kat:3, Licht: 0,41998,3,2,3,07,19,3,0,0,0,1,0,0,0,1
"POINT (6.802774610000029 51.285444022000036)",Unfall 41999 (2024) Kat:3, Licht: 0,41999,3,2,5,07,18,3,0,0,1,1,0,0,0,0
"POINT (6.774623220000024 51.239551503000030)",Unfall 42000 (2024) Kat:3, Licht: 0,42000,3,3,5,07,16,3,0,0,1,1,0,0,0,0
"POINT (6.803244017000054 51.215906014000041)",Unfall 42001 (2024) Kat:3, Licht: 0,42001,3,7,0,07,14,3,0,0,0,1,0,0,0,1
"POINT (6.793852368000046 51.226349730000038)",Unfall 42002 (2024) Kat:3, Licht: 0,42002,3,6,3,07,11,3,0,0,0,1,0,0,0,0
"POINT (6.782472149000057 51.222919124000043)",Unfall 42003 (2024) Kat:3, Licht: 0,42003,3,4,6,07,06,3,0,0,1,0,1,0,0,0
"POINT (6.788081997000063 51.226515350000057)",Unfall 42114 (2024) Kat:3, Licht: 0,42114,3,2,5,07,10,2,0,0,1,1,0,0,0,0
"POINT (6.817211360000044 51.258611433000056)",Unfall 42192 (2024) Kat:3, Licht: 0,42192,3,1,1,07,17,1,0,0,0,1,0,0,0,0
"POINT (6.802089779000028 51.248226377000037)",Unfall 42193 (2024) Kat:3, Licht: 1,42193,3,7,6,07,04,1,0,1,0,0,1,0,0,1
"POINT (6.771739673000070 51.232635864000031)",Unfall 42194 (2024) Kat:3, Licht: 0,42194,3,2,4,07,19,1,0,0,0,1,0,0,0,0
"POINT (6.890981157000056 51.152387264000026)",Unfall 42271 (2024) Kat:2, Licht: 0,42271,2,1,9,07,19,7,0,0,0,1,0,0,0,0
"POINT (6.903460668000037 51.130393339000079)",Unfall 42358 (2024) Kat:3, Licht: 0,42358,3,1,0,07,16,6,1,0,0,0,0,1,0,0
"POINT (6.822612934000063 51.238430594000079)",Unfall 42359 (2024) Kat:2, Licht: 0,42359,2,2,3,07,14,6,1,0,0,1,0,0,0,1
"POINT (6.809840228000041 51.221536905000050)",Unfall 42360 (2024) Kat:3, Licht: 0,42360,3,1,1,07,13,6,1,0,0,1,0,0,1,0
"POINT (6.829459260000021 51.227427656000032)",Unfall 42361 (2024) Kat:3, Licht: 0,42361,3,3,5,07,08,6,0,0,1,1,0,0,0,0
"POINT (6.793401241000026 51.226816296000038)",Unfall 42362 (2024) Kat:3, Licht: 2,42362,3,1,0,07,22,6,0,2,0,0,0,0,0,1
"POINT (6.743447905000039 51.311131852000074)",Unfall 42467 (2024) Kat:3, Licht: 0,42467,3,3,5,07,20,5,0,0,0,1,0,0,0,0
"POINT (6.807682819000036 51.234052302000066)",Unfall 42468 (2024) Kat:2, Licht: 0,42468,2,1,9,07,11,5,1,0,0,1,0,0,0,0
"POINT (6.763530642000035 51.319150434000051)",Unfall 42469 (2024) Kat:3, Licht: 0,42469,3,1,9,07,10,5,1,0,0,1,0,0,0,0
"POINT (6.807258237000042 51.253897153000082)",Unfall 42470 (2024) Kat:3, Licht: 0,42470,3,3,5,07,07,5,1,0,1,1,0,0,0,0
"POINT (6.738075960000060 51.287749140000074)",Unfall 42574 (2024) Kat:2, Licht: 0,42574,2,1,8,07,16,4,1,0,0,1,0,0,0,0
"POINT (6.791914519000045 51.273618603000045)",Unfall 42575 (2024) Kat:3, Licht: 0,42575,3,6,2,07,13,4,1,0,0,1,0,0,0,0
"POINT (6.847400648000075 51.229797036000036)",Unfall 42576 (2024) Kat:3, Licht: 0,42576,3,2,5,07,10,4,0,0,0,1,0,0,0,0
"POINT (6.810567746000061 51.245018047000030)",Unfall 42577 (2024) Kat:3, Licht: 0,42577,3,3,5,07,13,4,0,0,0,1,0,0,0,0
"POINT (6.800952767000069 51.214992842000072)",Unfall 42578 (2024) Kat:3, Licht: 0,42578,3,6,1,07,08,4,0,0,0,1,0,1,0,0
"POINT (6.855744594000043 51.194076204000055)",Unfall 42704 (2024) Kat:3, Licht: 0,42704,3,6,2,07,12,3,1,0,0,1,0,0,0,0
"POINT (6.794399875000067 51.252900830000044)",Unfall 42705 (2024) Kat:2, Licht: 0,42705,2,1,0,07,13,3,1,0,0,0,0,1,0,0
"POINT (6.782840814000053 51.222970346000068)",Unfall 42706 (2024) Kat:3, Licht: 2,42706,3,3,5,07,23,3,0,2,0,1,0,0,0,0
"POINT (6.780724980000059 51.230918123000038)",Unfall 42707 (2024) Kat:3, Licht: 0,42707,3,7,0,07,14,3,1,0,1,0,1,0,0,0
"POINT (6.757194380000044 51.200966935000054)",Unfall 42841 (2024) Kat:3, Licht: 0,42841,3,5,1,07,09,2,0,0,0,1,0,0,0,0
"POINT (6.787302402000023 51.228664574000049)",Unfall 42843 (2024) Kat:2, Licht: 0,42843,2,2,2,07,14,2,0,0,0,1,0,0,0,1
"POINT (6.782180869000058 51.226591144000054)",Unfall 42844 (2024) Kat:3, Licht: 0,42844,3,6,3,07,15,2,0,0,0,1,0,1,0,0
"POINT (6.863703034000025 51.213169390000076)",Unfall 42943 (2024) Kat:3, Licht: 0,42943,3,4,6,06,16,1,0,0,0,0,1,0,0,1
"POINT (6.732211239000037 51.198717548000047)",Unfall 43066 (2024) Kat:2, Licht: 0,43066,2,6,2,06,11,7,0,0,0,1,0,0,0,0
"POINT (6.790744915000062 51.199555796000027)",Unfall 43067 (2024) Kat:3, Licht: 0,43067,3,2,4,06,11,7,0,0,1,1,0,0,0,0
"POINT (6.760247830000026 51.213309511000034)",Unfall 43068 (2024) Kat:3, Licht: 0,43068,3,7,8,06,07,7,0,0,0,1,0,0,0,0
"POINT (6.810500732000037 51.232306729000072)",Unfall 43071 (2024) Kat:3, Licht: 0,43071,3,6,0,06,19,7,0,0,0,1,0,1,0,0
"POINT (6.767587491000029 51.231520592000038)",Unfall 43072 (2024) Kat:3, Licht: 0,43072,3,1,0,06,18,7,0,0,0,0,0,0,0,1
"POINT (6.797634663000053 51.212455938000062)",Unfall 43073 (2024) Kat:3, Licht: 0,43073,3,3,5,06,16,7,0,0,0,1,0,0,0,1
"POINT (6.803408268000055 51.216201683000065)",Unfall 43074 (2024) Kat:2, Licht: 0,43074,2,3,5,06,11,7,0,0,1,1,0,0,0,0
"POINT (6.801391287000058 51.195739930000059)",Unfall 43095 (2024) Kat:3, Licht: 0,43095,3,6,3,07,20,4,0,0,0,1,0,0,0,1
"POINT (6.793503499000053 51.271641026000054)",Unfall 43251 (2024) Kat:3, Licht: 0,43251,3,1,9,06,13,6,0,0,0,1,0,0,0,0
"POINT (6.760745019000069 51.262000573000080)",Unfall 43374 (2024) Kat:3, Licht: 0,43374,3,6,1,07,14,3,1,0,0,1,0,0,0,0
"POINT (6.786835805000067 51.243988569000066)",Unfall 43430 (2024) Kat:3, Licht: 0,43430,3,2,5,08,13,6,0,0,0,1,0,0,0,0
"POINT (6.783253122000076 51.203008034000050)",Unfall 43522 (2024) Kat:2, Licht: 0,43522,2,1,0,08,15,5,1,0,0,0,0,1,0,0
"POINT (6.811838386000034 51.256917274000045)",Unfall 43523 (2024) Kat:2, Licht: 0,43523,2,6,4,08,19,5,1,0,0,1,0,0,0,0
"POINT (6.806936072000042 51.219041431000051)",Unfall 43525 (2024) Kat:3, Licht: 0,43525,3,3,5,08,16,5,1,0,1,1,0,0,0,0
"POINT (6.859846416000039 51.209317577000036)",Unfall 43604 (2024) Kat:3, Licht: 2,43604,3,2,2,07,22,4,0,2,0,1,0,0,0,0
"POINT (6.755297793000068 51.292794928000035)",Unfall 43605 (2024) Kat:3, Licht: 0,43605,3,6,2,07,15,4,0,0,0,1,0,0,0,0
"POINT (6.862162239000043 51.211409845000048)",Unfall 43678 (2024) Kat:3, Licht: 2,43678,3,1,8,07,22,3,0,2,0,1,0,0,0,0
"POINT (6.851041556000041 51.202897431000054)",Unfall 43680 (2024) Kat:2, Licht: 2,43680,2,1,1,07,22,3,0,2,1,0,0,0,0,1
"POINT (6.781618661000039 51.251205282000058)",Unfall 43681 (2024) Kat:3, Licht: 0,43681,3,4,6,07,12,3,0,0,0,1,1,0,0,0
"POINT (6.794947851000074 51.230091219000030)",Unfall 43682 (2024) Kat:3, Licht: 2,43682,3,1,0,07,04,3,0,2,0,0,0,0,0,1
"POINT (6.803552189000072 51.216051792000030)",Unfall 43683 (2024) Kat:3, Licht: 0,43683,3,3,5,07,13,3,0,0,1,1,0,0,0,0
"POINT (6.854310485000042 51.162449217000074)",Unfall 43925 (2024) Kat:3, Licht: 0,43925,3,1,0,07,15,7,1,0,1,0,0,0,0,0
"POINT (6.810567746000061 51.245018047000030)",Unfall 43926 (2024) Kat:3, Licht: 0,43926,3,6,2,07,17,7,0,0,0,1,0,0,0,0
"POINT (6.861234910000064 51.223212198000056)",Unfall 43927 (2024) Kat:3, Licht: 0,43927,3,1,4,07,15,7,1,0,0,1,0,0,1,1
"POINT (6.780280422000033 51.253962273000070)",Unfall 43928 (2024) Kat:3, Licht: 0,43928,3,6,3,07,08,7,0,0,0,1,0,1,0,0
"POINT (6.847078043000067 51.189898913000036)",Unfall 43999 (2024) Kat:3, Licht: 0,43999,3,6,3,07,12,6,0,0,0,1,0,0,1,0
"POINT (6.749983948000022 51.271601734000058)",Unfall 44001 (2024) Kat:3, Licht: 2,44001,3,3,5,07,05,6,1,2,0,1,0,0,0,0
"POINT (6.748844201000054 51.270907247000082)",Unfall 44180 (2024) Kat:3, Licht: 0,44180,3,6,3,07,07,4,0,0,0,1,0,0,1,0
"POINT (6.815746382000043 51.192780798000058)",Unfall 44182 (2024) Kat:3, Licht: 2,44182,3,6,3,07,18,4,0,2,0,1,0,1,0,0
"POINT (6.839321764000033 51.170722871000066)",Unfall 44183 (2024) Kat:3, Licht: 0,44183,3,1,0,07,17,4,0,0,1,0,0,0,0,0
"POINT (6.700922677000051 51.231572192000044)",Unfall 44184 (2024) Kat:3, Licht: 0,44184,3,2,0,07,08,4,1,0,1,1,0,0,0,0
"POINT (6.749914860000047 51.271643207000068)",Unfall 44287 (2024) Kat:3, Licht: 0,44287,3,3,5,07,14,3,0,0,0,1,0,0,0,0
"POINT (6.787535121000076 51.224045973000045)",Unfall 44288 (2024) Kat:3, Licht: 0,44288,3,6,3,07,14,3,0,0,0,1,0,0,0,1
"POINT (6.857706292000046 51.191263880000065)",Unfall 44384 (2024) Kat:3, Licht: 0,44384,3,6,2,07,17,2,0,0,0,1,0,0,0,0
"POINT (6.778340480000054 51.202215505000026)",Unfall 44385 (2024) Kat:3, Licht: 0,44385,3,6,2,07,14,2,0,0,0,1,0,0,0,0
"POINT (6.840003524000053 51.244825302000038)",Unfall 44386 (2024) Kat:3, Licht: 0,44386,3,1,8,07,18,2,0,0,0,1,0,0,0,0
"POINT (6.883366520000038 51.203235667000058)",Unfall 44402 (2024) Kat:2, Licht: 0,44402,2,3,5,07,17,4,0,0,1,1,0,0,0,0
"POINT (6.785100522000050 51.242953426000042)",Unfall 44557 (2024) Kat:3, Licht: 0,44557,3,3,5,07,15,7,0,0,0,1,0,0,0,1
"POINT (6.756189077000045 51.231637863000060)",Unfall 44558 (2024) Kat:3, Licht: 1,44558,3,7,3,07,21,7,1,1,0,1,0,0,0,1
"POINT (6.780793925000069 51.230170688000044)",Unfall 44559 (2024) Kat:3, Licht: 0,44559,3,7,3,07,18,7,0,0,0,1,0,0,0,1
"POINT (6.745670902000029 51.230405450000035)",Unfall 44560 (2024) Kat:3, Licht: 0,44560,3,5,1,07,11,7,0,0,0,1,0,0,0,1
"POINT (6.903107079000051 51.140855410000029)",Unfall 44659 (2024) Kat:3, Licht: 0,44659,3,3,5,07,16,6,0,0,0,1,0,0,0,0
"POINT (6.810186526000052 51.262351461000037)",Unfall 44660 (2024) Kat:3, Licht: 0,44660,3,4,5,07,19,6,0,0,0,1,1,0,0,0