WKT,Name,OBJECTID,UKATEGORIE,UTYP1,UART,UMONAT,USTUNDE,UWOCHENTAG,STRZUSTAND,ULICHTVERH,ISTRAD,ISTPKW,ISTFUSS,ISTKRAD,ISTGKFZ,ISTSONSTIG
"POINT (6.746340865000036 51.230729909000047)",Unfall 44661 (2024) Kat:3, Licht: 0,44661,3,7,6,07,20,6,0,0,0,1,1,0,0,0
"POINT (6.775404533000028 51.231708690000062)",Unfall 44662 (2024) Kat:3, Licht: 2,44662,3,1,0,07,23,6,0,2,1,0,0,0,0,0
"POINT (6.806888797000056 51.168941174000054)",Unfall 44665 (2024) Kat:3, Licht: 0,44665,3,2,5,07,08,7,0,0,1,1,0,0,0,0
"POINT (6.773252881000076 51.231732073000046)",Unfall 44799 (2024) Kat:3, Licht: 0,44799,3,7,0,07,15,5,0,0,1,0,0,0,0,1
"POINT (6.822010245000058 51.250939090000031)",Unfall 44800 (2024) Kat:3, Licht: 0,44800,3,7,6,07,10,5,0,0,0,0,1,0,0,1
"POINT (6.836601683000026 51.227177502000075)",Unfall 44884 (2024) Kat:3, Licht: 0,44884,3,6,2,07,15,4,0,0,0,1,0,0,0,0
"POINT (6.801428788000067 51.210548245000041)",Unfall 44885 (2024) Kat:3, Licht: 1,44885,3,3,5,07,21,4,0,1,1,1,0,0,0,0
"POINT (6.873111639000058 51.211277896000070)",Unfall 44999 (2024) Kat:3, Licht: 2,44999,3,2,4,07,22,3,0,2,0,1,0,0,0,0
"POINT (6.835297932000060 51.196174941000038)",Unfall 45000 (2024) Kat:3, Licht: 0,45000,3,6,0,07,16,3,1,0,0,0,0,0,0,1
"POINT (6.762216969000065 51.200574300000028)",Unfall 45001 (2024) Kat:3, Licht: 0,45001,3,2,3,07,12,3,0,0,1,0,0,0,1,0
"POINT (6.744431488000032 51.229761040000028)",Unfall 45124 (2024) Kat:3, Licht: 0,45124,3,2,6,07,18,2,0,0,0,1,0,0,0,1
"POINT (6.765499883000075 51.250302504000047)",Unfall 45125 (2024) Kat:3, Licht: 0,45125,3,1,0,07,17,2,0,0,1,0,0,0,0,0
"POINT (6.749939510000047 51.271608179000054)",Unfall 45126 (2024) Kat:3, Licht: 0,45126,3,3,5,07,17,2,0,0,0,1,0,0,0,0
"POINT (6.783751235000068 51.274915407000037)",Unfall 45129 (2024) Kat:3, Licht: 0,45129,3,7,0,07,13,2,0,0,0,1,0,0,0,1
"POINT (6.850064114000077 51.231478583000069)",Unfall 45132 (2024) Kat:3, Licht: 0,45132,3,1,0,07,08,2,0,0,1,0,0,0,0,0
"POINT (6.749699687000032 51.233311343000082)",Unfall 45133 (2024) Kat:3, Licht: 0,45133,3,7,2,07,17,2,0,0,0,1,0,1,0,0
"POINT (6.799516963000031 51.251517484000033)",Unfall 45281 (2024) Kat:3, Licht: 0,45281,3,3,5,07,05,1,0,0,0,1,0,0,0,1
"POINT (6.771672607000028 51.236015460000033)",Unfall 45363 (2024) Kat:3, Licht: 0,45363,3,6,2,07,17,7,0,0,0,1,0,0,0,0
"POINT (6.810381340000049 51.232278615000041)",Unfall 45447 (2024) Kat:3, Licht: 0,45447,3,3,5,07,17,3,0,0,0,1,0,0,0,0
"POINT (6.756646044000036 51.271794499000066)",Unfall 45452 (2024) Kat:3, Licht: 0,45452,3,1,3,07,08,6,1,0,0,1,0,0,0,0
"POINT (6.831775283000070 51.204454719000069)",Unfall 45455 (2024) Kat:3, Licht: 0,45455,3,6,0,07,11,6,1,0,1,1,0,0,0,0
"POINT (6.749920899000074 51.271634625000047)",Unfall 45456 (2024) Kat:3, Licht: 0,45456,3,3,5,07,11,6,0,0,0,1,0,0,0,0
"POINT (6.762426561000041 51.231498588000079)",Unfall 45457 (2024) Kat:3, Licht: 0,45457,3,7,6,07,17,6,0,0,0,1,0,0,0,1
"POINT (6.781940979000069 51.220416181000076)",Unfall 45577 (2024) Kat:3, Licht: 0,45577,3,3,5,08,16,4,0,0,0,1,0,0,0,1
"POINT (6.739531449000026 51.198277898000072)",Unfall 45633 (2024) Kat:3, Licht: 1,45633,3,6,2,08,20,3,1,1,0,1,0,0,0,0
"POINT (6.868499407000058 51.190008441000032)",Unfall 45720 (2024) Kat:3, Licht: 0,45720,3,1,8,08,08,2,0,0,0,1,0,0,0,0
"POINT (6.810610686000075 51.262189883000076)",Unfall 45803 (2024) Kat:3, Licht: 0,45803,3,2,6,08,14,1,0,0,0,1,1,0,0,0
"POINT (6.794548241000030 51.225609719000033)",Unfall 45804 (2024) Kat:3, Licht: 0,45804,3,4,6,08,09,1,0,0,0,1,1,0,0,0
"POINT (6.819225503000041 51.192227954000032)",Unfall 45919 (2024) Kat:3, Licht: 0,45919,3,6,0,08,14,7,0,0,0,1,0,0,0,0
"POINT (6.770497116000058 51.279315948000033)",Unfall 45921 (2024) Kat:3, Licht: 0,45921,3,6,3,08,13,7,0,0,0,1,0,0,0,0
"POINT (6.783017599000061 51.280434236000076)",Unfall 45922 (2024) Kat:3, Licht: 0,45922,3,7,0,08,15,7,0,0,0,0,0,0,0,1
"POINT (6.782785746000059 51.213950240000031)",Unfall 46018 (2024) Kat:3, Licht: 2,46018,3,3,5,08,21,6,0,2,0,1,0,0,0,0
"POINT (6.869427388000076 51.223653069000079)",Unfall 46019 (2024) Kat:3, Licht: 0,46019,3,4,6,08,15,6,1,0,1,0,1,0,0,0
"POINT (6.807388119000052 51.274572799000055)",Unfall 46096 (2024) Kat:3, Licht: 0,46096,3,2,5,08,15,1,0,0,0,1,0,0,0,0
"POINT (6.833681024000043 51.226876177000065)",Unfall 46104 (2024) Kat:3, Licht: 0,46104,3,6,4,08,10,3,0,0,0,1,0,0,1,0
"POINT (6.818583857000021 51.207595961000038)",Unfall 46142 (2024) Kat:3, Licht: 0,46142,3,6,3,08,13,5,0,0,0,1,0,0,1,0
"POINT (6.927606372000071 51.255309874000034)",Unfall 46143 (2024) Kat:3, Licht: 2,46143,3,7,2,08,21,5,0,2,0,1,0,0,0,0
"POINT (6.775460843000076 51.200831079000068)",Unfall 46347 (2024) Kat:3, Licht: 0,46347,3,3,5,08,17,3,0,0,1,1,0,0,0,0
"POINT (6.764635451000061 51.250160617000063)",Unfall 46348 (2024) Kat:3, Licht: 0,46348,3,3,5,08,07,3,0,0,0,1,0,0,0,0
"POINT (6.785384049000072 51.275836978000029)",Unfall 46349 (2024) Kat:3, Licht: 2,46349,3,6,2,08,22,3,0,2,0,1,0,0,0,1
"POINT (6.808005670000057 51.208834257000035)",Unfall 46350 (2024) Kat:3, Licht: 0,46350,3,6,2,08,08,3,0,0,0,1,0,0,0,0
"POINT (6.914065392000055 51.257949229000076)",Unfall 46423 (2024) Kat:3, Licht: 0,46423,3,6,9,08,17,3,0,0,0,1,0,0,0,0
"POINT (6.787537294000060 51.233556933000045)",Unfall 46458 (2024) Kat:3, Licht: 0,46458,3,7,9,08,19,2,0,0,0,1,0,0,0,1
"POINT (6.750214392000032 51.271117557000082)",Unfall 46459 (2024) Kat:3, Licht: 0,46459,3,1,2,08,14,2,0,0,0,1,0,0,0,0
"POINT (6.838207889000046 51.197709726000028)",Unfall 46538 (2024) Kat:3, Licht: 0,46538,3,7,3,08,17,1,0,0,0,1,0,1,0,0
"POINT (6.819709334000038 51.192022697000027)",Unfall 46623 (2024) Kat:2, Licht: 2,46623,2,6,8,08,23,7,0,2,0,1,0,0,0,0
"POINT (6.801582625000037 51.243413359000044)",Unfall 46624 (2024) Kat:2, Licht: 0,46624,2,2,6,08,15,7,0,0,0,1,1,0,0,0
"POINT (6.701998443000036 51.233029157000033)",Unfall 46626 (2024) Kat:3, Licht: 0,46626,3,6,2,08,13,7,0,0,0,1,0,0,0,0
"POINT (6.771256060000042 51.253073910000069)",Unfall 46800 (2024) Kat:3, Licht: 0,46800,3,6,2,08,18,3,0,0,0,1,0,0,0,0
"POINT (6.771196750000058 51.253150348000077)",Unfall 46801 (2024) Kat:3, Licht: 0,46801,3,2,5,08,18,3,0,0,1,1,0,0,0,0
"POINT (6.776702896000074 51.253575928000032)",Unfall 46802 (2024) Kat:3, Licht: 0,46802,3,6,2,08,07,3,0,0,0,1,0,0,0,0
"POINT (6.804847978000055 51.216864597000040)",Unfall 46803 (2024) Kat:3, Licht: 0,46803,3,7,0,08,19,3,0,0,1,0,0,0,0,0
"POINT (6.768363267000041 51.272499537000044)",Unfall 46918 (2024) Kat:3, Licht: 0,46918,3,7,9,08,08,2,0,0,0,1,0,0,0,0
"POINT (6.783585933000040 51.203417074000072)",Unfall 46921 (2024) Kat:3, Licht: 0,46921,3,6,3,08,12,2,0,0,1,1,0,0,0,0
"POINT (6.806829972000060 51.231448345000047)",Unfall 46923 (2024) Kat:3, Licht: 0,46923,3,2,5,08,15,2,0,0,1,1,0,0,0,0
"POINT (6.774138641000036 51.240388469000038)",Unfall 46924 (2024) Kat:3, Licht: 0,46924,3,6,2,08,13,2,0,0,0,1,0,0,1,0
"POINT (6.755068480000034 51.231630220000056)",Unfall 46925 (2024) Kat:3, Licht: 0,46925,3,2,5,08,13,2,0,0,1,1,0,0,0,0
"POINT (6.772445699000059 51.276424751000036)",Unfall 47130 (2024) Kat:3, Licht: 2,47130,3,6,3,08,21,7,1,2,0,1,0,0,0,0
"POINT (6.863081994000026 51.212458767000044)",Unfall 47133 (2024) Kat:3, Licht: 0,47133,3,1,9,08,15,7,0,0,1,1,0,0,0,0
"POINT (6.786467532000074 51.214963453000053)",Unfall 47134 (2024) Kat:3, Licht: 0,47134,3,6,2,08,07,7,0,0,1,1,0,0,0,0
"POINT (6.787381717000073 51.244260693000058)",Unfall 47135 (2024) Kat:3, Licht: 0,47135,3,7,0,08,18,7,0,0,1,0,0,0,0,0
"POINT (6.822727015000055 51.263790002000064)",Unfall 47136 (2024) Kat:3, Licht: 0,47136,3,2,4,08,13,7,0,0,0,1,0,0,0,0
"POINT (6.749711570000045 51.233304427000064)",Unfall 47138 (2024) Kat:3, Licht: 0,47138,3,2,3,08,13,7,0,0,1,1,0,0,0,0
"POINT (6.796128731000067 51.229512467000063)",Unfall 47139 (2024) Kat:3, Licht: 0,47139,3,2,5,08,11,7,0,0,0,1,0,0,0,1
"POINT (6.708767340000065 51.238562231000060)",Unfall 47140 (2024) Kat:3, Licht: 2,47140,3,2,5,08,00,7,1,2,1,1,0,0,0,0
"POINT (6.825578736000068 51.206243426000071)",Unfall 47371 (2024) Kat:3, Licht: 0,47371,3,6,2,08,16,5,0,0,0,1,0,0,0,0
"POINT (6.857665205000046 51.191417570000056)",Unfall 47373 (2024) Kat:3, Licht: 0,47373,3,6,3,08,12,5,0,0,0,1,0,0,0,0
"POINT (6.791108045000044 51.212442537000072)",Unfall 47374 (2024) Kat:3, Licht: 1,47374,3,4,0,08,20,5,0,1,1,0,1,0,0,0
"POINT (6.857489321000060 51.191975903000071)",Unfall 47477 (2024) Kat:3, Licht: 0,47477,3,6,2,08,13,5,0,0,0,1,0,0,0,0
"POINT (6.706821218000073 51.234038436000048)",Unfall 47507 (2024) Kat:3, Licht: 0,47507,3,6,2,08,06,4,0,0,0,1,0,1,0,0
"POINT (6.869491930000038 51.189854883000066)",Unfall 47510 (2024) Kat:3, Licht: 2,47510,3,1,0,08,22,4,0,2,0,0,0,1,0,0
"POINT (6.755566051000073 51.201090221000072)",Unfall 47511 (2024) Kat:3, Licht: 0,47511,3,2,5,08,13,4,0,0,0,1,0,0,0,0
"POINT (6.754064944000049 51.201062882000031)",Unfall 47512 (2024) Kat:3, Licht: 0,47512,3,7,0,08,12,4,0,0,0,1,0,0,0,0
"POINT (6.822010245000058 51.250939090000031)",Unfall 47513 (2024) Kat:3, Licht: 0,47513,3,2,5,08,17,4,0,0,0,1,0,0,0,1
"POINT (6.798085645000072 51.221809430000064)",Unfall 47514 (2024) Kat:3, Licht: 2,47514,3,6,2,08,21,4,0,2,0,1,0,0,0,0
"POINT (6.771432799000024 51.252864569000053)",Unfall 47543 (2024) Kat:3, Licht: 1,47543,3,3,5,08,20,2,0,1,0,1,0,0,0,0
"POINT (6.906776658000069 51.136118742000065)",Unfall 47631 (2024) Kat:3, Licht: 0,47631,3,6,4,08,14,3,0,0,0,1,0,0,0,0
"POINT (6.822010245000058 51.250939090000031)",Unfall 47632 (2024) Kat:3, Licht: 0,47632,3,3,5,08,19,3,0,0,0,1,0,0,0,1
"POINT (6.764943153000047 51.249887145000059)",Unfall 47633 (2024) Kat:3, Licht: 0,47633,3,6,3,08,16,3,0,0,0,1,0,0,0,1
"POINT (6.896985576000077 51.191151449000074)",Unfall 47769 (2024) Kat:3, Licht: 0,47769,3,6,2,08,10,2,0,0,0,0,0,0,1,1
"POINT (6.731841240000051 51.198739286000034)",Unfall 47770 (2024) Kat:3, Licht: 0,47770,3,6,2,08,16,2,0,0,0,1,0,0,0,0
"POINT (6.747684870000057 51.199732640000036)",Unfall 47771 (2024) Kat:3, Licht: 0,47771,3,6,2,08,16,2,0,0,0,1,0,0,0,0
"POINT (6.790662659000020 51.199593653000079)",Unfall 47772 (2024) Kat:3, Licht: 0,47772,3,3,5,08,10,2,0,0,0,1,0,0,0,1
"POINT (6.800939728000060 51.250966631000040)",Unfall 47773 (2024) Kat:3, Licht: 0,47773,3,6,3,08,20,2,0,0,0,1,0,0,0,0
"POINT (6.837574468000071 51.250292027000057)",Unfall 47774 (2024) Kat:3, Licht: 0,47774,3,7,7,08,12,2,0,0,0,1,0,0,0,0
"POINT (6.860647455000048 51.232825095000067)",Unfall 47775 (2024) Kat:3, Licht: 0,47775,3,1,0,08,10,2,0,0,1,0,0,0,0,0
"POINT (6.796016270000052 51.224065646000042)",Unfall 47776 (2024) Kat:3, Licht: 2,47776,3,6,6,08,23,2,0,2,1,0,1,0,0,0
"POINT (6.806802769000058 51.209071364000067)",Unfall 47777 (2024) Kat:3, Licht: 1,47777,3,6,0,08,20,2,0,1,0,1,0,1,0,0
"POINT (6.698050590000037 51.228468919000079)",Unfall 47778 (2024) Kat:3, Licht: 0,47778,3,5,1,08,15,2,0,0,1,1,0,0,0,0
"POINT (6.749940280000033 51.271607084000038)",Unfall 47881 (2024) Kat:3, Licht: 2,47881,3,3,5,08,05,1,1,2,0,1,0,0,0,0
"POINT (6.781852877000063 51.219758184000057)",Unfall 47882 (2024) Kat:2, Licht: 2,47882,2,2,6,08,00,1,0,2,0,1,1,0,0,0
"POINT (6.895327470000041 51.198511086000053)",Unfall 48002 (2024) Kat:3, Licht: 0,48002,3,6,4,08,10,7,0,0,1,0,0,0,0,0
"POINT (6.776183870000068 51.201748169000041)",Unfall 48003 (2024) Kat:3, Licht: 0,48003,3,3,5,08,15,7,0,0,0,1,0,0,0,1
"POINT (6.912490207000076 51.260208291000026)",Unfall 48004 (2024) Kat:2, Licht: 0,48004,2,3,5,08,15,7,0,0,0,1,0,0,0,0
"POINT (6.727609720000032 51.233176687000082)",Unfall 48005 (2024) Kat:3, Licht: 0,48005,3,2,5,08,18,7,0,0,1,1,0,0,0,0
"POINT (6.760088437000036 51.231484192000039)",Unfall 48091 (2024) Kat:3, Licht: 0,48091,3,3,5,08,13,6,0,0,1,1,0,0,0,0
"POINT (6.909836671000051 51.195192003000045)",Unfall 48106 (2024) Kat:3, Licht: 0,48106,3,7,1,08,09,6,0,0,0,1,0,0,0,0
"POINT (6.834532035000052 51.226917807000063)",Unfall 48107 (2024) Kat:3, Licht: 0,48107,3,7,0,08,14,6,0,0,0,0,0,0,0,1
"POINT (6.811515912000061 51.225249764000068)",Unfall 48108 (2024) Kat:3, Licht: 0,48108,3,2,5,08,13,6,0,0,0,1,0,0,1,0
"POINT (6.800693753000076 51.214809583000033)",Unfall 48110 (2024) Kat:3, Licht: 0,48110,3,3,5,08,11,6,0,0,1,1,0,0,0,0
"POINT (6.913261759000022 51.253428755000073)",Unfall 48257 (2024) Kat:3, Licht: 2,48257,3,6,3,08,00,5,0,2,0,1,0,0,1,0
"POINT (6.770762732000037 51.199983804000055)",Unfall 48258 (2024) Kat:1, Licht: 0,48258,1,2,5,08,17,5,0,0,0,0,0,0,0,1
"POINT (6.909588290000045 51.195289104000040)",Unfall 48259 (2024) Kat:2, Licht: 0,48259,2,3,5,08,06,5,0,0,0,0,0,0,0,1
"POINT (6.860761577000062 51.246650516000045)",Unfall 48260 (2024) Kat:3, Licht: 0,48260,3,6,3,08,13,5,0,0,1,1,0,0,0,0
"POINT (6.803604527000061 51.255344760000071)",Unfall 48261 (2024) Kat:3, Licht: 0,48261,3,3,5,08,08,5,0,0,1,1,0,0,0,0
"POINT (6.813635058000045 51.233052730000054)",Unfall 48262 (2024) Kat:2, Licht: 0,48262,2,6,2,08,09,5,0,0,0,1,0,0,0,0
"POINT (6.793778464000070 51.209567224000068)",Unfall 48263 (2024) Kat:3, Licht: 0,48263,3,6,4,08,19,5,0,0,1,0,0,0,0,0
"POINT (6.780647223000074 51.202432796000039)",Unfall 48339 (2024) Kat:3, Licht: 0,48339,3,6,2,09,13,7,0,0,0,1,0,1,0,0
"POINT (6.886393347000023 51.176283305000027)",Unfall 48404 (2024) Kat:2, Licht: 0,48404,2,6,2,09,12,7,0,0,0,1,0,0,0,1
"POINT (6.890774339000075 51.155837305000034)",Unfall 48416 (2024) Kat:3, Licht: 2,48416,3,6,0,09,23,6,0,2,0,1,0,0,0,0
"POINT (6.815021795000064 51.193187678000072)",Unfall 48417 (2024) Kat:3, Licht: 2,48417,3,1,8,09,22,6,0,2,0,1,0,0,0,0
"POINT (6.780170062000025 51.253958249000050)",Unfall 48419 (2024) Kat:3, Licht: 0,48419,3,2,5,09,12,6,0,0,1,1,0,0,0,0
"POINT (6.780167704000064 51.253976360000081)",Unfall 48420 (2024) Kat:3, Licht: 0,48420,3,3,5,09,11,6,0,0,0,1,0,0,0,0
"POINT (6.778412155000069 51.234349997000038)",Unfall 48421 (2024) Kat:3, Licht: 0,48421,3,7,0,09,09,6,0,0,0,0,0,0,0,1
"POINT (6.818954939000037 51.192052795000052)",Unfall 48503 (2024) Kat:3, Licht: 0,48503,3,6,1,09,13,5,0,0,0,1,0,0,0,1
"POINT (6.698487504000070 51.224934004000033)",Unfall 48504 (2024) Kat:3, Licht: 0,48504,3,6,3,09,09,5,0,0,0,0,0,0,0,1
"POINT (6.790106621000064 51.230702165000082)",Unfall 48505 (2024) Kat:3, Licht: 2,48505,3,7,0,09,01,5,0,2,1,0,0,0,0,0
"POINT (6.783849980000070 51.247253836000027)",Unfall 48695 (2024) Kat:3, Licht: 0,48695,3,4,6,09,20,3,0,0,0,1,1,0,0,0
"POINT (6.794353357000034 51.252908429000058)",Unfall 48696 (2024) Kat:3, Licht: 2,48696,3,1,0,09,22,3,1,2,0,0,0,1,0,0
"POINT (6.800416864000056 51.230319213000030)",Unfall 48697 (2024) Kat:3, Licht: 0,48697,3,5,1,09,14,3,0,0,1,1,0,0,0,0
"POINT (6.796643453000058 51.211711047000051)",Unfall 48698 (2024) Kat:3, Licht: 0,48698,3,6,2,09,11,3,0,0,0,1,0,0,0,0
"POINT (6.793402706000052 51.198478785000077)",Unfall 48790 (2024) Kat:3, Licht: 0,48790,3,1,0,09,10,2,1,0,1,0,0,0,0,0
"POINT (6.782573166000020 51.210992788000055)",Unfall 48792 (2024) Kat:3, Licht: 1,48792,3,1,0,09,06,2,1,1,1,0,0,0,0,0
"POINT (6.793928590000064 51.230443606000051)",Unfall 48793 (2024) Kat:3, Licht: 0,48793,3,2,6,09,18,2,1,0,0,1,1,0,0,0
"POINT (6.821901687000036 51.247423446000028)",Unfall 48794 (2024) Kat:3, Licht: 0,48794,3,2,5,09,17,2,1,0,0,1,0,0,0,1
"POINT (6.863431757000058 51.223174246000042)",Unfall 48795 (2024) Kat:2, Licht: 0,48795,2,1,8,09,16,2,1,0,0,0,0,1,0,0
"POINT (6.814367852000032 51.272202805000063)",Unfall 48796 (2024) Kat:2, Licht: 0,48796,2,7,4,09,07,2,1,0,0,0,0,0,0,1
"POINT (6.821133535000058 51.183802681000031)",Unfall 48878 (2024) Kat:3, Licht: 0,48878,3,2,5,09,16,1,0,0,1,1,0,0,0,0
"POINT (6.776210512000034 51.194886364000070)",Unfall 48991 (2024) Kat:3, Licht: 0,48991,3,6,2,09,15,7,0,0,0,1,0,0,0,1
"POINT (6.811447755000074 51.224806030000082)",Unfall 48992 (2024) Kat:3, Licht: 0,48992,3,2,3,09,17,7,0,0,1,1,0,0,0,0
"POINT (6.750319924000053 51.271055402000059)",Unfall 48993 (2024) Kat:3, Licht: 0,48993,3,3,5,09,08,7,0,0,0,1,0,0,0,0
"POINT (6.798345324000024 51.221537773000080)",Unfall 48994 (2024) Kat:3, Licht: 0,48994,3,4,6,09,16,7,0,0,1,0,1,0,0,0
"POINT (6.785956091000060 51.192067892000068)",Unfall 49120 (2024) Kat:3, Licht: 0,49120,3,6,3,09,14,6,0,0,0,1,0,0,1,0
"POINT (6.771912820000068 51.238179127000080)",Unfall 49121 (2024) Kat:3, Licht: 0,49121,3,2,5,09,18,6,0,0,1,1,0,0,0,0
"POINT (6.724371496000060 51.232362114000068)",Unfall 49122 (2024) Kat:3, Licht: 2,49122,3,7,5,09,20,6,0,2,0,1,0,0,0,1
"POINT (6.768363273000034 51.272499539000080)",Unfall 49240 (2024) Kat:3, Licht: 2,49240,3,1,8,09,12,5,0,2,0,1,0,0,0,0
"POINT (6.785986713000057 51.215263473000050)",Unfall 49241 (2024) Kat:3, Licht: 0,49241,3,6,3,09,14,5,0,0,0,1,0,1,0,0
"POINT (6.862695135000024 51.225595416000033)",Unfall 49242 (2024) Kat:3, Licht: 0,49242,3,1,1,09,11,5,0,0,1,1,0,0,0,0
"POINT (6.814172895000070 51.250635261000070)",Unfall 49243 (2024) Kat:3, Licht: 0,49243,3,3,5,09,17,5,0,0,0,1,0,1,0,0
"POINT (6.763271726000028 51.318039216000045)",Unfall 49244 (2024) Kat:3, Licht: 0,49244,3,2,5,09,17,5,0,0,1,1,0,0,0,0
"POINT (6.770747215000029 51.241767312000036)",Unfall 49245 (2024) Kat:3, Licht: 0,49245,3,3,5,09,15,5,0,0,0,1,0,0,0,0
"POINT (6.835803021000061 51.227188404000060)",Unfall 49246 (2024) Kat:3, Licht: 0,49246,3,6,2,09,08,5,0,0,1,0,0,0,0,1
"POINT (6.839085449000038 51.198347883000054)",Unfall 49337 (2024) Kat:3, Licht: 0,49337,3,6,3,09,07,6,0,0,0,1,0,0,0,1
"POINT (6.825917975000038 51.271085939000045)",Unfall 49382 (2024) Kat:3, Licht: 0,49382,3,3,5,09,17,4,0,0,0,1,0,1,0,0
"POINT (6.765574186000038 51.250628135000056)",Unfall 49383 (2024) Kat:3, Licht: 0,49383,3,4,6,09,12,4,0,0,0,1,1,0,0,0
"POINT (6.724167069000032 51.232461841000031)",Unfall 49398 (2024) Kat:3, Licht: 1,49398,3,2,5,09,19,5,0,1,1,1,0,0,0,0
"POINT (6.764388171000064 51.271463170000061)",Unfall 49516 (2024) Kat:3, Licht: 0,49516,3,6,2,09,14,3,0,0,0,1,0,0,0,0
"POINT (6.768363273000034 51.272499539000080)",Unfall 49519 (2024) Kat:3, Licht: 0,49519,3,6,2,09,08,3,0,0,0,1,0,0,0,0
"POINT (6.757137381000064 51.206739325000058)",Unfall 49520 (2024) Kat:3, Licht: 1,49520,3,6,1,09,21,3,1,1,0,1,0,0,0,0
"POINT (6.788325754000027 51.332602422000036)",Unfall 49521 (2024) Kat:3, Licht: 0,49521,3,3,1,09,16,3,0,0,0,1,0,1,0,0
"POINT (6.712280363000048 51.233331031000034)",Unfall 49522 (2024) Kat:3, Licht: 0,49522,3,6,2,09,14,3,0,0,0,1,0,0,0,0
"POINT (6.765507286000059 51.200414740000042)",Unfall 49659 (2024) Kat:3, Licht: 0,49659,3,6,2,09,17,2,1,0,0,1,0,0,0,0
"POINT (6.738823321000041 51.299788551000063)",Unfall 49660 (2024) Kat:3, Licht: 0,49660,3,7,5,09,16,2,0,0,1,1,0,0,0,0
"POINT (6.786135581000053 51.253955947000065)",Unfall 49661 (2024) Kat:3, Licht: 0,49661,3,2,6,09,13,2,0,0,0,1,1,0,0,0
"POINT (6.783516750000047 51.225313068000048)",Unfall 49662 (2024) Kat:3, Licht: 0,49662,3,3,5,09,12,2,0,0,0,1,0,0,0,0
"POINT (6.701065779000032 51.231503220000036)",Unfall 49663 (2024) Kat:3, Licht: 0,49663,3,6,2,09,07,2,0,0,0,1,0,0,0,0
"POINT (6.856105640000067 51.245451512000045)",Unfall 49727 (2024) Kat:3, Licht: 0,49727,3,2,5,09,08,6,0,0,1,0,0,1,0,0
"POINT (6.757997493000062 51.209509501000070)",Unfall 49765 (2024) Kat:2, Licht: 2,49765,2,1,8,09,22,1,0,2,0,0,0,1,0,0
"POINT (6.782926632000056 51.217641947000061)",Unfall 49766 (2024) Kat:3, Licht: 2,49766,3,6,3,09,02,1,0,2,0,1,0,0,0,0
"POINT (6.770729412000037 51.226589018000027)",Unfall 49767 (2024) Kat:3, Licht: 0,49767,3,6,4,09,10,1,0,0,1,0,0,0,0,0
"POINT (6.770432250000056 51.200014490000058)",Unfall 49781 (2024) Kat:3, Licht: 0,49781,3,3,5,09,07,6,0,0,0,1,0,0,0,1
"POINT (6.865569764000043 51.220713653000075)",Unfall 49889 (2024) Kat:3, Licht: 0,49889,3,1,0,08,19,7,0,0,0,0,0,1,0,0
"POINT (6.749984520000055 51.271538236000026)",Unfall 49890 (2024) Kat:3, Licht: 0,49890,3,3,5,08,15,7,0,0,0,1,0,0,0,0
"POINT (6.800582863000045 51.250816423000060)",Unfall 49892 (2024) Kat:3, Licht: 0,49892,3,2,3,08,12,7,0,0,0,1,0,0,0,1
"POINT (6.854461647000051 51.229842903000076)",Unfall 49894 (2024) Kat:2, Licht: 0,49894,2,6,3,08,11,7,0,0,1,1,0,0,0,0
"POINT (6.781236685000067 51.229347061000055)",Unfall 49999 (2024) Kat:3, Licht: 0,49999,3,3,5,09,11,6,0,0,1,0,0,0,0,1
"POINT (6.787934940000071 51.205561474000035)",Unfall 50026 (2024) Kat:3, Licht: 0,50026,3,1,9,08,13,6,0,0,0,1,0,0,0,0
"POINT (6.802238682000052 51.240056293000066)",Unfall 50027 (2024) Kat:3, Licht: 0,50027,3,6,0,08,17,6,0,0,0,1,0,0,0,0
"POINT (6.770657804000052 51.276469502000054)",Unfall 50029 (2024) Kat:3, Licht: 1,50029,3,1,7,08,05,6,1,1,0,0,0,0,0,1
"POINT (6.727064963000032 51.232981778000067)",Unfall 50032 (2024) Kat:3, Licht: 0,50032,3,5,1,08,07,6,1,0,0,0,0,0,1,1
"POINT (6.791075258000035 51.231266488000074)",Unfall 50051 (2024) Kat:3, Licht: 1,50051,3,7,5,09,19,3,1,1,0,1,0,1,0,0
"POINT (6.781024531000071 51.202673387000061)",Unfall 50171 (2024) Kat:3, Licht: 2,50171,3,6,1,09,21,6,0,2,0,1,0,0,0,0
"POINT (6.828619827000068 51.205661741000029)",Unfall 50173 (2024) Kat:3, Licht: 2,50173,3,7,8,08,01,5,0,2,1,1,0,0,0,0
"POINT (6.811505402000023 51.225142448000042)",Unfall 50175 (2024) Kat:3, Licht: 0,50175,3,3,5,08,18,5,0,0,0,1,0,0,0,0
"POINT (6.763765284000044 51.249453219000031)",Unfall 50176 (2024) Kat:3, Licht: 0,50176,3,4,6,08,16,5,0,0,1,0,1,0,0,0
"POINT (6.811459140000068 51.224863323000079)",Unfall 50177 (2024) Kat:3, Licht: 0,50177,3,6,2,08,10,5,0,0,0,1,0,0,0,0
"POINT (6.830243490000043 51.227224392000039)",Unfall 50179 (2024) Kat:3, Licht: 0,50179,3,7,0,08,08,5,0,0,1,0,0,0,0,0
"POINT (6.748467460000029 51.339815615000077)",Unfall 50180 (2024) Kat:3, Licht: 1,50180,3,3,5,08,07,5,0,1,1,1,0,0,0,0
"POINT (6.788366840000037 51.225289819000068)",Unfall 50181 (2024) Kat:3, Licht: 0,50181,3,7,4,08,08,5,0,0,0,1,0,0,0,1