WKT,Name,OBJECTID,UKATEGORIE,UTYP1,UART,UMONAT,USTUNDE,UWOCHENTAG,STRZUSTAND,ULICHTVERH,ISTRAD,ISTPKW,ISTFUSS,ISTKRAD,ISTGKFZ,ISTSONSTIG
"POINT (6.770370641000056 51.323122420000061)",Unfall 50251 (2024) Kat:3, Licht: 0,50251,3,3,5,09,15,6,0,0,1,1,0,0,0,0
"POINT (6.792766647000064 51.227489243000036)",Unfall 50346 (2024) Kat:3, Licht: 0,50346,3,6,2,09,17,2,0,0,0,1,0,0,0,0
"POINT (6.796491114000048 51.259494366000069)",Unfall 50351 (2024) Kat:3, Licht: 0,50351,3,6,2,08,17,4,0,0,0,1,0,0,0,0
"POINT (6.786561202000030 51.239804573000072)",Unfall 50352 (2024) Kat:3, Licht: 0,50352,3,2,5,08,13,4,0,0,1,1,0,0,0,0
"POINT (6.782475786000020 51.242359488000034)",Unfall 50353 (2024) Kat:3, Licht: 0,50353,3,3,5,08,06,4,0,0,1,1,0,0,0,0
"POINT (6.782502339000075 51.223025760000041)",Unfall 50354 (2024) Kat:3, Licht: 0,50354,3,3,5,08,14,4,0,0,0,1,0,0,0,0
"POINT (6.844895466000025 51.198956344000067)",Unfall 50437 (2024) Kat:3, Licht: 1,50437,3,2,2,09,20,3,1,1,0,1,0,0,0,1
"POINT (6.841389969000033 51.240668827000036)",Unfall 50438 (2024) Kat:3, Licht: 2,50438,3,1,0,09,22,3,1,2,0,0,0,1,0,0
"POINT (6.819216631000074 51.235285274000034)",Unfall 50439 (2024) Kat:3, Licht: 0,50439,3,2,5,09,13,3,0,0,1,1,0,0,0,0
"POINT (6.811604907000060 51.244384330000059)",Unfall 50440 (2024) Kat:3, Licht: 0,50440,3,3,5,09,14,3,0,0,1,1,0,0,0,0
"POINT (6.807948459000045 51.208845535000080)",Unfall 50441 (2024) Kat:3, Licht: 0,50441,3,2,5,09,15,3,0,0,0,1,0,0,0,1
"POINT (6.771131749000062 51.278038927000068)",Unfall 50538 (2024) Kat:3, Licht: 0,50538,3,6,2,09,16,2,0,0,0,1,0,0,0,0
"POINT (6.724248669000076 51.232482120000043)",Unfall 50539 (2024) Kat:3, Licht: 0,50539,3,3,5,09,11,2,0,0,0,1,0,0,0,0
"POINT (6.733924539000043 51.247327439000060)",Unfall 50654 (2024) Kat:2, Licht: 0,50654,2,3,5,09,19,1,0,0,1,0,0,1,0,0
"POINT (6.896985909000023 51.191151470000079)",Unfall 50761 (2024) Kat:3, Licht: 0,50761,3,6,2,09,10,7,0,0,0,1,0,0,0,0
"POINT (6.809489866000035 51.176229442000079)",Unfall 50762 (2024) Kat:3, Licht: 0,50762,3,3,5,09,13,7,0,0,1,1,0,0,0,0
"POINT (6.829988015000026 51.241699808000078)",Unfall 50763 (2024) Kat:3, Licht: 0,50763,3,2,3,09,15,7,0,0,1,0,0,0,0,1
"POINT (6.850747841000043 51.231895757000075)",Unfall 50764 (2024) Kat:3, Licht: 0,50764,3,1,0,09,10,7,0,0,0,0,0,1,0,0
"POINT (6.771474937000050 51.253082889000041)",Unfall 50765 (2024) Kat:2, Licht: 0,50765,2,6,3,09,08,7,0,0,1,1,0,0,0,0
"POINT (6.782828711000036 51.206968395000047)",Unfall 50918 (2024) Kat:3, Licht: 2,50918,3,6,0,09,20,6,0,2,0,1,0,0,0,1
"POINT (6.862696585000037 51.188931403000026)",Unfall 50919 (2024) Kat:3, Licht: 0,50919,3,6,3,09,17,6,0,0,0,1,0,0,1,0
"POINT (6.865344466000067 51.222056453000050)",Unfall 50920 (2024) Kat:3, Licht: 0,50920,3,1,0,09,14,6,0,0,1,0,0,0,0,0
"POINT (6.806204272000059 51.278600625000081)",Unfall 50921 (2024) Kat:3, Licht: 0,50921,3,4,6,09,10,6,0,0,0,1,1,0,0,0
"POINT (6.773618625000040 51.253290275000040)",Unfall 50922 (2024) Kat:3, Licht: 0,50922,3,7,7,09,07,6,0,0,0,0,0,1,0,0
"POINT (6.806444585000065 51.218420348000052)",Unfall 51062 (2024) Kat:3, Licht: 0,51062,3,4,6,09,13,5,0,0,0,1,1,0,0,0
"POINT (6.834682432000022 51.201694897000039)",Unfall 51210 (2024) Kat:3, Licht: 0,51210,3,6,2,09,14,4,0,0,0,1,0,0,0,0
"POINT (6.830554679000045 51.270642164000037)",Unfall 51211 (2024) Kat:2, Licht: 0,51211,2,4,6,09,14,4,0,0,0,0,1,0,0,1
"POINT (6.791058859000032 51.212470681000070)",Unfall 51212 (2024) Kat:3, Licht: 0,51212,3,6,2,09,10,4,0,0,0,1,0,0,0,0
"POINT (6.911623049000070 51.246334328000046)",Unfall 51301 (2024) Kat:3, Licht: 0,51301,3,6,2,09,12,3,0,0,0,1,0,0,0,0
"POINT (6.757467024000050 51.208327075000057)",Unfall 51302 (2024) Kat:2, Licht: 0,51302,2,6,6,09,21,3,0,0,1,0,1,0,0,0
"POINT (6.839903503000073 51.197774069000047)",Unfall 51303 (2024) Kat:3, Licht: 0,51303,3,2,4,09,15,3,0,0,0,1,0,1,0,0
"POINT (6.848252800000068 51.200810541000067)",Unfall 51304 (2024) Kat:3, Licht: 0,51304,3,1,2,09,06,3,0,0,0,0,0,0,0,1
"POINT (6.809893144000057 51.175899344000072)",Unfall 51305 (2024) Kat:3, Licht: 0,51305,3,6,1,09,11,3,0,0,0,1,0,0,1,0
"POINT (6.822133568000027 51.247508693000043)",Unfall 51307 (2024) Kat:3, Licht: 0,51307,3,2,3,09,15,3,0,0,0,1,0,0,0,1
"POINT (6.802018808000071 51.241252569000039)",Unfall 51308 (2024) Kat:3, Licht: 0,51308,3,1,0,09,17,3,0,0,0,0,0,1,0,0
"POINT (6.801993273000051 51.230699827000080)",Unfall 51309 (2024) Kat:2, Licht: 0,51309,2,7,6,09,14,3,0,0,0,0,1,1,0,0
"POINT (6.780007384000044 51.232119254000054)",Unfall 51310 (2024) Kat:3, Licht: 0,51310,3,3,5,09,16,3,0,0,0,1,0,0,0,1
"POINT (6.733774725000046 51.198626870000055)",Unfall 51323 (2024) Kat:2, Licht: 2,51323,2,6,4,09,19,3,1,2,0,1,0,0,0,0
"POINT (6.858299873000021 51.237226944000042)",Unfall 51427 (2024) Kat:3, Licht: 0,51427,3,4,6,09,16,3,0,0,0,1,1,0,0,0
"POINT (6.861290335000035 51.189004228000044)",Unfall 51510 (2024) Kat:3, Licht: 0,51510,3,6,2,09,15,1,0,0,0,1,0,0,0,0
"POINT (6.885956585000031 51.176406316000055)",Unfall 51511 (2024) Kat:2, Licht: 0,51511,2,7,7,09,11,1,1,0,1,0,0,0,0,1
"POINT (6.792295067000055 51.198969586000032)",Unfall 51512 (2024) Kat:3, Licht: 2,51512,3,1,0,09,04,1,0,2,0,0,0,1,0,0
"POINT (6.816653404000022 51.250488688000075)",Unfall 51513 (2024) Kat:3, Licht: 0,51513,3,7,6,09,15,1,0,0,0,1,1,0,0,0
"POINT (6.865375670000049 51.255076361000079)",Unfall 51671 (2024) Kat:3, Licht: 0,51671,3,6,2,10,13,4,1,0,0,1,0,0,0,1
"POINT (6.802603676000047 51.210267438000074)",Unfall 51672 (2024) Kat:2, Licht: 2,51672,2,6,2,10,20,4,1,2,1,0,0,0,0,1
"POINT (6.782597502000044 51.208895614000028)",Unfall 51773 (2024) Kat:3, Licht: 0,51773,3,6,1,10,07,3,0,0,0,1,0,0,0,0
"POINT (6.741692658000034 51.286686495000026)",Unfall 51774 (2024) Kat:3, Licht: 0,51774,3,6,2,10,10,3,0,0,0,1,0,0,0,0
"POINT (6.774043996000046 51.269322058000057)",Unfall 51775 (2024) Kat:3, Licht: 0,51775,3,2,5,10,08,3,0,0,1,1,0,0,0,0
"POINT (6.782863271000053 51.223048601000073)",Unfall 51776 (2024) Kat:3, Licht: 1,51776,3,2,5,10,18,3,0,1,0,1,0,0,0,0
"POINT (6.771682475000034 51.232636567000043)",Unfall 51777 (2024) Kat:3, Licht: 0,51777,3,6,2,10,16,3,0,0,0,1,0,0,0,0
"POINT (6.883030705000067 51.157903363000059)",Unfall 51890 (2024) Kat:3, Licht: 1,51890,3,6,2,10,07,2,0,1,0,1,0,0,0,0
"POINT (6.799414214000024 51.230274846000043)",Unfall 51891 (2024) Kat:3, Licht: 0,51891,3,3,5,10,07,2,0,0,1,0,0,0,0,1
"POINT (6.744017191000069 51.229810286000031)",Unfall 51892 (2024) Kat:3, Licht: 0,51892,3,2,5,10,12,2,0,0,0,1,0,0,0,1
"POINT (6.800685850000036 51.214801381000029)",Unfall 51893 (2024) Kat:3, Licht: 1,51893,3,2,5,10,07,2,0,1,1,1,0,0,0,0
"POINT (6.782750112000031 51.207949223000071)",Unfall 51964 (2024) Kat:2, Licht: 2,51964,2,7,1,10,04,1,0,2,0,1,0,0,0,0
"POINT (6.854653877000032 51.237346477000074)",Unfall 52055 (2024) Kat:3, Licht: 0,52055,3,3,5,10,13,7,0,0,1,1,0,0,0,0
"POINT (6.818885597000076 51.235048895000034)",Unfall 52056 (2024) Kat:2, Licht: 0,52056,2,4,6,10,10,7,0,0,0,0,1,1,0,0
"POINT (6.847206937000067 51.229674231000047)",Unfall 52057 (2024) Kat:3, Licht: 0,52057,3,7,0,10,09,7,0,0,0,1,0,0,0,1
"POINT (6.863576370000033 51.213022253000076)",Unfall 52157 (2024) Kat:3, Licht: 2,52157,3,2,5,10,20,6,0,2,0,1,0,0,0,0
"POINT (6.773770935000073 51.200041608000049)",Unfall 52158 (2024) Kat:3, Licht: 0,52158,3,6,1,10,09,6,0,0,0,1,0,0,1,0
"POINT (6.782751149000035 51.248723927000071)",Unfall 52159 (2024) Kat:3, Licht: 0,52159,3,2,5,10,13,6,0,0,1,1,0,0,0,0
"POINT (6.786507412000049 51.222765188000039)",Unfall 52212 (2024) Kat:3, Licht: 0,52212,3,3,5,10,14,5,0,0,0,1,0,0,0,1
"POINT (6.821603478000043 51.191372368000032)",Unfall 52293 (2024) Kat:3, Licht: 0,52293,3,6,2,10,15,4,1,0,0,1,0,0,0,0
"POINT (6.840350963000049 51.197618043000034)",Unfall 52294 (2024) Kat:3, Licht: 0,52294,3,1,0,10,16,4,1,0,0,0,0,1,0,0
"POINT (6.771667690000072 51.235687455000061)",Unfall 52295 (2024) Kat:3, Licht: 2,52295,3,1,0,10,19,4,1,2,1,0,0,0,0,0
"POINT (6.854899938000074 51.237322494000068)",Unfall 52296 (2024) Kat:3, Licht: 0,52296,3,5,1,10,13,4,1,0,1,1,0,0,0,0
"POINT (6.774133185000039 51.304590510000025)",Unfall 52297 (2024) Kat:3, Licht: 0,52297,3,6,3,10,10,4,1,0,0,1,0,0,1,0
"POINT (6.781815099000028 51.230258100000071)",Unfall 52298 (2024) Kat:3, Licht: 0,52298,3,6,2,10,09,4,0,0,0,1,0,0,0,0
"POINT (6.785432542000024 51.221344991000080)",Unfall 52299 (2024) Kat:3, Licht: 0,52299,3,7,6,10,15,4,1,0,0,1,1,0,0,0
"POINT (6.780635489000076 51.253048689000082)",Unfall 52529 (2024) Kat:3, Licht: 1,52529,3,2,5,10,08,4,1,1,1,1,0,0,0,0
"POINT (6.862056911000025 51.188962674000038)",Unfall 52610 (2024) Kat:3, Licht: 0,52610,3,1,0,09,13,1,1,0,1,0,0,0,0,0
"POINT (6.886283731000049 51.176316123000049)",Unfall 52611 (2024) Kat:3, Licht: 0,52611,3,2,5,09,10,1,0,0,1,1,0,0,0,0
"POINT (6.732897555000022 51.235142322000058)",Unfall 52729 (2024) Kat:3, Licht: 2,52729,3,1,9,10,00,4,0,2,0,1,0,0,0,0
"POINT (6.732224253000027 51.198586374000058)",Unfall 52850 (2024) Kat:3, Licht: 0,52850,3,6,2,09,10,6,0,0,0,1,0,0,0,0
"POINT (6.787408966000044 51.243440451000026)",Unfall 52851 (2024) Kat:3, Licht: 0,52851,3,5,1,09,14,6,0,0,1,1,0,0,0,0
"POINT (6.775106969000035 51.265080855000065)",Unfall 52852 (2024) Kat:2, Licht: 0,52852,2,1,5,09,13,6,0,0,1,0,0,1,0,0
"POINT (6.819853323000075 51.170590093000044)",Unfall 52859 (2024) Kat:3, Licht: 0,52859,3,6,2,09,08,6,0,0,0,1,0,0,0,0
"POINT (6.819409796000059 51.235423385000047)",Unfall 52980 (2024) Kat:3, Licht: 0,52980,3,6,3,10,12,2,0,0,0,1,0,0,0,0
"POINT (6.771196750000058 51.253150348000077)",Unfall 53008 (2024) Kat:3, Licht: 2,53008,3,6,2,09,06,5,1,2,0,1,0,0,0,0
"POINT (6.748423712000033 51.231600784000079)",Unfall 53009 (2024) Kat:3, Licht: 0,53009,3,7,0,09,10,5,1,0,1,0,0,0,0,0
"POINT (6.913301090000061 51.268498060000070)",Unfall 53145 (2024) Kat:3, Licht: 0,53145,3,6,2,09,09,4,0,0,0,1,0,0,0,0
"POINT (6.911205695000035 51.192057037000041)",Unfall 53151 (2024) Kat:3, Licht: 2,53151,3,1,9,09,20,4,1,2,0,1,0,0,0,0
"POINT (6.801648286000045 51.250333146000060)",Unfall 53152 (2024) Kat:3, Licht: 0,53152,3,1,0,09,14,4,1,0,0,0,0,1,0,0
"POINT (6.774016004000032 51.307804480000073)",Unfall 53153 (2024) Kat:2, Licht: 1,53153,2,1,9,10,19,4,1,1,0,1,0,0,0,0
"POINT (6.799448173000030 51.230280639000057)",Unfall 53154 (2024) Kat:3, Licht: 0,53154,3,7,0,09,07,4,1,0,0,0,0,1,0,1
"POINT (6.800953770000035 51.214748067000073)",Unfall 53155 (2024) Kat:3, Licht: 2,53155,3,2,5,09,21,4,1,2,0,1,0,0,0,1
"POINT (6.775769295000032 51.196097692000080)",Unfall 53264 (2024) Kat:3, Licht: 2,53264,3,6,3,10,19,4,0,2,0,1,0,0,0,0
"POINT (6.809151483000051 51.176507627000035)",Unfall 53265 (2024) Kat:3, Licht: 0,53265,3,6,3,10,12,4,1,0,0,1,0,0,0,0
"POINT (6.782589853000047 51.212409214000047)",Unfall 53266 (2024) Kat:3, Licht: 0,53266,3,6,3,10,07,4,0,0,1,0,0,0,0,0
"POINT (6.865622549000022 51.189899802000070)",Unfall 53363 (2024) Kat:3, Licht: 1,53363,3,6,3,10,17,3,1,1,0,1,0,0,1,0
"POINT (6.856089517000044 51.193527155000027)",Unfall 53366 (2024) Kat:3, Licht: 0,53366,3,6,2,10,15,3,1,0,0,1,0,0,1,0
"POINT (6.901234160000058 51.251944799000057)",Unfall 53478 (2024) Kat:3, Licht: 0,53478,3,1,9,10,10,2,0,0,0,0,0,1,0,0
"POINT (6.758124905000045 51.209791839000047)",Unfall 53537 (2024) Kat:3, Licht: 2,53537,3,6,3,10,21,1,0,2,0,1,0,0,0,0
"POINT (6.729378828000051 51.233005021000054)",Unfall 53538 (2024) Kat:3, Licht: 0,53538,3,1,0,10,16,1,1,0,1,0,0,0,0,0
"POINT (6.737294258000077 51.231347795000033)",Unfall 53539 (2024) Kat:3, Licht: 0,53539,3,6,3,10,14,1,0,0,0,1,0,0,0,1
"POINT (6.799624107000056 51.249668295000049)",Unfall 53620 (2024) Kat:3, Licht: 0,53620,3,7,0,10,15,7,0,0,0,0,0,0,0,1
"POINT (6.811326504000021 51.225905335000050)",Unfall 53621 (2024) Kat:3, Licht: 0,53621,3,3,5,10,08,7,0,0,1,1,0,0,0,0
"POINT (6.811351104000039 51.226170901000046)",Unfall 53725 (2024) Kat:3, Licht: 1,53725,3,7,6,10,10,4,1,1,1,0,1,0,0,0
"POINT (6.796309739000037 51.290821354000059)",Unfall 53741 (2024) Kat:3, Licht: 0,53741,3,6,3,10,14,6,0,0,0,1,0,0,0,0
"POINT (6.870133772000031 51.184160568000038)",Unfall 53745 (2024) Kat:3, Licht: 0,53745,3,2,4,10,12,6,0,0,1,1,0,0,0,0
"POINT (6.873164528000075 51.211251258000061)",Unfall 53746 (2024) Kat:3, Licht: 2,53746,3,1,8,10,02,6,1,2,0,1,0,0,0,1
"POINT (6.766938960000061 51.251301487000035)",Unfall 53747 (2024) Kat:3, Licht: 1,53747,3,3,5,10,18,6,0,1,1,1,0,0,0,0
"POINT (6.800854807000064 51.250690570000074)",Unfall 53748 (2024) Kat:3, Licht: 0,53748,3,2,5,10,13,6,0,0,0,1,0,0,0,1
"POINT (6.799291038000035 51.249815100000035)",Unfall 53749 (2024) Kat:3, Licht: 0,53749,3,4,6,10,13,6,0,0,1,0,1,0,0,0
"POINT (6.829572603000031 51.241595321000034)",Unfall 53750 (2024) Kat:3, Licht: 0,53750,3,6,2,10,11,6,0,0,0,1,0,0,0,0
"POINT (6.822338440000067 51.238329856000064)",Unfall 53751 (2024) Kat:3, Licht: 0,53751,3,3,5,10,07,6,1,0,0,1,0,0,0,1
"POINT (6.835600498000076 51.201020649000043)",Unfall 53859 (2024) Kat:2, Licht: 0,53859,2,3,2,10,13,7,0,0,1,1,0,1,0,0
"POINT (6.866279421000058 51.217181639000046)",Unfall 53870 (2024) Kat:2, Licht: 0,53870,2,2,6,10,12,5,0,0,0,1,1,0,0,0
"POINT (6.791571785000031 51.276354396000045)",Unfall 53871 (2024) Kat:3, Licht: 1,53871,3,2,4,10,07,5,1,1,1,1,0,0,0,0
"POINT (6.751113186000055 51.341367769000044)",Unfall 53943 (2024) Kat:3, Licht: 0,53943,3,6,0,10,12,5,1,0,0,1,0,0,0,1
"POINT (6.894964806000075 51.198574826000026)",Unfall 53975 (2024) Kat:3, Licht: 0,53975,3,2,4,10,12,4,0,0,1,1,0,0,0,0
"POINT (6.752770181000074 51.338394893000043)",Unfall 53976 (2024) Kat:3, Licht: 0,53976,3,3,5,10,12,4,0,0,0,1,0,1,0,0
"POINT (6.800558583000054 51.214422708000029)",Unfall 54086 (2024) Kat:3, Licht: 0,54086,3,3,5,10,11,2,0,0,1,1,0,0,0,0
"POINT (6.796574067000051 51.259180901000036)",Unfall 54090 (2024) Kat:2, Licht: 2,54090,2,6,2,10,21,3,0,2,0,1,0,1,0,0
"POINT (6.822938559000022 51.263854815000059)",Unfall 54091 (2024) Kat:3, Licht: 0,54091,3,7,0,10,08,3,0,0,0,0,0,1,0,0
"POINT (6.795474696000042 51.273881582000058)",Unfall 54190 (2024) Kat:3, Licht: 0,54190,3,1,8,10,16,2,1,0,0,1,0,0,0,0
"POINT (6.782856919000039 51.206726665000076)",Unfall 54197 (2024) Kat:3, Licht: 0,54197,3,2,5,10,17,2,1,0,0,1,0,0,0,0
"POINT (6.802635053000074 51.230807918000039)",Unfall 54198 (2024) Kat:3, Licht: 0,54198,3,4,6,10,11,2,0,0,0,1,1,0,0,0
"POINT (6.773710968000046 51.199855297000056)",Unfall 54286 (2024) Kat:3, Licht: 2,54286,3,7,3,10,00,1,0,2,0,1,0,0,0,0
"POINT (6.777262318000055 51.229766354000049)",Unfall 54287 (2024) Kat:3, Licht: 2,54287,3,6,2,10,00,1,0,2,0,1,0,0,0,0
"POINT (6.891958458000033 51.152044641000032)",Unfall 54357 (2024) Kat:3, Licht: 0,54357,3,6,1,10,10,7,1,0,0,1,0,0,0,0
"POINT (6.801237120000053 51.251394762000075)",Unfall 54358 (2024) Kat:3, Licht: 0,54358,3,6,2,10,15,7,0,0,0,1,0,0,0,1
"POINT (6.900890615000037 51.143038599000079)",Unfall 54469 (2024) Kat:3, Licht: 1,54469,3,6,2,10,17,6,0,1,0,1,0,1,0,0
"POINT (6.722685093000052 51.249630957000079)",Unfall 54517 (2024) Kat:3, Licht: 0,54517,3,6,2,10,12,1,0,0,0,1,0,0,0,0
"POINT (6.795332656000028 51.252720912000029)",Unfall 54519 (2024) Kat:3, Licht: 0,54519,3,3,5,10,14,4,0,0,1,1,0,0,0,0
"POINT (6.834585411000035 51.239970050000068)",Unfall 54554 (2024) Kat:1, Licht: 0,54554,1,4,6,10,17,5,0,0,0,1,1,0,0,0
"POINT (6.797958805000064 51.255149006000067)",Unfall 54555 (2024) Kat:3, Licht: 2,54555,3,6,3,10,07,5,1,2,0,1,0,0,1,0
"POINT (6.909744215000046 51.195228147000080)",Unfall 54675 (2024) Kat:3, Licht: 0,54675,3,6,2,10,12,4,0,0,0,1,0,0,0,0
"POINT (6.874659296000061 51.128794604000063)",Unfall 54676 (2024) Kat:3, Licht: 0,54676,3,6,4,10,14,4,0,0,1,0,0,1,0,1
"POINT (6.789483516000075 51.200124881000079)",Unfall 54677 (2024) Kat:3, Licht: 0,54677,3,6,1,10,14,4,0,0,0,1,0,0,0,0
"POINT (6.771969405000050 51.249277295000070)",Unfall 54678 (2024) Kat:3, Licht: 2,54678,3,3,5,10,22,4,0,2,1,1,0,0,0,0
"POINT (6.802015937000021 51.246966929000052)",Unfall 54679 (2024) Kat:3, Licht: 1,54679,3,6,2,10,17,4,0,1,0,1,0,0,0,0
"POINT (6.806242343000065 51.278013572000077)",Unfall 54680 (2024) Kat:3, Licht: 0,54680,3,1,0,10,14,4,0,0,1,0,0,0,0,0
"POINT (6.835707496000055 51.200921174000030)",Unfall 54775 (2024) Kat:3, Licht: 0,54775,3,2,3,10,09,3,0,0,1,1,0,0,0,0
"POINT (6.775571549000063 51.198515168000029)",Unfall 54776 (2024) Kat:3, Licht: 0,54776,3,6,3,10,07,2,0,0,0,1,0,0,0,0
"POINT (6.800582863000045 51.250816423000060)",Unfall 54777 (2024) Kat:3, Licht: 1,54777,3,7,0,10,20,3,0,1,0,0,0,0,0,1
"POINT (6.835482462000073 51.227149189000045)",Unfall 54778 (2024) Kat:3, Licht: 0,54778,3,3,5,10,16,3,0,0,1,1,0,0,0,0
"POINT (6.737436964000040 51.231265577000045)",Unfall 54863 (2024) Kat:3, Licht: 2,54863,3,7,3,10,19,3,1,2,0,1,0,0,0,1
"POINT (6.873275570000033 51.189840028000049)",Unfall 54881 (2024) Kat:3, Licht: 0,54881,3,6,2,10,17,2,0,0,0,1,0,0,0,1
"POINT (6.788832507000052 51.206317911000042)",Unfall 54882 (2024) Kat:3, Licht: 0,54882,3,1,0,10,08,2,0,0,1,0,0,0,0,0
"POINT (6.780759837000062 51.230166854000061)",Unfall 54883 (2024) Kat:3, Licht: 0,54883,3,6,2,10,15,2,1,0,0,1,0,1,0,0
"POINT (6.800330180000060 51.219456423000054)",Unfall 54884 (2024) Kat:3, Licht: 2,54884,3,6,3,10,23,2,0,2,1,1,0,0,0,0
"POINT (6.785527800000068 51.202987495000059)",Unfall 55017 (2024) Kat:3, Licht: 2,55017,3,6,2,10,19,7,1,2,0,1,0,0,0,0
"POINT (6.833089840000071 51.194548277000081)",Unfall 55018 (2024) Kat:3, Licht: 0,55018,3,1,8,10,14,7,0,0,0,1,0,0,0,0
"POINT (6.740734744000065 51.230556973000034)",Unfall 55044 (2024) Kat:3, Licht: 0,55044,3,7,0,10,16,7,0,0,1,1,0,0,0,0
"POINT (6.910570283000027 51.241905511000027)",Unfall 55109 (2024) Kat:3, Licht: 2,55109,3,6,2,10,18,6,0,2,0,1,0,0,0,0
"POINT (6.809638301000064 51.221716994000076)",Unfall 55144 (2024) Kat:2, Licht: 2,55144,2,1,1,10,21,7,1,2,0,1,0,0,0,1
"POINT (6.785320159000037 51.230634046000034)",Unfall 55153 (2024) Kat:3, Licht: 0,55153,3,7,0,10,14,6,0,0,0,1,0,1,0,0
"POINT (6.844777915000066 51.198928432000059)",Unfall 55224 (2024) Kat:3, Licht: 0,55224,3,3,5,10,09,6,0,0,0,0,0,0,1,1
"POINT (6.790054172000055 51.245668973000079)",Unfall 55300 (2024) Kat:3, Licht: 0,55300,3,4,6,10,09,5,1,0,0,1,1,0,0,0
"POINT (6.916106652000053 51.259026506000055)",Unfall 55302 (2024) Kat:3, Licht: 1,55302,3,6,1,10,07,5,1,1,0,1,0,0,0,0
"POINT (6.774695678000057 51.239924529000064)",Unfall 55304 (2024) Kat:3, Licht: 0,55304,3,6,2,10,08,5,1,0,0,1,0,0,1,0
"POINT (6.770763740000064 51.241830641000035)",Unfall 55305 (2024) Kat:3, Licht: 2,55305,3,3,5,10,07,5,1,2,1,1,0,0,0,0
"POINT (6.782848881000064 51.222996297000066)",Unfall 55306 (2024) Kat:3, Licht: 2,55306,3,2,5,10,21,5,1,2,0,1,0,0,0,0
"POINT (6.910084407000056 51.195094809000068)",Unfall 55446 (2024) Kat:3, Licht: 0,55446,3,6,2,11,08,2,1,0,0,1,0,1,0,0
"POINT (6.782230123000033 51.249585844000080)",Unfall 55447 (2024) Kat:3, Licht: 2,55447,3,1,0,11,18,2,1,2,1,0,0,0,0,0
"POINT (6.742125272000067 51.230237878000025)",Unfall 55448 (2024) Kat:3, Licht: 2,55448,3,6,2,11,20,2,1,2,0,1,0,0,0,0
"POINT (6.827601211000058 51.241880124000033)",Unfall 55506 (2024) Kat:3, Licht: 0,55506,3,6,2,11,09,1,1,0,0,1,0,0,0,0
"POINT (6.799979419000067 51.219822259000068)",Unfall 55507 (2024) Kat:2, Licht: 2,55507,2,1,0,11,18,1,0,2,1,0,0,0,0,0
"POINT (6.774655316000064 51.239993111000047)",Unfall 55562 (2024) Kat:3, Licht: 2,55562,3,3,0,11,23,7,0,2,0,1,0,0,0,0
"POINT (6.868475773000057 51.189914944000066)",Unfall 55638 (2024) Kat:2, Licht: 2,55638,2,6,2,11,17,6,0,2,0,1,0,0,0,1
"POINT (6.774258157000077 51.200150121000036)",Unfall 55639 (2024) Kat:3, Licht: 2,55639,3,6,2,11,21,6,0,2,0,1,0,0,0,0
"POINT (6.796509353000033 51.259425546000045)",Unfall 55640 (2024) Kat:3, Licht: 2,55640,3,3,5,11,23,6,0,2,0,1,0,0,0,0
"POINT (6.743088748000048 51.241668889000039)",Unfall 55641 (2024) Kat:3, Licht: 0,55641,3,6,0,11,13,6,0,0,0,1,0,0,0,1
"POINT (6.820513157000050 51.207464574000028)",Unfall 55721 (2024) Kat:3, Licht: 0,55721,3,1,0,11,14,5,0,0,0,0,0,0,0,1
"POINT (6.809129211000027 51.176209758000027)",Unfall 55833 (2024) Kat:3, Licht: 1,55833,3,6,2,11,06,4,1,1,0,1,0,0,1,0
"POINT (6.799800958000048 51.220008183000061)",Unfall 55835 (2024) Kat:3, Licht: 2,55835,3,3,2,11,18,4,0,2,1,1,0,0,0,0
"POINT (6.749923559000024 51.271630846000050)",Unfall 55837 (2024) Kat:3, Licht: 0,55837,3,3,5,11,14,4,1,0,0,1,0,0,0,0
"POINT (6.827490872000055 51.267176322000068)",Unfall 55838 (2024) Kat:3, Licht: 2,55838,3,2,4,11,07,4,1,2,1,1,0,0,0,0
"POINT (6.793669370000032 51.226537268000072)",Unfall 55839 (2024) Kat:3, Licht: 2,55839,3,6,3,11,18,4,0,2,0,1,0,0,0,1
"POINT (6.768360296000026 51.222328274000063)",Unfall 55840 (2024) Kat:3, Licht: 0,55840,3,6,3,11,07,4,1,0,1,0,0,0,0,0
"POINT (6.919714645000056 51.192603768000026)",Unfall 55911 (2024) Kat:3, Licht: 2,55911,3,7,7,11,17,2,1,2,0,0,0,1,0,1
"POINT (6.807976868000026 51.208839935000071)",Unfall 55949 (2024) Kat:3, Licht: 0,55949,3,7,0,11,15,3,0,0,0,0,0,0,0,1
"POINT (6.828276377000066 51.241739259000042)",Unfall 55950 (2024) Kat:3, Licht: 0,55950,3,6,2,11,13,3,0,0,0,0,0,1,0,1
"POINT (6.809544386000027 51.230732199000045)",Unfall 55952 (2024) Kat:3, Licht: 0,55952,3,2,4,11,13,3,0,0,0,1,0,1,0,0
"POINT (6.735520035000036 51.237479684000050)",Unfall 55953 (2024) Kat:3, Licht: 0,55953,3,6,2,11,15,3,0,0,0,1,0,0,0,0
"POINT (6.793900128000075 51.230451897000080)",Unfall 56084 (2024) Kat:3, Licht: 0,56084,3,2,4,11,14,2,0,0,1,1,0,0,0,0
"POINT (6.762476923000065 51.200733657000058)",Unfall 56173 (2024) Kat:3, Licht: 2,56173,3,3,5,11,17,1,0,2,1,1,0,0,0,0
"POINT (6.905058777000022 51.138405387000034)",Unfall 56174 (2024) Kat:3, Licht: 0,56174,3,3,5,11,08,1,0,0,0,1,0,0,0,0