WKT,Name,OBJECTID,UKATEGORIE,UTYP1,UART,UMONAT,USTUNDE,UWOCHENTAG,STRZUSTAND,ULICHTVERH,ISTRAD,ISTPKW,ISTFUSS,ISTKRAD,ISTGKFZ,ISTSONSTIG
"POINT (6.804737700000032 51.231090624000046)",Unfall 56176 (2024) Kat:3, Licht: 0,56176,3,1,0,11,14,1,0,0,1,0,0,0,0,0
"POINT (6.782208616000048 51.220175416000075)",Unfall 56177 (2024) Kat:3, Licht: 2,56177,3,7,0,11,03,1,0,2,0,1,1,0,0,0
"POINT (6.791624290000073 51.228534101000037)",Unfall 56178 (2024) Kat:3, Licht: 0,56178,3,3,5,11,10,1,0,0,0,1,0,0,0,0
"POINT (6.806829972000060 51.231448345000047)",Unfall 56250 (2024) Kat:3, Licht: 0,56250,3,1,0,11,11,7,0,0,1,0,0,0,0,0
"POINT (6.782488954000030 51.222978486000045)",Unfall 56251 (2024) Kat:2, Licht: 2,56251,2,3,5,11,18,7,0,2,0,1,1,0,0,0
"POINT (6.840797294000026 51.235752840000032)",Unfall 56317 (2024) Kat:2, Licht: 0,56317,2,3,5,11,16,6,1,0,0,1,0,0,0,1
"POINT (6.796491114000048 51.259494366000069)",Unfall 56318 (2024) Kat:3, Licht: 2,56318,3,3,5,11,04,6,1,2,0,1,0,0,0,0
"POINT (6.798201836000032 51.248852693000060)",Unfall 56374 (2024) Kat:3, Licht: 1,56374,3,3,5,11,16,2,0,1,1,0,0,0,0,1
"POINT (6.775516238000023 51.263845735000075)",Unfall 56449 (2024) Kat:3, Licht: 2,56449,3,4,6,10,17,5,0,2,1,0,1,0,0,0
"POINT (6.776988064000022 51.253598357000044)",Unfall 56451 (2024) Kat:3, Licht: 0,56451,3,6,2,10,09,5,0,0,0,1,0,0,0,0
"POINT (6.777152356000045 51.229751960000044)",Unfall 56452 (2024) Kat:3, Licht: 0,56452,3,6,2,10,13,5,0,0,0,1,0,1,0,0
"POINT (6.788416911000070 51.225439979000043)",Unfall 56453 (2024) Kat:3, Licht: 0,56453,3,3,0,10,10,5,1,0,1,0,0,0,0,0
"POINT (6.787717489000045 51.214243474000057)",Unfall 56655 (2024) Kat:2, Licht: 2,56655,2,6,3,11,19,3,1,2,0,1,0,0,0,0
"POINT (6.905472558000042 51.137862069000050)",Unfall 56656 (2024) Kat:3, Licht: 1,56656,3,3,1,11,16,3,0,1,1,1,0,0,0,0
"POINT (6.817300112000055 51.233948239000028)",Unfall 56657 (2024) Kat:3, Licht: 0,56657,3,2,2,11,11,3,1,0,0,1,0,0,0,0
"POINT (6.728015287000062 51.234196940000061)",Unfall 56658 (2024) Kat:3, Licht: 2,56658,3,1,0,11,21,3,1,2,0,1,0,0,0,0
"POINT (6.731866238000066 51.232597093000038)",Unfall 56659 (2024) Kat:1, Licht: 2,56659,1,7,3,11,20,3,1,2,0,1,0,0,0,1
"POINT (6.810960414000022 51.208327510000061)",Unfall 56660 (2024) Kat:3, Licht: 2,56660,3,3,5,11,20,3,1,2,0,1,0,0,0,1
"POINT (6.770387045000064 51.200191391000033)",Unfall 56745 (2024) Kat:3, Licht: 2,56745,3,2,6,11,18,2,1,2,0,1,1,0,0,0
"POINT (6.802838985000051 51.254128795000042)",Unfall 56746 (2024) Kat:1, Licht: 2,56746,1,4,6,11,17,2,1,2,0,0,1,0,0,1
"POINT (6.788106789000039 51.226475780000044)",Unfall 56747 (2024) Kat:3, Licht: 2,56747,3,2,6,11,17,2,1,2,0,1,1,0,0,0
"POINT (6.793009886000050 51.227231306000078)",Unfall 56749 (2024) Kat:3, Licht: 0,56749,3,7,3,11,15,2,1,0,0,1,0,0,0,1
"POINT (6.721841976000064 51.233971838000059)",Unfall 56750 (2024) Kat:3, Licht: 1,56750,3,6,2,11,07,2,0,1,0,1,0,1,0,0
"POINT (6.895005472000037 51.149221736000072)",Unfall 56816 (2024) Kat:3, Licht: 2,56816,3,3,5,11,21,1,0,2,0,1,0,0,0,0
"POINT (6.860902902000021 51.153249300000027)",Unfall 56817 (2024) Kat:3, Licht: 2,56817,3,6,2,11,18,1,0,2,0,1,0,1,0,0
"POINT (6.780550192000021 51.202416212000060)",Unfall 56818 (2024) Kat:3, Licht: 2,56818,3,2,5,11,00,1,1,2,0,1,0,0,0,0
"POINT (6.833776100000023 51.240162630000043)",Unfall 56819 (2024) Kat:3, Licht: 0,56819,3,6,3,11,11,1,0,0,1,1,0,0,0,0
"POINT (6.823193862000039 51.251131664000070)",Unfall 56820 (2024) Kat:3, Licht: 0,56820,3,7,0,11,10,1,0,0,1,0,0,0,0,0
"POINT (6.782444324000039 51.221577749000062)",Unfall 56904 (2024) Kat:2, Licht: 2,56904,2,4,6,11,00,7,1,2,0,0,1,0,0,1
"POINT (6.847395615000039 51.196758885000065)",Unfall 57023 (2024) Kat:3, Licht: 0,57023,3,6,2,11,10,6,1,0,0,1,0,0,0,0
"POINT (6.783075651000047 51.280361218000053)",Unfall 57024 (2024) Kat:3, Licht: 2,57024,3,2,6,11,17,6,1,2,0,1,1,0,0,0
"POINT (6.742128247000039 51.286023565000050)",Unfall 57025 (2024) Kat:2, Licht: 0,57025,2,6,2,11,11,6,1,0,0,1,0,0,0,0
"POINT (6.781045847000030 51.230217337000056)",Unfall 57132 (2024) Kat:3, Licht: 2,57132,3,2,5,11,23,5,0,2,0,1,0,0,0,0
"POINT (6.741684687000031 51.286714138000036)",Unfall 57133 (2024) Kat:3, Licht: 0,57133,3,6,2,11,11,5,1,0,0,1,0,0,0,0
"POINT (6.782290805000059 51.222254847000045)",Unfall 57134 (2024) Kat:3, Licht: 1,57134,3,2,3,11,17,5,0,1,0,1,0,0,0,1
"POINT (6.804897107000045 51.216903750000029)",Unfall 57215 (2024) Kat:3, Licht: 2,57215,3,2,3,11,07,5,1,2,1,1,0,0,0,0
"POINT (6.851358781000044 51.190167753000026)",Unfall 57242 (2024) Kat:3, Licht: 0,57242,3,6,3,11,10,4,1,0,0,1,0,0,1,0
"POINT (6.786423836000040 51.253809822000051)",Unfall 57243 (2024) Kat:3, Licht: 2,57243,3,1,9,11,17,4,1,2,0,1,0,0,0,0
"POINT (6.766279777000022 51.317825585000037)",Unfall 57244 (2024) Kat:3, Licht: 0,57244,3,1,8,11,09,4,0,0,0,1,0,0,0,0
"POINT (6.915459392000059 51.192390926000030)",Unfall 57397 (2024) Kat:3, Licht: 2,57397,3,1,9,11,05,3,1,2,0,0,0,0,0,1
"POINT (6.849580553000067 51.238599951000026)",Unfall 57398 (2024) Kat:3, Licht: 2,57398,3,2,6,11,07,3,1,2,0,1,1,0,0,0
"POINT (6.728317876000062 51.233079138000051)",Unfall 57399 (2024) Kat:3, Licht: 2,57399,3,7,3,11,22,3,0,2,0,1,0,0,0,1
"POINT (6.746781503000022 51.231735085000082)",Unfall 57400 (2024) Kat:2, Licht: 2,57400,2,1,0,11,17,3,1,2,0,1,1,0,0,0
"POINT (6.734982135000052 51.236852158000033)",Unfall 57401 (2024) Kat:3, Licht: 0,57401,3,6,2,11,08,3,1,0,0,1,0,0,0,0
"POINT (6.829958291000025 51.190520391000064)",Unfall 57449 (2024) Kat:3, Licht: 2,57449,3,1,9,11,03,7,2,2,0,1,0,0,0,0
"POINT (6.900008439000032 51.144144346000076)",Unfall 57491 (2024) Kat:3, Licht: 1,57491,3,2,6,11,07,4,1,1,0,1,1,0,0,0
"POINT (6.891422573000057 51.174782602000050)",Unfall 57641 (2024) Kat:2, Licht: 2,57641,2,1,8,11,05,1,1,2,0,1,0,0,0,0
"POINT (6.877188149000062 51.182414265000034)",Unfall 57697 (2024) Kat:3, Licht: 2,57697,3,1,9,11,00,7,0,2,0,1,0,0,0,0
"POINT (6.826136261000045 51.186265994000053)",Unfall 57698 (2024) Kat:3, Licht: 0,57698,3,7,6,11,12,7,0,0,1,0,1,0,0,0
"POINT (6.713682539000047 51.233147392000035)",Unfall 57701 (2024) Kat:3, Licht: 2,57701,3,1,0,11,20,7,0,2,0,0,0,1,0,0
"POINT (6.773709308000036 51.231734368000048)",Unfall 57703 (2024) Kat:3, Licht: 0,57703,3,6,2,11,16,7,0,0,0,1,0,1,0,0
"POINT (6.854404548000048 51.204789615000038)",Unfall 57792 (2024) Kat:3, Licht: 0,57792,3,2,5,11,09,6,0,0,1,1,0,0,0,0
"POINT (6.786751519000063 51.244074659000034)",Unfall 57793 (2024) Kat:3, Licht: 1,57793,3,2,5,11,08,6,0,1,1,0,0,0,0,1
"POINT (6.850262097000041 51.242882680000037)",Unfall 57794 (2024) Kat:3, Licht: 2,57794,3,6,2,11,21,6,0,2,0,1,0,0,0,0
"POINT (6.782061297000041 51.242425621000052)",Unfall 57795 (2024) Kat:3, Licht: 0,57795,3,2,5,11,14,6,0,0,0,1,0,0,1,0
"POINT (6.716345193000052 51.234576956000069)",Unfall 57796 (2024) Kat:3, Licht: 0,57796,3,3,5,11,16,6,0,0,0,1,0,0,0,0
"POINT (6.856726265000020 51.192916441000079)",Unfall 57938 (2024) Kat:3, Licht: 0,57938,3,3,5,11,09,5,1,0,0,1,0,0,0,0
"POINT (6.759624146000021 51.262579474000063)",Unfall 58086 (2024) Kat:3, Licht: 2,58086,3,1,9,11,20,4,1,2,0,1,0,0,0,0
"POINT (6.874211669000033 51.224820458000067)",Unfall 58087 (2024) Kat:3, Licht: 2,58087,3,7,0,11,18,4,1,2,1,0,0,0,0,0
"POINT (6.852799096000069 51.230600997000067)",Unfall 58088 (2024) Kat:3, Licht: 2,58088,3,6,2,11,17,4,1,2,0,1,0,0,0,1
"POINT (6.776864883000030 51.229715057000078)",Unfall 58089 (2024) Kat:3, Licht: 2,58089,3,6,2,11,19,4,1,2,0,1,0,0,0,0
"POINT (6.780793925000069 51.230170688000044)",Unfall 58186 (2024) Kat:3, Licht: 2,58186,3,2,5,11,23,6,0,2,0,1,0,0,0,0
"POINT (6.786200616000031 51.288518157000055)",Unfall 58212 (2024) Kat:3, Licht: 2,58212,3,6,3,11,05,3,1,2,0,1,0,0,1,0
"POINT (6.784509522000064 51.191546968000068)",Unfall 58220 (2024) Kat:3, Licht: 2,58220,3,7,9,11,19,3,0,2,0,1,0,0,0,0
"POINT (6.852397950000068 51.196281423000073)",Unfall 58323 (2024) Kat:3, Licht: 2,58323,3,6,2,12,07,5,1,2,0,1,0,0,0,1
"POINT (6.852670037000053 51.196180121000054)",Unfall 58398 (2024) Kat:3, Licht: 2,58398,3,6,2,12,07,4,1,2,0,1,0,0,0,1
"POINT (6.780048421000060 51.253950341000063)",Unfall 58399 (2024) Kat:3, Licht: 2,58399,3,3,5,12,18,4,0,2,0,1,0,0,0,1
"POINT (6.780793925000069 51.230170688000044)",Unfall 58472 (2024) Kat:3, Licht: 0,58472,3,6,2,12,08,3,0,0,0,1,0,0,0,0
"POINT (6.775306400000034 51.264458337000065)",Unfall 58565 (2024) Kat:3, Licht: 2,58565,3,7,6,12,05,2,1,2,0,0,1,0,0,1
"POINT (6.766496638000035 51.318407008000065)",Unfall 58566 (2024) Kat:3, Licht: 2,58566,3,1,9,12,21,2,0,2,0,0,0,1,0,0
"POINT (6.755066716000044 51.265102365000075)",Unfall 58567 (2024) Kat:3, Licht: 0,58567,3,1,9,12,12,2,1,0,0,1,0,0,0,0
"POINT (6.797379379000063 51.222544955000046)",Unfall 58568 (2024) Kat:3, Licht: 0,58568,3,6,3,12,15,2,1,0,0,1,0,0,0,0
"POINT (6.809331195000027 51.176033342000039)",Unfall 58780 (2024) Kat:3, Licht: 0,58780,3,2,4,12,15,6,0,0,1,1,0,0,0,0
"POINT (6.771969893000062 51.237937318000036)",Unfall 58781 (2024) Kat:3, Licht: 2,58781,3,7,4,12,18,6,0,2,1,1,0,0,0,0
"POINT (6.808971234000069 51.220829520000052)",Unfall 58782 (2024) Kat:3, Licht: 0,58782,3,3,5,12,22,6,0,0,0,1,0,0,0,0
"POINT (6.792156690000070 51.228058313000076)",Unfall 58875 (2024) Kat:3, Licht: 0,58875,3,6,0,12,13,5,0,0,1,0,0,0,0,1
"POINT (6.742158438000047 51.230230202000030)",Unfall 58876 (2024) Kat:3, Licht: 0,58876,3,6,3,12,10,5,0,0,0,1,0,0,0,1
"POINT (6.698984254000038 51.228787688000068)",Unfall 58943 (2024) Kat:3, Licht: 0,58943,3,3,5,12,10,5,0,0,0,1,0,0,1,0
"POINT (6.823543755000060 51.251244890000066)",Unfall 58964 (2024) Kat:3, Licht: 2,58964,3,2,6,12,07,4,0,2,0,1,1,0,0,0
"POINT (6.779271989000051 51.280313360000036)",Unfall 58965 (2024) Kat:3, Licht: 2,58965,3,3,5,12,03,4,0,2,1,1,0,0,0,0
"POINT (6.870143309000071 51.184148956000058)",Unfall 59037 (2024) Kat:3, Licht: 2,59037,3,2,5,12,17,2,1,2,1,1,0,0,0,0
"POINT (6.775461661000065 51.200832013000081)",Unfall 59049 (2024) Kat:3, Licht: 0,59049,3,3,5,12,14,3,0,0,1,1,0,0,0,0
"POINT (6.788177214000029 51.205925304000061)",Unfall 59050 (2024) Kat:3, Licht: 0,59050,3,7,5,12,11,3,0,0,0,1,0,0,0,1
"POINT (6.756985996000026 51.207197596000071)",Unfall 59051 (2024) Kat:3, Licht: 0,59051,3,3,5,12,09,3,0,0,0,1,0,0,0,1
"POINT (6.807336844000076 51.258953431000066)",Unfall 59052 (2024) Kat:3, Licht: 2,59052,3,6,2,12,19,3,0,2,0,1,0,0,0,0
"POINT (6.780310359000055 51.253963364000072)",Unfall 59053 (2024) Kat:3, Licht: 0,59053,3,6,2,12,08,3,0,0,0,1,0,0,0,0
"POINT (6.797605502000067 51.210685021000074)",Unfall 59054 (2024) Kat:3, Licht: 1,59054,3,7,7,12,07,3,0,1,1,0,0,0,0,0
"POINT (6.862012641000035 51.252320467000061)",Unfall 59139 (2024) Kat:3, Licht: 2,59139,3,1,0,12,22,2,1,2,1,0,0,0,0,0
"POINT (6.809411698000076 51.232053159000031)",Unfall 59201 (2024) Kat:2, Licht: 0,59201,2,7,6,12,11,2,1,0,0,1,1,0,0,0
"POINT (6.786229902000059 51.253820037000025)",Unfall 59221 (2024) Kat:3, Licht: 2,59221,3,6,3,12,02,1,1,2,0,1,0,0,0,0
"POINT (6.802049150000073 51.241096407000043)",Unfall 59222 (2024) Kat:3, Licht: 2,59222,3,3,5,12,02,1,1,2,0,1,0,0,0,0
"POINT (6.782318827000040 51.227275813000062)",Unfall 59223 (2024) Kat:2, Licht: 1,59223,2,4,6,12,15,1,0,1,0,0,1,0,0,1
"POINT (6.792872011000043 51.211380115000054)",Unfall 59224 (2024) Kat:3, Licht: 0,59224,3,3,5,12,11,1,0,0,0,1,0,0,0,0
"POINT (6.789149791000057 51.213480148000031)",Unfall 59315 (2024) Kat:3, Licht: 2,59315,3,3,5,12,20,7,1,2,0,1,0,0,0,0
"POINT (6.803408268000055 51.216201683000065)",Unfall 59316 (2024) Kat:3, Licht: 2,59316,3,4,6,12,00,7,0,2,0,1,1,0,0,0
"POINT (6.852168062000032 51.168904708000071)",Unfall 59409 (2024) Kat:3, Licht: 0,59409,3,6,1,12,12,6,1,0,0,1,0,0,1,0
"POINT (6.781832920000056 51.242373608000037)",Unfall 59550 (2024) Kat:3, Licht: 2,59550,3,2,6,12,17,5,1,2,0,0,1,0,0,1
"POINT (6.771494054000073 51.239727168000059)",Unfall 59551 (2024) Kat:3, Licht: 2,59551,3,3,5,12,17,5,1,2,1,1,0,0,0,0
"POINT (6.859893838000062 51.230810579000035)",Unfall 59552 (2024) Kat:3, Licht: 0,59552,3,7,0,12,13,5,1,0,0,0,0,0,0,1
"POINT (6.794153546000075 51.226029452000034)",Unfall 59554 (2024) Kat:3, Licht: 0,59554,3,2,5,12,15,5,1,0,1,1,0,0,0,0
"POINT (6.807050321000077 51.209022570000059)",Unfall 59654 (2024) Kat:3, Licht: 0,59654,3,5,0,12,10,5,1,0,0,1,0,1,0,0
"POINT (6.797206647000053 51.290559158000065)",Unfall 59662 (2024) Kat:3, Licht: 2,59662,3,6,2,12,18,4,0,2,0,1,0,0,0,0
"POINT (6.795031305000066 51.193521542000042)",Unfall 59667 (2024) Kat:2, Licht: 1,59667,2,1,8,12,07,4,0,1,0,0,0,0,1,0
"POINT (6.789782214000070 51.199990269000068)",Unfall 59669 (2024) Kat:3, Licht: 2,59669,3,7,4,12,17,4,0,2,1,0,0,0,0,0
"POINT (6.769056890000059 51.254307550000078)",Unfall 59670 (2024) Kat:3, Licht: 1,59670,3,6,2,12,17,4,0,1,0,1,0,0,0,0
"POINT (6.749042900000063 51.273655241000029)",Unfall 59671 (2024) Kat:3, Licht: 1,59671,3,6,2,12,16,4,0,1,0,1,0,0,0,1
"POINT (6.799915585000065 51.251377234000074)",Unfall 59672 (2024) Kat:3, Licht: 2,59672,3,6,2,12,17,4,0,2,0,1,0,0,0,0
"POINT (6.796558855000058 51.275291715000037)",Unfall 59674 (2024) Kat:3, Licht: 1,59674,3,6,1,12,07,4,0,1,0,1,0,0,0,0
"POINT (6.698301989000072 51.227461576000053)",Unfall 59675 (2024) Kat:3, Licht: 2,59675,3,6,8,12,20,4,0,2,0,1,0,0,0,0
"POINT (6.806385729000056 51.218383261000042)",Unfall 59676 (2024) Kat:3, Licht: 0,59676,3,3,5,12,11,4,1,0,1,1,0,0,0,0
"POINT (6.914739458000042 51.192812855000057)",Unfall 59705 (2024) Kat:3, Licht: 0,59705,3,3,5,12,11,3,0,0,0,1,0,0,0,0
"POINT (6.786982838000029 51.232235211000045)",Unfall 59806 (2024) Kat:3, Licht: 1,59806,3,3,1,12,08,3,1,1,0,1,0,0,0,1
"POINT (6.823004807000075 51.169898085000057)",Unfall 59936 (2024) Kat:3, Licht: 2,59936,3,6,2,12,16,5,1,2,0,1,0,0,0,0
"POINT (6.780588588000057 51.191588462000027)",Unfall 59942 (2024) Kat:3, Licht: 0,59942,3,3,3,12,15,2,1,0,0,1,0,0,1,0
"POINT (6.775399243000038 51.264185558000065)",Unfall 59943 (2024) Kat:3, Licht: 0,59943,3,6,1,12,12,2,1,0,0,1,0,0,0,0
"POINT (6.737456812000062 51.289417174000050)",Unfall 60146 (2024) Kat:3, Licht: 0,60146,3,2,5,11,14,7,0,0,1,1,0,0,0,0
"POINT (6.793076950000057 51.211314012000059)",Unfall 60147 (2024) Kat:2, Licht: 0,60147,2,7,3,11,12,7,0,0,0,1,0,0,0,1
"POINT (6.772589047000054 51.199995995000052)",Unfall 60294 (2024) Kat:3, Licht: 0,60294,3,6,2,11,11,6,0,0,0,1,0,0,0,1
"POINT (6.827450899000041 51.267137779000052)",Unfall 60295 (2024) Kat:3, Licht: 2,60295,3,2,5,11,19,6,0,2,1,1,0,0,0,0
"POINT (6.859620121000034 51.189338275000068)",Unfall 60383 (2024) Kat:3, Licht: 0,60383,3,6,3,12,11,5,1,0,0,1,0,0,0,1
"POINT (6.741121118000024 51.303934552000044)",Unfall 60436 (2024) Kat:3, Licht: 2,60436,3,5,0,11,18,5,0,2,1,1,0,0,0,1
"POINT (6.802187508000031 51.249933114000044)",Unfall 60437 (2024) Kat:3, Licht: 2,60437,3,6,2,11,06,5,0,2,0,1,0,0,0,0
"POINT (6.787313314000073 51.228207530000077)",Unfall 60438 (2024) Kat:3, Licht: 0,60438,3,7,0,11,13,5,0,0,0,0,1,0,0,1
"POINT (6.743824351000058 51.320709184000066)",Unfall 60497 (2024) Kat:3, Licht: 0,60497,3,7,5,12,09,7,1,0,1,1,0,0,0,0
"POINT (6.769829843000025 51.224572478000027)",Unfall 60599 (2024) Kat:3, Licht: 2,60599,3,6,2,11,14,7,0,2,0,1,0,0,0,0
"POINT (6.789396458000056 51.213352022000038)",Unfall 60603 (2024) Kat:3, Licht: 0,60603,3,3,5,11,14,4,1,0,0,1,0,1,0,0
"POINT (6.912537360000044 51.260192433000043)",Unfall 60604 (2024) Kat:3, Licht: 0,60604,3,3,1,11,14,4,1,0,0,1,0,0,0,0
"POINT (6.796049411000070 51.211029301000053)",Unfall 60607 (2024) Kat:3, Licht: 0,60607,3,2,5,11,10,4,1,0,1,0,0,0,1,0
"POINT (6.782786782000073 51.215257768000072)",Unfall 61033 (2024) Kat:3, Licht: 2,61033,3,6,2,12,17,2,1,2,0,1,0,0,0,0
"POINT (6.718384456000024 51.273169088000031)",Unfall 61064 (2024) Kat:3, Licht: 2,61064,3,1,0,12,07,1,1,2,0,1,0,0,0,0
"POINT (6.862926886000025 51.225334484000030)",Unfall 61119 (2024) Kat:3, Licht: 0,61119,3,6,6,12,12,7,0,0,0,1,1,0,0,0
"POINT (6.762611832000061 51.231681229000060)",Unfall 61120 (2024) Kat:3, Licht: 0,61120,3,2,8,12,14,7,0,0,1,1,0,0,0,0
"POINT (6.820696695000038 51.236545426000077)",Unfall 61193 (2024) Kat:2, Licht: 0,61193,2,4,6,12,14,6,0,0,0,1,1,0,0,0
"POINT (6.803599466000037 51.255337405000034)",Unfall 61194 (2024) Kat:3, Licht: 0,61194,3,2,5,12,11,6,0,0,0,1,0,1,0,0
"POINT (6.873194406000039 51.211234598000033)",Unfall 61290 (2024) Kat:3, Licht: 2,61290,3,1,8,12,05,4,1,2,0,1,0,0,0,0
"POINT (6.902936215000068 51.140924975000075)",Unfall 61339 (2024) Kat:3, Licht: 0,61339,3,1,9,12,13,3,1,0,0,1,0,0,0,0
"POINT (6.811517392000042 51.225264872000082)",Unfall 61340 (2024) Kat:3, Licht: 2,61340,3,1,0,12,22,3,1,2,0,0,0,0,0,1
"POINT (6.710835289000045 51.233537319000050)",Unfall 61341 (2024) Kat:2, Licht: 2,61341,2,6,3,12,23,3,1,2,0,1,0,0,0,1
"POINT (6.745793211000034 51.235992442000054)",Unfall 61514 (2024) Kat:2, Licht: 2,61514,2,4,6,12,17,1,1,2,0,1,1,0,0,0
"POINT (6.754218498000057 51.201031519000026)",Unfall 61571 (2024) Kat:3, Licht: 2,61571,3,7,4,12,21,7,0,2,0,1,0,0,0,0
"POINT (6.754180527000074 51.201029923000078)",Unfall 61606 (2024) Kat:2, Licht: 2,61606,2,2,5,12,22,7,1,2,0,1,0,0,0,0
"POINT (6.832212601000037 51.241053609000062)",Unfall 61718 (2024) Kat:3, Licht: 0,61718,3,6,2,12,11,6,0,0,0,1,0,0,0,1
"POINT (6.826260700000034 51.216739663000055)",Unfall 169152 (2024) Kat:3, Licht: 0,169152,3,3,5,01,10,7,1,0,0,1,0,0,0,0
"POINT (6.773544781000055 51.210677537000038)",Unfall 169179 (2024) Kat:3, Licht: 2,169179,3,1,0,01,20,6,2,2,0,0,0,1,0,0
"POINT (6.789010030000043 51.250425157000052)",Unfall 169180 (2024) Kat:3, Licht: 0,169180,3,1,0,01,10,6,1,0,1,0,0,0,0,0
"POINT (6.801242688000059 51.227477944000043)",Unfall 169181 (2024) Kat:3, Licht: 0,169181,3,2,5,01,08,6,1,0,1,0,0,0,0,1
"POINT (6.810845895000057 51.203317526000035)",Unfall 169211 (2024) Kat:3, Licht: 0,169211,3,4,6,01,15,5,1,0,0,1,1,0,0,0
"POINT (6.775412822000021 51.215643160000070)",Unfall 169212 (2024) Kat:3, Licht: 0,169212,3,2,5,01,12,5,1,0,0,1,0,0,0,0
"POINT (6.827625588000046 51.246202443000072)",Unfall 169261 (2024) Kat:3, Licht: 0,169261,3,5,1,01,16,4,2,0,0,1,0,0,0,0
"POINT (6.757670958000062 51.256493993000049)",Unfall 169262 (2024) Kat:3, Licht: 0,169262,3,1,0,01,14,4,2,0,0,0,0,1,0,0
"POINT (6.782781055000044 51.223933755000076)",Unfall 169263 (2024) Kat:3, Licht: 2,169263,3,1,5,01,21,4,2,2,0,1,0,0,0,1
"POINT (6.851590813000030 51.168990959000041)",Unfall 169307 (2024) Kat:1, Licht: 0,169307,1,2,5,01,12,3,0,0,0,1,0,0,0,0
"POINT (6.793141251000065 51.221730579000052)",Unfall 169308 (2024) Kat:3, Licht: 2,169308,3,7,6,01,20,3,0,2,0,0,1,0,0,1
"POINT (6.844203061000030 51.188319426000078)",Unfall 169348 (2024) Kat:3, Licht: 2,169348,3,2,4,01,18,2,1,2,0,1,0,0,0,0
"POINT (6.805110935000073 51.222150724000073)",Unfall 169349 (2024) Kat:3, Licht: 2,169349,3,1,0,01,19,2,1,2,1,0,0,0,0,0
"POINT (6.867499092000060 51.174584223000068)",Unfall 169385 (2024) Kat:3, Licht: 0,169385,3,6,4,01,09,7,1,0,0,1,0,1,0,0
"POINT (6.748899765000033 51.237652416000060)",Unfall 169386 (2024) Kat:3, Licht: 0,169386,3,1,6,01,13,7,1,0,0,1,1,0,0,0
"POINT (6.742367958000045 51.199212515000056)",Unfall 169436 (2024) Kat:3, Licht: 2,169436,3,1,0,01,19,1,1,2,0,0,0,0,0,1
"POINT (6.884873634000030 51.145544199000028)",Unfall 169451 (2024) Kat:3, Licht: 0,169451,3,7,0,01,11,6,1,0,0,0,0,0,0,1
"POINT (6.816037672000050 51.221740739000040)",Unfall 169452 (2024) Kat:3, Licht: 2,169452,3,3,5,01,17,6,1,2,1,1,0,0,0,0
"POINT (6.862057880000066 51.240258967000045)",Unfall 169453 (2024) Kat:3, Licht: 1,169453,3,1,0,01,07,6,2,1,1,0,0,0,0,0
"POINT (6.862849792000077 51.239739260000079)",Unfall 169454 (2024) Kat:3, Licht: 1,169454,3,1,0,01,07,6,2,1,1,0,0,0,0,0
"POINT (6.856703401000061 51.178437524000060)",Unfall 169533 (2024) Kat:3, Licht: 2,169533,3,7,6,01,19,5,0,2,0,1,1,0,0,0
"POINT (6.860397167000031 51.212112762000061)",Unfall 169534 (2024) Kat:3, Licht: 0,169534,3,3,5,01,10,5,0,0,1,1,0,0,0,0
"POINT (6.784214917000043 51.330361526000047)",Unfall 169535 (2024) Kat:3, Licht: 0,169535,3,7,9,01,11,5,0,0,0,1,0,0,0,0
"POINT (6.763334012000030 51.221272149000072)",Unfall 169566 (2024) Kat:3, Licht: 0,169566,3,6,2,01,07,4,0,0,0,1,0,0,0,0
"POINT (6.809452564000026 51.206653059000075)",Unfall 169595 (2024) Kat:2, Licht: 0,169595,2,6,2,01,14,7,0,0,0,1,0,0,0,0
"POINT (6.764678394000043 51.207170990000066)",Unfall 169607 (2024) Kat:3, Licht: 0,169607,3,2,5,01,14,3,0,0,1,0,0,0,0,1
"POINT (6.817568755000025 51.189101082000036)",Unfall 169608 (2024) Kat:3, Licht: 2,169608,3,7,3,01,17,3,0,2,0,1,0,0,0,1
"POINT (6.823658585000032 51.239440062000028)",Unfall 169610 (2024) Kat:3, Licht: 0,169610,3,7,3,01,16,3,0,0,0,1,0,0,0,1
"POINT (6.798788851000040 51.238939834000064)",Unfall 169611 (2024) Kat:2, Licht: 0,169611,2,5,1,01,10,3,0,0,1,0,0,0,0,1
"POINT (6.891054405000034 51.147184279000044)",Unfall 169655 (2024) Kat:3, Licht: 0,169655,3,2,5,01,13,2,0,0,1,1,0,0,0,0
"POINT (6.759449241000027 51.207488599000044)",Unfall 169656 (2024) Kat:3, Licht: 0,169656,3,3,5,01,12,2,1,0,1,1,0,0,0,0
"POINT (6.817516431000058 51.217315905000078)",Unfall 169657 (2024) Kat:3, Licht: 0,169657,3,1,9,01,11,2,0,0,1,1,0,1,0,0
"POINT (6.789904928000055 51.217748754000070)",Unfall 169658 (2024) Kat:3, Licht: 0,169658,3,2,3,01,10,2,0,0,0,1,0,0,0,0
"POINT (6.895041865000053 51.140569944000049)",Unfall 169696 (2024) Kat:3, Licht: 0,169696,3,7,0,01,09,7,1,0,0,0,0,0,0,1
"POINT (6.779297525000061 51.237178121000056)",Unfall 169697 (2024) Kat:3, Licht: 0,169697,3,2,5,01,12,7,0,0,1,1,0,0,0,0
"POINT (6.791668814000047 51.222113693000040)",Unfall 169698 (2024) Kat:3, Licht: 2,169698,3,2,3,01,21,7,0,2,1,1,0,0,0,0
"POINT (6.786743463000050 51.226072056000078)",Unfall 169699 (2024) Kat:3, Licht: 2,169699,3,7,9,01,18,7,1,2,0,1,0,0,0,0