WKT,Name,OBJECTID,UKATEGORIE,UTYP1,UART,UMONAT,USTUNDE,UWOCHENTAG,STRZUSTAND,ULICHTVERH,ISTRAD,ISTPKW,ISTFUSS,ISTKRAD,ISTGKFZ,ISTSONSTIG
"POINT (6.784848237000062 51.274812741000062)",Unfall 169731 (2024) Kat:2, Licht: 0,169731,2,5,0,01,16,6,0,0,1,1,0,0,0,0
"POINT (6.861214868000047 51.195092062000072)",Unfall 169749 (2024) Kat:3, Licht: 0,169749,3,1,4,01,09,6,1,0,0,1,0,1,0,0
"POINT (6.903449395000052 51.145066801000041)",Unfall 169779 (2024) Kat:3, Licht: 2,169779,3,6,2,01,19,5,1,2,1,1,0,0,0,0
"POINT (6.775830754000026 51.219107703000077)",Unfall 169780 (2024) Kat:3, Licht: 0,169780,3,3,5,01,14,5,1,0,1,0,0,0,0,1
"POINT (6.775302210000063 51.215243943000075)",Unfall 169865 (2024) Kat:3, Licht: 0,169865,3,7,6,01,13,3,1,0,0,1,1,0,0,0
"POINT (6.775056470000038 51.215601535000076)",Unfall 169866 (2024) Kat:3, Licht: 0,169866,3,6,2,01,09,3,1,0,0,1,0,0,0,0
"POINT (6.731058633000032 51.277088009000067)",Unfall 169867 (2024) Kat:3, Licht: 0,169867,3,3,5,01,12,3,0,0,1,1,0,0,0,0
"POINT (6.814372910000031 51.228393321000055)",Unfall 169868 (2024) Kat:2, Licht: 2,169868,2,2,6,01,17,3,1,2,0,1,1,0,0,0
"POINT (6.769178616000033 51.278244186000052)",Unfall 169869 (2024) Kat:3, Licht: 0,169869,3,1,9,01,11,3,1,0,0,1,0,0,0,0
"POINT (6.782714272000021 51.235088200000064)",Unfall 169870 (2024) Kat:3, Licht: 0,169870,3,3,5,01,08,3,1,0,0,0,0,0,0,1
"POINT (6.877983722000067 51.210449823000033)",Unfall 169892 (2024) Kat:3, Licht: 0,169892,3,7,1,01,09,5,1,0,0,1,0,0,0,0
"POINT (6.710549782000044 51.231441562000043)",Unfall 169962 (2024) Kat:3, Licht: 2,169962,3,1,9,01,04,3,1,2,0,1,0,0,0,0
"POINT (6.859133679000024 51.179179521000037)",Unfall 170078 (2024) Kat:2, Licht: 2,170078,2,2,5,01,20,6,1,2,0,1,0,0,0,0
"POINT (6.755082480000056 51.227321628000027)",Unfall 170118 (2024) Kat:3, Licht: 0,170118,3,6,3,01,12,4,0,0,1,0,0,0,0,1
"POINT (6.742323674000033 51.302084710000031)",Unfall 170147 (2024) Kat:3, Licht: 0,170147,3,3,5,01,13,6,1,0,0,1,0,0,0,0
"POINT (6.796638135000023 51.227359552000053)",Unfall 170204 (2024) Kat:2, Licht: 2,170204,2,2,5,01,20,1,1,2,0,1,0,0,0,0
"POINT (6.780433239000047 51.204230419000055)",Unfall 170340 (2024) Kat:2, Licht: 2,170340,2,7,0,02,18,7,1,2,0,0,0,0,0,1
"POINT (6.751333567000074 51.228099850000035)",Unfall 170341 (2024) Kat:3, Licht: 2,170341,3,7,6,02,20,7,1,2,1,0,1,0,0,0
"POINT (6.735457085000064 51.223271783000030)",Unfall 170383 (2024) Kat:3, Licht: 2,170383,3,1,0,02,18,6,0,2,0,0,0,0,0,1
"POINT (6.848907202000021 51.219542660000059)",Unfall 170384 (2024) Kat:2, Licht: 0,170384,2,2,5,02,14,6,0,0,0,1,0,0,0,1
"POINT (6.834853662000057 51.203173253000045)",Unfall 170443 (2024) Kat:3, Licht: 2,170443,3,2,6,02,18,5,1,2,0,1,1,0,0,0
"POINT (6.815736399000059 51.270451250000065)",Unfall 170444 (2024) Kat:3, Licht: 0,170444,3,6,6,02,14,5,1,0,0,0,1,0,1,0
"POINT (6.727543805000039 51.237477460000036)",Unfall 170445 (2024) Kat:3, Licht: 2,170445,3,7,2,02,06,5,0,2,0,1,0,0,0,0
"POINT (6.897436654000046 51.142785722000042)",Unfall 170492 (2024) Kat:3, Licht: 1,170492,3,4,6,02,07,4,1,1,0,1,1,0,0,0
"POINT (6.697110794000025 51.226796655000044)",Unfall 170493 (2024) Kat:3, Licht: 0,170493,3,7,0,02,12,4,1,0,1,1,0,0,0,0
"POINT (6.832312834000049 51.175768875000074)",Unfall 170536 (2024) Kat:3, Licht: 0,170536,3,2,5,02,08,3,0,0,1,1,0,0,0,0
"POINT (6.859208558000034 51.179199637000067)",Unfall 170537 (2024) Kat:3, Licht: 2,170537,3,2,6,02,07,3,0,2,0,1,1,0,0,0
"POINT (6.800672422000048 51.223514259000069)",Unfall 170538 (2024) Kat:3, Licht: 0,170538,3,1,0,02,10,3,1,0,0,1,0,0,0,1
"POINT (6.714576016000024 51.231841705000079)",Unfall 170539 (2024) Kat:3, Licht: 1,170539,3,2,5,02,07,3,0,1,1,1,0,0,0,0
"POINT (6.806894592000049 51.221697207000034)",Unfall 170548 (2024) Kat:3, Licht: 0,170548,3,5,1,02,13,3,0,0,0,1,0,0,0,0
"POINT (6.860658797000042 51.188304990000063)",Unfall 170604 (2024) Kat:3, Licht: 0,170604,3,2,6,02,12,1,1,0,0,1,1,0,0,0
"POINT (6.836505910000028 51.202567910000027)",Unfall 170605 (2024) Kat:3, Licht: 0,170605,3,7,6,02,02,1,1,0,0,0,1,1,0,0
"POINT (6.794630204000043 51.279918299000030)",Unfall 170606 (2024) Kat:3, Licht: 2,170606,3,3,5,02,18,1,1,2,0,1,0,1,0,0
"POINT (6.789406240000062 51.221662174000073)",Unfall 170607 (2024) Kat:3, Licht: 0,170607,3,7,0,02,12,1,0,0,0,1,1,0,0,0
"POINT (6.775276822000023 51.213859341000045)",Unfall 170642 (2024) Kat:3, Licht: 2,170642,3,6,3,02,18,7,1,2,0,1,0,0,0,0
"POINT (6.856819292000068 51.216650149000031)",Unfall 170683 (2024) Kat:3, Licht: 0,170683,3,7,1,02,13,6,0,0,1,0,0,0,0,1
"POINT (6.741963798000029 51.191024128000038)",Unfall 170684 (2024) Kat:3, Licht: 0,170684,3,7,0,02,14,6,0,0,1,0,0,0,0,0
"POINT (6.775403465000068 51.218971282000041)",Unfall 170685 (2024) Kat:3, Licht: 2,170685,3,2,3,02,20,6,0,2,1,1,0,0,0,0
"POINT (6.784811073000071 51.242469874000051)",Unfall 170686 (2024) Kat:3, Licht: 2,170686,3,7,3,02,18,6,0,2,1,1,0,0,0,0
"POINT (6.757904975000031 51.250745766000080)",Unfall 170687 (2024) Kat:2, Licht: 2,170687,2,4,6,02,07,6,0,2,0,0,1,0,1,0
"POINT (6.744602146000034 51.242016363000062)",Unfall 170688 (2024) Kat:3, Licht: 0,170688,3,3,5,02,08,6,0,0,0,1,0,0,0,1
"POINT (6.835626255000022 51.203340603000072)",Unfall 170739 (2024) Kat:3, Licht: 0,170739,3,4,6,02,16,5,0,0,1,0,1,0,0,0
"POINT (6.791414958000075 51.192832834000058)",Unfall 170740 (2024) Kat:2, Licht: 0,170740,2,4,6,02,13,5,0,0,0,1,1,0,0,0
"POINT (6.832007272000055 51.173783026000081)",Unfall 170741 (2024) Kat:3, Licht: 0,170741,3,2,6,02,12,5,1,0,0,0,1,0,0,1
"POINT (6.814441767000062 51.193110396000066)",Unfall 170742 (2024) Kat:3, Licht: 0,170742,3,2,5,02,09,5,0,0,0,1,0,0,0,0
"POINT (6.777046325000072 51.225727978000066)",Unfall 170743 (2024) Kat:3, Licht: 0,170743,3,3,5,02,11,5,1,0,0,1,0,0,0,0
"POINT (6.811417879000032 51.200902937000080)",Unfall 170886 (2024) Kat:3, Licht: 0,170886,3,6,3,01,13,2,0,0,0,1,0,0,1,0
"POINT (6.864784654000061 51.184950455000035)",Unfall 170921 (2024) Kat:3, Licht: 0,170921,3,3,5,01,16,1,0,0,1,1,0,0,0,0
"POINT (6.770594092000067 51.200145144000032)",Unfall 170922 (2024) Kat:3, Licht: 2,170922,3,6,2,02,21,6,0,2,0,1,0,0,0,0
"POINT (6.855611739000040 51.217561745000069)",Unfall 170923 (2024) Kat:3, Licht: 0,170923,3,3,5,01,14,1,0,0,1,1,0,0,0,0
"POINT (6.766124810000065 51.278866712000081)",Unfall 170924 (2024) Kat:3, Licht: 2,170924,3,6,2,01,18,1,0,2,0,1,0,0,0,0
"POINT (6.772432734000063 51.271672477000038)",Unfall 170925 (2024) Kat:3, Licht: 0,170925,3,3,5,01,13,1,0,0,0,1,0,0,0,0
"POINT (6.771457068000075 51.218729471000074)",Unfall 170951 (2024) Kat:3, Licht: 0,170951,3,2,5,02,13,6,0,0,1,1,0,0,0,0
"POINT (6.841904782000029 51.191580868000074)",Unfall 170979 (2024) Kat:3, Licht: 0,170979,3,6,4,01,15,7,0,0,1,0,0,0,0,1
"POINT (6.777041104000034 51.226535552000030)",Unfall 170981 (2024) Kat:3, Licht: 2,170981,3,7,6,01,19,7,0,2,0,1,1,0,0,1
"POINT (6.777014447000056 51.207846935000077)",Unfall 171098 (2024) Kat:2, Licht: 2,171098,2,2,5,01,20,5,1,2,0,1,0,0,0,1
"POINT (6.821380209000040 51.247429580000073)",Unfall 171099 (2024) Kat:3, Licht: 0,171099,3,6,3,01,11,5,0,0,1,1,0,0,0,0
"POINT (6.796624678000057 51.227536770000029)",Unfall 171100 (2024) Kat:3, Licht: 2,171100,3,2,5,01,18,5,0,2,1,1,0,0,0,0
"POINT (6.773244300000044 51.204501277000077)",Unfall 171134 (2024) Kat:3, Licht: 0,171134,3,2,5,01,11,6,1,0,1,1,0,0,0,0
"POINT (6.818420949000028 51.234633003000056)",Unfall 171197 (2024) Kat:2, Licht: 0,171197,2,3,5,01,14,6,1,0,1,1,0,0,0,0
"POINT (6.783766311000022 51.241414066000061)",Unfall 171201 (2024) Kat:3, Licht: 0,171201,3,6,3,01,15,5,0,0,0,1,0,0,0,1
"POINT (6.860462767000058 51.166211954000062)",Unfall 171215 (2024) Kat:3, Licht: 2,171215,3,2,6,01,20,3,1,2,0,1,1,0,0,0
"POINT (6.780323099000043 51.204142468000043)",Unfall 171216 (2024) Kat:3, Licht: 2,171216,3,2,5,01,18,3,1,2,0,1,1,0,0,0
"POINT (6.765660071000070 51.203687023000043)",Unfall 171217 (2024) Kat:3, Licht: 1,171217,3,3,5,01,07,3,0,1,1,1,0,0,0,0
"POINT (6.785923189000073 51.275409193000030)",Unfall 171219 (2024) Kat:3, Licht: 0,171219,3,5,1,01,13,3,0,0,0,0,0,0,0,1
"POINT (6.739388203000033 51.299878028000080)",Unfall 171220 (2024) Kat:3, Licht: 0,171220,3,5,1,01,07,3,0,0,0,1,0,0,0,1
"POINT (6.783460271000024 51.215550661000066)",Unfall 171284 (2024) Kat:3, Licht: 2,171284,3,6,2,01,17,2,0,2,0,1,0,1,0,0
"POINT (6.862408753000068 51.180153969000060)",Unfall 171285 (2024) Kat:2, Licht: 0,171285,2,2,5,01,15,2,0,0,1,1,0,0,0,0
"POINT (6.812338292000049 51.245792818000041)",Unfall 171286 (2024) Kat:3, Licht: 0,171286,3,5,1,01,12,2,1,0,1,1,0,0,0,0
"POINT (6.768632453000066 51.254504752000059)",Unfall 171316 (2024) Kat:3, Licht: 2,171316,3,6,1,01,19,5,1,2,0,1,0,0,0,0
"POINT (6.812023718000034 51.264698829000054)",Unfall 171335 (2024) Kat:3, Licht: 0,171335,3,2,6,03,09,2,0,0,0,1,1,0,0,0
"POINT (6.751092449000055 51.213119417000030)",Unfall 171378 (2024) Kat:3, Licht: 2,171378,3,7,5,03,00,1,0,2,0,1,0,0,0,0
"POINT (6.819764652000060 51.221825221000074)",Unfall 171379 (2024) Kat:3, Licht: 1,171379,3,2,3,03,17,1,0,1,0,0,0,1,0,1
"POINT (6.784304646000066 51.202261689000068)",Unfall 171470 (2024) Kat:3, Licht: 0,171470,3,3,5,03,14,6,0,0,0,1,0,0,0,1
"POINT (6.741267908000054 51.192661756000064)",Unfall 171471 (2024) Kat:3, Licht: 0,171471,3,5,1,03,12,6,0,0,0,1,0,1,0,0
"POINT (6.862104996000028 51.180494319000047)",Unfall 171472 (2024) Kat:3, Licht: 1,171472,3,2,5,03,07,6,0,1,1,1,0,0,0,0
"POINT (6.775333629000045 51.265746736000040)",Unfall 171473 (2024) Kat:3, Licht: 0,171473,3,3,5,03,16,6,0,0,1,1,0,0,0,0
"POINT (6.836623037000038 51.228203110000038)",Unfall 171518 (2024) Kat:2, Licht: 2,171518,2,3,5,02,21,5,0,2,1,1,0,0,0,0
"POINT (6.838487593000025 51.171455121000065)",Unfall 171562 (2024) Kat:3, Licht: 0,171562,3,3,5,02,11,4,0,0,1,1,0,0,0,0
"POINT (6.812575880000054 51.219287157000053)",Unfall 171563 (2024) Kat:3, Licht: 2,171563,3,2,5,02,20,4,0,2,1,1,0,0,0,0
"POINT (6.781074071000035 51.239775129000066)",Unfall 171564 (2024) Kat:3, Licht: 0,171564,3,7,4,02,16,4,0,0,1,1,0,0,0,1
"POINT (6.746371290000070 51.270624036000072)",Unfall 171565 (2024) Kat:3, Licht: 0,171565,3,3,5,02,13,4,0,0,0,1,0,0,1,0
"POINT (6.793405754000048 51.227796703000081)",Unfall 171566 (2024) Kat:3, Licht: 0,171566,3,5,0,02,15,4,0,0,1,1,0,0,0,0
"POINT (6.851963450000028 51.185379628000078)",Unfall 171624 (2024) Kat:3, Licht: 0,171624,3,7,0,02,15,3,0,0,0,1,0,0,0,1
"POINT (6.838525485000048 51.171294739000075)",Unfall 171625 (2024) Kat:3, Licht: 0,171625,3,1,0,02,14,3,0,0,1,0,0,0,0,0
"POINT (6.765582664000021 51.246690449000027)",Unfall 171626 (2024) Kat:3, Licht: 0,171626,3,1,0,02,12,3,0,0,0,0,0,1,0,0
"POINT (6.895350154000027 51.144952942000032)",Unfall 171672 (2024) Kat:2, Licht: 0,171672,2,2,5,02,15,2,1,0,0,1,0,1,0,0
"POINT (6.757880960000023 51.212209005000034)",Unfall 171673 (2024) Kat:3, Licht: 0,171673,3,7,0,02,10,2,1,0,1,0,0,0,0,0
"POINT (6.759994151000058 51.270688563000078)",Unfall 171674 (2024) Kat:3, Licht: 2,171674,3,7,8,02,00,2,0,2,0,1,0,0,0,0
"POINT (6.776849162000076 51.228952690000028)",Unfall 171697 (2024) Kat:3, Licht: 2,171697,3,1,6,02,01,1,0,2,0,0,1,0,0,1
"POINT (6.758929390000048 51.211709940000048)",Unfall 171724 (2024) Kat:3, Licht: 0,171724,3,1,0,02,17,7,1,0,0,0,0,1,0,0
"POINT (6.826733776000026 51.206840004000071)",Unfall 171725 (2024) Kat:3, Licht: 0,171725,3,1,3,02,15,7,1,0,0,0,0,1,0,1
"POINT (6.860597562000066 51.181836657000076)",Unfall 171727 (2024) Kat:3, Licht: 0,171727,3,1,0,02,15,7,1,0,1,0,0,0,0,0
"POINT (6.741302968000070 51.278447425000081)",Unfall 171728 (2024) Kat:3, Licht: 2,171728,3,1,0,02,22,7,0,2,0,0,0,0,0,1
"POINT (6.808458170000051 51.240718025000035)",Unfall 171729 (2024) Kat:2, Licht: 0,171729,2,1,0,02,16,7,1,0,1,0,0,0,0,0
"POINT (6.865648235000037 51.176388077000070)",Unfall 171768 (2024) Kat:3, Licht: 0,171768,3,3,5,02,16,6,1,0,0,1,0,0,0,0
"POINT (6.861765912000067 51.216543958000045)",Unfall 171769 (2024) Kat:3, Licht: 0,171769,3,4,6,02,09,6,0,0,1,0,1,0,0,0
"POINT (6.818595334000065 51.258706406000044)",Unfall 171770 (2024) Kat:3, Licht: 0,171770,3,7,1,02,12,6,0,0,0,1,0,1,0,0
"POINT (6.790348979000044 51.211205833000065)",Unfall 171821 (2024) Kat:3, Licht: 0,171821,3,3,5,02,13,5,1,0,0,1,0,1,0,0
"POINT (6.765978027000074 51.198316124000030)",Unfall 171822 (2024) Kat:3, Licht: 0,171822,3,1,1,02,11,5,1,0,1,1,0,0,0,0
"POINT (6.767313840000043 51.218477847000031)",Unfall 171823 (2024) Kat:3, Licht: 2,171823,3,1,9,02,05,5,1,2,0,1,0,0,0,0
"POINT (6.721968281000045 51.243191353000043)",Unfall 171824 (2024) Kat:3, Licht: 2,171824,3,7,0,02,21,5,1,2,1,1,0,0,0,0
"POINT (6.776939480000067 51.219362839000041)",Unfall 171883 (2024) Kat:3, Licht: 2,171883,3,1,0,02,20,4,1,2,0,0,0,1,0,0
"POINT (6.839699073000077 51.220009392000065)",Unfall 171884 (2024) Kat:3, Licht: 0,171884,3,2,1,02,15,4,0,0,0,0,0,1,0,1
"POINT (6.777949029000069 51.262818314000071)",Unfall 171885 (2024) Kat:3, Licht: 1,171885,3,6,6,02,18,4,0,1,1,0,1,0,0,0
"POINT (6.782455781000067 51.242127245000063)",Unfall 171886 (2024) Kat:2, Licht: 2,171886,2,4,6,02,19,4,1,2,0,1,1,0,0,0
"POINT (6.727477930000020 51.240315864000081)",Unfall 171887 (2024) Kat:3, Licht: 2,171887,3,7,3,02,19,4,1,2,0,1,0,0,0,1
"POINT (6.787229306000029 51.221685965000063)",Unfall 171888 (2024) Kat:3, Licht: 0,171888,3,5,0,02,09,4,0,0,1,1,0,0,0,1
"POINT (6.793516979000060 51.205538078000075)",Unfall 171921 (2024) Kat:3, Licht: 0,171921,3,3,5,02,11,3,0,0,0,1,0,0,0,1
"POINT (6.820720878000031 51.184765317000029)",Unfall 171922 (2024) Kat:3, Licht: 2,171922,3,2,5,02,17,3,0,2,1,0,0,0,0,1
"POINT (6.778770644000076 51.210556674000031)",Unfall 171923 (2024) Kat:3, Licht: 2,171923,3,6,2,02,18,3,0,2,0,1,0,0,0,1
"POINT (6.744907852000040 51.231261969000059)",Unfall 171924 (2024) Kat:3, Licht: 0,171924,3,1,9,02,15,3,0,0,0,1,0,0,0,0
"POINT (6.806174457000054 51.213104408000049)",Unfall 171925 (2024) Kat:3, Licht: 1,171925,3,2,6,02,07,3,0,1,0,0,1,0,0,1
"POINT (6.895876978000047 51.141976255000031)",Unfall 171959 (2024) Kat:2, Licht: 0,171959,2,3,5,02,13,4,0,0,1,1,0,0,0,0
"POINT (6.781541867000044 51.235863687000062)",Unfall 171981 (2024) Kat:2, Licht: 0,171981,2,2,6,02,16,2,1,0,0,1,1,0,0,0
"POINT (6.860586328000068 51.181848431000049)",Unfall 172002 (2024) Kat:3, Licht: 2,172002,3,1,9,02,06,1,0,2,0,1,0,0,0,1
"POINT (6.826066497000056 51.195738822000067)",Unfall 172040 (2024) Kat:2, Licht: 0,172040,2,2,1,02,13,7,0,0,0,1,0,0,0,1
"POINT (6.738980494000032 51.267862557000058)",Unfall 172041 (2024) Kat:3, Licht: 0,172041,3,3,5,02,15,7,0,0,0,1,0,0,0,0
"POINT (6.800053296000044 51.240740033000066)",Unfall 172042 (2024) Kat:3, Licht: 0,172042,3,7,6,02,12,7,0,0,0,0,1,0,0,1
"POINT (6.791327718000048 51.221943575000068)",Unfall 172043 (2024) Kat:3, Licht: 0,172043,3,7,0,02,16,7,0,0,0,0,0,0,0,1
"POINT (6.798283715000025 51.232083364000061)",Unfall 172078 (2024) Kat:3, Licht: 0,172078,3,7,6,02,15,6,1,0,0,0,1,0,0,1
"POINT (6.784878852000077 51.211078931000031)",Unfall 172139 (2024) Kat:2, Licht: 0,172139,2,4,6,02,17,5,0,0,0,1,1,0,0,0
"POINT (6.729270269000040 51.239705921000052)",Unfall 172140 (2024) Kat:2, Licht: 0,172140,2,7,0,02,14,5,0,0,0,0,0,0,0,1
"POINT (6.776650240000038 51.210768979000079)",Unfall 172177 (2024) Kat:3, Licht: 2,172177,3,3,5,02,18,4,1,2,0,1,0,0,0,0
"POINT (6.864562186000057 51.216521523000040)",Unfall 172189 (2024) Kat:3, Licht: 2,172189,3,7,0,02,18,4,1,2,1,0,0,0,0,1
"POINT (6.826544957000067 51.197262516000080)",Unfall 172190 (2024) Kat:3, Licht: 1,172190,3,5,1,02,16,4,1,1,0,1,0,0,0,1
"POINT (6.775215797000044 51.219114780000041)",Unfall 172191 (2024) Kat:3, Licht: 2,172191,3,2,6,02,18,4,1,2,0,1,1,0,0,0
"POINT (6.865585367000051 51.176456837000046)",Unfall 172193 (2024) Kat:2, Licht: 0,172193,2,2,5,02,12,4,1,0,1,0,0,1,0,0
"POINT (6.883679892000032 51.149966009000082)",Unfall 172194 (2024) Kat:3, Licht: 0,172194,3,3,5,02,11,4,1,0,1,1,0,0,0,0
"POINT (6.811637394000059 51.210438810000028)",Unfall 172195 (2024) Kat:3, Licht: 2,172195,3,5,1,02,23,4,1,2,0,1,0,0,0,1
"POINT (6.904329765000057 51.143961017000038)",Unfall 172266 (2024) Kat:3, Licht: 2,172266,3,7,0,02,21,3,0,2,0,0,0,0,0,1
"POINT (6.868847832000029 51.183815824000078)",Unfall 172267 (2024) Kat:3, Licht: 0,172267,3,3,5,02,09,3,0,0,1,1,0,0,0,0
"POINT (6.785897783000053 51.212863617000039)",Unfall 172268 (2024) Kat:2, Licht: 2,172268,2,1,0,02,00,3,1,2,0,0,0,0,0,1
"POINT (6.810610686000075 51.262189883000076)",Unfall 172269 (2024) Kat:3, Licht: 0,172269,3,7,0,02,12,3,0,0,0,0,0,0,0,1
"POINT (6.804783307000037 51.214756476000048)",Unfall 172270 (2024) Kat:3, Licht: 0,172270,3,7,0,02,08,3,0,0,1,0,0,0,0,0
"POINT (6.763048971000046 51.211212449000072)",Unfall 172315 (2024) Kat:3, Licht: 2,172315,3,6,2,02,17,2,1,2,1,1,0,0,0,0
"POINT (6.726693521000072 51.240802242000029)",Unfall 172316 (2024) Kat:3, Licht: 2,172316,3,1,2,02,22,2,0,2,0,1,0,1,0,0
"POINT (6.754291412000043 51.259871810000050)",Unfall 172327 (2024) Kat:3, Licht: 2,172327,3,2,5,03,19,1,1,2,0,1,0,0,0,1
"POINT (6.845553445000064 51.233460650000040)",Unfall 172328 (2024) Kat:3, Licht: 0,172328,3,5,5,03,16,1,1,0,1,1,0,0,0,0
"POINT (6.767802170000039 51.276890567000066)",Unfall 172329 (2024) Kat:3, Licht: 0,172329,3,1,8,03,14,1,1,0,0,1,0,0,0,0
"POINT (6.859287015000064 51.177581680000060)",Unfall 172404 (2024) Kat:3, Licht: 0,172404,3,3,5,03,14,6,0,0,1,1,0,0,0,0
"POINT (6.808305762000032 51.210922568000058)",Unfall 172405 (2024) Kat:3, Licht: 1,172405,3,3,3,03,06,6,0,1,1,0,0,0,0,0
"POINT (6.794393933000038 51.260228579000056)",Unfall 172406 (2024) Kat:3, Licht: 2,172406,3,3,5,03,18,6,1,2,0,1,0,1,0,0
"POINT (6.743210108000028 51.258274286000074)",Unfall 172407 (2024) Kat:3, Licht: 0,172407,3,4,6,03,09,6,0,0,0,0,1,0,0,1
"POINT (6.770220111000071 51.197808279000071)",Unfall 172452 (2024) Kat:3, Licht: 1,172452,3,1,0,03,18,5,0,1,1,0,0,0,0,0
"POINT (6.770630780000033 51.200410009000052)",Unfall 172453 (2024) Kat:3, Licht: 0,172453,3,6,1,03,16,5,0,0,0,1,0,0,0,1
"POINT (6.861134961000062 51.170079712000074)",Unfall 172454 (2024) Kat:3, Licht: 0,172454,3,2,6,03,14,5,0,0,0,1,1,0,0,0
"POINT (6.723055010000053 51.331819346000032)",Unfall 172455 (2024) Kat:3, Licht: 2,172455,3,1,9,03,01,5,0,2,0,1,0,1,0,0
"POINT (6.737372891000064 51.241560856000035)",Unfall 172456 (2024) Kat:3, Licht: 0,172456,3,2,5,03,18,5,0,0,1,1,0,0,0,0
"POINT (6.852878405000070 51.196579652000082)",Unfall 172523 (2024) Kat:3, Licht: 0,172523,3,7,0,03,13,4,0,0,0,0,0,1,0,1
"POINT (6.848952773000065 51.218230514000027)",Unfall 172524 (2024) Kat:3, Licht: 0,172524,3,6,2,03,09,4,0,0,0,1,0,1,0,0
"POINT (6.844060991000049 51.216406060000054)",Unfall 172525 (2024) Kat:3, Licht: 0,172525,3,5,1,03,08,4,0,0,1,0,0,0,0,1
"POINT (6.790359904000070 51.236981654000033)",Unfall 172526 (2024) Kat:3, Licht: 0,172526,3,5,1,03,10,4,0,0,1,1,0,0,0,0
"POINT (6.811611697000046 51.210456148000048)",Unfall 172527 (2024) Kat:2, Licht: 2,172527,2,1,8,03,21,4,0,2,0,1,0,0,0,0
"POINT (6.725823519000073 51.230138532000069)",Unfall 172528 (2024) Kat:3, Licht: 2,172528,3,1,2,03,19,4,0,2,1,1,0,0,0,0
"POINT (6.795059204000040 51.224109427000030)",Unfall 172529 (2024) Kat:3, Licht: 0,172529,3,4,6,03,12,4,0,0,0,1,1,0,0,0
"POINT (6.776848529000063 51.223068181000031)",Unfall 172583 (2024) Kat:3, Licht: 2,172583,3,2,6,03,23,6,1,2,0,1,1,0,0,0
"POINT (6.756777113000055 51.207040224000082)",Unfall 172593 (2024) Kat:3, Licht: 2,172593,3,3,5,03,20,3,0,2,0,1,0,0,0,0
"POINT (6.784157869000069 51.206990944000040)",Unfall 172594 (2024) Kat:3, Licht: 0,172594,3,6,2,03,17,3,0,0,1,1,0,0,0,0
"POINT (6.883712828000057 51.150000060000082)",Unfall 172595 (2024) Kat:3, Licht: 0,172595,3,2,5,03,16,3,0,0,1,1,0,0,0,0
"POINT (6.823410664000050 51.262854634000064)",Unfall 172596 (2024) Kat:3, Licht: 2,172596,3,2,6,03,19,3,0,2,0,1,1,0,0,0
"POINT (6.821303578000027 51.229217292000044)",Unfall 172597 (2024) Kat:2, Licht: 0,172597,2,6,3,03,15,3,0,0,1,0,0,0,0,0
"POINT (6.779373988000032 51.219778649000034)",Unfall 172598 (2024) Kat:3, Licht: 0,172598,3,2,6,03,10,3,0,0,0,1,1,0,0,0
"POINT (6.778362255000047 51.219785063000074)",Unfall 172607 (2024) Kat:3, Licht: 2,172607,3,2,5,03,23,6,1,2,1,1,0,0,0,0
"POINT (6.824254182000061 51.181780946000060)",Unfall 172662 (2024) Kat:3, Licht: 0,172662,3,6,3,03,14,2,0,0,1,0,0,0,0,0
"POINT (6.896775154000068 51.143493328000034)",Unfall 172663 (2024) Kat:3, Licht: 0,172663,3,7,0,03,10,2,0,0,1,1,0,0,0,0
"POINT (6.776708343000053 51.213971244000049)",Unfall 172708 (2024) Kat:3, Licht: 0,172708,3,2,3,03,15,7,0,0,1,1,0,0,0,0
"POINT (6.790316542000028 51.222760946000051)",Unfall 172709 (2024) Kat:3, Licht: 0,172709,3,7,2,03,15,7,0,0,0,1,0,0,0,0
"POINT (6.789601783000023 51.216720930000065)",Unfall 172756 (2024) Kat:3, Licht: 2,172756,3,1,0,03,20,6,1,2,0,0,0,0,0,1
"POINT (6.788136680000036 51.211138874000028)",Unfall 172757 (2024) Kat:3, Licht: 2,172757,3,3,3,03,18,6,1,2,1,1,0,0,0,0
"POINT (6.809448824000071 51.192107346000057)",Unfall 172758 (2024) Kat:3, Licht: 0,172758,3,5,1,03,10,6,0,0,1,1,0,0,0,0
"POINT (6.812541745000033 51.262488202000043)",Unfall 172759 (2024) Kat:3, Licht: 0,172759,3,3,5,03,12,6,0,0,1,0,0,0,0,1
"POINT (6.787807271000077 51.265912471000036)",Unfall 172760 (2024) Kat:3, Licht: 0,172760,3,4,6,03,14,6,0,0,0,1,1,0,0,0
"POINT (6.760093868000070 51.224303734000046)",Unfall 172761 (2024) Kat:3, Licht: 1,172761,3,6,2,03,17,6,1,1,0,1,0,0,0,0
"POINT (6.794019480000031 51.223524931000043)",Unfall 172832 (2024) Kat:3, Licht: 0,172832,3,6,3,03,13,5,0,0,0,1,0,0,0,0
"POINT (6.751937244000032 51.239637022000068)",Unfall 172833 (2024) Kat:3, Licht: 0,172833,3,5,1,03,07,5,0,0,1,1,0,0,0,0