WKT,Name,OBJECTID,UKATEGORIE,UTYP1,UART,UMONAT,USTUNDE,UWOCHENTAG,STRZUSTAND,ULICHTVERH,ISTRAD,ISTPKW,ISTFUSS,ISTKRAD,ISTGKFZ,ISTSONSTIG
"POINT (6.755194738000057 51.234669603000043)",Unfall 172834 (2024) Kat:3, Licht: 0,172834,3,2,5,03,08,5,0,0,1,1,0,0,0,0
"POINT (6.817181073000029 51.204130459000055)",Unfall 172876 (2024) Kat:3, Licht: 0,172876,3,3,5,03,10,4,1,0,0,1,0,1,0,0
"POINT (6.763653332000047 51.249669056000073)",Unfall 172877 (2024) Kat:3, Licht: 1,172877,3,3,5,03,17,4,0,1,1,1,0,0,0,0
"POINT (6.786168163000070 51.207399286000054)",Unfall 172878 (2024) Kat:3, Licht: 0,172878,3,7,6,03,08,4,0,0,0,1,1,0,0,0
"POINT (6.863273283000069 51.164522573000056)",Unfall 172921 (2024) Kat:2, Licht: 0,172921,2,1,0,03,16,3,1,0,1,0,0,0,0,0
"POINT (6.793972773000064 51.252087052000036)",Unfall 172922 (2024) Kat:3, Licht: 2,172922,3,2,5,03,05,3,1,2,1,1,0,0,0,0
"POINT (6.779091389000030 51.197788921000040)",Unfall 172929 (2024) Kat:3, Licht: 0,172929,3,1,9,03,07,3,0,0,1,0,0,0,0,0
"POINT (6.868751480000071 51.166700819000027)",Unfall 172977 (2024) Kat:3, Licht: 0,172977,3,5,1,03,13,2,1,0,1,1,0,0,0,0
"POINT (6.793152489000022 51.232125896000070)",Unfall 172978 (2024) Kat:3, Licht: 2,172978,3,4,6,03,18,2,1,2,0,0,1,1,0,0
"POINT (6.756908807000059 51.239246821000052)",Unfall 172979 (2024) Kat:3, Licht: 2,172979,3,7,0,03,20,2,1,2,0,1,0,0,0,1
"POINT (6.762329743000066 51.248534328000062)",Unfall 173016 (2024) Kat:3, Licht: 0,173016,3,2,5,03,10,1,0,0,1,1,0,0,0,0
"POINT (6.767975862000071 51.195130245000030)",Unfall 173053 (2024) Kat:3, Licht: 0,173053,3,1,0,03,16,7,0,0,1,0,0,0,0,0
"POINT (6.811684336000042 51.198237383000048)",Unfall 173054 (2024) Kat:2, Licht: 0,173054,2,4,5,03,14,7,0,0,0,1,1,0,0,0
"POINT (6.762827400000049 51.210621985000046)",Unfall 173055 (2024) Kat:3, Licht: 0,173055,3,6,1,03,12,7,0,0,0,1,1,0,0,1
"POINT (6.727576903000056 51.240426442000057)",Unfall 173056 (2024) Kat:3, Licht: 2,173056,3,7,3,03,19,7,0,2,0,1,0,0,0,1
"POINT (6.808167839000021 51.211065961000031)",Unfall 173057 (2024) Kat:3, Licht: 0,173057,3,6,2,03,11,7,0,0,0,1,0,0,0,0
"POINT (6.777778187000024 51.210044102000040)",Unfall 173108 (2024) Kat:2, Licht: 2,173108,2,7,0,03,20,6,0,2,1,1,0,0,0,0
"POINT (6.794657584000049 51.275998906000041)",Unfall 173109 (2024) Kat:3, Licht: 0,173109,3,6,1,03,13,6,0,0,0,1,0,0,0,0
"POINT (6.780205728000055 51.225599016000047)",Unfall 173111 (2024) Kat:3, Licht: 0,173111,3,4,6,03,16,6,0,0,0,1,1,0,0,0
"POINT (6.787807165000061 51.251425958000027)",Unfall 173147 (2024) Kat:3, Licht: 2,173147,3,1,8,03,19,6,1,2,0,1,0,1,0,0
"POINT (6.759658073000026 51.252845636000075)",Unfall 173168 (2024) Kat:3, Licht: 0,173168,3,3,5,03,07,4,0,0,0,1,0,0,0,0
"POINT (6.806521451000037 51.254398828000035)",Unfall 173172 (2024) Kat:3, Licht: 2,173172,3,7,0,03,20,5,0,2,0,0,0,0,0,1
"POINT (6.789368113000023 51.211183573000028)",Unfall 173236 (2024) Kat:3, Licht: 2,173236,3,2,3,03,19,4,0,2,1,1,0,0,0,0
"POINT (6.775309655000058 51.215642623000065)",Unfall 173237 (2024) Kat:2, Licht: 0,173237,2,2,4,03,12,4,0,0,0,1,0,0,0,0
"POINT (6.792129907000060 51.278158000000076)",Unfall 173238 (2024) Kat:3, Licht: 0,173238,3,4,6,03,15,4,0,0,0,1,1,0,0,0
"POINT (6.741597315000035 51.297182525000039)",Unfall 173284 (2024) Kat:3, Licht: 0,173284,3,6,0,03,14,7,0,0,0,1,0,0,0,0
"POINT (6.899479616000065 51.143805529000076)",Unfall 173308 (2024) Kat:3, Licht: 2,173308,3,2,6,03,21,3,1,2,0,1,1,0,0,0
"POINT (6.833317732000069 51.207647886000075)",Unfall 173309 (2024) Kat:3, Licht: 0,173309,3,5,5,03,10,3,1,0,0,0,0,0,0,1
"POINT (6.811669143000074 51.198321111000041)",Unfall 173310 (2024) Kat:2, Licht: 0,173310,2,2,5,03,08,3,0,0,1,0,0,0,0,1
"POINT (6.782429280000031 51.240976292000028)",Unfall 173311 (2024) Kat:3, Licht: 0,173311,3,1,0,03,16,3,1,0,0,0,0,0,0,1
"POINT (6.789190200000064 51.218121884000027)",Unfall 173312 (2024) Kat:2, Licht: 0,173312,2,1,0,03,09,3,0,0,1,0,0,0,0,0
"POINT (6.770347298000047 51.198668859000065)",Unfall 173395 (2024) Kat:3, Licht: 0,173395,3,5,3,04,19,1,0,0,1,1,0,0,0,0
"POINT (6.857252020000033 51.223392485000034)",Unfall 173396 (2024) Kat:3, Licht: 0,173396,3,2,5,04,12,1,0,0,0,1,0,1,0,0
"POINT (6.704751110000075 51.231031708000046)",Unfall 173397 (2024) Kat:3, Licht: 0,173397,3,7,6,04,14,1,0,0,0,1,1,0,0,0
"POINT (6.725688774000048 51.230105983000044)",Unfall 173455 (2024) Kat:3, Licht: 0,173455,3,6,4,04,17,1,0,0,1,1,0,0,0,0
"POINT (6.828563834000022 51.182510538000031)",Unfall 173461 (2024) Kat:3, Licht: 0,173461,3,2,0,04,10,7,0,0,1,1,0,0,0,0
"POINT (6.838895976000060 51.216808555000057)",Unfall 173521 (2024) Kat:3, Licht: 0,173521,3,1,8,04,15,6,0,0,1,0,0,0,0,0
"POINT (6.743939885000032 51.236486458000059)",Unfall 173522 (2024) Kat:3, Licht: 0,173522,3,7,0,04,11,6,0,0,1,0,0,0,0,0
"POINT (6.786675904000049 51.219145093000066)",Unfall 173576 (2024) Kat:3, Licht: 1,173576,3,1,1,04,20,5,0,1,0,1,0,0,0,1
"POINT (6.790200543000026 51.241396436000059)",Unfall 173577 (2024) Kat:3, Licht: 0,173577,3,4,6,04,17,5,0,0,0,1,1,0,0,0
"POINT (6.746040319000031 51.273885117000077)",Unfall 173578 (2024) Kat:3, Licht: 0,173578,3,4,6,04,09,5,0,0,1,0,1,0,0,0
"POINT (6.797034818000043 51.225198668000075)",Unfall 173579 (2024) Kat:3, Licht: 0,173579,3,6,3,04,09,5,0,0,1,1,0,0,0,0
"POINT (6.874223262000044 51.168565152000042)",Unfall 173633 (2024) Kat:3, Licht: 0,173633,3,2,5,04,19,4,0,0,0,1,0,0,0,0
"POINT (6.826079572000026 51.244405422000057)",Unfall 173634 (2024) Kat:3, Licht: 0,173634,3,3,5,04,17,4,0,0,1,0,0,0,0,0
"POINT (6.772678647000021 51.219151766000039)",Unfall 173687 (2024) Kat:3, Licht: 0,173687,3,3,5,04,08,3,0,0,0,1,0,0,0,1
"POINT (6.777673275000041 51.238752165000051)",Unfall 173689 (2024) Kat:3, Licht: 0,173689,3,6,3,04,13,3,0,0,1,1,0,0,0,0
"POINT (6.824351994000040 51.177093749000051)",Unfall 173760 (2024) Kat:2, Licht: 0,173760,2,3,5,04,09,2,0,0,1,1,0,0,0,0
"POINT (6.762447917000031 51.271018494000032)",Unfall 173761 (2024) Kat:2, Licht: 0,173761,2,2,2,04,13,2,0,0,0,1,0,1,0,0
"POINT (6.746404958000028 51.270634959000063)",Unfall 173762 (2024) Kat:3, Licht: 0,173762,3,3,5,04,12,2,0,0,0,1,0,0,0,0
"POINT (6.793982088000064 51.236175480000043)",Unfall 173763 (2024) Kat:3, Licht: 0,173763,3,6,3,04,08,2,0,0,1,1,0,0,0,0
"POINT (6.777039229000025 51.226468946000068)",Unfall 173764 (2024) Kat:3, Licht: 0,173764,3,7,0,04,13,2,0,0,0,0,0,0,0,1
"POINT (6.792836580000028 51.216998673000035)",Unfall 173765 (2024) Kat:3, Licht: 0,173765,3,1,0,04,12,2,0,0,0,0,0,0,0,1
"POINT (6.731602216000056 51.296859966000056)",Unfall 173826 (2024) Kat:3, Licht: 0,173826,3,1,0,04,15,1,0,0,1,0,0,0,0,0
"POINT (6.740240065000023 51.230676783000035)",Unfall 173828 (2024) Kat:3, Licht: 2,173828,3,3,5,04,22,1,1,2,1,1,0,0,0,0
"POINT (6.881635220000021 51.148773656000060)",Unfall 173836 (2024) Kat:3, Licht: 0,173836,3,6,4,04,15,4,0,0,0,1,0,0,0,0
"POINT (6.815843822000033 51.190678809000076)",Unfall 173880 (2024) Kat:3, Licht: 0,173880,3,2,5,04,18,2,0,0,0,1,1,0,0,0
"POINT (6.763888134000069 51.220809105000058)",Unfall 173890 (2024) Kat:3, Licht: 0,173890,3,6,4,04,15,7,0,0,1,0,1,0,0,0
"POINT (6.831242023000073 51.207078637000052)",Unfall 173891 (2024) Kat:2, Licht: 0,173891,2,4,6,04,13,7,0,0,0,0,1,0,1,0
"POINT (6.776521504000073 51.202963158000045)",Unfall 173892 (2024) Kat:3, Licht: 0,173892,3,6,1,04,14,7,0,0,1,1,0,0,0,0
"POINT (6.784439864000035 51.338693484000032)",Unfall 173893 (2024) Kat:3, Licht: 2,173893,3,7,6,04,21,7,0,2,0,1,1,0,0,0
"POINT (6.804649436000034 51.214897574000076)",Unfall 173894 (2024) Kat:3, Licht: 0,173894,3,7,2,04,13,7,0,0,1,1,1,0,0,0
"POINT (6.820441390000042 51.215803861000040)",Unfall 174000 (2024) Kat:3, Licht: 0,174000,3,6,3,04,18,5,1,0,0,1,0,0,0,0
"POINT (6.763066979000030 51.211407629000064)",Unfall 174001 (2024) Kat:3, Licht: 1,174001,3,2,6,04,06,5,1,1,0,1,1,0,0,0
"POINT (6.805894871000021 51.220572183000058)",Unfall 174007 (2024) Kat:2, Licht: 0,174007,2,3,5,04,09,5,0,0,0,1,0,0,0,0
"POINT (6.787358741000048 51.211250463000056)",Unfall 174047 (2024) Kat:3, Licht: 2,174047,3,3,0,04,22,4,0,2,0,1,0,0,0,0
"POINT (6.850398402000053 51.222533527000053)",Unfall 174048 (2024) Kat:3, Licht: 0,174048,3,1,9,04,10,4,1,0,0,1,0,0,0,0
"POINT (6.789941198000065 51.220654742000079)",Unfall 174049 (2024) Kat:3, Licht: 0,174049,3,2,6,04,17,4,1,0,0,1,1,0,0,0
"POINT (6.850808066000070 51.211695553000027)",Unfall 174098 (2024) Kat:3, Licht: 0,174098,3,1,1,04,19,3,0,0,1,1,0,0,0,0
"POINT (6.776805951000028 51.227451401000053)",Unfall 174147 (2024) Kat:3, Licht: 2,174147,3,4,6,03,04,1,0,2,0,1,1,0,0,0
"POINT (6.862340917000040 51.180457135000040)",Unfall 174184 (2024) Kat:3, Licht: 0,174184,3,7,0,03,10,7,0,0,0,0,1,0,0,1
"POINT (6.805019341000047 51.214507706000063)",Unfall 174185 (2024) Kat:3, Licht: 0,174185,3,7,6,03,15,7,0,0,1,0,1,0,0,0
"POINT (6.774327820000053 51.213988429000040)",Unfall 174210 (2024) Kat:3, Licht: 2,174210,3,1,8,03,22,6,1,2,0,0,0,0,0,1
"POINT (6.792306506000045 51.222439625000050)",Unfall 174227 (2024) Kat:3, Licht: 0,174227,3,6,3,04,10,5,0,0,0,1,0,0,0,1
"POINT (6.760669279000069 51.207960544000059)",Unfall 174249 (2024) Kat:3, Licht: 0,174249,3,1,0,03,16,5,0,0,1,0,0,0,0,0
"POINT (6.830427299000064 51.208059638000066)",Unfall 174250 (2024) Kat:3, Licht: 0,174250,3,2,6,03,13,5,0,0,0,1,1,0,0,0
"POINT (6.791777396000043 51.222061749000034)",Unfall 174288 (2024) Kat:3, Licht: 0,174288,3,1,0,03,18,4,1,0,1,0,0,0,0,0
"POINT (6.768963777000067 51.214491879000036)",Unfall 174399 (2024) Kat:3, Licht: 2,174399,3,7,0,03,20,2,0,2,0,0,0,0,0,1
"POINT (6.817085414000076 51.221904923000068)",Unfall 174400 (2024) Kat:3, Licht: 0,174400,3,6,2,03,15,2,0,0,0,1,0,0,0,0
"POINT (6.796034655000028 51.229588774000035)",Unfall 174401 (2024) Kat:3, Licht: 2,174401,3,2,0,03,21,2,0,2,0,1,0,0,0,1
"POINT (6.769561824000050 51.224017461000074)",Unfall 174483 (2024) Kat:2, Licht: 2,174483,2,1,0,05,00,4,0,2,1,0,0,0,0,0
"POINT (6.776589510000065 51.219815278000056)",Unfall 174574 (2024) Kat:3, Licht: 2,174574,3,7,0,04,04,3,1,2,1,0,0,0,0,0
"POINT (6.757440548000034 51.205718668000031)",Unfall 174643 (2024) Kat:3, Licht: 0,174643,3,6,2,04,11,2,0,0,0,1,0,0,1,0
"POINT (6.762658203000058 51.262580057000037)",Unfall 174644 (2024) Kat:3, Licht: 0,174644,3,2,5,04,08,2,0,0,1,1,0,0,0,0
"POINT (6.791287851000050 51.221715162000066)",Unfall 174691 (2024) Kat:3, Licht: 0,174691,3,6,3,04,16,1,0,0,1,1,0,0,0,0
"POINT (6.779289503000030 51.223072386000069)",Unfall 174692 (2024) Kat:3, Licht: 0,174692,3,3,5,04,11,1,0,0,0,0,0,1,0,1
"POINT (6.776961368000059 51.219809659000077)",Unfall 174693 (2024) Kat:3, Licht: 2,174693,3,3,5,04,01,1,1,2,0,1,0,0,0,0
"POINT (6.756941379000068 51.207077343000037)",Unfall 174735 (2024) Kat:3, Licht: 0,174735,3,3,5,04,16,7,0,0,0,1,0,0,0,0
"POINT (6.774221773000022 51.215713438000080)",Unfall 174736 (2024) Kat:3, Licht: 0,174736,3,6,2,04,14,7,0,0,0,1,0,0,0,0
"POINT (6.784391328000027 51.325240984000061)",Unfall 174737 (2024) Kat:3, Licht: 0,174737,3,4,6,04,15,7,0,0,0,1,1,0,0,0
"POINT (6.780291484000031 51.220770642000048)",Unfall 174738 (2024) Kat:3, Licht: 0,174738,3,7,6,04,16,7,0,0,0,1,1,0,0,0
"POINT (6.839976510000042 51.208953693000069)",Unfall 174786 (2024) Kat:3, Licht: 0,174786,3,2,5,04,19,6,0,0,1,1,0,0,0,0
"POINT (6.822046836000027 51.235321727000041)",Unfall 174787 (2024) Kat:3, Licht: 0,174787,3,5,2,04,13,6,0,0,0,1,0,0,0,0
"POINT (6.860586328000068 51.181848431000049)",Unfall 174861 (2024) Kat:3, Licht: 0,174861,3,3,5,04,16,5,0,0,0,1,0,0,0,0
"POINT (6.818067052000060 51.229714602000058)",Unfall 174863 (2024) Kat:3, Licht: 0,174863,3,5,0,04,13,5,0,0,0,1,0,0,1,0
"POINT (6.802372521000052 51.212228216000028)",Unfall 174864 (2024) Kat:3, Licht: 0,174864,3,3,5,04,16,5,0,0,1,1,0,0,0,0
"POINT (6.816033146000052 51.190731676000041)",Unfall 174919 (2024) Kat:3, Licht: 0,174919,3,3,5,04,15,4,1,0,0,1,0,0,0,1
"POINT (6.883090716000027 51.150378101000058)",Unfall 174920 (2024) Kat:3, Licht: 0,174920,3,3,5,04,07,4,1,0,1,1,0,0,0,0
"POINT (6.796771225000043 51.213931388000049)",Unfall 174921 (2024) Kat:3, Licht: 0,174921,3,6,4,04,17,4,0,0,1,1,0,0,0,0
"POINT (6.748476981000067 51.211543380000080)",Unfall 174987 (2024) Kat:3, Licht: 0,174987,3,6,3,04,12,3,0,0,1,1,0,0,0,0
"POINT (6.819182572000045 51.261072194000064)",Unfall 174988 (2024) Kat:3, Licht: 0,174988,3,7,0,04,13,3,0,0,0,0,0,0,0,1
"POINT (6.707764426000040 51.224960050000050)",Unfall 174989 (2024) Kat:2, Licht: 2,174989,2,3,5,04,22,3,1,2,0,1,0,0,0,0
"POINT (6.796187277000058 51.217331524000031)",Unfall 174990 (2024) Kat:3, Licht: 0,174990,3,5,1,04,18,3,0,0,1,1,0,0,0,0
"POINT (6.796242809000034 51.229268157000035)",Unfall 174991 (2024) Kat:3, Licht: 2,174991,3,6,2,04,01,3,0,2,0,1,0,1,0,0
"POINT (6.838414313000044 51.208502141000054)",Unfall 175038 (2024) Kat:3, Licht: 1,175038,3,5,1,04,05,2,0,1,1,1,0,0,0,0
"POINT (6.779161401000067 51.219048956000051)",Unfall 175104 (2024) Kat:3, Licht: 0,175104,3,2,6,04,15,7,1,0,0,1,1,0,0,0
"POINT (6.776023812000062 51.248910230000035)",Unfall 175106 (2024) Kat:3, Licht: 2,175106,3,7,6,04,01,7,1,2,0,1,1,0,0,0
"POINT (6.766914509000060 51.218040799000050)",Unfall 175167 (2024) Kat:2, Licht: 2,175167,2,2,6,04,21,6,1,2,0,1,1,0,0,0
"POINT (6.818148969000049 51.215177617000052)",Unfall 175188 (2024) Kat:3, Licht: 0,175188,3,6,2,04,13,7,0,0,0,1,0,0,0,0
"POINT (6.831731240000067 51.170958199000040)",Unfall 175222 (2024) Kat:3, Licht: 0,175222,3,7,6,04,19,5,0,0,0,1,1,0,0,0
"POINT (6.851110973000061 51.204841320000071)",Unfall 175223 (2024) Kat:3, Licht: 0,175223,3,3,5,04,07,5,0,0,1,1,0,0,0,0
"POINT (6.805028476000075 51.226933742000028)",Unfall 175276 (2024) Kat:3, Licht: 0,175276,3,7,6,04,17,4,1,0,0,0,1,0,0,1
"POINT (6.796486829000060 51.231216794000034)",Unfall 175277 (2024) Kat:3, Licht: 0,175277,3,2,8,04,10,4,1,0,0,1,0,0,0,0
"POINT (6.839841293000063 51.207018745000028)",Unfall 175330 (2024) Kat:3, Licht: 0,175330,3,6,4,04,15,3,1,0,0,1,0,0,0,0
"POINT (6.778519986000049 51.205602797000040)",Unfall 175331 (2024) Kat:3, Licht: 0,175331,3,1,1,04,06,3,1,0,1,1,0,0,0,0
"POINT (6.786962593000055 51.247250272000031)",Unfall 175341 (2024) Kat:2, Licht: 0,175341,2,3,5,04,12,5,0,0,0,1,0,0,0,0
"POINT (6.861217307000061 51.258359449000068)",Unfall 175379 (2024) Kat:2, Licht: 1,175379,2,1,9,04,06,3,0,1,0,0,0,1,0,0
"POINT (6.779945656000052 51.238685751000048)",Unfall 175383 (2024) Kat:3, Licht: 1,175383,3,5,1,04,20,1,0,1,1,1,0,0,0,0
"POINT (6.873201718000075 51.166188213000055)",Unfall 175419 (2024) Kat:3, Licht: 0,175419,3,6,2,04,12,2,0,0,0,1,0,1,0,0
"POINT (6.831451672000071 51.206622494000044)",Unfall 175420 (2024) Kat:3, Licht: 0,175420,3,6,2,04,13,2,0,0,1,1,0,0,0,0
"POINT (6.771232867000037 51.222891687000072)",Unfall 175421 (2024) Kat:3, Licht: 0,175421,3,7,7,04,08,2,0,0,0,0,0,0,0,1
"POINT (6.792973186000040 51.223958116000063)",Unfall 175422 (2024) Kat:3, Licht: 0,175422,3,3,5,04,15,2,0,0,1,1,0,0,0,0
"POINT (6.757613697000068 51.231315697000070)",Unfall 175424 (2024) Kat:3, Licht: 0,175424,3,1,3,04,19,2,0,0,1,1,0,0,0,0
"POINT (6.823368549000065 51.170349518000080)",Unfall 175472 (2024) Kat:2, Licht: 0,175472,2,1,0,05,14,5,0,0,0,0,0,0,0,1
"POINT (6.823388740000041 51.170358465000049)",Unfall 175473 (2024) Kat:3, Licht: 0,175473,3,2,5,05,17,5,1,0,0,1,0,0,0,0
"POINT (6.749948172000074 51.271595870000056)",Unfall 175474 (2024) Kat:3, Licht: 0,175474,3,2,2,05,14,5,0,0,0,1,0,0,0,0
"POINT (6.807404706000057 51.218411360000061)",Unfall 175475 (2024) Kat:3, Licht: 0,175475,3,2,5,05,13,5,0,0,0,1,0,1,0,0
"POINT (6.816169604000038 51.197296251000068)",Unfall 175559 (2024) Kat:3, Licht: 0,175559,3,2,2,05,16,4,0,0,0,1,0,1,0,0
"POINT (6.855243783000049 51.233193544000073)",Unfall 175560 (2024) Kat:3, Licht: 0,175560,3,4,6,05,17,4,0,0,0,1,1,0,0,0
"POINT (6.756017927000073 51.214584225000067)",Unfall 175652 (2024) Kat:3, Licht: 0,175652,3,2,5,05,09,3,0,0,0,1,0,0,0,0
"POINT (6.888413945000025 51.204236582000078)",Unfall 175653 (2024) Kat:3, Licht: 0,175653,3,2,4,05,19,3,0,0,1,1,0,0,0,0
"POINT (6.821047707000048 51.212219809000032)",Unfall 175654 (2024) Kat:3, Licht: 0,175654,3,3,5,05,14,3,0,0,1,1,0,0,0,0
"POINT (6.744709908000061 51.273726506000060)",Unfall 175655 (2024) Kat:3, Licht: 0,175655,3,6,2,05,08,3,0,0,0,1,0,0,0,0
"POINT (6.794150381000065 51.282044484000039)",Unfall 175656 (2024) Kat:3, Licht: 0,175656,3,2,5,05,13,3,0,0,1,1,0,0,0,0
"POINT (6.791228702000069 51.291464062000045)",Unfall 175657 (2024) Kat:3, Licht: 0,175657,3,1,0,05,12,3,0,0,1,0,0,0,0,0
"POINT (6.805258530000060 51.213400594000063)",Unfall 175658 (2024) Kat:3, Licht: 0,175658,3,7,0,05,09,3,0,0,1,1,0,0,0,0
"POINT (6.711077081000042 51.231224539000038)",Unfall 175659 (2024) Kat:3, Licht: 0,175659,3,1,0,05,08,3,0,0,1,0,0,0,0,0
"POINT (6.777635980000071 51.226528853000048)",Unfall 175660 (2024) Kat:3, Licht: 0,175660,3,1,0,05,18,3,0,0,1,0,0,0,0,0
"POINT (6.889611603000048 51.208576506000043)",Unfall 175731 (2024) Kat:3, Licht: 0,175731,3,6,4,05,15,2,0,0,1,1,0,0,0,0
"POINT (6.812965608000070 51.196067923000044)",Unfall 175732 (2024) Kat:3, Licht: 0,175732,3,2,5,05,16,2,0,0,1,1,0,0,0,0
"POINT (6.786295777000021 51.253198410000039)",Unfall 175733 (2024) Kat:3, Licht: 0,175733,3,3,5,05,18,2,0,0,0,1,0,1,0,0
"POINT (6.810935287000063 51.241866999000081)",Unfall 175734 (2024) Kat:3, Licht: 0,175734,3,3,5,05,07,2,0,0,1,1,0,0,0,0
"POINT (6.811039121000022 51.212371449000045)",Unfall 175735 (2024) Kat:3, Licht: 0,175735,3,2,5,05,07,2,0,0,0,1,0,0,0,0
"POINT (6.790274067000041 51.219537081000055)",Unfall 175799 (2024) Kat:3, Licht: 2,175799,3,2,6,05,00,1,0,2,0,1,1,0,0,0
"POINT (6.767925234000074 51.270931504000032)",Unfall 175800 (2024) Kat:3, Licht: 1,175800,3,1,8,05,21,1,0,1,1,0,0,0,0,0
"POINT (6.794969737000031 51.243343058000050)",Unfall 175801 (2024) Kat:3, Licht: 1,175801,3,7,0,05,04,1,0,1,1,0,0,0,0,0
"POINT (6.807285330000070 51.211897763000081)",Unfall 175802 (2024) Kat:3, Licht: 0,175802,3,3,0,05,19,1,0,0,1,1,0,0,0,0
"POINT (6.792503186000033 51.228875102000075)",Unfall 175803 (2024) Kat:3, Licht: 0,175803,3,1,3,05,13,1,0,0,0,1,0,0,0,1
"POINT (6.892374386000029 51.155722284000035)",Unfall 175848 (2024) Kat:2, Licht: 0,175848,2,1,0,05,08,7,0,0,0,0,0,1,0,0
"POINT (6.776945651000062 51.217438367000057)",Unfall 175897 (2024) Kat:3, Licht: 0,175897,3,2,3,05,07,6,0,0,1,1,0,0,0,0
"POINT (6.783286815000054 51.241705663000062)",Unfall 175898 (2024) Kat:3, Licht: 0,175898,3,2,5,05,13,6,0,0,0,1,0,0,0,0
"POINT (6.848920594000049 51.231823595000037)",Unfall 175949 (2024) Kat:3, Licht: 0,175949,3,5,1,05,16,3,0,0,1,1,0,0,0,0
"POINT (6.732127719000061 51.212750431000075)",Unfall 175957 (2024) Kat:3, Licht: 0,175957,3,1,8,05,20,5,0,0,0,1,0,1,0,0
"POINT (6.783286815000054 51.241705663000062)",Unfall 175958 (2024) Kat:3, Licht: 0,175958,3,2,5,05,19,5,0,0,0,1,0,1,0,0
"POINT (6.799654522000026 51.266780021000045)",Unfall 175959 (2024) Kat:3, Licht: 0,175959,3,3,5,05,17,5,0,0,1,1,0,0,0,0
"POINT (6.872522973000059 51.177295863000040)",Unfall 176030 (2024) Kat:3, Licht: 0,176030,3,3,5,05,08,4,0,0,0,1,0,0,0,1
"POINT (6.758683781000059 51.250374262000037)",Unfall 176031 (2024) Kat:3, Licht: 0,176031,3,2,5,05,17,4,0,0,1,1,0,0,0,0
"POINT (6.782714272000021 51.235088200000064)",Unfall 176032 (2024) Kat:3, Licht: 0,176032,3,3,5,05,10,4,0,0,0,1,0,0,0,0
"POINT (6.775907327000027 51.269189511000036)",Unfall 176070 (2024) Kat:2, Licht: 2,176070,2,1,1,05,04,1,0,2,0,1,0,0,0,1
"POINT (6.785451839000075 51.212392895000050)",Unfall 176110 (2024) Kat:3, Licht: 0,176110,3,1,0,05,07,3,1,0,1,0,0,0,0,0
"POINT (6.782434202000047 51.198304258000064)",Unfall 176111 (2024) Kat:3, Licht: 0,176111,3,2,6,05,07,3,1,0,0,0,1,0,0,1
"POINT (6.783039637000059 51.234867271000041)",Unfall 176112 (2024) Kat:3, Licht: 0,176112,3,7,0,05,13,3,0,0,0,1,1,0,0,0
"POINT (6.821970432000057 51.232938040000079)",Unfall 176113 (2024) Kat:2, Licht: 0,176113,2,1,0,05,18,3,1,0,0,0,0,1,0,0
"POINT (6.783307744000069 51.245746701000030)",Unfall 176114 (2024) Kat:3, Licht: 0,176114,3,7,0,05,12,3,0,0,1,0,0,0,0,0
"POINT (6.780864953000048 51.236311847000081)",Unfall 176184 (2024) Kat:3, Licht: 0,176184,3,1,0,05,16,2,1,0,1,0,0,0,0,0
"POINT (6.804604514000061 51.219868092000070)",Unfall 176185 (2024) Kat:3, Licht: 0,176185,3,7,1,05,10,2,0,0,0,1,0,0,0,1
"POINT (6.763914184000043 51.212354029000039)",Unfall 176233 (2024) Kat:2, Licht: 0,176233,2,1,0,05,14,1,0,0,1,0,0,0,0,0
"POINT (6.732998857000041 51.258081488000073)",Unfall 176234 (2024) Kat:3, Licht: 0,176234,3,1,5,05,17,1,0,0,1,0,0,0,0,0
"POINT (6.747008071000039 51.269740158000047)",Unfall 176236 (2024) Kat:3, Licht: 0,176236,3,6,3,05,13,1,0,0,1,0,0,0,0,0
"POINT (6.772352739000041 51.223077954000075)",Unfall 176237 (2024) Kat:3, Licht: 0,176237,3,5,0,05,16,1,0,0,0,1,0,0,0,0
"POINT (6.777052034000064 51.225126212000077)",Unfall 176284 (2024) Kat:3, Licht: 0,176284,3,5,2,05,17,7,1,0,1,1,0,0,0,1
"POINT (6.867121189000045 51.174855315000059)",Unfall 176292 (2024) Kat:3, Licht: 0,176292,3,2,4,05,13,2,1,0,0,1,0,0,0,0
"POINT (6.811734865000062 51.200342357000068)",Unfall 176347 (2024) Kat:3, Licht: 2,176347,3,6,3,05,22,6,0,2,0,1,0,0,0,0
"POINT (6.787449907000052 51.217015890000027)",Unfall 176348 (2024) Kat:3, Licht: 0,176348,3,3,5,05,11,6,0,0,0,1,0,0,0,0
"POINT (6.763888344000065 51.220808929000043)",Unfall 176349 (2024) Kat:3, Licht: 0,176349,3,6,2,05,09,6,1,0,0,1,0,0,0,0
"POINT (6.727604585000051 51.261499645000072)",Unfall 176350 (2024) Kat:3, Licht: 0,176350,3,1,0,05,20,6,0,0,0,1,0,1,0,0
"POINT (6.788261106000050 51.219470043000058)",Unfall 176352 (2024) Kat:3, Licht: 0,176352,3,1,2,05,12,6,1,0,0,1,1,0,0,0