WKT,Name,OBJECTID,UKATEGORIE,UTYP1,UART,UMONAT,USTUNDE,UWOCHENTAG,STRZUSTAND,ULICHTVERH,ISTRAD,ISTPKW,ISTFUSS,ISTKRAD,ISTGKFZ,ISTSONSTIG
"POINT (6.869913838000059 51.163208428000075)",Unfall 176458 (2024) Kat:3, Licht: 0,176458,3,6,6,05,08,5,0,0,1,0,1,0,0,0
"POINT (6.831300423000073 51.174384740000050)",Unfall 176460 (2024) Kat:3, Licht: 2,176460,3,2,5,05,21,5,1,2,1,1,0,0,0,0
"POINT (6.764996537000059 51.204316600000027)",Unfall 176461 (2024) Kat:3, Licht: 0,176461,3,6,4,05,15,5,0,0,1,1,0,0,0,0
"POINT (6.860972496000045 51.187963851000063)",Unfall 176462 (2024) Kat:3, Licht: 0,176462,3,7,0,05,07,5,0,0,1,1,0,0,0,0
"POINT (6.769463246000043 51.210832956000047)",Unfall 176463 (2024) Kat:3, Licht: 0,176463,3,5,3,05,10,5,0,0,1,1,0,0,0,0
"POINT (6.768785701000070 51.195697279000058)",Unfall 176464 (2024) Kat:3, Licht: 1,176464,3,3,5,05,06,5,0,1,0,1,0,0,0,1
"POINT (6.789321656000027 51.246485987000028)",Unfall 176465 (2024) Kat:3, Licht: 0,176465,3,7,3,05,11,5,0,0,0,1,0,0,0,1
"POINT (6.760241894000046 51.253430994000041)",Unfall 176466 (2024) Kat:3, Licht: 0,176466,3,7,6,05,10,5,0,0,0,1,1,0,0,0
"POINT (6.819108516000028 51.216589386000066)",Unfall 176480 (2024) Kat:3, Licht: 2,176480,3,2,5,06,22,7,0,2,0,1,0,0,0,0
"POINT (6.820555826000032 51.229024661000039)",Unfall 176481 (2024) Kat:3, Licht: 0,176481,3,2,1,06,11,7,0,0,0,1,1,0,0,0
"POINT (6.798329252000030 51.225884011000062)",Unfall 176482 (2024) Kat:3, Licht: 1,176482,3,5,1,06,21,7,0,1,0,1,0,1,0,1
"POINT (6.779873116000033 51.217369821000034)",Unfall 176528 (2024) Kat:3, Licht: 2,176528,3,7,6,05,22,6,0,2,0,1,1,0,0,0
"POINT (6.768971751000038 51.195362256000067)",Unfall 176529 (2024) Kat:3, Licht: 0,176529,3,1,1,05,20,6,0,0,1,1,0,0,0,0
"POINT (6.814406713000039 51.191668984000046)",Unfall 176530 (2024) Kat:2, Licht: 0,176530,2,7,0,05,19,6,0,0,0,1,0,0,0,1
"POINT (6.775255128000026 51.212491543000056)",Unfall 176531 (2024) Kat:3, Licht: 0,176531,3,6,3,05,14,6,0,0,0,1,0,0,0,0
"POINT (6.811638336000044 51.262356790000069)",Unfall 176532 (2024) Kat:3, Licht: 2,176532,3,1,0,05,22,6,0,2,1,0,0,0,0,0
"POINT (6.819284397000047 51.258823386000074)",Unfall 176646 (2024) Kat:3, Licht: 0,176646,3,3,5,05,14,4,1,0,1,1,0,0,0,0
"POINT (6.859300688000076 51.236649459000034)",Unfall 176647 (2024) Kat:3, Licht: 0,176647,3,2,6,05,16,4,1,0,0,1,1,0,0,0
"POINT (6.790548014000024 51.233519170000079)",Unfall 176726 (2024) Kat:3, Licht: 0,176726,3,3,5,05,08,3,0,0,1,1,0,0,0,0
"POINT (6.772374883000055 51.223077846000081)",Unfall 176727 (2024) Kat:3, Licht: 2,176727,3,7,1,05,23,3,1,2,0,1,0,0,0,0
"POINT (6.811997540000050 51.198154977000058)",Unfall 176796 (2024) Kat:3, Licht: 0,176796,3,2,0,05,17,2,1,0,1,1,0,0,0,0
"POINT (6.765481838000028 51.197403777000034)",Unfall 176797 (2024) Kat:2, Licht: 0,176797,2,7,1,05,10,2,0,0,0,1,0,0,0,0
"POINT (6.794458738000060 51.276973019000081)",Unfall 176798 (2024) Kat:3, Licht: 0,176798,3,7,0,05,13,2,0,0,0,0,0,0,0,1
"POINT (6.782083841000031 51.241948355000034)",Unfall 176799 (2024) Kat:3, Licht: 1,176799,3,3,5,05,20,2,0,1,0,1,0,0,0,1
"POINT (6.804305008000028 51.226937855000074)",Unfall 176800 (2024) Kat:3, Licht: 0,176800,3,1,0,05,18,2,1,0,1,0,0,0,0,0
"POINT (6.811656594000056 51.262359446000062)",Unfall 176809 (2024) Kat:3, Licht: 2,176809,3,5,1,06,01,7,0,2,0,1,0,1,0,0
"POINT (6.771605618000024 51.204588929000067)",Unfall 176865 (2024) Kat:3, Licht: 2,176865,3,4,6,05,22,1,0,2,0,1,1,0,0,0
"POINT (6.829865187000053 51.208632264000073)",Unfall 176866 (2024) Kat:3, Licht: 0,176866,3,1,3,05,13,1,0,0,0,1,0,0,0,0
"POINT (6.797421565000036 51.235663650000049)",Unfall 176867 (2024) Kat:2, Licht: 2,176867,2,1,0,05,00,1,0,2,1,0,0,0,0,0
"POINT (6.796225346000028 51.225287313000081)",Unfall 176868 (2024) Kat:3, Licht: 0,176868,3,6,2,05,18,1,1,0,1,1,0,0,0,0
"POINT (6.845976660000076 51.214048200000036)",Unfall 176918 (2024) Kat:3, Licht: 2,176918,3,4,6,05,23,7,0,2,0,1,1,0,0,0
"POINT (6.829944498000032 51.208652739000058)",Unfall 177005 (2024) Kat:3, Licht: 0,177005,3,6,6,05,07,6,1,0,1,0,1,0,0,0
"POINT (6.890762029000030 51.147294255000077)",Unfall 177006 (2024) Kat:3, Licht: 2,177006,3,2,5,05,05,6,0,2,1,0,0,0,0,1
"POINT (6.803974316000051 51.222328067000035)",Unfall 177007 (2024) Kat:2, Licht: 0,177007,2,7,7,05,14,6,1,0,0,1,0,1,0,0
"POINT (6.737257068000076 51.301333837000072)",Unfall 177008 (2024) Kat:3, Licht: 0,177008,3,1,0,05,08,6,1,0,1,0,0,0,0,0
"POINT (6.833745459000056 51.174769229000049)",Unfall 177088 (2024) Kat:3, Licht: 2,177088,3,7,0,05,22,5,0,2,0,0,0,0,0,1
"POINT (6.890906887000028 51.147309644000075)",Unfall 177089 (2024) Kat:3, Licht: 2,177089,3,2,4,05,23,5,0,2,0,1,0,0,0,0
"POINT (6.838663723000025 51.220382610000058)",Unfall 177090 (2024) Kat:3, Licht: 0,177090,3,6,4,05,18,5,0,0,0,1,0,0,0,0
"POINT (6.797500194000065 51.223636991000035)",Unfall 177091 (2024) Kat:3, Licht: 0,177091,3,6,2,05,08,5,0,0,0,1,0,0,0,0
"POINT (6.776078554000037 51.213974622000080)",Unfall 177159 (2024) Kat:3, Licht: 0,177159,3,7,0,05,20,4,0,0,0,0,0,0,0,1
"POINT (6.836464004000049 51.212340387000040)",Unfall 177160 (2024) Kat:2, Licht: 0,177160,2,3,5,05,14,4,0,0,0,0,0,1,0,1
"POINT (6.832166169000061 51.208441626000081)",Unfall 177161 (2024) Kat:3, Licht: 0,177161,3,2,4,05,10,4,1,0,0,1,0,1,0,0
"POINT (6.792599061000033 51.217072221000080)",Unfall 177162 (2024) Kat:3, Licht: 0,177162,3,7,0,05,17,4,0,0,1,0,0,0,0,0
"POINT (6.791004739000073 51.282492964000028)",Unfall 177235 (2024) Kat:3, Licht: 0,177235,3,5,0,05,13,3,0,0,0,1,0,0,0,0
"POINT (6.790571841000030 51.221209677000047)",Unfall 177236 (2024) Kat:3, Licht: 0,177236,3,2,5,05,18,3,1,0,0,1,0,0,0,1
"POINT (6.850565761000041 51.173502766000070)",Unfall 177296 (2024) Kat:3, Licht: 0,177296,3,3,5,05,18,2,0,0,1,0,0,0,0,1
"POINT (6.769391380000059 51.206537811000032)",Unfall 177297 (2024) Kat:3, Licht: 0,177297,3,6,2,05,17,2,0,0,1,1,0,0,0,0
"POINT (6.751584639000043 51.212913547000028)",Unfall 177298 (2024) Kat:3, Licht: 0,177298,3,1,0,05,16,2,0,0,1,0,0,0,0,0
"POINT (6.837722396000061 51.209784699000068)",Unfall 177299 (2024) Kat:3, Licht: 2,177299,3,1,9,05,02,2,0,2,0,1,0,0,0,0
"POINT (6.755992742000046 51.212232626000059)",Unfall 177338 (2024) Kat:2, Licht: 2,177338,2,1,0,05,22,1,1,2,0,0,0,1,0,0
"POINT (6.861011613000073 51.211730827000054)",Unfall 177339 (2024) Kat:3, Licht: 0,177339,3,7,0,05,12,1,0,0,1,0,0,0,0,0
"POINT (6.783005111000023 51.235306538000032)",Unfall 177340 (2024) Kat:3, Licht: 0,177340,3,5,1,05,09,1,0,0,1,1,0,0,0,0
"POINT (6.778228251000030 51.206744742000069)",Unfall 177386 (2024) Kat:2, Licht: 1,177386,2,1,0,05,20,7,1,1,1,0,0,0,0,0
"POINT (6.808973190000074 51.207423058000074)",Unfall 177387 (2024) Kat:3, Licht: 0,177387,3,6,2,05,13,7,0,0,0,1,0,0,0,0
"POINT (6.873067320000075 51.158600281000076)",Unfall 177388 (2024) Kat:3, Licht: 0,177388,3,1,0,05,11,7,0,0,1,0,0,0,0,0
"POINT (6.792973366000069 51.223711120000075)",Unfall 177389 (2024) Kat:3, Licht: 0,177389,3,7,3,05,12,7,0,0,1,1,0,0,0,0
"POINT (6.809329431000037 51.227056414000060)",Unfall 177390 (2024) Kat:3, Licht: 0,177390,3,1,0,05,06,7,0,0,0,0,0,0,0,1
"POINT (6.767708050000067 51.221169083000063)",Unfall 177430 (2024) Kat:3, Licht: 2,177430,3,1,9,05,02,7,0,2,1,0,0,0,0,0
"POINT (6.788579234000053 51.211154940000029)",Unfall 177473 (2024) Kat:3, Licht: 0,177473,3,6,2,05,14,6,0,0,0,1,0,0,0,0
"POINT (6.830260195000051 51.208189537000067)",Unfall 177474 (2024) Kat:3, Licht: 0,177474,3,4,6,05,16,6,0,0,0,0,1,0,0,1
"POINT (6.786120238000024 51.213807397000039)",Unfall 177475 (2024) Kat:3, Licht: 0,177475,3,6,3,05,11,6,0,0,0,1,0,0,0,0
"POINT (6.805137648000027 51.214383014000077)",Unfall 177476 (2024) Kat:3, Licht: 0,177476,3,7,0,05,15,6,0,0,0,1,1,0,0,0
"POINT (6.823628932000076 51.187858387000063)",Unfall 177543 (2024) Kat:3, Licht: 0,177543,3,3,5,06,16,7,0,0,0,1,0,0,0,1
"POINT (6.775309655000058 51.215642623000065)",Unfall 177544 (2024) Kat:3, Licht: 0,177544,3,2,4,06,15,7,0,0,0,1,0,1,0,0
"POINT (6.866700541000057 51.161848576000068)",Unfall 177545 (2024) Kat:3, Licht: 0,177545,3,4,6,06,14,7,0,0,0,1,1,0,0,0
"POINT (6.762329743000066 51.248534328000062)",Unfall 177546 (2024) Kat:3, Licht: 2,177546,3,7,0,06,03,7,0,2,1,0,0,0,0,0
"POINT (6.873591648000058 51.155210281000052)",Unfall 177598 (2024) Kat:3, Licht: 0,177598,3,7,8,06,13,6,0,0,0,1,0,0,0,0
"POINT (6.775259697000024 51.212789172000043)",Unfall 177599 (2024) Kat:3, Licht: 0,177599,3,6,3,06,13,6,0,0,0,1,0,1,0,0
"POINT (6.784686356000066 51.226981321000039)",Unfall 177600 (2024) Kat:3, Licht: 0,177600,3,4,6,06,18,6,0,0,0,0,1,0,0,1
"POINT (6.791746655000054 51.211247887000070)",Unfall 177601 (2024) Kat:2, Licht: 0,177601,2,4,6,06,15,6,0,0,0,1,1,0,0,0
"POINT (6.776720971000032 51.208821483000065)",Unfall 177675 (2024) Kat:3, Licht: 0,177675,3,6,2,06,15,5,0,0,0,1,0,0,0,0
"POINT (6.816040458000032 51.221759384000052)",Unfall 177676 (2024) Kat:3, Licht: 0,177676,3,3,5,06,17,5,0,0,1,1,0,0,0,0
"POINT (6.781268319000048 51.239948884000057)",Unfall 177740 (2024) Kat:3, Licht: 1,177740,3,7,0,06,21,4,0,1,1,0,0,0,0,0
"POINT (6.822911043000033 51.238719185000036)",Unfall 177741 (2024) Kat:3, Licht: 0,177741,3,7,3,06,15,4,0,0,0,1,0,0,0,1
"POINT (6.832528511000021 51.175875678000068)",Unfall 177802 (2024) Kat:3, Licht: 0,177802,3,7,0,06,12,3,0,0,0,0,0,0,0,1
"POINT (6.769870749000063 51.204511163000063)",Unfall 177803 (2024) Kat:3, Licht: 0,177803,3,7,1,06,18,3,0,0,1,1,0,0,0,0
"POINT (6.839638064000042 51.170940329000075)",Unfall 177804 (2024) Kat:3, Licht: 0,177804,3,7,0,06,09,3,0,0,0,1,1,0,0,0
"POINT (6.810781813000062 51.234153283000069)",Unfall 177805 (2024) Kat:3, Licht: 0,177805,3,5,1,06,16,3,0,0,1,1,0,0,0,1
"POINT (6.781042092000064 51.239813594000054)",Unfall 177806 (2024) Kat:3, Licht: 0,177806,3,3,5,06,10,3,0,0,1,1,0,0,0,0
"POINT (6.789144627000042 51.246681422000051)",Unfall 177881 (2024) Kat:3, Licht: 0,177881,3,1,0,06,16,2,1,0,0,0,0,0,0,1
"POINT (6.746470992000070 51.270656384000063)",Unfall 177882 (2024) Kat:3, Licht: 0,177882,3,6,1,06,13,2,1,0,0,1,0,0,0,0
"POINT (6.767146606000040 51.210923065000031)",Unfall 177974 (2024) Kat:2, Licht: 0,177974,2,1,0,06,08,5,0,0,1,0,0,0,0,0
"POINT (6.832177384000033 51.174980632000029)",Unfall 178015 (2024) Kat:3, Licht: 0,178015,3,3,5,06,14,7,0,0,0,1,0,1,0,0
"POINT (6.883067539000024 51.155121352000037)",Unfall 178016 (2024) Kat:3, Licht: 0,178016,3,3,5,06,16,7,0,0,1,1,0,0,0,0
"POINT (6.775101635000055 51.249774782000031)",Unfall 178017 (2024) Kat:3, Licht: 0,178017,3,5,1,06,18,7,0,0,1,1,0,0,0,0
"POINT (6.793124948000070 51.235466822000035)",Unfall 178018 (2024) Kat:3, Licht: 0,178018,3,4,6,06,13,7,0,0,1,0,1,0,0,0
"POINT (6.803960305000032 51.223216321000052)",Unfall 178019 (2024) Kat:3, Licht: 0,178019,3,6,1,06,08,7,0,0,0,1,0,0,0,0
"POINT (6.775424057000066 51.273249281000062)",Unfall 178020 (2024) Kat:3, Licht: 0,178020,3,7,0,06,08,7,0,0,0,0,0,1,0,0
"POINT (6.841127039000071 51.188351319000049)",Unfall 178184 (2024) Kat:3, Licht: 0,178184,3,7,5,06,18,4,0,0,0,1,0,0,0,0
"POINT (6.777053369000043 51.224979405000056)",Unfall 178193 (2024) Kat:3, Licht: 2,178193,3,7,0,06,22,1,0,2,0,0,0,0,0,1
"POINT (6.849062586000059 51.219530397000028)",Unfall 178218 (2024) Kat:3, Licht: 0,178218,3,2,5,06,08,5,0,0,1,1,0,0,0,0
"POINT (6.785680191000040 51.246537273000058)",Unfall 178219 (2024) Kat:3, Licht: 0,178219,3,3,5,06,12,5,0,0,1,1,0,0,0,0
"POINT (6.782162980000066 51.235452857000041)",Unfall 178220 (2024) Kat:3, Licht: 0,178220,3,1,0,06,09,5,0,0,1,0,0,0,0,0
"POINT (6.802022893000071 51.238687595000044)",Unfall 178221 (2024) Kat:2, Licht: 0,178221,2,4,6,06,10,5,0,0,0,1,1,0,0,0
"POINT (6.722459407000031 51.332791198000052)",Unfall 178223 (2024) Kat:3, Licht: 0,178223,3,5,1,06,09,5,0,0,1,1,0,0,0,0
"POINT (6.702066119000051 51.230641957000046)",Unfall 178224 (2024) Kat:3, Licht: 0,178224,3,3,5,06,17,2,1,0,1,1,0,0,0,0
"POINT (6.837843530000043 51.192260954000062)",Unfall 178297 (2024) Kat:3, Licht: 0,178297,3,7,0,06,07,4,1,0,0,1,1,0,0,0
"POINT (6.777234248000070 51.218925979000062)",Unfall 178298 (2024) Kat:3, Licht: 0,178298,3,6,2,06,09,4,1,0,0,1,0,1,0,0
"POINT (6.866879025000060 51.152493400000026)",Unfall 178299 (2024) Kat:3, Licht: 0,178299,3,5,1,06,07,4,0,0,1,1,0,0,0,0
"POINT (6.821329052000067 51.190594999000041)",Unfall 178300 (2024) Kat:3, Licht: 2,178300,3,1,0,06,00,4,1,2,0,0,0,0,0,1
"POINT (6.789808836000020 51.220704276000049)",Unfall 178301 (2024) Kat:3, Licht: 0,178301,3,2,5,06,20,4,0,0,0,1,0,0,0,1
"POINT (6.834449714000073 51.215330834000042)",Unfall 178372 (2024) Kat:3, Licht: 0,178372,3,6,0,06,10,3,0,0,0,1,0,0,0,1
"POINT (6.732998857000041 51.258081488000073)",Unfall 178373 (2024) Kat:3, Licht: 0,178373,3,6,3,06,18,3,0,0,0,1,0,0,0,0
"POINT (6.749948172000074 51.271595870000056)",Unfall 178374 (2024) Kat:3, Licht: 0,178374,3,6,1,06,10,3,0,0,0,1,0,0,0,0
"POINT (6.741808799000069 51.302110367000068)",Unfall 178375 (2024) Kat:3, Licht: 0,178375,3,3,5,06,08,3,0,0,1,0,0,0,0,1
"POINT (6.780252026000028 51.197999040000070)",Unfall 178421 (2024) Kat:3, Licht: 0,178421,3,3,5,06,05,6,0,0,0,1,0,1,0,0
"POINT (6.812699390000034 51.196412362000046)",Unfall 178440 (2024) Kat:3, Licht: 0,178440,3,7,5,06,19,2,0,0,0,1,0,0,0,1
"POINT (6.881874876000040 51.208702002000052)",Unfall 178441 (2024) Kat:3, Licht: 0,178441,3,5,1,06,18,2,0,0,0,1,0,1,0,0
"POINT (6.757294733000037 51.206979098000033)",Unfall 178442 (2024) Kat:3, Licht: 0,178442,3,3,5,06,18,2,0,0,0,1,0,0,0,0
"POINT (6.757154615000047 51.215419207000082)",Unfall 178443 (2024) Kat:3, Licht: 0,178443,3,3,5,06,15,2,0,0,1,1,0,0,0,0
"POINT (6.821003806000022 51.195576398000071)",Unfall 178444 (2024) Kat:3, Licht: 0,178444,3,7,0,06,12,2,0,0,0,0,0,0,0,1
"POINT (6.858551721000026 51.236094024000067)",Unfall 178445 (2024) Kat:3, Licht: 0,178445,3,3,5,06,06,2,0,0,0,1,0,0,0,1
"POINT (6.739089019000062 51.236525144000041)",Unfall 178446 (2024) Kat:2, Licht: 0,178446,2,2,0,06,09,2,0,0,0,1,0,0,0,1
"POINT (6.782141357000057 51.240729799000064)",Unfall 178513 (2024) Kat:3, Licht: 0,178513,3,2,5,06,16,1,0,0,1,1,0,0,0,0
"POINT (6.808192789000032 51.211019041000043)",Unfall 178514 (2024) Kat:3, Licht: 0,178514,3,2,4,06,05,1,0,0,0,1,0,0,0,0
"POINT (6.904585337000071 51.201450324000064)",Unfall 178619 (2024) Kat:3, Licht: 0,178619,3,2,5,06,18,6,0,0,1,1,0,0,0,0
"POINT (6.819442268000046 51.186436591000074)",Unfall 178620 (2024) Kat:3, Licht: 0,178620,3,3,5,06,13,6,0,0,1,0,0,0,0,0
"POINT (6.879828593000070 51.155246684000076)",Unfall 178621 (2024) Kat:3, Licht: 0,178621,3,1,1,06,10,6,0,0,1,1,0,0,0,0
"POINT (6.814889813000036 51.215591295000081)",Unfall 178622 (2024) Kat:3, Licht: 0,178622,3,3,5,06,15,6,0,0,0,1,0,1,0,0
"POINT (6.788452106000022 51.222030523000058)",Unfall 178623 (2024) Kat:3, Licht: 0,178623,3,2,3,06,20,6,0,0,1,1,0,0,0,0
"POINT (6.789911544000063 51.217458855000075)",Unfall 178624 (2024) Kat:3, Licht: 0,178624,3,7,0,06,12,6,0,0,0,0,0,0,0,1
"POINT (6.784470655000064 51.236395716000061)",Unfall 178698 (2024) Kat:3, Licht: 0,178698,3,1,1,06,20,5,0,0,1,1,0,0,0,0
"POINT (6.800494111000035 51.227122910000048)",Unfall 178699 (2024) Kat:3, Licht: 0,178699,3,5,0,06,16,5,0,0,1,1,0,0,0,0
"POINT (6.783600684000021 51.233211727000082)",Unfall 178700 (2024) Kat:3, Licht: 0,178700,3,1,5,06,17,5,0,0,1,0,0,0,0,0
"POINT (6.807851121000056 51.253128652000044)",Unfall 178701 (2024) Kat:3, Licht: 0,178701,3,5,4,06,16,5,0,0,1,1,0,0,0,0
"POINT (6.798681454000075 51.226112039000043)",Unfall 178781 (2024) Kat:3, Licht: 2,178781,3,3,5,06,22,4,0,2,1,1,0,0,0,0
"POINT (6.749106505000043 51.229375717000039)",Unfall 178782 (2024) Kat:3, Licht: 0,178782,3,7,6,06,15,4,0,0,0,1,1,0,0,0
"POINT (6.757962826000039 51.225418254000033)",Unfall 178783 (2024) Kat:3, Licht: 0,178783,3,6,1,06,08,4,0,0,0,1,0,0,0,0
"POINT (6.787627019000070 51.219366725000043)",Unfall 178875 (2024) Kat:2, Licht: 0,178875,2,3,5,06,20,3,0,0,1,1,0,0,0,0
"POINT (6.832438507000063 51.176718909000044)",Unfall 178876 (2024) Kat:3, Licht: 0,178876,3,3,5,06,18,3,0,0,0,1,0,1,0,0
"POINT (6.775908805000029 51.206835712000043)",Unfall 178877 (2024) Kat:3, Licht: 0,178877,3,7,2,06,07,3,0,0,0,1,0,0,0,0
"POINT (6.781030596000051 51.236202183000046)",Unfall 178878 (2024) Kat:2, Licht: 0,178878,2,5,1,06,15,3,0,0,1,0,0,0,0,1
"POINT (6.845876626000063 51.198431389000064)",Unfall 178973 (2024) Kat:3, Licht: 0,178973,3,3,5,06,17,2,0,0,1,0,0,0,0,1
"POINT (6.835509767000076 51.175607510000077)",Unfall 178974 (2024) Kat:3, Licht: 0,178974,3,7,2,06,18,2,0,0,1,1,0,0,0,0
"POINT (6.806030120000059 51.238256064000041)",Unfall 178975 (2024) Kat:2, Licht: 0,178975,2,1,7,06,12,2,0,0,1,0,0,0,0,0
"POINT (6.794469637000020 51.223790022000060)",Unfall 178976 (2024) Kat:2, Licht: 0,178976,2,2,2,06,09,2,0,0,0,1,0,1,0,0
"POINT (6.771266397000034 51.218834406000042)",Unfall 179030 (2024) Kat:3, Licht: 0,179030,3,2,5,06,18,1,0,0,0,1,0,1,0,0
"POINT (6.846011525000051 51.198329495000053)",Unfall 179031 (2024) Kat:3, Licht: 0,179031,3,6,2,06,16,1,0,0,0,1,0,1,0,0
"POINT (6.899065163000046 51.203746702000046)",Unfall 179032 (2024) Kat:3, Licht: 0,179032,3,6,4,06,09,1,0,0,1,0,0,0,0,0
"POINT (6.808601259000056 51.171103505000076)",Unfall 179084 (2024) Kat:2, Licht: 0,179084,2,5,5,06,14,7,0,0,1,1,0,0,0,0
"POINT (6.721761324000056 51.242229939000026)",Unfall 179085 (2024) Kat:3, Licht: 0,179085,3,2,4,06,14,7,0,0,1,0,0,0,0,1
"POINT (6.761176651000028 51.216033329000027)",Unfall 179155 (2024) Kat:3, Licht: 2,179155,3,2,0,06,21,6,0,2,1,1,0,0,0,0
"POINT (6.754687342000068 51.259973977000072)",Unfall 179156 (2024) Kat:3, Licht: 0,179156,3,4,6,06,13,6,1,0,0,1,1,0,0,0
"POINT (6.798204874000021 51.258454208000046)",Unfall 179157 (2024) Kat:2, Licht: 0,179157,2,1,7,06,12,6,0,0,1,0,0,0,0,0
"POINT (6.791777396000043 51.222061749000034)",Unfall 179158 (2024) Kat:3, Licht: 0,179158,3,4,6,06,07,6,0,0,0,1,1,0,0,0
"POINT (6.759005942000044 51.224865605000048)",Unfall 179159 (2024) Kat:3, Licht: 1,179159,3,1,9,06,20,6,1,1,0,1,0,0,0,0
"POINT (6.880325873000061 51.145847701000037)",Unfall 179223 (2024) Kat:3, Licht: 0,179223,3,3,5,06,14,1,0,0,1,1,0,0,0,0
"POINT (6.832654717000025 51.208484410000040)",Unfall 179248 (2024) Kat:3, Licht: 0,179248,3,6,2,06,10,5,0,0,0,1,0,1,0,0
"POINT (6.765702818000022 51.192198230000031)",Unfall 179250 (2024) Kat:3, Licht: 0,179250,3,6,0,06,17,5,0,0,1,1,0,0,0,0
"POINT (6.779333935000068 51.237153399000078)",Unfall 179251 (2024) Kat:3, Licht: 0,179251,3,4,6,06,16,5,1,0,0,1,1,0,0,0
"POINT (6.755847446000075 51.251339821000045)",Unfall 179252 (2024) Kat:3, Licht: 0,179252,3,1,8,06,14,5,1,0,0,0,0,1,0,0
"POINT (6.802159327000027 51.243470574000071)",Unfall 179253 (2024) Kat:2, Licht: 0,179253,2,1,0,06,06,5,0,0,1,0,0,0,0,0
"POINT (6.789338933000067 51.221688302000075)",Unfall 179254 (2024) Kat:3, Licht: 0,179254,3,5,1,06,17,5,0,0,1,1,0,0,0,0
"POINT (6.857179794000047 51.223377058000040)",Unfall 179285 (2024) Kat:3, Licht: 0,179285,3,2,5,06,13,6,0,0,1,1,0,0,0,0
"POINT (6.790607656000020 51.221195657000067)",Unfall 179322 (2024) Kat:3, Licht: 0,179322,3,3,5,06,18,2,0,0,0,0,0,1,0,1
"POINT (6.775267957000040 51.213329509000062)",Unfall 179332 (2024) Kat:3, Licht: 0,179332,3,5,1,06,15,4,0,0,0,1,0,0,0,1
"POINT (6.752986890000045 51.261240116000067)",Unfall 179335 (2024) Kat:3, Licht: 0,179335,3,1,1,06,22,4,0,0,1,1,0,0,0,0
"POINT (6.809883974000059 51.220447734000061)",Unfall 179336 (2024) Kat:3, Licht: 0,179336,3,6,2,06,12,4,0,0,0,1,0,0,0,0
"POINT (6.848852509000039 51.220500308000055)",Unfall 179337 (2024) Kat:3, Licht: 0,179337,3,3,5,06,07,4,1,0,0,1,0,0,0,1
"POINT (6.774528326000052 51.225337234000051)",Unfall 179338 (2024) Kat:3, Licht: 0,179338,3,3,5,06,18,4,0,0,1,1,0,0,0,0
"POINT (6.770665826000027 51.225564636000058)",Unfall 179339 (2024) Kat:2, Licht: 0,179339,2,3,5,06,06,4,0,0,1,1,0,0,0,0
"POINT (6.832995778000054 51.215491769000039)",Unfall 179414 (2024) Kat:3, Licht: 0,179414,3,2,5,06,14,3,1,0,1,1,0,0,0,0
"POINT (6.780449527000030 51.204157575000067)",Unfall 179415 (2024) Kat:3, Licht: 0,179415,3,7,0,06,13,3,1,0,1,0,0,0,0,0
"POINT (6.822658122000064 51.214125085000035)",Unfall 179416 (2024) Kat:3, Licht: 0,179416,3,7,0,06,10,3,0,0,0,0,1,0,0,1
"POINT (6.812615905000030 51.253817953000066)",Unfall 179417 (2024) Kat:3, Licht: 0,179417,3,3,5,06,08,3,0,0,0,1,0,0,0,0
"POINT (6.804235865000066 51.223327185000073)",Unfall 179418 (2024) Kat:3, Licht: 0,179418,3,2,2,06,08,3,0,0,0,1,0,0,0,0
"POINT (6.787756270000045 51.219058135000068)",Unfall 179419 (2024) Kat:3, Licht: 0,179419,3,7,6,06,08,3,0,0,0,0,1,0,0,1
"POINT (6.779339599000025 51.224342173000082)",Unfall 179420 (2024) Kat:3, Licht: 0,179420,3,2,0,06,17,3,1,0,1,1,0,0,0,0
"POINT (6.785736637000070 51.196901800000035)",Unfall 179455 (2024) Kat:3, Licht: 0,179455,3,7,5,06,16,2,0,0,0,1,0,0,0,1
"POINT (6.837983851000047 51.214784604000045)",Unfall 179487 (2024) Kat:3, Licht: 0,179487,3,2,3,06,19,2,0,0,1,1,0,0,0,0
"POINT (6.904927630000032 51.129881105000038)",Unfall 179488 (2024) Kat:3, Licht: 0,179488,3,7,0,06,15,2,0,0,1,0,0,0,0,0
"POINT (6.779261522000070 51.204196878000062)",Unfall 179490 (2024) Kat:3, Licht: 0,179490,3,5,1,06,13,2,1,0,1,1,0,0,0,0
"POINT (6.803249424000057 51.236550326000042)",Unfall 179491 (2024) Kat:3, Licht: 0,179491,3,2,6,06,15,2,1,0,0,1,1,0,0,0
"POINT (6.778605719000041 51.242647500000032)",Unfall 179492 (2024) Kat:3, Licht: 2,179492,3,7,8,06,01,2,1,2,0,0,0,1,0,0
"POINT (6.779233910000073 51.221227769000052)",Unfall 179493 (2024) Kat:3, Licht: 0,179493,3,7,6,06,14,2,1,0,0,1,1,0,0,0
"POINT (6.767992355000047 51.197166261000064)",Unfall 179546 (2024) Kat:3, Licht: 0,179546,3,5,5,06,14,1,1,0,0,1,0,0,0,1