WKT,Name,OBJECTID,UKATEGORIE,UTYP1,UART,UMONAT,USTUNDE,UWOCHENTAG,STRZUSTAND,ULICHTVERH,ISTRAD,ISTPKW,ISTFUSS,ISTKRAD,ISTGKFZ,ISTSONSTIG
"POINT (6.733493855000063 51.260081773000081)",Unfall 179548 (2024) Kat:2, Licht: 0,179548,2,7,6,06,17,1,1,0,0,0,1,1,0,0
"POINT (6.762965946000065 51.211573193000049)",Unfall 179626 (2024) Kat:3, Licht: 0,179626,3,2,5,07,13,1,0,0,1,1,0,0,0,0
"POINT (6.768417207000027 51.195890906000045)",Unfall 179671 (2024) Kat:3, Licht: 0,179671,3,2,5,07,08,7,0,0,1,1,0,0,0,0
"POINT (6.795629962000021 51.229540606000057)",Unfall 179672 (2024) Kat:3, Licht: 0,179672,3,6,2,07,20,7,0,0,0,1,0,0,0,0
"POINT (6.830272682000043 51.210327395000036)",Unfall 179714 (2024) Kat:3, Licht: 0,179714,3,3,5,07,21,6,0,0,0,1,0,0,0,0
"POINT (6.864116497000055 51.178049749000081)",Unfall 179716 (2024) Kat:3, Licht: 0,179716,3,6,2,07,14,6,1,0,0,1,0,1,0,0
"POINT (6.873518433000072 51.157369984000070)",Unfall 179717 (2024) Kat:3, Licht: 0,179717,3,7,0,07,16,6,1,0,1,0,0,0,0,0
"POINT (6.814832127000045 51.192483599000070)",Unfall 179718 (2024) Kat:2, Licht: 1,179718,2,7,5,07,05,6,0,1,0,1,0,0,0,0
"POINT (6.787753867000049 51.251457514000037)",Unfall 179719 (2024) Kat:2, Licht: 0,179719,2,1,8,07,09,6,1,0,0,1,0,0,0,0
"POINT (6.763291718000062 51.231193094000048)",Unfall 179720 (2024) Kat:3, Licht: 0,179720,3,7,6,07,16,6,1,0,0,1,0,0,0,1
"POINT (6.853010329000028 51.164809326000068)",Unfall 179773 (2024) Kat:3, Licht: 0,179773,3,3,5,07,09,5,0,0,0,1,0,0,0,1
"POINT (6.723802364000051 51.279636176000054)",Unfall 179774 (2024) Kat:3, Licht: 0,179774,3,5,3,07,19,5,0,0,0,1,0,0,0,1
"POINT (6.788345579000065 51.263151257000061)",Unfall 179775 (2024) Kat:3, Licht: 0,179775,3,1,0,07,17,5,0,0,0,0,0,1,0,0
"POINT (6.731555888000059 51.213595188000056)",Unfall 179837 (2024) Kat:2, Licht: 1,179837,2,1,9,07,21,4,0,1,0,0,0,1,1,0
"POINT (6.770078121000040 51.196195966000062)",Unfall 179838 (2024) Kat:3, Licht: 0,179838,3,4,6,07,10,4,0,0,0,1,1,0,0,0
"POINT (6.819742066000060 51.217649595000069)",Unfall 179839 (2024) Kat:3, Licht: 0,179839,3,6,3,07,15,4,0,0,0,1,0,1,0,0
"POINT (6.802204084000039 51.225797491000037)",Unfall 179840 (2024) Kat:3, Licht: 0,179840,3,1,0,07,14,4,0,0,1,0,0,0,0,0
"POINT (6.790363432000049 51.232533589000070)",Unfall 179841 (2024) Kat:3, Licht: 0,179841,3,7,5,07,16,4,0,0,0,0,1,0,0,1
"POINT (6.783099230000062 51.244766350000077)",Unfall 179842 (2024) Kat:3, Licht: 0,179842,3,1,0,07,13,4,0,0,1,0,0,0,0,0
"POINT (6.881069487000048 51.209279133000052)",Unfall 179901 (2024) Kat:3, Licht: 0,179901,3,2,4,07,07,3,0,0,1,1,0,0,0,0
"POINT (6.863769787000024 51.180877998000028)",Unfall 179902 (2024) Kat:3, Licht: 0,179902,3,3,5,07,07,3,0,0,0,1,0,0,0,1
"POINT (6.814671381000039 51.227981425000053)",Unfall 179903 (2024) Kat:3, Licht: 0,179903,3,5,1,07,10,3,0,0,1,1,0,0,0,0
"POINT (6.792425706000074 51.250457195000081)",Unfall 179904 (2024) Kat:3, Licht: 0,179904,3,6,3,07,08,3,0,0,0,1,0,0,1,0
"POINT (6.762207560000036 51.222395575000064)",Unfall 179940 (2024) Kat:3, Licht: 0,179940,3,6,2,07,17,1,0,0,0,1,0,0,0,0
"POINT (6.896513811000034 51.142320144000053)",Unfall 179963 (2024) Kat:3, Licht: 0,179963,3,2,5,07,17,2,0,0,1,1,0,0,0,0
"POINT (6.871932832000027 51.183302755000057)",Unfall 179964 (2024) Kat:3, Licht: 0,179964,3,6,0,07,11,2,0,0,1,1,0,0,0,0
"POINT (6.815250445000061 51.204941093000059)",Unfall 179965 (2024) Kat:3, Licht: 0,179965,3,4,7,07,07,2,0,0,0,1,1,0,0,0
"POINT (6.747045979000063 51.269696293000038)",Unfall 179966 (2024) Kat:3, Licht: 0,179966,3,2,5,07,12,2,0,0,1,1,0,0,0,0
"POINT (6.777107398000055 51.269314329000053)",Unfall 180003 (2024) Kat:3, Licht: 0,180003,3,3,5,07,14,1,0,0,0,1,0,0,0,1
"POINT (6.808167839000021 51.211065961000031)",Unfall 180005 (2024) Kat:3, Licht: 2,180005,3,3,5,07,03,1,0,2,0,1,0,0,0,0
"POINT (6.765762869000071 51.249156459000062)",Unfall 180058 (2024) Kat:3, Licht: 0,180058,3,7,3,07,17,7,0,0,0,1,0,0,0,1
"POINT (6.770916171000067 51.201460310000073)",Unfall 180129 (2024) Kat:2, Licht: 0,180129,2,7,9,07,08,6,0,0,0,1,0,0,0,0
"POINT (6.782517596000048 51.198299515000031)",Unfall 180130 (2024) Kat:3, Licht: 0,180130,3,2,5,07,16,6,0,0,1,1,0,0,0,0
"POINT (6.763326704000065 51.221278254000026)",Unfall 180131 (2024) Kat:3, Licht: 0,180131,3,6,2,07,15,6,1,0,0,1,0,0,0,0
"POINT (6.792678670000043 51.248687009000037)",Unfall 180132 (2024) Kat:3, Licht: 0,180132,3,3,5,07,06,6,0,0,0,1,0,0,0,0
"POINT (6.802401898000028 51.229596117000028)",Unfall 180135 (2024) Kat:3, Licht: 0,180135,3,1,0,07,12,6,0,0,1,0,0,0,0,0
"POINT (6.784043730000064 51.242350179000027)",Unfall 180136 (2024) Kat:3, Licht: 0,180136,3,7,0,07,17,6,0,0,1,0,0,0,0,0
"POINT (6.785404542000038 51.222978252000075)",Unfall 180137 (2024) Kat:3, Licht: 0,180137,3,5,5,07,15,6,0,0,1,1,0,0,0,0
"POINT (6.864997816000027 51.162233336000043)",Unfall 180206 (2024) Kat:3, Licht: 2,180206,3,1,1,07,22,5,1,2,1,1,0,0,0,0
"POINT (6.841383421000046 51.185419706000062)",Unfall 180208 (2024) Kat:3, Licht: 0,180208,3,5,1,07,07,5,1,0,0,1,0,0,0,0
"POINT (6.780719634000036 51.239475778000042)",Unfall 180209 (2024) Kat:3, Licht: 0,180209,3,1,0,07,13,5,0,0,1,0,0,0,0,0
"POINT (6.832577026000024 51.235090479000064)",Unfall 180210 (2024) Kat:3, Licht: 0,180210,3,1,0,07,17,5,0,0,0,1,0,0,0,0
"POINT (6.743184800000051 51.255084720000070)",Unfall 180211 (2024) Kat:3, Licht: 0,180211,3,3,5,07,18,5,0,0,1,1,0,0,0,0
"POINT (6.745951651000041 51.317219498000043)",Unfall 180212 (2024) Kat:2, Licht: 0,180212,2,7,0,07,16,5,0,0,0,0,0,0,0,1
"POINT (6.794463192000023 51.222023335000074)",Unfall 180213 (2024) Kat:3, Licht: 0,180213,3,7,6,07,20,5,0,0,0,1,1,0,0,0
"POINT (6.823351110000033 51.183779067000046)",Unfall 180279 (2024) Kat:2, Licht: 0,180279,2,5,3,07,19,4,0,0,0,1,0,1,0,0
"POINT (6.781407382000054 51.200774665000040)",Unfall 180280 (2024) Kat:3, Licht: 0,180280,3,5,1,07,15,4,1,0,0,1,0,0,0,1
"POINT (6.776909987000067 51.226445534000050)",Unfall 180282 (2024) Kat:2, Licht: 0,180282,2,7,0,07,08,4,0,0,0,0,0,0,0,1
"POINT (6.884817080000062 51.155917860000045)",Unfall 180326 (2024) Kat:3, Licht: 0,180326,3,2,2,07,10,2,0,0,0,1,0,1,0,0
"POINT (6.788227578000033 51.263104922000082)",Unfall 180356 (2024) Kat:3, Licht: 2,180356,3,7,8,07,22,3,0,2,0,1,0,0,0,0
"POINT (6.808812769000042 51.260849236000070)",Unfall 180357 (2024) Kat:3, Licht: 0,180357,3,6,6,07,12,3,1,0,0,0,1,0,0,1
"POINT (6.850605564000034 51.188599139000075)",Unfall 180405 (2024) Kat:3, Licht: 0,180405,3,7,0,07,12,5,0,0,0,1,0,0,0,0
"POINT (6.833274911000046 51.174844702000030)",Unfall 180458 (2024) Kat:3, Licht: 1,180458,3,6,4,07,21,2,0,1,1,0,0,0,0,1
"POINT (6.788826219000043 51.199002163000046)",Unfall 180459 (2024) Kat:3, Licht: 0,180459,3,3,5,07,17,2,0,0,1,1,0,0,0,0
"POINT (6.844302993000042 51.199372755000070)",Unfall 180460 (2024) Kat:3, Licht: 0,180460,3,4,6,07,08,2,0,0,0,1,1,0,0,0
"POINT (6.783964915000070 51.238072188000046)",Unfall 180461 (2024) Kat:3, Licht: 0,180461,3,3,5,07,18,2,0,0,0,1,0,1,0,0
"POINT (6.775447296000038 51.213978005000058)",Unfall 180486 (2024) Kat:3, Licht: 0,180486,3,4,6,07,12,4,1,0,0,1,1,0,0,0
"POINT (6.757244973000070 51.207150231000071)",Unfall 180522 (2024) Kat:3, Licht: 2,180522,3,2,5,06,00,1,1,2,1,1,0,0,0,0
"POINT (6.799646624000047 51.223553562000063)",Unfall 180523 (2024) Kat:3, Licht: 0,180523,3,7,6,06,14,1,0,0,0,1,1,0,0,0
"POINT (6.749948172000074 51.271595870000056)",Unfall 180525 (2024) Kat:2, Licht: 2,180525,2,3,5,06,04,1,1,2,0,1,0,0,0,0
"POINT (6.791726230000052 51.222025547000044)",Unfall 180526 (2024) Kat:3, Licht: 2,180526,3,2,4,06,22,1,1,2,0,1,0,0,0,0
"POINT (6.865369117000057 51.226848289000031)",Unfall 180603 (2024) Kat:3, Licht: 0,180603,3,7,6,06,12,7,0,0,0,1,0,0,0,1
"POINT (6.720161603000065 51.233761287000050)",Unfall 180604 (2024) Kat:3, Licht: 0,180604,3,3,5,06,17,7,0,0,1,1,0,0,0,0
"POINT (6.751615958000059 51.226897189000056)",Unfall 180605 (2024) Kat:3, Licht: 0,180605,3,5,1,06,13,7,0,0,1,1,0,0,0,1
"POINT (6.872701964000044 51.167863844000067)",Unfall 180634 (2024) Kat:3, Licht: 0,180634,3,2,5,08,16,5,1,0,0,1,0,0,0,0
"POINT (6.779287480000050 51.223037344000033)",Unfall 180635 (2024) Kat:3, Licht: 0,180635,3,4,6,08,15,5,0,0,1,0,1,0,0,0
"POINT (6.785605219000047 51.223919116000047)",Unfall 180636 (2024) Kat:3, Licht: 0,180636,3,2,6,08,09,5,1,0,0,1,1,0,0,0
"POINT (6.737418811000055 51.198287053000058)",Unfall 180691 (2024) Kat:3, Licht: 0,180691,3,1,0,07,12,4,1,0,1,0,0,0,0,0
"POINT (6.795588204000069 51.222895822000055)",Unfall 180692 (2024) Kat:3, Licht: 0,180692,3,1,0,07,14,4,1,0,1,0,0,0,0,0
"POINT (6.778702874000032 51.213859711000055)",Unfall 180748 (2024) Kat:3, Licht: 0,180748,3,2,5,07,17,3,0,0,1,1,0,0,0,0
"POINT (6.779263497000045 51.237207494000074)",Unfall 180749 (2024) Kat:2, Licht: 0,180749,2,1,0,07,12,3,0,0,1,0,0,0,0,0
"POINT (6.818371243000058 51.215761864000058)",Unfall 180750 (2024) Kat:3, Licht: 0,180750,3,2,3,07,12,3,0,0,1,1,0,0,0,0
"POINT (6.832520144000057 51.176719867000031)",Unfall 180804 (2024) Kat:3, Licht: 0,180804,3,3,5,07,18,2,0,0,0,1,0,0,0,1
"POINT (6.789827678000051 51.216901074000077)",Unfall 180805 (2024) Kat:3, Licht: 0,180805,3,3,5,07,17,2,0,0,0,1,0,1,0,0
"POINT (6.761036603000036 51.203482596000072)",Unfall 180806 (2024) Kat:3, Licht: 0,180806,3,4,6,07,08,2,0,0,0,1,1,0,0,0
"POINT (6.803299573000061 51.228869431000078)",Unfall 180807 (2024) Kat:3, Licht: 0,180807,3,4,1,07,14,2,0,0,0,1,1,0,0,1
"POINT (6.815802266000048 51.238883699000041)",Unfall 180808 (2024) Kat:3, Licht: 0,180808,3,1,8,07,14,2,0,0,0,1,1,1,0,1
"POINT (6.815734812000073 51.229543302000081)",Unfall 180809 (2024) Kat:3, Licht: 0,180809,3,2,5,07,15,2,0,0,1,1,0,0,0,0
"POINT (6.795636482000020 51.281942425000068)",Unfall 180810 (2024) Kat:3, Licht: 0,180810,3,4,6,07,13,2,0,0,0,1,1,0,0,0
"POINT (6.785810612000034 51.222938092000049)",Unfall 180811 (2024) Kat:3, Licht: 0,180811,3,2,5,07,16,2,0,0,1,1,0,0,0,0
"POINT (6.776481772000068 51.229669590000071)",Unfall 180812 (2024) Kat:3, Licht: 0,180812,3,3,5,07,07,2,0,0,1,1,0,0,0,0
"POINT (6.790609786000061 51.220404526000038)",Unfall 180813 (2024) Kat:3, Licht: 0,180813,3,7,0,07,11,2,0,0,0,1,0,0,0,0
"POINT (6.775014523000038 51.249856793000049)",Unfall 180871 (2024) Kat:3, Licht: 0,180871,3,2,3,07,19,1,0,0,1,0,0,1,0,0
"POINT (6.811449747000040 51.263869460000080)",Unfall 180872 (2024) Kat:3, Licht: 0,180872,3,1,3,07,14,1,0,0,1,0,0,0,0,0
"POINT (6.837632519000067 51.201247458000068)",Unfall 180920 (2024) Kat:3, Licht: 0,180920,3,4,6,07,19,7,1,0,0,0,1,0,0,1
"POINT (6.789180907000059 51.221749647000081)",Unfall 180921 (2024) Kat:3, Licht: 0,180921,3,2,5,07,14,7,0,0,0,1,0,1,0,0
"POINT (6.809266729000058 51.211985788000050)",Unfall 180946 (2024) Kat:3, Licht: 0,180946,3,7,5,08,10,5,0,0,0,1,0,0,0,0
"POINT (6.826039797000021 51.195746331000066)",Unfall 180973 (2024) Kat:3, Licht: 0,180973,3,7,0,07,14,6,0,0,0,0,0,0,0,1
"POINT (6.753101563000030 51.264816093000036)",Unfall 180974 (2024) Kat:3, Licht: 0,180974,3,3,5,07,15,6,0,0,0,1,0,0,0,1
"POINT (6.821580100000062 51.220077075000063)",Unfall 180975 (2024) Kat:3, Licht: 0,180975,3,5,4,07,13,6,0,0,0,1,0,1,0,0
"POINT (6.788773874000071 51.224703781000073)",Unfall 181027 (2024) Kat:3, Licht: 0,181027,3,7,6,07,08,5,0,0,1,0,1,0,0,0
"POINT (6.788550350000037 51.218711530000064)",Unfall 181028 (2024) Kat:3, Licht: 0,181028,3,1,0,07,07,5,0,0,1,0,0,0,0,0
"POINT (6.784144202000050 51.247875144000034)",Unfall 181086 (2024) Kat:3, Licht: 0,181086,3,6,4,07,16,4,0,0,1,0,0,1,0,0
"POINT (6.825519265000025 51.240663680000068)",Unfall 181087 (2024) Kat:3, Licht: 0,181087,3,5,1,07,08,4,0,0,1,1,0,0,0,1
"POINT (6.749948172000074 51.271595870000056)",Unfall 181149 (2024) Kat:3, Licht: 0,181149,3,3,5,07,16,3,0,0,0,1,0,0,0,0
"POINT (6.758942861000037 51.226733414000080)",Unfall 181150 (2024) Kat:3, Licht: 0,181150,3,3,5,07,15,3,0,0,0,1,0,0,0,0
"POINT (6.830293730000051 51.177240113000039)",Unfall 181206 (2024) Kat:3, Licht: 0,181206,3,4,6,07,17,2,0,0,1,0,1,0,0,0
"POINT (6.818964406000021 51.233725329000038)",Unfall 181207 (2024) Kat:2, Licht: 0,181207,2,6,6,07,14,2,0,0,0,1,1,0,0,0
"POINT (6.816838876000077 51.220264055000030)",Unfall 181208 (2024) Kat:3, Licht: 0,181208,3,6,2,07,15,2,0,0,0,1,0,0,0,1
"POINT (6.732624749000024 51.258642600000030)",Unfall 181209 (2024) Kat:3, Licht: 2,181209,3,6,6,07,00,2,0,2,0,1,0,0,0,1
"POINT (6.714475427000025 51.231836068000064)",Unfall 181210 (2024) Kat:3, Licht: 0,181210,3,2,3,07,16,2,0,0,1,1,0,0,0,0
"POINT (6.832389335000073 51.206555415000082)",Unfall 181255 (2024) Kat:3, Licht: 0,181255,3,5,0,07,14,1,0,0,1,1,0,0,0,0
"POINT (6.788512308000065 51.263303872000051)",Unfall 181256 (2024) Kat:3, Licht: 2,181256,3,7,0,07,22,1,0,2,1,0,0,0,0,0
"POINT (6.785875365000038 51.241458937000061)",Unfall 181257 (2024) Kat:3, Licht: 2,181257,3,5,1,07,05,1,0,2,0,1,0,0,0,1
"POINT (6.868611407000060 51.162366061000057)",Unfall 181313 (2024) Kat:3, Licht: 0,181313,3,7,0,07,16,7,0,0,0,0,1,0,0,1
"POINT (6.780395938000026 51.218923973000074)",Unfall 181314 (2024) Kat:3, Licht: 0,181314,3,2,5,07,13,7,0,0,0,1,0,0,0,1
"POINT (6.833479153000042 51.205221654000070)",Unfall 181315 (2024) Kat:3, Licht: 0,181315,3,1,0,07,12,7,0,0,1,0,0,0,0,0
"POINT (6.770315232000030 51.198479365000026)",Unfall 181316 (2024) Kat:3, Licht: 0,181316,3,6,1,07,10,7,0,0,1,1,0,0,0,0
"POINT (6.762900624000054 51.210714057000075)",Unfall 181317 (2024) Kat:3, Licht: 2,181317,3,1,0,07,00,7,0,2,1,0,0,0,0,0
"POINT (6.732599790000052 51.259414170000070)",Unfall 181318 (2024) Kat:3, Licht: 0,181318,3,7,6,07,18,7,0,0,0,1,1,0,0,0
"POINT (6.865409158000034 51.226607735000073)",Unfall 181319 (2024) Kat:3, Licht: 0,181319,3,3,5,07,14,7,0,0,0,1,0,0,0,0
"POINT (6.770915320000029 51.271322888000043)",Unfall 181320 (2024) Kat:3, Licht: 2,181320,3,7,0,07,03,7,0,2,1,1,0,0,0,0
"POINT (6.740973486000030 51.255780248000065)",Unfall 181321 (2024) Kat:3, Licht: 2,181321,3,7,0,07,02,7,0,2,1,0,0,0,0,0
"POINT (6.882352129000026 51.150556668000036)",Unfall 181377 (2024) Kat:3, Licht: 2,181377,3,1,8,07,23,6,0,2,0,0,0,1,0,0
"POINT (6.774057581000022 51.219169104000059)",Unfall 181379 (2024) Kat:3, Licht: 0,181379,3,2,5,07,12,6,0,0,0,1,0,1,0,0
"POINT (6.848789072000045 51.219551982000041)",Unfall 181380 (2024) Kat:3, Licht: 0,181380,3,7,1,07,11,6,0,0,0,1,0,1,0,0
"POINT (6.779674449000026 51.233180707000031)",Unfall 181382 (2024) Kat:3, Licht: 0,181382,3,1,0,07,09,6,0,0,1,0,0,0,0,0
"POINT (6.761693650000041 51.228511406000052)",Unfall 181383 (2024) Kat:3, Licht: 0,181383,3,4,6,07,21,6,0,0,0,0,1,0,0,1
"POINT (6.760247744000026 51.223865305000061)",Unfall 181440 (2024) Kat:3, Licht: 0,181440,3,6,2,07,14,5,0,0,0,1,0,0,0,1
"POINT (6.779091197000071 51.237219282000069)",Unfall 181441 (2024) Kat:3, Licht: 0,181441,3,2,1,07,16,5,0,0,1,0,0,0,0,0
"POINT (6.779620266000052 51.238006682000048)",Unfall 181442 (2024) Kat:3, Licht: 0,181442,3,7,0,07,16,5,0,0,0,0,1,0,0,1
"POINT (6.778357127000049 51.225555528000029)",Unfall 181443 (2024) Kat:3, Licht: 0,181443,3,4,6,07,21,5,0,0,0,0,1,0,0,1
"POINT (6.793809792000047 51.211321030000079)",Unfall 181444 (2024) Kat:3, Licht: 0,181444,3,6,2,07,11,5,0,0,0,1,0,0,0,0
"POINT (6.699570903000051 51.228920048000077)",Unfall 181445 (2024) Kat:3, Licht: 0,181445,3,6,3,07,11,5,0,0,0,1,0,0,1,0
"POINT (6.765355694000050 51.216534198000033)",Unfall 181510 (2024) Kat:3, Licht: 1,181510,3,1,0,07,22,4,0,1,0,0,0,0,0,1
"POINT (6.816085500000042 51.190722819000030)",Unfall 181511 (2024) Kat:3, Licht: 0,181511,3,7,5,07,12,4,0,0,0,1,0,0,0,1
"POINT (6.779032315000052 51.218899687000032)",Unfall 181512 (2024) Kat:2, Licht: 2,181512,2,1,0,07,02,4,0,2,0,0,0,0,0,1
"POINT (6.754291412000043 51.259871810000050)",Unfall 181513 (2024) Kat:3, Licht: 0,181513,3,2,5,07,18,4,0,0,0,1,0,0,0,1
"POINT (6.801173472000073 51.227446193000048)",Unfall 181514 (2024) Kat:3, Licht: 0,181514,3,1,0,07,08,4,0,0,1,0,0,0,0,0
"POINT (6.752733927000065 51.231293305000065)",Unfall 181515 (2024) Kat:3, Licht: 0,181515,3,6,2,07,16,4,0,0,0,1,0,0,0,0
"POINT (6.749279577000038 51.227340450000042)",Unfall 181516 (2024) Kat:3, Licht: 2,181516,3,2,6,07,06,4,0,2,1,0,1,0,0,0
"POINT (6.701228081000068 51.229174650000061)",Unfall 181564 (2024) Kat:3, Licht: 0,181564,3,6,2,07,11,2,0,0,0,1,0,0,0,1
"POINT (6.768141799000034 51.275220636000029)",Unfall 181566 (2024) Kat:3, Licht: 0,181566,3,6,4,07,13,3,0,0,0,1,0,0,0,1
"POINT (6.793086307000067 51.216848730000038)",Unfall 181567 (2024) Kat:3, Licht: 0,181567,3,3,5,07,14,3,0,0,1,1,0,0,0,0
"POINT (6.778362255000047 51.219785063000074)",Unfall 181568 (2024) Kat:3, Licht: 0,181568,3,6,3,07,14,3,0,0,1,1,0,0,0,0
"POINT (6.779283944000042 51.222916257000065)",Unfall 181569 (2024) Kat:3, Licht: 0,181569,3,2,6,07,11,3,0,0,0,1,1,0,0,0
"POINT (6.783704745000023 51.242063722000069)",Unfall 181629 (2024) Kat:3, Licht: 0,181629,3,1,1,07,15,3,0,0,1,1,0,0,0,0
"POINT (6.811975946000075 51.198478393000073)",Unfall 181633 (2024) Kat:3, Licht: 0,181633,3,2,6,07,16,2,0,0,0,1,1,0,0,0
"POINT (6.769736468000076 51.245091384000034)",Unfall 181634 (2024) Kat:3, Licht: 0,181634,3,7,6,07,16,2,0,0,1,0,1,0,0,0
"POINT (6.782141357000057 51.240729799000064)",Unfall 181636 (2024) Kat:3, Licht: 2,181636,3,1,0,07,00,2,0,2,1,0,0,0,0,0
"POINT (6.780196493000062 51.195092833000047)",Unfall 181641 (2024) Kat:2, Licht: 2,181641,2,5,8,08,22,1,0,2,0,1,0,0,0,1
"POINT (6.823093216000075 51.165766332000032)",Unfall 181642 (2024) Kat:3, Licht: 0,181642,3,5,0,08,16,1,0,0,1,1,0,0,0,1
"POINT (6.785243729000058 51.238113488000067)",Unfall 181643 (2024) Kat:3, Licht: 2,181643,3,5,1,08,23,1,0,2,0,1,0,0,0,1
"POINT (6.804138478000027 51.222302454000044)",Unfall 181644 (2024) Kat:3, Licht: 2,181644,3,4,6,08,00,1,1,2,0,1,1,0,0,0
"POINT (6.779300513000067 51.226368013000069)",Unfall 181645 (2024) Kat:2, Licht: 2,181645,2,3,5,08,00,1,1,2,0,1,0,0,0,1
"POINT (6.780355244000020 51.218901015000029)",Unfall 181694 (2024) Kat:2, Licht: 2,181694,2,4,6,08,23,7,1,2,0,0,1,0,0,1
"POINT (6.826723299000037 51.241292468000040)",Unfall 181695 (2024) Kat:3, Licht: 0,181695,3,6,6,08,18,7,0,0,1,1,1,0,0,0
"POINT (6.803252473000043 51.227046539000071)",Unfall 181696 (2024) Kat:3, Licht: 0,181696,3,5,1,08,09,7,0,0,1,1,0,0,0,0
"POINT (6.761076232000050 51.266806718000055)",Unfall 181697 (2024) Kat:3, Licht: 0,181697,3,2,5,08,12,7,0,0,1,1,0,0,0,0
"POINT (6.833033542000067 51.205925141000080)",Unfall 181764 (2024) Kat:3, Licht: 2,181764,3,2,5,08,21,6,1,2,0,1,0,1,0,0
"POINT (6.781431366000049 51.286874347000037)",Unfall 181765 (2024) Kat:3, Licht: 2,181765,3,7,6,08,22,6,0,2,0,1,1,0,0,0
"POINT (6.814167262000069 51.262723561000030)",Unfall 181766 (2024) Kat:2, Licht: 0,181766,2,4,6,08,13,6,0,0,1,0,1,0,0,0
"POINT (6.793344789000059 51.232635975000051)",Unfall 181767 (2024) Kat:3, Licht: 0,181767,3,3,5,08,11,6,0,0,1,1,0,0,0,0
"POINT (6.771173003000058 51.228411791000042)",Unfall 181768 (2024) Kat:3, Licht: 0,181768,3,3,4,08,19,6,0,0,1,0,0,0,0,1
"POINT (6.843812169000046 51.199725527000055)",Unfall 181830 (2024) Kat:3, Licht: 0,181830,3,1,0,08,19,5,0,0,1,0,0,0,0,0
"POINT (6.769368205000035 51.188106834000052)",Unfall 181831 (2024) Kat:2, Licht: 0,181831,2,7,0,08,08,5,0,0,1,0,0,0,0,0
"POINT (6.822979508000060 51.238785445000076)",Unfall 181832 (2024) Kat:3, Licht: 0,181832,3,7,3,08,18,5,0,0,0,1,0,0,0,1
"POINT (6.814934249000032 51.216025145000060)",Unfall 181833 (2024) Kat:3, Licht: 0,181833,3,6,2,08,12,5,0,0,0,1,0,0,0,0
"POINT (6.785606044000076 51.216684015000055)",Unfall 181880 (2024) Kat:2, Licht: 0,181880,2,3,5,08,17,4,1,0,1,0,0,0,0,0
"POINT (6.790060236000045 51.233323323000036)",Unfall 181881 (2024) Kat:3, Licht: 0,181881,3,1,0,08,12,4,0,0,1,1,0,0,0,0
"POINT (6.790495149000037 51.224298001000079)",Unfall 181882 (2024) Kat:3, Licht: 0,181882,3,4,6,08,11,4,0,0,0,1,1,0,0,0
"POINT (6.767492212000036 51.245294596000065)",Unfall 181924 (2024) Kat:3, Licht: 0,181924,3,6,3,08,16,5,0,0,0,1,0,0,0,0
"POINT (6.781810089000032 51.199923732000059)",Unfall 181939 (2024) Kat:3, Licht: 2,181939,3,1,0,08,21,3,1,2,0,0,0,0,0,1
"POINT (6.785780073000069 51.210852212000077)",Unfall 181940 (2024) Kat:3, Licht: 2,181940,3,5,1,08,20,3,1,2,1,1,0,0,0,0
"POINT (6.830381548000048 51.208003749000056)",Unfall 181941 (2024) Kat:3, Licht: 0,181941,3,6,3,08,18,3,0,0,0,1,0,0,1,0
"POINT (6.817176413000027 51.192031188000044)",Unfall 181942 (2024) Kat:3, Licht: 0,181942,3,1,0,08,14,3,0,0,0,1,0,0,0,1
"POINT (6.839464755000051 51.165011321000065)",Unfall 181943 (2024) Kat:3, Licht: 0,181943,3,7,5,08,13,3,0,0,0,1,0,0,0,0
"POINT (6.828214201000037 51.189352663000079)",Unfall 181944 (2024) Kat:3, Licht: 0,181944,3,6,4,08,08,3,0,0,0,1,0,0,0,0
"POINT (6.741052023000066 51.278861400000039)",Unfall 181945 (2024) Kat:3, Licht: 0,181945,3,3,5,08,14,3,0,0,1,0,0,0,0,1
"POINT (6.789022981000073 51.198927188000027)",Unfall 181994 (2024) Kat:3, Licht: 0,181994,3,3,5,08,16,2,0,0,1,1,0,0,0,0
"POINT (6.821332553000047 51.169416918000081)",Unfall 181995 (2024) Kat:2, Licht: 0,181995,2,3,5,08,12,2,0,0,1,0,0,0,1,0
"POINT (6.792936614000041 51.223962224000047)",Unfall 181996 (2024) Kat:3, Licht: 0,181996,3,3,5,08,15,2,0,0,1,1,0,0,0,0
"POINT (6.889046544000053 51.148064772000055)",Unfall 182051 (2024) Kat:2, Licht: 0,182051,2,6,2,08,18,1,0,0,0,0,0,1,0,0
"POINT (6.849062586000059 51.219530397000028)",Unfall 182052 (2024) Kat:2, Licht: 0,182052,2,3,5,08,17,1,0,0,0,1,0,1,0,0
"POINT (6.809111286000075 51.201182121000045)",Unfall 182053 (2024) Kat:2, Licht: 0,182053,2,1,0,08,13,1,0,0,0,1,0,0,0,1
"POINT (6.768013310000072 51.244850637000070)",Unfall 182054 (2024) Kat:2, Licht: 0,182054,2,5,1,08,12,1,0,0,1,1,0,0,0,0
"POINT (6.785037189000036 51.198238110000034)",Unfall 182111 (2024) Kat:3, Licht: 0,182111,3,3,5,08,14,7,0,0,1,1,0,0,0,0