WKT,Name,OBJECTID,UKATEGORIE,UTYP1,UART,UMONAT,USTUNDE,UWOCHENTAG,STRZUSTAND,ULICHTVERH,ISTRAD,ISTPKW,ISTFUSS,ISTKRAD,ISTGKFZ,ISTSONSTIG
"POINT (6.746526561000053 51.269991589000028)",Unfall 182112 (2024) Kat:2, Licht: 0,182112,2,3,5,08,17,7,0,0,1,1,0,0,0,0
"POINT (6.793858567000029 51.229174128000068)",Unfall 182113 (2024) Kat:3, Licht: 1,182113,3,2,5,08,21,7,0,1,1,1,0,0,0,0
"POINT (6.828808142000071 51.187970818000053)",Unfall 182169 (2024) Kat:3, Licht: 0,182169,3,6,2,08,18,6,0,0,0,1,0,0,0,0
"POINT (6.790219897000043 51.245228241000063)",Unfall 182170 (2024) Kat:3, Licht: 2,182170,3,1,1,08,00,6,0,2,1,1,0,0,0,0
"POINT (6.806249304000062 51.222007095000038)",Unfall 182171 (2024) Kat:3, Licht: 0,182171,3,2,5,08,17,6,0,0,0,1,0,1,0,0
"POINT (6.762356339000064 51.229899181000064)",Unfall 182172 (2024) Kat:3, Licht: 2,182172,3,6,4,08,23,6,0,2,1,1,0,0,0,0
"POINT (6.747039247000032 51.231682391000049)",Unfall 182173 (2024) Kat:3, Licht: 0,182173,3,3,5,08,14,6,0,0,1,1,0,0,0,0
"POINT (6.799963433000073 51.214983386000029)",Unfall 182174 (2024) Kat:3, Licht: 0,182174,3,7,0,08,14,6,0,0,1,0,0,0,0,0
"POINT (6.768766912000046 51.195954880000045)",Unfall 182244 (2024) Kat:3, Licht: 1,182244,3,3,5,08,21,5,0,1,1,1,0,0,0,0
"POINT (6.757362451000063 51.215475106000042)",Unfall 182245 (2024) Kat:3, Licht: 0,182245,3,5,1,08,07,5,0,0,1,1,0,0,0,0
"POINT (6.778463883000029 51.238128865000078)",Unfall 182246 (2024) Kat:2, Licht: 0,182246,2,4,6,08,19,5,0,0,1,0,1,0,0,0
"POINT (6.811324721000062 51.210649766000074)",Unfall 182247 (2024) Kat:3, Licht: 0,182247,3,3,5,08,18,5,0,0,0,1,0,1,0,0
"POINT (6.793526807000035 51.216790791000051)",Unfall 182248 (2024) Kat:3, Licht: 0,182248,3,4,6,08,16,5,0,0,1,0,1,0,0,0
"POINT (6.809363164000047 51.182856751000031)",Unfall 182301 (2024) Kat:2, Licht: 0,182301,2,7,3,08,19,4,0,0,1,0,0,0,0,0
"POINT (6.864503521000074 51.239799860000062)",Unfall 182302 (2024) Kat:2, Licht: 0,182302,2,7,0,08,09,4,0,0,1,0,0,0,0,0
"POINT (6.779241045000049 51.237229151000065)",Unfall 182303 (2024) Kat:3, Licht: 0,182303,3,6,6,08,17,4,0,0,1,0,1,0,0,0
"POINT (6.711065508000047 51.231535593000046)",Unfall 182304 (2024) Kat:3, Licht: 0,182304,3,2,5,08,08,4,0,0,1,0,0,0,1,0
"POINT (6.779833208000070 51.210571795000078)",Unfall 182365 (2024) Kat:3, Licht: 0,182365,3,5,1,08,10,3,0,0,1,1,0,0,0,0
"POINT (6.791150422000044 51.193185009000047)",Unfall 182366 (2024) Kat:3, Licht: 0,182366,3,6,6,08,08,3,0,0,0,1,1,0,0,0
"POINT (6.800565241000072 51.232925976000047)",Unfall 182368 (2024) Kat:3, Licht: 0,182368,3,5,0,08,19,3,0,0,1,1,0,0,0,0
"POINT (6.711501186000021 51.231454636000080)",Unfall 182369 (2024) Kat:3, Licht: 0,182369,3,3,5,08,13,3,0,0,1,1,0,0,0,0
"POINT (6.790284852000070 51.242998194000052)",Unfall 182396 (2024) Kat:3, Licht: 0,182396,3,2,5,08,11,6,0,0,0,1,0,0,0,0
"POINT (6.755554584000038 51.214326997000057)",Unfall 182435 (2024) Kat:3, Licht: 0,182435,3,4,6,08,16,2,0,0,0,1,1,0,0,0
"POINT (6.882227061000037 51.208421811000051)",Unfall 182436 (2024) Kat:3, Licht: 2,182436,3,1,0,08,22,2,0,2,0,0,0,1,0,0
"POINT (6.841121262000058 51.191949745000045)",Unfall 182437 (2024) Kat:3, Licht: 0,182437,3,7,6,08,10,2,0,0,0,1,1,0,0,0
"POINT (6.795839209000064 51.229734228000041)",Unfall 182438 (2024) Kat:3, Licht: 0,182438,3,7,0,08,18,2,0,0,0,1,0,1,0,0
"POINT (6.802653491000058 51.247149382000032)",Unfall 182439 (2024) Kat:3, Licht: 0,182439,3,4,6,08,16,2,0,0,0,1,1,0,0,0
"POINT (6.794469637000020 51.223790022000060)",Unfall 182453 (2024) Kat:2, Licht: 0,182453,2,4,6,08,18,3,0,0,0,1,1,0,0,0
"POINT (6.778764673000069 51.216240018000065)",Unfall 182455 (2024) Kat:3, Licht: 0,182455,3,4,6,08,18,4,0,0,1,0,1,0,0,0
"POINT (6.833097793000036 51.175295734000031)",Unfall 182481 (2024) Kat:3, Licht: 0,182481,3,1,0,08,14,1,0,0,1,0,0,0,0,0
"POINT (6.772564179000028 51.198091817000034)",Unfall 182534 (2024) Kat:3, Licht: 0,182534,3,5,0,08,09,7,0,0,0,1,0,0,0,0
"POINT (6.783160679000048 51.237097146000053)",Unfall 182535 (2024) Kat:3, Licht: 2,182535,3,7,6,08,22,7,0,2,0,0,1,0,0,1
"POINT (6.790218063000054 51.243078207000053)",Unfall 182537 (2024) Kat:3, Licht: 0,182537,3,3,5,08,17,7,0,0,0,1,0,0,0,0
"POINT (6.784995526000046 51.248774964000063)",Unfall 182538 (2024) Kat:3, Licht: 0,182538,3,3,5,08,14,7,0,0,1,1,0,0,0,0
"POINT (6.738774809000063 51.209944552000081)",Unfall 182596 (2024) Kat:2, Licht: 0,182596,2,1,0,08,09,6,0,0,1,0,0,0,0,0
"POINT (6.780321806000075 51.215612217000057)",Unfall 182610 (2024) Kat:3, Licht: 0,182610,3,6,3,08,19,6,0,0,0,1,0,1,0,0
"POINT (6.821032371000058 51.219138409000038)",Unfall 182611 (2024) Kat:3, Licht: 0,182611,3,6,2,08,16,6,0,0,0,1,0,0,0,0
"POINT (6.779232978000039 51.197814624000046)",Unfall 182705 (2024) Kat:3, Licht: 0,182705,3,7,0,08,13,7,0,0,0,0,1,0,0,1
"POINT (6.782192920000057 51.198519517000079)",Unfall 182706 (2024) Kat:3, Licht: 1,182706,3,3,5,08,20,7,0,1,1,1,0,0,0,0
"POINT (6.781733552000048 51.207955085000037)",Unfall 182707 (2024) Kat:3, Licht: 0,182707,3,3,1,08,16,7,0,0,0,1,0,0,0,1
"POINT (6.855704744000036 51.131041467000045)",Unfall 182708 (2024) Kat:3, Licht: 0,182708,3,6,4,08,12,7,0,0,1,1,0,0,0,0
"POINT (6.814397756000062 51.193184010000039)",Unfall 182709 (2024) Kat:3, Licht: 0,182709,3,3,5,08,14,7,0,0,0,1,0,0,0,0
"POINT (6.782658142000059 51.258170837000080)",Unfall 182710 (2024) Kat:2, Licht: 2,182710,2,7,0,08,05,7,0,2,0,1,1,0,0,0
"POINT (6.875637729000061 51.162059450000072)",Unfall 182793 (2024) Kat:3, Licht: 0,182793,3,3,5,08,13,6,0,0,0,1,0,0,0,1
"POINT (6.739265198000055 51.285110527000029)",Unfall 182794 (2024) Kat:2, Licht: 0,182794,2,3,5,08,17,6,0,0,0,1,0,1,0,0
"POINT (6.802708955000071 51.227152657000033)",Unfall 182795 (2024) Kat:2, Licht: 0,182795,2,2,4,08,13,6,0,0,1,1,0,0,0,0
"POINT (6.811362761000055 51.201026919000071)",Unfall 182863 (2024) Kat:3, Licht: 1,182863,3,6,3,08,21,5,0,1,0,1,0,0,0,0
"POINT (6.813299540000060 51.237821569000062)",Unfall 182864 (2024) Kat:3, Licht: 0,182864,3,4,6,08,11,5,0,0,0,1,1,0,0,0
"POINT (6.777783256000021 51.225554786000032)",Unfall 182865 (2024) Kat:3, Licht: 2,182865,3,7,6,08,23,5,0,2,0,1,1,0,0,0
"POINT (6.870904793000022 51.148419292000028)",Unfall 182942 (2024) Kat:3, Licht: 1,182942,3,1,0,08,20,4,0,1,0,0,0,1,0,0
"POINT (6.779376063000029 51.210377643000072)",Unfall 182943 (2024) Kat:3, Licht: 0,182943,3,2,5,08,13,4,0,0,1,1,0,0,0,0
"POINT (6.866802108000059 51.182620263000047)",Unfall 182944 (2024) Kat:3, Licht: 0,182944,3,2,3,08,09,4,0,0,1,0,0,0,0,1
"POINT (6.735025450000023 51.296639616000050)",Unfall 182945 (2024) Kat:3, Licht: 0,182945,3,7,5,08,19,4,0,0,1,0,0,0,0,0
"POINT (6.785224154000048 51.280742667000027)",Unfall 182946 (2024) Kat:3, Licht: 0,182946,3,6,2,08,09,4,0,0,1,1,0,0,0,0
"POINT (6.776984721000076 51.219809249000036)",Unfall 182947 (2024) Kat:3, Licht: 0,182947,3,3,5,08,15,4,0,0,0,1,0,0,0,0
"POINT (6.852203489000033 51.203444481000076)",Unfall 183010 (2024) Kat:3, Licht: 0,183010,3,3,5,08,15,7,0,0,0,1,0,0,0,1
"POINT (6.779490082000052 51.219032549000076)",Unfall 183025 (2024) Kat:3, Licht: 0,183025,3,6,2,08,16,3,0,0,0,1,0,0,0,1
"POINT (6.767024778000064 51.266345384000033)",Unfall 183027 (2024) Kat:3, Licht: 0,183027,3,7,4,08,07,3,0,0,1,1,0,0,0,0
"POINT (6.888230114000066 51.157204376000038)",Unfall 183092 (2024) Kat:3, Licht: 0,183092,3,2,2,08,20,2,0,0,1,1,0,0,0,0
"POINT (6.784618300000034 51.226958795000030)",Unfall 183093 (2024) Kat:3, Licht: 0,183093,3,4,6,08,12,2,0,0,0,1,1,0,0,0
"POINT (6.840737606000062 51.199395744000071)",Unfall 183096 (2024) Kat:3, Licht: 0,183096,3,4,6,08,08,2,0,0,0,1,1,0,0,0
"POINT (6.762894288000041 51.210706090000031)",Unfall 183154 (2024) Kat:2, Licht: 0,183154,2,3,5,08,17,1,0,0,0,1,0,1,0,0
"POINT (6.778655312000069 51.212388018000070)",Unfall 183229 (2024) Kat:3, Licht: 2,183229,3,1,0,08,03,7,0,2,0,0,0,0,0,1
"POINT (6.871380085000055 51.168584444000032)",Unfall 183230 (2024) Kat:3, Licht: 0,183230,3,2,4,08,10,7,0,0,0,1,0,1,0,0
"POINT (6.752261630000021 51.242431433000036)",Unfall 183231 (2024) Kat:3, Licht: 0,183231,3,3,5,08,17,7,0,0,1,1,0,0,0,0
"POINT (6.807781523000074 51.211502385000074)",Unfall 183232 (2024) Kat:3, Licht: 0,183232,3,5,1,08,08,7,0,0,0,1,0,1,0,0
"POINT (6.847373767000022 51.201463720000049)",Unfall 183309 (2024) Kat:2, Licht: 0,183309,2,7,0,08,11,6,0,0,1,0,0,0,0,1
"POINT (6.771157689000063 51.210764889000075)",Unfall 183311 (2024) Kat:3, Licht: 0,183311,3,1,0,08,14,6,0,0,1,0,0,0,1,0
"POINT (6.775420387000054 51.215643187000069)",Unfall 183312 (2024) Kat:3, Licht: 0,183312,3,2,8,08,14,6,0,0,0,1,0,0,0,0
"POINT (6.785609777000047 51.211034477000055)",Unfall 183313 (2024) Kat:3, Licht: 0,183313,3,3,0,08,09,6,0,0,1,0,0,1,0,0
"POINT (6.815869801000076 51.218048529000043)",Unfall 183314 (2024) Kat:3, Licht: 0,183314,3,3,5,08,18,6,1,0,0,1,0,1,0,0
"POINT (6.810285476000047 51.220282361000045)",Unfall 183315 (2024) Kat:3, Licht: 0,183315,3,3,5,08,13,6,0,0,0,1,0,0,0,0
"POINT (6.826470003000054 51.180244294000033)",Unfall 183331 (2024) Kat:2, Licht: 0,183331,2,7,0,08,11,7,0,0,0,0,0,0,0,1
"POINT (6.744241594000073 51.312557093000066)",Unfall 183374 (2024) Kat:3, Licht: 0,183374,3,6,2,08,07,4,0,0,0,1,0,1,0,0
"POINT (6.787073342000042 51.191561941000032)",Unfall 183403 (2024) Kat:3, Licht: 0,183403,3,3,5,08,17,5,0,0,1,1,0,0,0,0
"POINT (6.838153209000041 51.215037192000068)",Unfall 183404 (2024) Kat:3, Licht: 0,183404,3,2,5,08,07,5,0,0,0,1,0,0,0,1
"POINT (6.775298486000054 51.219113594000078)",Unfall 183491 (2024) Kat:2, Licht: 0,183491,2,4,6,08,11,4,0,0,1,0,1,0,0,0
"POINT (6.762890749000064 51.210701640000082)",Unfall 183492 (2024) Kat:3, Licht: 0,183492,3,2,0,08,12,4,0,0,1,0,0,0,0,0
"POINT (6.816030370000021 51.217976565000072)",Unfall 183493 (2024) Kat:3, Licht: 0,183493,3,2,5,08,19,4,0,0,1,1,0,0,0,0
"POINT (6.804431837000038 51.215126914000052)",Unfall 183494 (2024) Kat:3, Licht: 0,183494,3,5,1,08,15,4,0,0,1,1,0,0,0,0
"POINT (6.789645565000058 51.228155401000038)",Unfall 183495 (2024) Kat:3, Licht: 0,183495,3,5,3,08,08,4,0,0,1,1,0,0,0,0
"POINT (6.891703002000042 51.201826848000053)",Unfall 183578 (2024) Kat:3, Licht: 2,183578,3,1,7,08,23,3,1,2,1,0,0,0,0,0
"POINT (6.784891660000028 51.236564300000055)",Unfall 183580 (2024) Kat:3, Licht: 0,183580,3,7,0,08,11,3,0,0,1,0,0,0,0,0
"POINT (6.734650563000059 51.235157493000031)",Unfall 183581 (2024) Kat:3, Licht: 0,183581,3,3,5,08,10,3,0,0,0,1,0,1,0,0
"POINT (6.725266441000031 51.245154168000056)",Unfall 183661 (2024) Kat:3, Licht: 0,183661,3,5,1,08,08,3,0,0,1,1,0,0,0,0
"POINT (6.762655198000061 51.199518740000030)",Unfall 183671 (2024) Kat:3, Licht: 0,183671,3,3,5,08,18,2,0,0,1,0,0,0,0,0
"POINT (6.767951336000067 51.202914756000041)",Unfall 183672 (2024) Kat:3, Licht: 0,183672,3,3,5,08,08,2,0,0,1,0,0,0,0,0
"POINT (6.859547410000062 51.228656566000041)",Unfall 183673 (2024) Kat:3, Licht: 0,183673,3,7,5,08,12,2,0,0,0,1,0,0,0,1
"POINT (6.781228129000056 51.243402070000059)",Unfall 183674 (2024) Kat:3, Licht: 0,183674,3,5,1,08,07,2,0,0,0,1,0,0,0,0
"POINT (6.827315405000036 51.242473799000038)",Unfall 183715 (2024) Kat:2, Licht: 0,183715,2,3,5,08,19,4,0,0,1,0,0,0,0,0
"POINT (6.764951807000045 51.220120589000032)",Unfall 183750 (2024) Kat:3, Licht: 0,183750,3,1,0,09,18,7,0,0,1,0,0,0,0,0
"POINT (6.743823328000076 51.220337849000032)",Unfall 183751 (2024) Kat:2, Licht: 2,183751,2,1,7,09,03,7,0,2,0,1,0,0,0,0
"POINT (6.805129610000051 51.227828969000029)",Unfall 183752 (2024) Kat:3, Licht: 0,183752,3,3,5,09,18,7,0,0,1,0,0,0,0,1
"POINT (6.783040708000044 51.244619316000069)",Unfall 183753 (2024) Kat:2, Licht: 0,183753,2,4,0,09,15,7,0,0,1,0,1,0,0,0
"POINT (6.860832800000026 51.236380057000076)",Unfall 183754 (2024) Kat:3, Licht: 2,183754,3,4,6,09,00,7,0,2,0,1,1,0,0,0
"POINT (6.775743600000055 51.227865823000059)",Unfall 183755 (2024) Kat:3, Licht: 2,183755,3,7,6,09,00,7,0,2,0,1,1,0,0,0
"POINT (6.733964831000037 51.236223899000038)",Unfall 183816 (2024) Kat:3, Licht: 0,183816,3,3,5,09,17,6,0,0,1,1,0,0,0,0
"POINT (6.775457397000025 51.219139135000034)",Unfall 183817 (2024) Kat:3, Licht: 0,183817,3,7,0,09,12,6,0,0,0,1,0,0,0,1
"POINT (6.784773453000071 51.228748345000042)",Unfall 183818 (2024) Kat:3, Licht: 0,183818,3,4,6,09,10,6,0,0,0,1,1,0,0,0
"POINT (6.773084897000047 51.213986076000026)",Unfall 183868 (2024) Kat:3, Licht: 0,183868,3,5,3,09,18,5,0,0,1,1,0,0,0,0
"POINT (6.851875283000027 51.169226890000061)",Unfall 183869 (2024) Kat:3, Licht: 0,183869,3,3,5,09,16,5,0,0,1,0,0,0,0,0
"POINT (6.797335271000065 51.185016351000058)",Unfall 183870 (2024) Kat:3, Licht: 0,183870,3,6,2,09,15,5,0,0,0,1,0,0,0,0
"POINT (6.822699123000064 51.221653646000050)",Unfall 183871 (2024) Kat:3, Licht: 0,183871,3,2,2,09,07,5,0,0,0,1,0,0,0,0
"POINT (6.796612447000030 51.219201574000067)",Unfall 183872 (2024) Kat:3, Licht: 0,183872,3,1,0,09,12,5,0,0,0,0,0,0,0,1
"POINT (6.836192670000059 51.202852676000077)",Unfall 183929 (2024) Kat:3, Licht: 0,183929,3,1,0,09,10,4,1,0,1,0,0,0,0,0
"POINT (6.821108099000071 51.219271548000052)",Unfall 183930 (2024) Kat:3, Licht: 0,183930,3,6,2,09,14,4,0,0,0,1,0,0,0,1
"POINT (6.777330011000060 51.213969016000078)",Unfall 183931 (2024) Kat:3, Licht: 1,183931,3,7,1,09,08,4,1,1,1,1,0,0,0,0
"POINT (6.762418042000036 51.230705165000074)",Unfall 183932 (2024) Kat:3, Licht: 0,183932,3,3,5,09,08,4,1,0,0,1,0,0,0,1
"POINT (6.834932250000065 51.164187036000044)",Unfall 183986 (2024) Kat:3, Licht: 0,183986,3,7,0,09,14,3,0,0,0,0,0,0,0,1
"POINT (6.839176247000069 51.206969171000026)",Unfall 183987 (2024) Kat:3, Licht: 0,183987,3,2,5,09,12,3,0,0,0,1,1,0,0,0
"POINT (6.776770534000036 51.214280633000044)",Unfall 183988 (2024) Kat:3, Licht: 0,183988,3,6,2,09,09,3,0,0,1,0,0,0,0,1
"POINT (6.801296788000059 51.232882738000058)",Unfall 183989 (2024) Kat:3, Licht: 0,183989,3,1,1,09,17,3,0,0,1,1,0,0,0,0
"POINT (6.779753086000028 51.238321063000058)",Unfall 183990 (2024) Kat:3, Licht: 0,183990,3,2,6,09,10,3,0,0,0,1,1,0,0,0
"POINT (6.789737658000035 51.242812555000057)",Unfall 183991 (2024) Kat:3, Licht: 0,183991,3,2,5,09,15,3,0,0,1,1,0,0,0,0
"POINT (6.832256463000022 51.175814281000044)",Unfall 184064 (2024) Kat:2, Licht: 0,184064,2,1,7,09,19,2,0,0,0,0,0,0,0,1
"POINT (6.866246761000070 51.183307928000033)",Unfall 184065 (2024) Kat:3, Licht: 0,184065,3,7,0,09,16,2,1,0,1,1,0,0,0,0
"POINT (6.818932807000067 51.216377012000066)",Unfall 184066 (2024) Kat:3, Licht: 0,184066,3,3,5,09,12,2,0,0,1,1,0,0,0,0
"POINT (6.793074025000067 51.222947301000033)",Unfall 184067 (2024) Kat:3, Licht: 1,184067,3,6,3,09,21,2,0,1,0,1,0,1,0,0
"POINT (6.797519043000023 51.225431234000041)",Unfall 184068 (2024) Kat:3, Licht: 0,184068,3,7,4,09,12,2,1,0,0,1,0,1,0,0
"POINT (6.749948172000074 51.271595870000056)",Unfall 184120 (2024) Kat:3, Licht: 0,184120,3,3,5,09,09,1,0,0,0,1,0,0,0,0
"POINT (6.736174846000040 51.257500231000051)",Unfall 184121 (2024) Kat:3, Licht: 0,184121,3,6,3,09,09,1,0,0,0,0,0,0,0,1
"POINT (6.807888977000061 51.211380994000081)",Unfall 184122 (2024) Kat:3, Licht: 0,184122,3,5,1,09,18,1,0,0,0,1,0,0,0,1
"POINT (6.775765523000075 51.213976300000070)",Unfall 184188 (2024) Kat:3, Licht: 2,184188,3,1,0,09,22,7,0,2,1,0,0,0,0,0
"POINT (6.837905026000044 51.214947727000038)",Unfall 184189 (2024) Kat:3, Licht: 0,184189,3,3,5,09,14,7,0,0,1,1,0,0,0,0
"POINT (6.862249965000046 51.237532892000047)",Unfall 184190 (2024) Kat:3, Licht: 0,184190,3,4,6,09,12,7,0,0,0,1,1,0,0,0
"POINT (6.790218063000054 51.243078207000053)",Unfall 184191 (2024) Kat:3, Licht: 0,184191,3,1,0,09,12,7,0,0,1,0,0,0,0,0
"POINT (6.776684596000052 51.225574377000044)",Unfall 184192 (2024) Kat:3, Licht: 2,184192,3,1,0,09,03,7,0,2,0,1,0,0,0,0
"POINT (6.778993416000048 51.226418699000078)",Unfall 184193 (2024) Kat:3, Licht: 2,184193,3,7,6,09,01,7,0,2,0,0,1,0,0,1
"POINT (6.812668119000023 51.198362711000073)",Unfall 184264 (2024) Kat:3, Licht: 0,184264,3,2,5,09,16,6,0,0,0,1,0,0,0,0
"POINT (6.827477084000066 51.246331906000080)",Unfall 184265 (2024) Kat:3, Licht: 0,184265,3,1,0,09,16,6,0,0,1,0,0,0,0,0
"POINT (6.757857110000032 51.209587205000048)",Unfall 184342 (2024) Kat:2, Licht: 1,184342,2,1,8,09,20,5,0,1,0,0,0,1,0,0
"POINT (6.897692621000033 51.137343172000044)",Unfall 184343 (2024) Kat:3, Licht: 0,184343,3,6,0,09,15,5,0,0,1,1,0,0,0,0
"POINT (6.788965813000061 51.250477058000058)",Unfall 184344 (2024) Kat:3, Licht: 0,184344,3,7,0,09,16,5,0,0,1,1,0,0,0,0
"POINT (6.732576464000033 51.259339372000056)",Unfall 184345 (2024) Kat:3, Licht: 2,184345,3,3,5,09,23,7,0,2,0,0,0,1,0,1
"POINT (6.795876999000029 51.230570679000039)",Unfall 184346 (2024) Kat:3, Licht: 0,184346,3,3,5,09,16,5,0,0,1,1,0,0,0,0
"POINT (6.710924798000065 51.231353694000063)",Unfall 184347 (2024) Kat:3, Licht: 0,184347,3,2,5,09,15,5,0,0,1,0,0,0,1,0
"POINT (6.896431238000048 51.204040715000076)",Unfall 184426 (2024) Kat:2, Licht: 0,184426,2,1,0,09,18,4,0,0,0,0,0,0,0,1
"POINT (6.831193911000071 51.207172188000072)",Unfall 184427 (2024) Kat:3, Licht: 0,184427,3,1,0,09,13,4,1,0,0,0,0,1,0,0
"POINT (6.762334580000072 51.251769344000081)",Unfall 184428 (2024) Kat:3, Licht: 0,184428,3,7,3,09,15,4,0,0,0,1,0,0,0,1
"POINT (6.752436050000028 51.213172324000027)",Unfall 184468 (2024) Kat:3, Licht: 0,184468,3,7,0,09,18,6,0,0,0,1,0,0,0,1
"POINT (6.807536330000062 51.246017131000031)",Unfall 184515 (2024) Kat:3, Licht: 0,184515,3,3,5,09,16,3,0,0,0,1,0,0,0,1
"POINT (6.750075344000038 51.236183648000065)",Unfall 184516 (2024) Kat:3, Licht: 1,184516,3,7,0,09,20,3,0,1,0,0,1,0,0,1
"POINT (6.768318161000025 51.215995388000067)",Unfall 184593 (2024) Kat:3, Licht: 0,184593,3,7,0,09,18,2,1,0,0,0,0,0,0,1
"POINT (6.766869116000066 51.207909967000035)",Unfall 184594 (2024) Kat:3, Licht: 0,184594,3,2,5,09,15,2,0,0,0,1,0,1,0,0
"POINT (6.765980281000054 51.202683436000029)",Unfall 184595 (2024) Kat:3, Licht: 0,184595,3,2,5,09,13,2,0,0,0,1,0,1,0,0
"POINT (6.830214131000048 51.201180124000075)",Unfall 184598 (2024) Kat:3, Licht: 0,184598,3,7,3,09,10,2,0,0,1,1,0,0,0,0
"POINT (6.764763922000043 51.216099166000049)",Unfall 184600 (2024) Kat:3, Licht: 0,184600,3,2,6,09,09,2,0,0,0,1,1,0,0,0
"POINT (6.810845555000071 51.201156174000062)",Unfall 184601 (2024) Kat:3, Licht: 0,184601,3,7,0,09,07,2,0,0,0,0,0,0,0,1
"POINT (6.737235083000030 51.301302744000054)",Unfall 184603 (2024) Kat:3, Licht: 0,184603,3,3,5,09,19,2,0,0,0,1,0,1,0,0
"POINT (6.740931921000026 51.279154706000043)",Unfall 184604 (2024) Kat:3, Licht: 0,184604,3,7,0,09,18,2,1,0,1,1,0,0,0,0
"POINT (6.810280365000040 51.241381584000067)",Unfall 184605 (2024) Kat:3, Licht: 0,184605,3,6,2,09,15,2,0,0,0,1,0,0,0,0
"POINT (6.783934458000033 51.234156614000028)",Unfall 184606 (2024) Kat:2, Licht: 0,184606,2,6,3,09,14,2,0,0,1,1,0,0,0,0
"POINT (6.790173479000032 51.217316606000054)",Unfall 184607 (2024) Kat:3, Licht: 0,184607,3,3,5,09,18,2,1,0,1,1,0,0,0,0
"POINT (6.795163345000049 51.222952068000041)",Unfall 184608 (2024) Kat:3, Licht: 0,184608,3,4,6,09,09,2,0,0,0,0,1,0,0,1
"POINT (6.810740871000064 51.227101351000044)",Unfall 184638 (2024) Kat:3, Licht: 0,184638,3,5,1,09,14,3,0,0,1,1,0,0,0,0
"POINT (6.752319933000024 51.212796791000073)",Unfall 184695 (2024) Kat:3, Licht: 2,184695,3,1,0,09,02,1,0,2,1,0,0,0,0,0
"POINT (6.755926459000023 51.251317587000074)",Unfall 184696 (2024) Kat:1, Licht: 2,184696,1,1,9,09,05,1,0,2,0,1,0,0,0,0
"POINT (6.777501914000027 51.226463160000037)",Unfall 184697 (2024) Kat:3, Licht: 2,184697,3,6,2,09,01,1,0,2,0,1,0,0,0,0
"POINT (6.824515156000075 51.217378955000072)",Unfall 184752 (2024) Kat:3, Licht: 2,184752,3,2,2,09,23,1,0,2,0,1,0,0,0,0
"POINT (6.866344012000070 51.162225108000030)",Unfall 184753 (2024) Kat:3, Licht: 0,184753,3,7,5,09,09,1,0,0,1,0,0,0,0,1
"POINT (6.768348735000075 51.195809207000082)",Unfall 184793 (2024) Kat:3, Licht: 0,184793,3,3,5,09,15,7,1,0,1,1,0,0,0,0
"POINT (6.822123425000029 51.237366840000050)",Unfall 184794 (2024) Kat:3, Licht: 0,184794,3,3,5,09,18,7,1,0,1,1,0,0,0,0
"POINT (6.859451821000050 51.177715916000068)",Unfall 184857 (2024) Kat:3, Licht: 0,184857,3,4,6,09,14,6,0,0,0,0,1,0,0,1
"POINT (6.779177777000029 51.210417409000058)",Unfall 184858 (2024) Kat:3, Licht: 0,184858,3,3,5,09,14,6,0,0,1,1,0,0,0,0
"POINT (6.744247014000052 51.274502685000073)",Unfall 184859 (2024) Kat:3, Licht: 0,184859,3,3,5,09,09,6,0,0,0,1,0,0,0,1
"POINT (6.878094885000053 51.152959966000026)",Unfall 184896 (2024) Kat:3, Licht: 0,184896,3,2,4,09,11,1,0,0,0,1,0,0,0,0
"POINT (6.871793507000064 51.190529567000056)",Unfall 184927 (2024) Kat:3, Licht: 0,184927,3,1,9,09,09,5,1,0,0,1,0,0,0,0
"POINT (6.860516217000054 51.165471842000045)",Unfall 184928 (2024) Kat:3, Licht: 0,184928,3,3,5,09,18,5,0,0,0,1,0,0,0,1
"POINT (6.838048512000057 51.208905763000075)",Unfall 184929 (2024) Kat:3, Licht: 0,184929,3,2,5,09,12,5,1,0,1,0,0,0,0,1
"POINT (6.819503830000031 51.186345931000062)",Unfall 184930 (2024) Kat:3, Licht: 0,184930,3,7,5,09,09,5,1,0,0,1,0,0,0,1
"POINT (6.804135876000032 51.223447324000063)",Unfall 184931 (2024) Kat:3, Licht: 0,184931,3,3,0,09,17,5,1,0,1,1,0,0,0,0
"POINT (6.743147880000038 51.255022017000044)",Unfall 184932 (2024) Kat:3, Licht: 0,184932,3,2,4,09,15,5,0,0,0,1,0,0,0,0
"POINT (6.783623854000041 51.223252181000078)",Unfall 184933 (2024) Kat:3, Licht: 2,184933,3,1,0,09,22,5,1,2,1,0,0,0,0,0
"POINT (6.783248923000031 51.224589309000066)",Unfall 184934 (2024) Kat:3, Licht: 0,184934,3,3,5,09,15,5,0,0,0,1,0,0,0,1
"POINT (6.845124236000061 51.201995046000036)",Unfall 185020 (2024) Kat:3, Licht: 0,185020,3,1,5,09,16,4,1,0,1,0,0,0,0,1
"POINT (6.844164685000067 51.188586579000059)",Unfall 185085 (2024) Kat:3, Licht: 2,185085,3,3,3,09,06,3,1,2,0,1,0,1,0,0