WKT,Name,OBJECTID,UKATEGORIE,UTYP1,UART,UMONAT,USTUNDE,UWOCHENTAG,STRZUSTAND,ULICHTVERH,ISTRAD,ISTPKW,ISTFUSS,ISTKRAD,ISTGKFZ,ISTSONSTIG
"POINT (6.784598189000064 51.242439499000056)",Unfall 185086 (2024) Kat:3, Licht: 2,185086,3,4,5,09,19,3,0,2,0,1,1,0,0,0
"POINT (6.784572466000043 51.235115997000037)",Unfall 185087 (2024) Kat:3, Licht: 0,185087,3,1,1,09,11,3,0,0,0,1,0,0,0,0
"POINT (6.849140816000045 51.220799865000060)",Unfall 185088 (2024) Kat:3, Licht: 0,185088,3,6,3,09,11,3,1,0,1,0,0,0,0,0
"POINT (6.780696913000043 51.210744730000044)",Unfall 185139 (2024) Kat:3, Licht: 0,185139,3,1,0,09,14,3,0,0,1,0,0,0,0,0
"POINT (6.748500089000061 51.213092652000057)",Unfall 185222 (2024) Kat:3, Licht: 0,185222,3,1,8,09,17,1,0,0,0,0,0,1,0,0
"POINT (6.787039374000074 51.232399982000061)",Unfall 185223 (2024) Kat:3, Licht: 0,185223,3,2,3,09,18,1,0,0,1,1,0,0,0,0
"POINT (6.721968281000045 51.243191353000043)",Unfall 185296 (2024) Kat:3, Licht: 2,185296,3,2,5,09,23,5,1,2,1,1,0,0,0,0
"POINT (6.813806511000053 51.194172908000041)",Unfall 185304 (2024) Kat:2, Licht: 0,185304,2,4,6,09,10,7,0,0,0,0,1,0,0,1
"POINT (6.809611940000025 51.220561523000072)",Unfall 185305 (2024) Kat:2, Licht: 2,185305,2,4,6,09,20,7,0,2,0,1,1,0,0,0
"POINT (6.734438124000064 51.257548795000048)",Unfall 185306 (2024) Kat:3, Licht: 0,185306,3,4,6,09,16,7,0,0,1,0,1,0,0,0
"POINT (6.749948172000074 51.271595870000056)",Unfall 185307 (2024) Kat:2, Licht: 0,185307,2,3,5,09,18,7,0,0,0,1,0,0,0,0
"POINT (6.860858685000039 51.238623105000045)",Unfall 185308 (2024) Kat:2, Licht: 0,185308,2,2,5,09,13,7,0,0,1,1,0,0,0,0
"POINT (6.815243551000037 51.191783230000055)",Unfall 185381 (2024) Kat:2, Licht: 2,185381,2,7,0,09,19,6,0,2,0,0,1,0,0,1
"POINT (6.835582231000046 51.173184157000037)",Unfall 185382 (2024) Kat:2, Licht: 0,185382,2,3,5,09,18,6,0,0,1,1,0,0,0,0
"POINT (6.790624800000046 51.201331174000074)",Unfall 185383 (2024) Kat:3, Licht: 0,185383,3,1,0,09,17,6,0,0,1,0,0,0,0,0
"POINT (6.800954235000063 51.226078821000044)",Unfall 185384 (2024) Kat:3, Licht: 0,185384,3,5,0,09,16,6,0,0,1,1,0,0,0,0
"POINT (6.803986454000039 51.234479176000036)",Unfall 185385 (2024) Kat:2, Licht: 2,185385,2,1,0,09,03,6,0,2,0,0,0,0,0,1
"POINT (6.797657959000048 51.215643772000078)",Unfall 185386 (2024) Kat:3, Licht: 0,185386,3,7,3,09,09,6,0,0,0,1,0,1,0,0
"POINT (6.760608148000074 51.216631604000042)",Unfall 185486 (2024) Kat:3, Licht: 0,185486,3,7,0,09,08,5,0,0,1,1,0,0,0,0
"POINT (6.772616286000073 51.210711815000082)",Unfall 185487 (2024) Kat:3, Licht: 0,185487,3,6,2,09,07,5,0,0,0,1,0,0,0,0
"POINT (6.800137657000050 51.240861773000063)",Unfall 185488 (2024) Kat:3, Licht: 0,185488,3,7,0,09,16,5,0,0,1,0,0,0,0,0
"POINT (6.778933426000037 51.244355623000047)",Unfall 185489 (2024) Kat:3, Licht: 0,185489,3,5,2,09,08,5,0,0,0,1,0,0,0,0
"POINT (6.740484443000071 51.296683567000059)",Unfall 185490 (2024) Kat:3, Licht: 0,185490,3,2,6,09,08,5,0,0,0,1,1,0,0,0
"POINT (6.721402515000023 51.240713695000068)",Unfall 185491 (2024) Kat:3, Licht: 2,185491,3,2,4,09,22,5,0,2,1,1,0,0,0,0
"POINT (6.776990756000032 51.221554195000067)",Unfall 185492 (2024) Kat:2, Licht: 0,185492,2,6,3,09,13,5,0,0,1,1,1,0,0,0
"POINT (6.840031288000034 51.171213062000049)",Unfall 185560 (2024) Kat:3, Licht: 0,185560,3,2,4,09,08,4,0,0,0,1,0,1,0,0
"POINT (6.704990462000069 51.230070153000042)",Unfall 185561 (2024) Kat:3, Licht: 0,185561,3,6,3,09,17,4,0,0,0,1,0,0,0,1
"POINT (6.778216521000047 51.204219868000052)",Unfall 185567 (2024) Kat:3, Licht: 0,185567,3,4,6,09,11,4,1,0,0,1,1,0,0,0
"POINT (6.769312747000072 51.215568204000078)",Unfall 185627 (2024) Kat:2, Licht: 0,185627,2,5,3,09,16,3,0,0,1,1,0,0,0,0
"POINT (6.880358612000066 51.191761394000082)",Unfall 185697 (2024) Kat:2, Licht: 0,185697,2,7,8,09,13,2,0,0,0,1,0,0,0,0
"POINT (6.826978935000056 51.179871919000050)",Unfall 185698 (2024) Kat:3, Licht: 0,185698,3,1,7,09,09,2,0,0,0,0,0,0,0,1
"POINT (6.860797790000049 51.234482058000026)",Unfall 185699 (2024) Kat:3, Licht: 1,185699,3,7,0,09,20,2,0,1,0,0,0,0,0,1
"POINT (6.859345525000037 51.236690714000076)",Unfall 185700 (2024) Kat:2, Licht: 0,185700,2,2,6,09,11,2,0,0,0,1,1,0,0,0
"POINT (6.808103959000050 51.211050744000033)",Unfall 185701 (2024) Kat:3, Licht: 0,185701,3,2,6,09,11,2,0,0,0,0,1,0,0,1
"POINT (6.774057692000042 51.219171409000069)",Unfall 185702 (2024) Kat:3, Licht: 0,185702,3,3,5,09,09,2,0,0,0,1,0,0,0,1
"POINT (6.767015863000040 51.242585311000028)",Unfall 185749 (2024) Kat:3, Licht: 0,185749,3,6,0,09,17,1,0,0,1,0,1,0,0,0
"POINT (6.783884460000024 51.234196803000032)",Unfall 185750 (2024) Kat:3, Licht: 0,185750,3,7,3,09,10,1,0,0,0,1,0,1,0,0
"POINT (6.834791350000046 51.274552228000061)",Unfall 185751 (2024) Kat:3, Licht: 2,185751,3,2,3,09,04,1,0,2,0,1,0,0,0,1
"POINT (6.795010141000034 51.229274966000048)",Unfall 185752 (2024) Kat:3, Licht: 0,185752,3,6,3,09,18,1,0,0,0,1,0,0,0,0
"POINT (6.723111191000044 51.239999690000047)",Unfall 185755 (2024) Kat:3, Licht: 0,185755,3,1,0,09,15,2,0,0,1,0,0,0,0,0
"POINT (6.807296750000035 51.212050033000025)",Unfall 185797 (2024) Kat:3, Licht: 0,185797,3,7,6,10,18,5,0,0,1,0,1,0,0,0
"POINT (6.754716452000025 51.228457844000047)",Unfall 185798 (2024) Kat:2, Licht: 0,185798,2,3,5,10,08,5,0,0,1,1,0,0,0,0
"POINT (6.753578110000035 51.237641388000043)",Unfall 185799 (2024) Kat:2, Licht: 2,185799,2,5,1,10,01,5,0,2,0,1,0,0,0,1
"POINT (6.813850279000064 51.230898743000068)",Unfall 185832 (2024) Kat:2, Licht: 0,185832,2,3,0,10,08,4,0,0,0,1,0,1,0,0
"POINT (6.784754088000057 51.227003741000033)",Unfall 185878 (2024) Kat:3, Licht: 0,185878,3,6,4,10,16,3,0,0,1,0,0,0,0,1
"POINT (6.818829094000023 51.187392783000064)",Unfall 185920 (2024) Kat:3, Licht: 0,185920,3,1,0,10,18,2,0,0,0,0,0,1,0,0
"POINT (6.837627515000065 51.201357307000080)",Unfall 185921 (2024) Kat:3, Licht: 0,185921,3,2,3,10,10,2,0,0,0,1,0,0,0,1
"POINT (6.874168817000054 51.162127774000055)",Unfall 185951 (2024) Kat:3, Licht: 0,185951,3,1,0,10,15,1,0,0,0,0,0,1,0,0
"POINT (6.736301945000037 51.198006633000034)",Unfall 185992 (2024) Kat:3, Licht: 0,185992,3,1,0,10,14,7,0,0,1,0,0,0,0,0
"POINT (6.777956142000050 51.198165505000077)",Unfall 185993 (2024) Kat:3, Licht: 0,185993,3,7,0,10,08,7,0,0,0,0,1,0,0,1
"POINT (6.792386423000039 51.243212835000065)",Unfall 185994 (2024) Kat:3, Licht: 0,185994,3,2,5,10,14,7,0,0,0,1,0,0,0,0
"POINT (6.759546358000023 51.297828234000065)",Unfall 185995 (2024) Kat:2, Licht: 2,185995,2,5,1,10,02,7,0,2,1,1,0,0,0,0
"POINT (6.788812705000055 51.221876174000045)",Unfall 185996 (2024) Kat:3, Licht: 2,185996,3,3,5,10,22,7,1,2,0,1,0,0,0,0
"POINT (6.801725559000033 51.225907751000079)",Unfall 186065 (2024) Kat:3, Licht: 2,186065,3,3,5,10,19,6,0,2,0,1,0,1,0,0
"POINT (6.786667853000040 51.251299871000072)",Unfall 186066 (2024) Kat:3, Licht: 0,186066,3,6,2,10,14,6,0,0,0,1,0,0,0,0
"POINT (6.822458988000051 51.263951502000054)",Unfall 186067 (2024) Kat:3, Licht: 0,186067,3,3,5,10,15,6,0,0,0,1,0,0,0,1
"POINT (6.822732622000046 51.181255919000080)",Unfall 186127 (2024) Kat:3, Licht: 0,186127,3,6,1,10,13,5,0,0,0,1,0,1,0,0
"POINT (6.813628659000074 51.228306012000075)",Unfall 186128 (2024) Kat:3, Licht: 0,186128,3,1,1,10,18,5,1,0,0,1,0,1,0,0
"POINT (6.808364888000028 51.260920938000027)",Unfall 186129 (2024) Kat:3, Licht: 0,186129,3,3,0,10,10,5,1,0,0,1,0,0,0,1
"POINT (6.794845914000064 51.222533217000034)",Unfall 186130 (2024) Kat:3, Licht: 2,186130,3,3,5,10,19,5,0,2,0,0,0,0,0,1
"POINT (6.776756963000025 51.210772648000045)",Unfall 186191 (2024) Kat:3, Licht: 0,186191,3,3,5,10,16,4,1,0,0,1,0,0,0,0
"POINT (6.740618815000062 51.323050642000055)",Unfall 186192 (2024) Kat:3, Licht: 0,186192,3,5,3,10,08,4,1,0,1,1,0,0,0,0
"POINT (6.738319490000038 51.244333316000052)",Unfall 186193 (2024) Kat:3, Licht: 0,186193,3,7,6,10,08,4,0,0,0,0,1,0,0,1
"POINT (6.894725813000036 51.203873062000071)",Unfall 186273 (2024) Kat:3, Licht: 0,186273,3,4,6,10,09,6,0,0,0,1,1,0,0,0
"POINT (6.769079498000053 51.206590279000068)",Unfall 186284 (2024) Kat:3, Licht: 0,186284,3,3,5,10,08,3,1,0,1,0,0,0,0,0
"POINT (6.900727503000041 51.147139170000059)",Unfall 186285 (2024) Kat:3, Licht: 0,186285,3,1,0,10,07,3,0,0,0,0,0,0,0,1
"POINT (6.751671223000073 51.265698078000071)",Unfall 186286 (2024) Kat:3, Licht: 0,186286,3,3,0,10,16,3,0,0,1,1,0,0,0,0
"POINT (6.824951633000069 51.266380765000065)",Unfall 186287 (2024) Kat:3, Licht: 0,186287,3,4,6,10,16,3,0,0,1,0,1,0,0,0
"POINT (6.830284341000038 51.230263151000031)",Unfall 186288 (2024) Kat:2, Licht: 0,186288,2,3,5,10,14,3,0,0,1,0,0,0,0,1
"POINT (6.855747213000029 51.234706670000037)",Unfall 186289 (2024) Kat:3, Licht: 0,186289,3,5,2,10,12,3,1,0,0,1,0,1,0,0
"POINT (6.858619278000049 51.178976522000028)",Unfall 186361 (2024) Kat:3, Licht: 2,186361,3,7,6,10,23,2,0,2,0,0,1,0,0,1
"POINT (6.872743881000076 51.167892007000034)",Unfall 186363 (2024) Kat:2, Licht: 0,186363,2,7,0,10,16,2,0,0,0,0,0,0,0,1
"POINT (6.785688830000026 51.217849121000029)",Unfall 186365 (2024) Kat:3, Licht: 0,186365,3,4,6,10,10,2,0,0,0,1,1,0,0,0
"POINT (6.765902399000026 51.217349450000029)",Unfall 186366 (2024) Kat:3, Licht: 0,186366,3,7,4,10,08,2,0,0,0,0,0,1,0,1
"POINT (6.785205260000055 51.198318458000074)",Unfall 186367 (2024) Kat:3, Licht: 1,186367,3,6,2,10,07,2,0,1,0,1,0,0,0,0
"POINT (6.776717243000064 51.212429723000071)",Unfall 186368 (2024) Kat:3, Licht: 1,186368,3,2,4,10,07,2,0,1,1,1,0,0,0,0
"POINT (6.761087491000069 51.252579266000055)",Unfall 186369 (2024) Kat:3, Licht: 0,186369,3,7,0,10,17,2,0,0,1,0,0,0,0,0
"POINT (6.787958284000069 51.219527434000042)",Unfall 186370 (2024) Kat:3, Licht: 0,186370,3,7,0,10,10,2,0,0,0,1,0,0,0,0
"POINT (6.767925488000060 51.246726035000052)",Unfall 186418 (2024) Kat:3, Licht: 0,186418,3,6,2,10,15,1,0,0,0,1,0,1,0,0
"POINT (6.812891308000076 51.196179565000079)",Unfall 186471 (2024) Kat:3, Licht: 1,186471,3,7,0,10,19,7,0,1,1,1,0,0,0,0
"POINT (6.775239579000072 51.210707334000062)",Unfall 186472 (2024) Kat:2, Licht: 2,186472,2,2,5,10,20,7,0,2,0,1,0,1,0,0
"POINT (6.814686124000048 51.208129923000058)",Unfall 186473 (2024) Kat:3, Licht: 0,186473,3,6,4,10,17,7,0,0,1,0,0,0,0,1
"POINT (6.874220523000076 51.164711162000060)",Unfall 186474 (2024) Kat:3, Licht: 0,186474,3,1,0,10,17,7,0,0,1,0,0,0,0,0
"POINT (6.875637573000063 51.162109244000078)",Unfall 186475 (2024) Kat:2, Licht: 0,186475,2,3,0,10,12,7,0,0,0,1,0,0,0,1
"POINT (6.851269283000022 51.188080746000026)",Unfall 186476 (2024) Kat:3, Licht: 0,186476,3,3,5,10,10,7,0,0,0,1,0,0,0,0
"POINT (6.770172646000049 51.323713664000081)",Unfall 186477 (2024) Kat:3, Licht: 0,186477,3,3,5,10,12,7,0,0,1,0,0,0,0,0
"POINT (6.793791290000058 51.221674484000062)",Unfall 186478 (2024) Kat:2, Licht: 0,186478,2,1,0,10,14,7,0,0,1,0,0,0,0,0
"POINT (6.789625586000057 51.236917706000042)",Unfall 186563 (2024) Kat:3, Licht: 0,186563,3,1,1,10,16,5,0,0,0,1,0,1,0,0
"POINT (6.792178622000051 51.220821102000059)",Unfall 186564 (2024) Kat:3, Licht: 2,186564,3,4,6,10,01,5,0,2,0,0,1,0,0,1
"POINT (6.765573010000026 51.219415294000044)",Unfall 186608 (2024) Kat:3, Licht: 0,186608,3,6,2,10,16,4,1,0,0,1,0,0,0,0
"POINT (6.824123760000020 51.194431149000081)",Unfall 186609 (2024) Kat:3, Licht: 0,186609,3,3,0,10,16,4,1,0,0,1,0,1,0,0
"POINT (6.815984303000050 51.197408050000035)",Unfall 186610 (2024) Kat:3, Licht: 0,186610,3,3,0,10,12,4,1,0,1,1,0,0,1,0
"POINT (6.783078869000065 51.203046221000079)",Unfall 186612 (2024) Kat:3, Licht: 0,186612,3,1,0,10,13,4,1,0,0,0,0,1,0,0
"POINT (6.812196638000046 51.242324497000027)",Unfall 186613 (2024) Kat:3, Licht: 0,186613,3,4,6,10,16,4,1,0,0,1,1,0,0,0
"POINT (6.881430206000061 51.170523613000057)",Unfall 186687 (2024) Kat:2, Licht: 0,186687,2,3,5,10,18,3,0,0,1,1,0,0,0,0
"POINT (6.801256609000063 51.223000052000032)",Unfall 186688 (2024) Kat:3, Licht: 2,186688,3,5,3,10,20,3,0,2,0,1,0,0,0,1
"POINT (6.801342676000047 51.227523810000037)",Unfall 186689 (2024) Kat:2, Licht: 0,186689,2,6,4,10,08,3,1,0,1,1,0,0,0,0
"POINT (6.812722863000033 51.263460622000082)",Unfall 186701 (2024) Kat:3, Licht: 0,186701,3,6,2,10,08,4,0,0,0,1,0,1,0,0
"POINT (6.759814618000064 51.224779607000073)",Unfall 186784 (2024) Kat:3, Licht: 2,186784,3,6,1,09,21,2,1,2,0,1,0,0,0,1
"POINT (6.770514069000058 51.218146721000039)",Unfall 186785 (2024) Kat:3, Licht: 0,186785,3,6,3,09,09,2,0,0,0,1,0,0,0,0
"POINT (6.779339599000025 51.224342173000082)",Unfall 186786 (2024) Kat:3, Licht: 2,186786,3,1,0,09,09,2,1,2,1,0,0,0,0,0
"POINT (6.801835914000037 51.216715582000063)",Unfall 186787 (2024) Kat:3, Licht: 0,186787,3,3,1,09,08,2,0,0,0,1,0,0,0,1
"POINT (6.893654942000069 51.202540929000065)",Unfall 186841 (2024) Kat:3, Licht: 2,186841,3,1,8,11,20,3,0,2,0,1,0,0,0,0
"POINT (6.813008600000046 51.262645592000069)",Unfall 186842 (2024) Kat:3, Licht: 0,186842,3,2,5,11,13,3,0,0,1,1,0,0,0,1
"POINT (6.737257068000076 51.301333837000072)",Unfall 186843 (2024) Kat:3, Licht: 0,186843,3,2,6,11,12,3,0,0,0,1,1,0,0,0
"POINT (6.809478725000076 51.211665133000054)",Unfall 186844 (2024) Kat:3, Licht: 0,186844,3,6,2,11,16,3,0,0,0,1,0,0,0,0
"POINT (6.860631001000058 51.185766697000076)",Unfall 186905 (2024) Kat:3, Licht: 1,186905,3,7,6,11,17,2,0,1,0,1,1,0,0,0
"POINT (6.835559883000030 51.215207535000047)",Unfall 186906 (2024) Kat:3, Licht: 0,186906,3,7,0,11,14,2,0,0,0,1,0,1,0,0
"POINT (6.742828132000056 51.299006965000046)",Unfall 186907 (2024) Kat:3, Licht: 2,186907,3,2,0,11,19,2,0,2,0,1,1,0,0,0
"POINT (6.786996107000050 51.222582377000037)",Unfall 186908 (2024) Kat:3, Licht: 0,186908,3,7,8,11,12,2,0,0,0,0,0,0,0,1
"POINT (6.831603900000061 51.206886320000081)",Unfall 186990 (2024) Kat:3, Licht: 1,186990,3,7,2,11,16,7,0,1,0,1,0,0,0,0
"POINT (6.735223148000046 51.296530986000050)",Unfall 186991 (2024) Kat:2, Licht: 0,186991,2,6,4,11,16,7,0,0,1,0,0,0,0,0
"POINT (6.819424593000065 51.186326397000073)",Unfall 187020 (2024) Kat:3, Licht: 0,187020,3,7,5,11,08,6,0,0,0,1,0,0,0,1
"POINT (6.766990124000074 51.245695848000082)",Unfall 187021 (2024) Kat:3, Licht: 0,187021,3,5,8,11,08,6,0,0,0,1,0,0,0,1
"POINT (6.823609981000061 51.203525778000028)",Unfall 187074 (2024) Kat:3, Licht: 2,187074,3,5,1,10,22,5,0,2,0,1,0,0,0,1
"POINT (6.712658004000048 51.231650778000073)",Unfall 187075 (2024) Kat:3, Licht: 0,187075,3,3,5,10,09,5,0,0,0,1,0,0,0,1
"POINT (6.847747635000076 51.213928805000080)",Unfall 187204 (2024) Kat:3, Licht: 2,187204,3,2,6,10,17,3,1,2,0,1,1,0,0,0
"POINT (6.858583533000058 51.236015000000066)",Unfall 187205 (2024) Kat:3, Licht: 0,187205,3,2,5,10,10,3,1,0,1,1,0,0,0,0
"POINT (6.765989353000066 51.213868466000065)",Unfall 187206 (2024) Kat:3, Licht: 0,187206,3,2,5,10,09,3,1,0,1,0,0,0,1,0
"POINT (6.865207360000056 51.227804723000077)",Unfall 187207 (2024) Kat:3, Licht: 2,187207,3,4,6,10,20,3,1,2,1,0,1,0,0,0
"POINT (6.800336401000038 51.214876546000028)",Unfall 187208 (2024) Kat:3, Licht: 0,187208,3,6,1,10,13,3,1,0,0,0,0,1,0,1
"POINT (6.735183898000059 51.207214115000056)",Unfall 187211 (2024) Kat:3, Licht: 2,187211,3,7,0,10,19,5,0,2,0,1,0,0,0,1
"POINT (6.895042238000030 51.141010123000058)",Unfall 187289 (2024) Kat:3, Licht: 0,187289,3,1,0,10,08,2,0,0,0,0,0,0,0,1
"POINT (6.750244385000030 51.271042964000060)",Unfall 187290 (2024) Kat:3, Licht: 0,187290,3,6,2,10,13,2,0,0,0,1,0,0,1,0
"POINT (6.753431035000062 51.265115949000062)",Unfall 187291 (2024) Kat:3, Licht: 0,187291,3,3,5,10,13,2,0,0,1,1,0,0,0,0
"POINT (6.754588576000060 51.236234737000075)",Unfall 187292 (2024) Kat:3, Licht: 0,187292,3,5,1,10,16,2,0,0,1,1,0,0,0,0
"POINT (6.767772704000038 51.207024428000068)",Unfall 187317 (2024) Kat:3, Licht: 2,187317,3,6,6,10,21,1,1,2,0,0,1,0,0,1
"POINT (6.782660518000057 51.226345928000057)",Unfall 187318 (2024) Kat:3, Licht: 2,187318,3,3,5,10,00,1,0,2,0,0,0,0,0,1
"POINT (6.797203701000058 51.219801945000029)",Unfall 187360 (2024) Kat:3, Licht: 0,187360,3,7,6,10,08,7,0,0,0,1,1,0,0,0
"POINT (6.768442207000021 51.212971248000031)",Unfall 187409 (2024) Kat:3, Licht: 0,187409,3,5,2,10,17,6,0,0,1,1,0,0,0,0
"POINT (6.821252495000067 51.184017348000054)",Unfall 187410 (2024) Kat:3, Licht: 0,187410,3,4,6,10,07,6,0,0,0,1,1,0,0,0
"POINT (6.804830847000062 51.239213158000041)",Unfall 187411 (2024) Kat:3, Licht: 0,187411,3,3,5,10,11,6,1,0,0,1,0,1,0,0
"POINT (6.783688567000070 51.241461346000051)",Unfall 187412 (2024) Kat:2, Licht: 0,187412,2,4,6,10,08,6,0,0,1,0,1,0,0,0
"POINT (6.791496281000036 51.221862306000048)",Unfall 187413 (2024) Kat:3, Licht: 2,187413,3,6,2,10,20,6,0,2,0,1,0,0,0,1
"POINT (6.713243800000043 51.229972463000081)",Unfall 187414 (2024) Kat:3, Licht: 0,187414,3,3,5,10,16,6,0,0,0,1,0,1,0,0
"POINT (6.795203061000052 51.185960944000044)",Unfall 187468 (2024) Kat:3, Licht: 0,187468,3,1,0,10,14,5,0,0,1,0,0,0,0,1
"POINT (6.775309838000055 51.215653453000073)",Unfall 187469 (2024) Kat:3, Licht: 0,187469,3,3,5,10,13,5,0,0,0,1,0,0,0,1
"POINT (6.770612467000035 51.206221139000036)",Unfall 187470 (2024) Kat:3, Licht: 0,187470,3,5,1,10,11,5,0,0,0,1,0,1,0,0
"POINT (6.778450679000059 51.223019244000056)",Unfall 187531 (2024) Kat:3, Licht: 0,187531,3,7,4,10,12,4,0,0,0,1,0,0,0,0
"POINT (6.793438100000060 51.237840893000055)",Unfall 187562 (2024) Kat:3, Licht: 2,187562,3,6,4,11,22,7,0,2,1,1,0,0,0,0
"POINT (6.802335977000041 51.174129082000036)",Unfall 187592 (2024) Kat:3, Licht: 0,187592,3,5,1,10,13,3,0,0,1,1,0,0,0,0
"POINT (6.775487693000059 51.226328234000050)",Unfall 187593 (2024) Kat:3, Licht: 0,187593,3,7,0,10,10,3,0,0,1,0,0,0,0,0
"POINT (6.750981060000072 51.242828564000035)",Unfall 187594 (2024) Kat:2, Licht: 0,187594,2,7,0,10,16,3,0,0,1,0,0,0,0,0
"POINT (6.822685870000043 51.199442569000041)",Unfall 187648 (2024) Kat:2, Licht: 0,187648,2,7,0,10,16,2,1,0,1,0,0,0,0,0
"POINT (6.791697489000057 51.212686937000058)",Unfall 187684 (2024) Kat:3, Licht: 0,187684,3,7,2,10,14,1,0,0,1,1,0,0,0,0
"POINT (6.812657334000050 51.262505015000045)",Unfall 187726 (2024) Kat:3, Licht: 2,187726,3,1,0,10,01,7,1,2,1,0,0,0,0,0
"POINT (6.815349049000076 51.192207976000077)",Unfall 187784 (2024) Kat:2, Licht: 0,187784,2,3,5,10,12,6,0,0,1,0,0,0,0,0
"POINT (6.759909397000058 51.253065356000036)",Unfall 187785 (2024) Kat:2, Licht: 0,187785,2,2,4,10,12,6,0,0,0,1,0,1,0,0
"POINT (6.785745914000074 51.192553651000026)",Unfall 187817 (2024) Kat:3, Licht: 1,187817,3,7,8,10,18,6,0,1,0,1,0,0,0,0
"POINT (6.868733993000035 51.162446728000077)",Unfall 187887 (2024) Kat:3, Licht: 2,187887,3,2,6,11,22,7,0,2,0,1,1,0,0,0
"POINT (6.798969823000050 51.237702706000050)",Unfall 187888 (2024) Kat:3, Licht: 2,187888,3,6,3,11,21,7,1,2,0,1,0,0,0,1
"POINT (6.861214868000047 51.195092062000072)",Unfall 187941 (2024) Kat:3, Licht: 2,187941,3,6,4,11,17,6,1,2,0,1,0,0,0,0
"POINT (6.782670603000042 51.198425916000076)",Unfall 187942 (2024) Kat:3, Licht: 2,187942,3,1,2,11,05,6,2,2,0,0,0,1,0,1
"POINT (6.816719075000037 51.271509985000080)",Unfall 187943 (2024) Kat:3, Licht: 0,187943,3,1,2,11,10,6,0,0,0,1,0,0,0,0
"POINT (6.795009367000034 51.224082428000031)",Unfall 187994 (2024) Kat:2, Licht: 0,187994,2,7,6,11,12,1,0,0,0,0,1,0,0,1
"POINT (6.836445644000037 51.208786209000039)",Unfall 188006 (2024) Kat:3, Licht: 2,188006,3,3,5,11,19,5,0,2,0,1,0,0,0,0
"POINT (6.832018233000042 51.173793865000050)",Unfall 188007 (2024) Kat:3, Licht: 0,188007,3,2,6,11,10,5,1,0,0,1,1,0,0,0
"POINT (6.839933640000027 51.209562855000058)",Unfall 188008 (2024) Kat:3, Licht: 0,188008,3,3,5,11,09,5,2,0,1,1,0,0,0,0
"POINT (6.885210442000073 51.175231210000049)",Unfall 188060 (2024) Kat:3, Licht: 0,188060,3,7,0,11,08,4,1,0,1,0,1,0,0,0
"POINT (6.762534408000022 51.215749825000046)",Unfall 188126 (2024) Kat:3, Licht: 2,188126,3,6,2,11,17,3,1,2,0,1,0,0,0,0
"POINT (6.777763690000029 51.210040108000044)",Unfall 188127 (2024) Kat:3, Licht: 0,188127,3,1,0,11,08,3,1,0,1,0,0,0,0,0
"POINT (6.792524575000073 51.243294505000051)",Unfall 188128 (2024) Kat:3, Licht: 0,188128,3,2,5,11,16,3,0,0,0,1,0,0,0,0
"POINT (6.785605219000047 51.223919116000047)",Unfall 188129 (2024) Kat:3, Licht: 2,188129,3,3,5,11,20,3,1,2,0,1,0,0,0,0
"POINT (6.762984107000023 51.210819026000081)",Unfall 188189 (2024) Kat:3, Licht: 2,188189,3,1,0,11,19,2,0,2,1,0,0,0,0,0
"POINT (6.881409360000021 51.164187785000081)",Unfall 188190 (2024) Kat:3, Licht: 2,188190,3,1,0,11,19,2,0,2,1,0,0,0,0,0
"POINT (6.773093943000049 51.204405434000080)",Unfall 188191 (2024) Kat:3, Licht: 2,188191,3,1,0,11,17,2,0,2,1,0,0,0,0,0
"POINT (6.756495707000056 51.206976632000078)",Unfall 188192 (2024) Kat:3, Licht: 2,188192,3,6,1,11,17,2,0,2,0,1,0,0,0,0
"POINT (6.831269946000020 51.175726091000058)",Unfall 188193 (2024) Kat:2, Licht: 0,188193,2,7,0,11,15,2,0,0,0,1,1,0,0,0
"POINT (6.765334400000029 51.207333163000044)",Unfall 188194 (2024) Kat:3, Licht: 0,188194,3,3,5,11,13,2,0,0,1,1,0,0,0,0
"POINT (6.770720426000025 51.244334254000080)",Unfall 188195 (2024) Kat:3, Licht: 2,188195,3,7,0,11,06,2,1,2,0,1,0,0,0,0
"POINT (6.716278579000061 51.225026604000050)",Unfall 188196 (2024) Kat:3, Licht: 0,188196,3,6,4,11,13,2,0,0,0,1,0,0,0,1
"POINT (6.865884662000042 51.168928408000056)",Unfall 188257 (2024) Kat:3, Licht: 0,188257,3,5,1,11,15,7,0,0,1,1,0,0,0,0
"POINT (6.811980582000047 51.198387127000046)",Unfall 188258 (2024) Kat:3, Licht: 0,188258,3,7,8,11,13,7,0,0,0,1,0,0,0,0
"POINT (6.776126393000027 51.268007122000029)",Unfall 188259 (2024) Kat:3, Licht: 0,188259,3,5,1,11,13,7,0,0,0,1,0,0,0,1
"POINT (6.883666740000024 51.149952412000061)",Unfall 188306 (2024) Kat:3, Licht: 0,188306,3,3,5,11,12,6,0,0,1,1,0,0,0,0
"POINT (6.777076476000047 51.227512290000050)",Unfall 188307 (2024) Kat:3, Licht: 0,188307,3,7,0,11,09,6,1,0,0,0,0,0,0,1