WKT,Name,OBJECTID,UKATEGORIE,UTYP1,UART,UMONAT,USTUNDE,UWOCHENTAG,STRZUSTAND,ULICHTVERH,ISTRAD,ISTPKW,ISTFUSS,ISTKRAD,ISTGKFZ,ISTSONSTIG
"POINT (6.714722230000064 51.231148110000049)",Unfall 188374 (2024) Kat:2, Licht: 2,188374,2,1,8,11,06,7,2,2,0,1,0,1,0,0
"POINT (6.843869738000024 51.199683648000075)",Unfall 188380 (2024) Kat:3, Licht: 0,188380,3,3,0,11,14,5,0,0,0,1,0,0,0,1
"POINT (6.794638865000024 51.236166244000060)",Unfall 188381 (2024) Kat:3, Licht: 2,188381,3,5,3,11,19,5,0,2,1,1,0,0,0,0
"POINT (6.819869480000023 51.221502613000041)",Unfall 188382 (2024) Kat:3, Licht: 0,188382,3,3,5,11,08,5,1,0,1,1,0,0,0,0
"POINT (6.816047501000071 51.221810367000046)",Unfall 188383 (2024) Kat:3, Licht: 0,188383,3,4,6,11,08,5,1,0,0,1,1,0,0,0
"POINT (6.761232425000060 51.254328432000079)",Unfall 188384 (2024) Kat:3, Licht: 0,188384,3,3,5,11,07,5,1,0,1,1,0,0,0,0
"POINT (6.757195558000035 51.215406733000066)",Unfall 188435 (2024) Kat:3, Licht: 2,188435,3,7,2,11,18,4,1,2,1,1,0,0,0,0
"POINT (6.869612335000056 51.153078905000029)",Unfall 188436 (2024) Kat:3, Licht: 0,188436,3,4,0,11,07,4,0,0,0,0,1,0,0,1
"POINT (6.807783519000054 51.227013753000051)",Unfall 188437 (2024) Kat:3, Licht: 0,188437,3,3,5,11,13,4,0,0,0,1,0,0,0,1
"POINT (6.755163789000051 51.257139593000034)",Unfall 188438 (2024) Kat:3, Licht: 2,188438,3,1,9,11,00,4,0,2,0,0,0,0,0,1
"POINT (6.775179447000028 51.210931335000055)",Unfall 188507 (2024) Kat:3, Licht: 0,188507,3,6,2,11,15,3,0,0,0,1,0,0,0,0
"POINT (6.778269784000031 51.210649140000044)",Unfall 188571 (2024) Kat:3, Licht: 2,188571,3,6,2,11,23,2,1,2,0,1,0,0,0,0
"POINT (6.834671413000024 51.210973265000064)",Unfall 188572 (2024) Kat:3, Licht: 2,188572,3,2,5,11,18,2,1,2,0,0,0,1,0,1
"POINT (6.779112811000061 51.218783718000054)",Unfall 188573 (2024) Kat:3, Licht: 0,188573,3,1,0,11,08,2,1,0,0,0,0,0,0,1
"POINT (6.818879204000041 51.216496445000075)",Unfall 188623 (2024) Kat:3, Licht: 2,188623,3,1,8,11,19,1,0,2,0,1,0,0,0,0
"POINT (6.783801669000070 51.238346175000061)",Unfall 188624 (2024) Kat:3, Licht: 2,188624,3,1,0,11,19,1,1,2,1,0,0,0,0,0
"POINT (6.812108180000052 51.198346405000052)",Unfall 188662 (2024) Kat:3, Licht: 0,188662,3,2,5,11,13,7,0,0,1,1,0,0,0,0
"POINT (6.790159408000022 51.217546427000059)",Unfall 188663 (2024) Kat:3, Licht: 0,188663,3,4,6,11,12,7,0,0,0,0,1,0,0,1
"POINT (6.835053926000057 51.173505737000028)",Unfall 188700 (2024) Kat:3, Licht: 2,188700,3,2,5,11,23,6,0,2,0,1,0,0,0,1
"POINT (6.832823789000031 51.175240449000057)",Unfall 188701 (2024) Kat:3, Licht: 2,188701,3,1,9,11,21,6,0,2,0,1,1,0,0,0
"POINT (6.772797978000028 51.219148504000032)",Unfall 188702 (2024) Kat:3, Licht: 2,188702,3,6,2,11,19,6,0,2,0,1,0,0,0,0
"POINT (6.848988261000045 51.218352997000068)",Unfall 188704 (2024) Kat:3, Licht: 0,188704,3,4,6,11,16,6,0,0,0,0,1,0,0,1
"POINT (6.812192792000076 51.197495892000063)",Unfall 188705 (2024) Kat:3, Licht: 0,188705,3,6,3,11,11,6,0,0,0,1,0,1,0,0
"POINT (6.781899840000051 51.241103969000051)",Unfall 188706 (2024) Kat:3, Licht: 0,188706,3,7,0,11,08,6,0,0,1,0,0,0,0,0
"POINT (6.805698132000032 51.215551167000058)",Unfall 188707 (2024) Kat:3, Licht: 0,188707,3,6,4,11,13,6,0,0,0,0,0,1,0,1
"POINT (6.755549321000046 51.214324583000064)",Unfall 188737 (2024) Kat:3, Licht: 0,188737,3,5,1,11,08,5,1,0,1,1,0,0,0,0
"POINT (6.895728020000035 51.142902234000076)",Unfall 188784 (2024) Kat:3, Licht: 0,188784,3,7,6,11,11,5,0,0,0,0,1,0,0,1
"POINT (6.721898099000043 51.242809316000034)",Unfall 188842 (2024) Kat:3, Licht: 0,188842,3,2,5,11,16,4,0,0,1,1,0,0,0,0
"POINT (6.805888178000032 51.213591954000037)",Unfall 188843 (2024) Kat:3, Licht: 0,188843,3,4,6,11,14,4,0,0,0,1,1,0,0,0
"POINT (6.781198110000048 51.224785481000026)",Unfall 188844 (2024) Kat:3, Licht: 0,188844,3,1,0,11,07,4,1,0,0,0,0,1,0,0
"POINT (6.792718091000040 51.281169080000041)",Unfall 188904 (2024) Kat:2, Licht: 0,188904,2,1,8,12,15,7,0,0,0,1,0,0,0,0
"POINT (6.791890777000049 51.220693356000027)",Unfall 188905 (2024) Kat:3, Licht: 0,188905,3,2,6,12,15,7,0,0,0,0,1,0,0,1
"POINT (6.758012965000034 51.229787848000058)",Unfall 188906 (2024) Kat:3, Licht: 2,188906,3,7,6,12,17,7,0,2,0,1,1,0,0,0
"POINT (6.822509772000046 51.214237871000080)",Unfall 188942 (2024) Kat:3, Licht: 0,188942,3,4,6,12,13,6,0,0,0,1,1,0,0,0
"POINT (6.803707087000021 51.210401944000068)",Unfall 188943 (2024) Kat:3, Licht: 2,188943,3,3,0,12,22,6,0,2,1,1,0,0,0,0
"POINT (6.775574895000034 51.223167141000033)",Unfall 188944 (2024) Kat:3, Licht: 2,188944,3,7,5,12,17,6,0,2,1,1,0,0,0,0
"POINT (6.811668854000061 51.198337568000056)",Unfall 188983 (2024) Kat:2, Licht: 1,188983,2,1,8,12,16,5,0,1,0,1,1,0,0,0
"POINT (6.812180228000045 51.216207613000051)",Unfall 188984 (2024) Kat:3, Licht: 0,188984,3,3,5,12,11,5,0,0,0,1,0,0,0,1
"POINT (6.813680730000044 51.216316883000047)",Unfall 188985 (2024) Kat:3, Licht: 0,188985,3,3,5,12,15,5,0,0,0,1,0,0,0,0
"POINT (6.779789080000057 51.205747161000033)",Unfall 189034 (2024) Kat:2, Licht: 1,189034,2,2,4,12,16,4,0,1,1,0,0,0,0,1
"POINT (6.811669143000074 51.198321111000041)",Unfall 189035 (2024) Kat:3, Licht: 0,189035,3,7,0,12,15,4,0,0,0,0,0,1,0,0
"POINT (6.776849223000056 51.217115102000037)",Unfall 189036 (2024) Kat:3, Licht: 0,189036,3,7,6,12,11,4,0,0,0,1,1,0,0,0
"POINT (6.769561825000039 51.224017464000042)",Unfall 189037 (2024) Kat:3, Licht: 2,189037,3,1,0,12,22,4,0,2,1,0,0,0,0,0
"POINT (6.776756334000027 51.226481611000054)",Unfall 189038 (2024) Kat:3, Licht: 2,189038,3,7,6,12,23,4,0,2,0,1,1,0,0,0
"POINT (6.776755290000040 51.213693247000037)",Unfall 189084 (2024) Kat:3, Licht: 2,189084,3,6,2,12,18,3,0,2,0,1,0,0,0,0
"POINT (6.812186497000027 51.264933073000066)",Unfall 189085 (2024) Kat:3, Licht: 2,189085,3,7,7,12,07,3,1,2,1,0,0,0,0,0
"POINT (6.836074719000067 51.208756764000043)",Unfall 189135 (2024) Kat:3, Licht: 0,189135,3,7,0,12,10,5,0,0,0,0,0,0,0,1
"POINT (6.792574459000036 51.246199088000026)",Unfall 189138 (2024) Kat:3, Licht: 2,189138,3,1,0,12,17,4,0,2,0,0,0,0,0,1
"POINT (6.823310913000057 51.213628316000040)",Unfall 189155 (2024) Kat:3, Licht: 0,189155,3,7,0,12,14,2,0,0,0,0,1,0,0,1
"POINT (6.822160358000076 51.204121622000059)",Unfall 189156 (2024) Kat:3, Licht: 0,189156,3,3,5,12,13,2,1,0,0,1,0,0,0,0
"POINT (6.878132345000040 51.152986308000038)",Unfall 189157 (2024) Kat:3, Licht: 2,189157,3,2,5,12,08,2,1,2,0,1,0,1,0,0
"POINT (6.784803224000029 51.246046383000078)",Unfall 189158 (2024) Kat:3, Licht: 2,189158,3,7,1,12,17,2,0,2,1,1,0,0,0,0
"POINT (6.802142599000035 51.283159110000042)",Unfall 189159 (2024) Kat:3, Licht: 1,189159,3,2,0,12,08,2,1,1,0,1,1,0,0,0
"POINT (6.860572172000047 51.143057733000035)",Unfall 189185 (2024) Kat:3, Licht: 2,189185,3,1,9,12,20,1,1,2,0,1,0,0,0,0
"POINT (6.796597038000073 51.227006334000066)",Unfall 189186 (2024) Kat:2, Licht: 2,189186,2,2,6,12,19,1,0,2,0,1,1,0,0,0
"POINT (6.748504811000032 51.227106228000082)",Unfall 189205 (2024) Kat:3, Licht: 2,189205,3,6,2,12,16,2,0,2,0,1,0,0,0,0
"POINT (6.814474766000046 51.193057411000041)",Unfall 189216 (2024) Kat:3, Licht: 2,189216,3,2,5,12,21,7,1,2,0,1,0,0,0,0
"POINT (6.778496332000032 51.197655988000065)",Unfall 189217 (2024) Kat:3, Licht: 2,189217,3,3,5,12,07,7,1,2,0,1,0,0,0,1
"POINT (6.778963166000040 51.242221576000077)",Unfall 189218 (2024) Kat:3, Licht: 0,189218,3,3,5,12,13,7,0,0,1,1,0,0,0,0
"POINT (6.761206939000033 51.208618223000030)",Unfall 189330 (2024) Kat:2, Licht: 2,189330,2,6,2,12,21,5,1,2,1,1,0,0,0,0
"POINT (6.832551370000033 51.194995774000063)",Unfall 189331 (2024) Kat:3, Licht: 2,189331,3,3,5,12,19,5,1,2,1,1,0,0,0,0
"POINT (6.859474122000051 51.185938245000045)",Unfall 189332 (2024) Kat:2, Licht: 0,189332,2,4,6,12,15,5,1,0,0,1,1,0,0,0
"POINT (6.790369383000041 51.244570349000071)",Unfall 189333 (2024) Kat:3, Licht: 0,189333,3,7,0,12,18,5,0,0,1,1,1,0,0,0
"POINT (6.783695554000076 51.242055848000064)",Unfall 189334 (2024) Kat:3, Licht: 0,189334,3,7,0,12,14,5,1,0,0,1,0,0,0,1
"POINT (6.742846190000023 51.231985584000029)",Unfall 189335 (2024) Kat:3, Licht: 0,189335,3,7,6,12,13,5,1,0,0,0,1,0,1,0
"POINT (6.788851156000021 51.199007757000061)",Unfall 189394 (2024) Kat:3, Licht: 2,189394,3,4,6,12,07,4,0,2,0,1,1,0,0,0
"POINT (6.758830412000066 51.207393610000054)",Unfall 189395 (2024) Kat:2, Licht: 2,189395,2,1,0,12,17,4,1,2,1,0,0,0,0,0
"POINT (6.787762161000046 51.219096727000078)",Unfall 189396 (2024) Kat:3, Licht: 2,189396,3,1,0,12,17,4,0,2,0,0,0,1,0,0
"POINT (6.856881529000020 51.182305392000046)",Unfall 189444 (2024) Kat:3, Licht: 2,189444,3,2,6,12,06,3,1,2,0,1,1,0,0,0
"POINT (6.802083956000047 51.229850497000029)",Unfall 189445 (2024) Kat:3, Licht: 2,189445,3,5,1,12,17,3,0,2,0,1,0,1,0,0
"POINT (6.734222637000073 51.238249443000029)",Unfall 189446 (2024) Kat:3, Licht: 1,189446,3,6,2,12,16,3,0,1,0,1,0,0,0,0
"POINT (6.783842922000076 51.219741598000041)",Unfall 189447 (2024) Kat:3, Licht: 2,189447,3,6,3,12,16,3,0,2,1,1,0,0,0,0
"POINT (6.894569724000064 51.149050613000043)",Unfall 189521 (2024) Kat:3, Licht: 0,189521,3,6,1,12,16,2,1,0,0,1,0,0,0,0
"POINT (6.850565761000041 51.173502766000070)",Unfall 189522 (2024) Kat:3, Licht: 0,189522,3,3,5,12,13,2,1,0,1,1,0,0,0,0
"POINT (6.795964193000032 51.230160067000043)",Unfall 189523 (2024) Kat:3, Licht: 2,189523,3,6,2,12,07,2,0,2,0,1,0,0,0,0
"POINT (6.757748392000053 51.250848088000055)",Unfall 189524 (2024) Kat:3, Licht: 2,189524,3,3,5,12,06,2,0,2,0,1,0,0,0,0
"POINT (6.769903729000021 51.224188698000034)",Unfall 189525 (2024) Kat:3, Licht: 0,189525,3,1,0,12,06,2,0,0,1,0,0,0,0,0
"POINT (6.792678633000037 51.222694756000067)",Unfall 189526 (2024) Kat:3, Licht: 0,189526,3,2,5,12,07,2,1,0,1,1,0,0,0,0
"POINT (6.884441302000027 51.174446573000068)",Unfall 189561 (2024) Kat:2, Licht: 2,189561,2,2,4,12,19,1,1,2,0,1,0,0,0,1
"POINT (6.780222577000075 51.204902943000036)",Unfall 189594 (2024) Kat:3, Licht: 0,189594,3,5,3,12,14,6,1,0,1,1,0,0,0,1
"POINT (6.774448899000049 51.204408183000055)",Unfall 189602 (2024) Kat:3, Licht: 2,189602,3,2,6,11,19,7,0,2,0,1,1,0,0,0
"POINT (6.799355850000040 51.237968499000033)",Unfall 189603 (2024) Kat:3, Licht: 2,189603,3,6,3,11,19,7,0,2,0,1,0,0,0,0
"POINT (6.766341332000025 51.277311805000068)",Unfall 189604 (2024) Kat:3, Licht: 0,189604,3,4,6,11,09,7,0,0,0,1,1,0,0,0
"POINT (6.769384243000047 51.215649104000079)",Unfall 189673 (2024) Kat:3, Licht: 0,189673,3,3,5,11,15,6,0,0,1,0,0,0,0,1
"POINT (6.816755167000053 51.214003307000041)",Unfall 189679 (2024) Kat:3, Licht: 0,189679,3,2,6,12,13,2,1,0,0,1,1,0,0,0
"POINT (6.876838065000072 51.153665566000029)",Unfall 189737 (2024) Kat:3, Licht: 2,189737,3,4,6,11,17,5,0,2,0,1,1,0,0,0
"POINT (6.780379871000036 51.218916304000061)",Unfall 189738 (2024) Kat:2, Licht: 0,189738,2,7,5,11,10,5,0,0,0,1,0,0,0,1
"POINT (6.747015108000028 51.217738901000075)",Unfall 189811 (2024) Kat:3, Licht: 2,189811,3,7,5,11,18,4,1,2,0,1,0,0,0,0
"POINT (6.874137955000037 51.162103102000060)",Unfall 189812 (2024) Kat:3, Licht: 0,189812,3,6,2,11,08,4,1,0,0,1,0,0,0,0
"POINT (6.739749191000044 51.284031725000034)",Unfall 189813 (2024) Kat:3, Licht: 0,189813,3,7,9,11,13,4,1,0,1,0,0,0,0,0
"POINT (6.751847414000054 51.231937606000031)",Unfall 189814 (2024) Kat:3, Licht: 0,189814,3,3,5,11,12,4,0,0,1,1,0,0,0,0
"POINT (6.800874000000022 51.227785958000027)",Unfall 189885 (2024) Kat:3, Licht: 1,189885,3,6,1,11,07,3,1,1,1,1,0,0,0,0
"POINT (6.779175445000021 51.245922353000026)",Unfall 189890 (2024) Kat:3, Licht: 1,189890,3,4,6,12,07,2,1,1,0,0,1,0,0,1
"POINT (6.839910375000045 51.200934156000073)",Unfall 189922 (2024) Kat:3, Licht: 0,189922,3,7,6,12,13,2,1,0,0,1,1,0,0,0
"POINT (6.866638333000026 51.175305157000082)",Unfall 189951 (2024) Kat:3, Licht: 2,189951,3,3,5,11,16,2,1,2,0,1,0,0,0,0
"POINT (6.777456364000045 51.208041678000029)",Unfall 189952 (2024) Kat:2, Licht: 0,189952,2,7,9,11,10,2,0,0,0,1,0,0,0,0
"POINT (6.820796130000076 51.215424045000077)",Unfall 189953 (2024) Kat:3, Licht: 0,189953,3,7,7,11,09,2,0,0,1,0,0,0,0,0
"POINT (6.757999236000046 51.256535930000041)",Unfall 190346 (2024) Kat:2, Licht: 1,190346,2,1,0,12,09,1,2,1,1,0,0,0,0,0
"POINT (6.752732236000043 51.231439626000054)",Unfall 190347 (2024) Kat:3, Licht: 2,190347,3,7,5,12,02,1,0,2,0,1,0,0,0,1
"POINT (6.812284658000067 51.231394436000073)",Unfall 190371 (2024) Kat:3, Licht: 0,190371,3,7,0,12,11,7,0,0,1,0,0,0,0,0
"POINT (6.740051857000026 51.232980916000031)",Unfall 190372 (2024) Kat:3, Licht: 0,190372,3,3,5,12,15,7,0,0,1,1,0,0,0,0
"POINT (6.844320064000044 51.188360293000073)",Unfall 190419 (2024) Kat:3, Licht: 0,190419,3,2,3,12,11,6,0,0,0,1,0,0,0,0
"POINT (6.834020236000072 51.174288199000046)",Unfall 190420 (2024) Kat:3, Licht: 0,190420,3,6,2,12,10,6,0,0,0,1,0,0,0,0
"POINT (6.787871304000021 51.219179028000042)",Unfall 190421 (2024) Kat:2, Licht: 2,190421,2,2,6,12,20,6,0,2,0,1,1,0,0,0
"POINT (6.721810247000064 51.242371146000039)",Unfall 190422 (2024) Kat:3, Licht: 2,190422,3,3,5,12,17,6,0,2,0,1,0,0,0,1
"POINT (6.808644081000068 51.210583260000078)",Unfall 190463 (2024) Kat:3, Licht: 0,190463,3,6,2,12,15,4,0,0,0,1,0,0,0,0
"POINT (6.811943247000045 51.197372847000054)",Unfall 190490 (2024) Kat:3, Licht: 2,190490,3,7,7,12,18,3,1,2,0,0,0,0,0,1
"POINT (6.815283335000061 51.192419140000027)",Unfall 190516 (2024) Kat:3, Licht: 2,190516,3,3,5,12,17,2,1,2,0,1,0,0,0,1
"POINT (6.875637210000036 51.161963788000037)",Unfall 190518 (2024) Kat:2, Licht: 1,190518,2,2,6,12,07,2,1,1,0,1,1,0,0,0
"POINT (6.771214240000063 51.306491602000051)",Unfall 190519 (2024) Kat:3, Licht: 0,190519,3,2,0,12,15,2,1,0,0,1,0,0,0,0
"POINT (6.825689313000055 51.248526966000043)",Unfall 190546 (2024) Kat:2, Licht: 2,190546,2,6,2,12,21,1,1,2,0,1,0,0,0,0
"POINT (6.793600695000066 51.221197022000069)",Unfall 190548 (2024) Kat:3, Licht: 2,190548,3,7,0,12,19,1,0,2,0,1,1,0,0,0
"POINT (6.777006567000058 51.219099549000077)",Unfall 190560 (2024) Kat:3, Licht: 2,190560,3,3,5,12,22,1,1,2,0,1,0,0,0,0
"POINT (6.770215215000064 51.206344100000081)",Unfall 190586 (2024) Kat:3, Licht: 0,190586,3,7,6,12,08,7,0,0,0,0,1,0,0,1
"POINT (6.767565283000067 51.208030523000048)",Unfall 190587 (2024) Kat:2, Licht: 2,190587,2,2,6,12,19,7,1,2,0,1,1,0,0,0
"POINT (6.815274796000040 51.192446574000030)",Unfall 190588 (2024) Kat:3, Licht: 2,190588,3,2,5,12,01,7,1,2,0,1,0,0,0,0
"POINT (6.804472725000039 51.213637351000045)",Unfall 190589 (2024) Kat:3, Licht: 2,190589,3,2,4,12,19,7,1,2,0,1,0,0,0,0
"POINT (6.745117006000044 51.232403357000067)",Unfall 190590 (2024) Kat:3, Licht: 0,190590,3,4,6,12,12,7,0,0,0,1,1,0,0,0
"POINT (6.765625849000060 51.203739059000043)",Unfall 190650 (2024) Kat:3, Licht: 2,190650,3,3,5,12,19,6,0,2,1,1,0,0,0,0
"POINT (6.797194676000061 51.259074055000042)",Unfall 190651 (2024) Kat:3, Licht: 0,190651,3,3,5,12,12,6,0,0,0,1,0,0,0,0
"POINT (6.788184718000025 51.219048465000071)",Unfall 190727 (2024) Kat:3, Licht: 2,190727,3,1,0,12,18,5,0,2,0,0,0,0,0,1
"POINT (6.771976944000073 51.204449693000072)",Unfall 190792 (2024) Kat:3, Licht: 0,190792,3,5,1,12,15,4,0,0,1,1,0,0,0,0
"POINT (6.845016851000025 51.237271576000069)",Unfall 190793 (2024) Kat:3, Licht: 0,190793,3,7,0,12,14,4,0,0,0,1,1,0,0,0
"POINT (6.811259339000060 51.200569293000058)",Unfall 190850 (2024) Kat:3, Licht: 2,190850,3,6,2,12,17,3,0,2,0,1,0,0,0,0
"POINT (6.821829472000047 51.188198175000082)",Unfall 190851 (2024) Kat:3, Licht: 0,190851,3,5,1,12,09,3,0,0,1,1,0,0,0,0
"POINT (6.795216517000028 51.230726183000058)",Unfall 190852 (2024) Kat:3, Licht: 2,190852,3,5,1,12,17,3,0,2,0,1,0,0,0,1
"POINT (6.798374344000024 51.244356826000057)",Unfall 190853 (2024) Kat:3, Licht: 0,190853,3,3,5,12,14,3,0,0,1,1,0,0,0,0
"POINT (6.776654698000073 51.210878786000080)",Unfall 190921 (2024) Kat:3, Licht: 1,190921,3,6,3,12,07,2,1,1,1,0,0,0,1,0
"POINT (6.759684065000044 51.207524643000056)",Unfall 190922 (2024) Kat:3, Licht: 0,190922,3,7,0,12,07,2,1,0,0,0,0,0,0,1
"POINT (6.770200407000061 51.197607065000057)",Unfall 190923 (2024) Kat:3, Licht: 2,190923,3,7,6,12,17,2,1,2,0,1,1,0,0,0
"POINT (6.861271728000077 51.211646174000066)",Unfall 190924 (2024) Kat:3, Licht: 2,190924,3,7,6,12,16,2,1,2,1,0,1,0,0,0
"POINT (6.733997408000050 51.232497112000033)",Unfall 190925 (2024) Kat:3, Licht: 2,190925,3,1,9,12,01,1,1,2,0,1,0,0,0,0
"POINT (6.758272948000069 51.212164760000064)",Unfall 190926 (2024) Kat:3, Licht: 0,190926,3,7,0,12,13,2,1,0,0,0,0,0,0,1
"POINT (6.777059068000028 51.227018897000050)",Unfall 190927 (2024) Kat:3, Licht: 2,190927,3,6,2,12,23,2,1,2,0,1,0,0,0,0
"POINT (6.776924180000037 51.219049580000046)",Unfall 190929 (2024) Kat:3, Licht: 0,190929,3,3,5,12,15,2,1,0,0,1,0,0,0,0
"POINT (6.808167839000021 51.211065961000031)",Unfall 190966 (2024) Kat:3, Licht: 2,190966,3,1,9,12,16,1,1,2,0,1,0,0,0,0
"POINT (6.793587819000038 51.253062721000049)",Unfall 262952 (2024) Kat:3, Licht: 2,262952,3,3,0,02,21,3,0,2,1,1,0,0,0,0
"POINT (6.759740208000039 51.337354876000063)",Unfall 263000 (2024) Kat:3, Licht: 0,263000,3,6,4,03,15,6,0,0,1,1,0,0,0,0
"POINT (6.881742941000027 51.191117890000044)",Unfall 263014 (2024) Kat:3, Licht: 0,263014,3,7,0,03,15,5,1,0,1,0,0,0,0,0
"POINT (6.740715914000020 51.248155156000053)",Unfall 263027 (2024) Kat:2, Licht: 0,263027,2,7,0,03,18,4,0,0,1,0,0,0,0,1
"POINT (6.877834625000048 51.160664156000053)",Unfall 263040 (2024) Kat:3, Licht: 0,263040,3,7,0,03,13,3,0,0,1,0,0,0,0,0
"POINT (6.713171172000045 51.275006953000059)",Unfall 263055 (2024) Kat:3, Licht: 0,263055,3,6,3,03,16,1,0,0,1,0,0,0,0,0
"POINT (6.759310917000050 51.249899612000036)",Unfall 263076 (2024) Kat:3, Licht: 0,263076,3,1,4,04,12,1,0,0,1,0,0,0,0,0
"POINT (6.804490985000029 51.165780219000055)",Unfall 263086 (2024) Kat:2, Licht: 0,263086,2,6,4,04,11,4,0,0,1,0,0,0,0,1
"POINT (6.739859728000056 51.346231515000056)",Unfall 263148 (2024) Kat:3, Licht: 0,263148,3,7,0,04,13,2,0,0,1,0,0,0,0,0
"POINT (6.852680882000072 51.229334570000049)",Unfall 263154 (2024) Kat:3, Licht: 0,263154,3,6,0,04,11,3,0,0,1,0,0,0,0,0
"POINT (6.743624124000064 51.305486326000050)",Unfall 263155 (2024) Kat:2, Licht: 1,263155,2,1,0,04,20,3,0,1,1,0,0,0,0,0
"POINT (6.893710913000064 51.145257397000080)",Unfall 263188 (2024) Kat:3, Licht: 0,263188,3,7,6,05,18,5,1,0,1,0,1,0,0,0
"POINT (6.882966034000049 51.192894003000049)",Unfall 263197 (2024) Kat:3, Licht: 0,263197,3,6,6,05,09,2,0,0,1,0,1,0,0,0
"POINT (6.795732464000025 51.205340269000033)",Unfall 263270 (2024) Kat:3, Licht: 0,263270,3,7,1,05,07,6,1,0,1,1,0,0,0,0
"POINT (6.728429572000039 51.231525324000074)",Unfall 263282 (2024) Kat:3, Licht: 0,263282,3,1,4,05,15,2,0,0,1,0,0,0,0,1
"POINT (6.893822548000060 51.152023140000040)",Unfall 263328 (2024) Kat:3, Licht: 0,263328,3,3,5,06,17,7,1,0,1,1,0,0,0,0
"POINT (6.812260443000071 51.156289486000048)",Unfall 263358 (2024) Kat:3, Licht: 0,263358,3,7,0,06,17,6,0,0,1,0,0,0,0,0
"POINT (6.777141017000076 51.187655326000026)",Unfall 263367 (2024) Kat:3, Licht: 0,263367,3,6,3,06,18,7,0,0,1,0,0,0,0,0
"POINT (6.878327754000054 51.205392090000032)",Unfall 263426 (2024) Kat:2, Licht: 0,263426,2,1,0,06,16,7,1,0,1,0,0,0,0,0
"POINT (6.740725934000068 51.248152374000028)",Unfall 263444 (2024) Kat:3, Licht: 0,263444,3,6,6,06,17,3,0,0,1,0,1,0,0,0
"POINT (6.795424681000043 51.234149136000042)",Unfall 263520 (2024) Kat:3, Licht: 0,263520,3,7,0,07,13,2,0,0,1,0,1,0,0,0
"POINT (6.895104073000027 51.204299736000053)",Unfall 263521 (2024) Kat:3, Licht: 0,263521,3,6,4,07,14,2,0,0,1,0,0,0,0,1
"POINT (6.891389043000061 51.143749666000076)",Unfall 263588 (2024) Kat:3, Licht: 0,263588,3,7,0,07,08,6,0,0,1,0,1,0,0,0
"POINT (6.782885266000051 51.229444362000038)",Unfall 263606 (2024) Kat:3, Licht: 0,263606,3,1,0,07,10,1,0,0,1,0,0,0,0,0
"POINT (6.839508063000039 51.273347976000082)",Unfall 263746 (2024) Kat:2, Licht: 0,263746,2,7,8,08,18,3,0,0,1,0,0,0,0,0
"POINT (6.896908795000058 51.166093997000075)",Unfall 263831 (2024) Kat:3, Licht: 0,263831,3,3,5,08,18,4,0,0,1,0,0,0,0,0
"POINT (6.774382777000028 51.274496243000044)",Unfall 263848 (2024) Kat:3, Licht: 0,263848,3,3,5,08,15,7,0,0,1,0,0,0,0,1
"POINT (6.905536415000029 51.144108096000082)",Unfall 263918 (2024) Kat:3, Licht: 0,263918,3,6,6,09,18,7,0,0,1,0,1,0,0,0
"POINT (6.779071020000060 51.228059726000026)",Unfall 263941 (2024) Kat:3, Licht: 0,263941,3,6,4,09,14,5,0,0,1,0,0,0,0,0
"POINT (6.891589831000033 51.141824872000029)",Unfall 263942 (2024) Kat:3, Licht: 0,263942,3,2,5,09,17,5,0,0,1,0,0,0,0,0
"POINT (6.735035415000027 51.322413649000055)",Unfall 263948 (2024) Kat:3, Licht: 0,263948,3,6,6,09,17,6,0,0,1,0,1,0,0,0
"POINT (6.901465160000043 51.179620621000026)",Unfall 263960 (2024) Kat:3, Licht: 0,263960,3,6,3,09,11,1,0,0,1,0,0,0,0,0
"POINT (6.918174407000038 51.132700289000070)",Unfall 263994 (2024) Kat:3, Licht: 0,263994,3,1,0,10,17,7,1,0,1,0,0,0,0,0
"POINT (6.729472829000031 51.216309721000073)",Unfall 264017 (2024) Kat:3, Licht: 0,264017,3,1,8,10,12,4,0,0,1,0,0,0,0,0
"POINT (6.905902612000034 51.179636523000056)",Unfall 264027 (2024) Kat:3, Licht: 0,264027,3,7,0,10,16,6,1,0,1,0,0,0,0,1
"POINT (6.917619285000058 51.132305245000055)",Unfall 264031 (2024) Kat:3, Licht: 0,264031,3,7,0,10,16,7,1,0,1,0,0,0,0,1
"POINT (6.856739447000052 51.249275568000030)",Unfall 264062 (2024) Kat:2, Licht: 0,264062,2,1,0,10,16,1,0,0,1,0,0,0,0,0
"POINT (6.752637648000075 51.216244275000065)",Unfall 264108 (2024) Kat:3, Licht: 1,264108,3,5,1,11,07,6,0,1,1,1,0,0,0,0
"POINT (6.821870206000028 51.170320698000069)",Unfall 264132 (2024) Kat:3, Licht: 0,264132,3,7,0,12,15,2,1,0,1,1,0,0,0,0
"POINT (6.813667366000061 51.192234515000052)",Unfall 264154 (2024) Kat:3, Licht: 0,264154,3,6,3,12,10,3,1,0,1,0,0,0,0,0